unikey3,re_summary_text,rr
10054632,"1. 家庭關係
    1) 客戶提到她的阿公，並表示半夜無法反應，可能與阿公有關。
    2) 客戶提到她的母親住在三樓，並提到母親已經七十歲，且有購買東西給母親使用。
    3) 客戶提到她的兒子想購買某種機器。
    4) 客戶目前一個人生活。

2. 健康狀況
    1) 客戶提到肚子很大，並對相關護理效果表示關注。
    2) 客戶提到抬頭紋較深，並希望加強護理。
    3) 客戶提到她最近被醫生要求減重十斤，並對瘦身產品有興趣。
    4) 客戶提到她一週已經超經三次，並感到疲憊。
    5) 客戶提到目前正在吃抗生素，並表示這些保健品都不能吃。
    6) 客戶提到有泌尿問題，正在食用蔓越莓錠。
    7) 客戶提到感冒並詢問感冒藥的效果。
    8) 客戶每天洗頭，習慣用熱水洗頭，認為這樣頭髮會更順且感覺舒服。

3. 職業背景
    1) 客戶目前的工作需要做到半夜兩點，且工作時間通常超過12小時。
    2) 客戶提到她的工作讓她感到非常疲憊。
    3) 客戶在週末都有開店。

4. 健康食品使用心得
    1) 客戶對葉黃素產品有興趣，並同意購買。
    2) 客戶去年購買的葉黃素和安瓶產品還有剩餘，繼續食用中。
    3) 客戶曾經購買過龜鹿產品，並認為龜鹿燉雞比較實在，但目前表示不需要龜鹿膠。
    4) 客戶對於保養品有需求，特別是保濕和膠原蛋白類的精華液，並希望使用簡單的產品。
    5) 客戶表示吃了兩個月的保養品後感覺健康了。
    6) 客戶提到對於瘦身產品小欖鎮有興趣，並希望能快速減重。
    7) 客戶提到對於飲食習慣的改變表示擔憂，擔心停止食用後會反彈。
    8) 客戶提到有在吃蔓越莓錠，因為泌尿問題。

5. 禁忌
    1) 客戶提到目前正在吃抗生素，並表示這些保健品都不能吃。
    2) 客戶不喜歡鴨肉。
    3) 客戶提到她不需要美白功能的精華液，但其他類型的精華液都可以。",1
10091676,"1. 家庭關係
    1) 客戶與先生同住，先生已退休，曾中風，目前需要陪伴，家中有使用長照服務。
    2) 客戶有一個兒子和媳婦，兒子每週回家，媳婦曾因白內障開刀，兒子有眼壓高的問題，擔心會有青光眼。
    3) 客戶的兒子和媳婦住在四樓，客戶住五樓，家中每人住一層樓。
    4) 客戶有一個孫女，目前在茗傳上課。
    5) 客戶的婆婆去年去世，公公目前狀況良好。
    6) 客戶的父親曾因工作導致脊椎問題，手術後恢復良好。

2. 健康狀況
    1) 客戶有糖尿病，血糖不穩定，曾飆高至300以上，糖化血色素曾達7.7，近期有改善但仍需控制。
    2) 客戶有高血壓、高血脂、高血糖、痛風尿酸及腎臟功能不佳的問題，腎絲球指數為80，24小時尿檢為60幾。
    3) 客戶有骨質疏鬆、便秘、腸胃不適、宿便、手麻、記憶力退化、情緒不穩及水腫等問題。
    4) 客戶曾開過白內障手術，兩隻眼睛已完成手術，並有黃斑部病變。
    5) 客戶有甲狀腺相關健康問題，家族有甲狀腺問題遺傳史。
    6) 客戶有胃潰瘍，可能因壓力大導致，並有吞嚥困難。
    7) 客戶的腎臟功能下降，尿量減少，腎臟有結石，對此感到擔憂。

3. 職業背景
    1) 客戶目前沒有工作，待在家中，年輕時曾從事股票投資。
    2) 客戶對手工藝有興趣，會製作手工藝品送人，並在線上參加教會活動。

4. 健康食品使用心得
    1) 客戶每天服用保健品，包括葉黃素、蚓激酶、益生菌、玻尿酸、魚油等，對葉黃素和蚓激酶效果滿意。
    2) 客戶認為滴雞精對體力有幫助，但因血糖問題已停止飲用。
    3) 客戶對褐藻產品有一定了解，認為其有助於增強免疫力，但擔心影響血糖。
    4) 客戶對於保健品的吸收效果和體質反應有疑慮，曾因食用某些產品導致不適。
    5) 客戶對於益生菌產品有興趣，並認為液態益生菌對腸胃有幫助。

5. 禁忌
    1) 客戶不吃牛肉、湯圓、苦茶油、薑黃及高GI食物如稀飯，並減少水果攝取。
    2) 客戶對某些保健品過敏，不能使用紅色產品及某些膠囊產品。
    3) 客戶對於過於補的產品如滴雞精持保留態度，認為不應隨便飲用。
    4) 客戶對於某些食物和產品有特殊反應，擔心影響健康。",1
10303606,"1. 家庭關係
    1) 客戶有三個小孩，分別是大二、大三和國三，家中有小孩過敏需頻繁使用衛生紙。
    2) 客戶的太太患有罕見免疫疾病，需服用中藥、標靶藥物和類固醇，健康狀況有所改善但無法正常工作，改吃素且對肉類極為敏感。
    3) 太太每天步行七八千步以維持健康，並在佛教協會中負責廚房工作，製作天然點心。
    4) 客戶提到太太皮膚敏感，不能使用保養品或吃某些食物。

2. 健康狀況
    1) 客戶有老花眼、腦筋偶爾糊塗，曾感染新冠病毒並有心臟不適的後遺症，服用保健食品後症狀有所改善。
    2) 客戶腸胃不好，需注意保健食品的吸收效果，曾得過帶狀皰疹但恢復迅速。
    3) 客戶目前有些微發福，過去身材較瘦，並表示自己從年輕時反應就不太好。

3. 職業背景
    1) 客戶曾在美國從事電子與電腦相關職業，對外國家庭文化有一定了解。
    2) 客戶目前從事志工工作，主要幫助老人提供餐食服務，並提到斜槓工作一直在進行中。
    3) 客戶曾考過中醫師，對健康相關知識有一定了解，並曾在股票市場進行放空操作。

4. 健康食品使用心得
    1) 客戶偶爾服用保健品以保持健康，感受到些微改善，曾使用蚓激酶保養心血管健康，並表示幹細胞產品對重大健康問題效果顯著。
    2) 客戶家中有大量保健食品，包括魚油、南瓜籽、葉黃素、亞麻油等，但不常認真服用，部分產品未開封或已過期。
    3) 客戶曾購買鹿胎盤、胜肽產品等，認為对皮肤和心脏健康有帮助，但部分产品因燥热或火气大未持续使用。

5. 禁忌
    1) 客戶表示止痛藥對腸胃不好，因此不喜歡使用止痛藥。
    2) 客戶對保養品和化妝品敏感，偏好天然的飲食和生活方式。
    3) 客戶認為人參片和龜鹿二仙膠火氣太大，不太適合自己。",1
10434096,"1. 家庭關係
    1) 未提及具體家庭成員或關係。

2. 健康狀況
    1) 未提及具體健康狀況。

3. 職業背景
    1) 未提及具體職業背景。

4. 健康食品使用心得
    1) 未提及健康食品使用心得。

5. 禁忌
    1) 未提及具體禁忌。",1
10503979,"1. 家庭關係
    1) 未提及相關資訊。

2. 健康狀況
    1) 未提及相關資訊。

3. 職業背景
    1) 客戶目前表示自己正在忙碌，未提供具體職業背景。

4. 健康食品使用心得
    1) 未提及相關資訊。

5. 禁忌
    1) 客戶目前沒有特定商品需求。",1
10517436,"1. 家庭關係
    1) 客戶提到家中沒有養狗或貓。
    2) 客戶提到媽媽建議他服用魚油。
    3) 客戶提到家裡有某個東西。

2. 健康狀況
    1) 客戶提到自己有冠心病。
    2) 客戶提到目前代謝有問題。
    3) 客戶提到血糖問題，並提到血糖機和糖化血色素。
    4) 客戶提到自己有慢性病。
    5) 客戶提到他有糖尿病。
    6) 客戶提到每天服用一顆藥物。

3. 職業背景
    1) 客戶提到中宏江浙老闆有十六萬多。

4. 健康食品使用心得
    1) 客戶之前常購買愛美是人的龜鹿微米產品。
    2) 客戶之前常訂購葡萄糖胺產品，三盒九百九的方案。
    3) 客戶提到他有購買過華陀品牌的多種產品，包括葡萄糖胺飲、龜鹿產品和魚油等。
    4) 客戶提到適當補充維骨力零。
    5) 客戶提到白藜蘆醇。
    6) 客戶提到曾經購買過東森的B群產品。
    7) 客戶提到媽媽建議他服用魚油。
    8) 客戶之前有申請過德國原裝進口的發泡錠。
    9) 客戶之前有申請過龜鹿葡萄糖胺飲。
    10) 客戶提到他有與朋友一起購買和使用保健產品。

5. 禁忌
    1) 客戶提到目前不喝酒。
    2) 客戶提到她已經不用護膚品了。",1
10817316,"1. 家庭關係
    1) 客戶的母親喜歡購買名牌包，且有吸菸的習慣，客戶每月支付房租給母親。
    2) 客戶的父親已去世，並繼承了一些房產。
    3) 客戶的先生曾在日本住了十幾年，且有健康問題需要客戶協助處理。
    4) 客戶的女兒對某些事情的看法與她一致，但不太願意吃東西，偶爾會吃保健品，且不喜歡看新聞。
    5) 客戶的兒子很瘦，但具體情況不明。
    6) 客戶的姐姐年紀較大。
    7) 客戶的子女目前都在日本。
    8) 客戶的朋友和同學多住在國外，處理事情不便。

2. 健康狀況
    1) 客戶曾因腎結石開刀，使用超音波清除，但仍有部分未清除，腎功能指數曾經是40，後來逐漸改善。
    2) 客戶有心臟問題，但無明顯症狀，醫院開了心臟相關藥物。
    3) 客戶血糖偏高，飯前血糖有時一百多，糖化血色素為5點多，屬於正常範圍，但血糖狀況不穩定，曾出現血糖過低、冒冷汗和頭暈的情況。
    4) 客戶有低血壓，偶爾感到頭暈，並提到睡眠時間通常只有三到四個小時。
    5) 客戶有膝蓋問題，並提到支氣管健康狀況。
    6) 客戶對醫院的診斷和用藥有疑慮，認為醫院可能有賺錢的意圖，並考慮更換醫院。

3. 職業背景
    1) 客戶的學姐曾在台大婦產科工作。
    2) 客戶提到家中經濟狀況不佳，無法負擔公務員的帳單。

4. 健康食品使用心得
    1) 客戶有使用華陀的保健食品，如滑精養身和龜鹿二仙膠，對滑精養身的效果表示滿意。
    2) 客戶有購買多種保健食品，包括氨基酸、花旗蔘片、葉黃素、活菌養生產品、褐藻等，但部分產品尚未使用完。
    3) 客戶對於華陀的贈品和產品包裝有些疑慮，並提到產品背面標明內容物。
    4) 客戶對於保健食品的效果和與藥物的相容性有所擔憂，並考慮是否繼續購買。
    5) 客戶提到褐藻有解毒效果，並擔心吃太多補品會導致結石問題。

5. 禁忌
    1) 客戶避免選擇糖分過高的產品，並不敢吃某些食物以避免血糖問題。
    2) 客戶不喜歡做電腦斷層檢查，認為這樣的檢查不太好。
    3) 客戶不會吃京東的產品，因為家裡還有很多存貨。
    4) 客戶對醫院開的抗凝血劑和胰島素使用有疑慮，並提到醫生建議某些藥物不適合她。",1
10995501,"1. 家庭關係
    1) 客戶提到家中沒有電視台。

2. 健康狀況
    1) 客戶提到中午時間不方便，因為要開會或開刀，可能與健康或工作相關。

3. 職業背景
    1) 客戶表示自己是工程師。
    2) 客戶目前尚未有工作，正在在線上找工作。
    3) 客戶提到目前正在準備資料，可能與求職相關。

4. 健康食品使用心得
    1) 無相關資訊。

5. 禁忌
    1) 客戶提到他不需要回去購買任何東西。",1
11096151,"1. 家庭關係
    1) 客戶與母親同住，母親需要高照顧，使用電動床，記憶力退化，需坐輪椅，並有高血壓家族基因。
    2) 客戶有太太和三個小孩，其中一個小孩在台中念書，另一個小孩在上班。
    3) 客戶家族很大，有六個兄弟，家人會一起聚會，並喜歡購買天然的緊實類產品。
    4) 客戶家中養了許多寵物，包括貓和狗。

2. 健康狀況
    1) 客戶75歲，身高一六幾，體重63公斤，體質分數高，身體狀況良好，總膽固醇150，無高血壓或高血糖問題。
    2) 客戶有白內障，但視力尚可，眼科醫生建議暫不需手術。
    3) 客戶的飯後血糖值曾達190，使用蚓激酶後降至138，屬正常範圍。
    4) 客戶提到腎臟可能受損，並可能有糖尿病，但未明確表示。
    5) 客戶的母親體力尚可，但行動不便，需坐輪椅，並有高血壓，需服用降血壓藥物。

3. 職業背景
    1) 客戶以前從事傳統工業，涉及寫字和義大等行業，但因下一代無興趣而結束相關業務。
    2) 客戶目前仍在上班，對股票投資有興趣，認為需做功課。

4. 健康食品使用心得
    1) 客戶長期使用蚓激酶，對其效果滿意，尤其是對血管健康的影響，通常一次只吃一顆。
    2) 客戶和母親、太太一起服用蚓激酶，母親每天吃一顆，並長期服用益生菌和其他保健食品。
    3) 客戶對保健食品有信心，認為其免疫力和體力狀況良好，並幾乎每天吃益生菌。
    4) 客戶購買過褐藻膠，認為其具有抗發炎和抗氧化效果，並曾使用褐藻增強防護力。
    5) 客戶購買過牛樟芝產品，認為其有保肝效果，並對活化粒線體的產品有興趣。
    6) 客戶的母親飲食中包含納豆、紅麴和美國進口的保健食品，並每天使用水氧機測量血氧，數值在98到99之間。

5. 禁忌
    1) 客戶不敢吃麻辣火鍋，對外面的飲食較謹慎，認為市面上部分食品存在食安問題。
    2) 客戶認為空腹是最好的藥，並提到飲食對健康的重要性，尤其是對粒線體的影響。",1
11187114,"1. 家庭關係
    1) 無相關資訊。

2. 健康狀況
    1) 無相關資訊。

3. 職業背景
    1) 無相關資訊。

4. 健康食品使用心得
    1) 無相關資訊。

5. 禁忌
    1) 無相關資訊。",1
11268768,"1. 家庭關係
    1) 客戶家中有養狗。

2. 健康狀況
    1) 客戶67歲，男性。
    2) 客戶平時多待在家裡，沒有經常外出旅遊或爬山。

3. 職業背景
    1) 客戶提到自己已經退休，每月領取退休金約一萬元。
    2) 客戶目前有在上班，每週工作五天。

4. 健康食品使用心得
    1) 無相關資訊。

5. 禁忌
    1) 無相關資訊。",1
11394653,"1. 家庭關係
    1) 客戶與配偶一起居住，家中有佛堂，由他人管理。
    2) 客戶有兩個兒子，一個在美國，另一個在中國，孫女14歲，孫子13歲。
    3) 客戶提到母親於111年過世，姐姐曾多次開刀並使用標靶藥物治療。
    4) 客戶表示家人因颱風影響改從廈門返回，孫女暑假期間會回來陪伴家人。
    5) 客戶提到媳婦是台灣外省人，並幫忙處理密碼相關事宜。

2. 健康狀況
    1) 客戶患有糖尿病、三高（糖尿病、高血壓、高血脂），並使用胰島素穩定血糖，糖化血色素降至7。
    2) 客戶有白內障、飛蚊症、黃斑部問題，並使用人工淚液保養眼睛。
    3) 客戶有甲狀腺結節問題，需避免海帶和藻類，並有心臟缺氧情況。
    4) 客戶曾因腸阻塞住院，並有腎結石、散光、氣喘等問題。
    5) 客戶提到最近六天失眠，白天走路感到疲累，且小腿曾因跌倒受傷。

3. 職業背景
    1) 客戶曾在歷史博物館工作五年，負責展覽事務，並參加跨世紀研究會。
    2) 客戶曾經教書四五十年，並在醫美行業工作八年多，負責包裝設計。
    3) 客戶曾設計胸罩並獲得日本展覽白金牌獎，亦設計化妝品及百貨公司櫥窗。
    4) 客戶曾經營工廠，後來賣掉，並曾幫LG設計包裝及參與廣告製作。

4. 健康食品使用心得
    1) 客戶曾服用木鱉果、葉黃素、綠蜂膠、牛樟芝、秘魯可納膠原蛋白粉等保健品，但部分效果不佳或已停用。
    2) 客戶目前服用蚓激酶、南瓜籽、魚油及醫美升級瑪卡保健品，並表示益生菌似乎有效。
    3) 客戶曾購買紅麴改善健康，但不建議每天攝取，並提到部分保健品已過期。

5. 禁忌
    1) 客戶不吃含魚的食品，偏向素食，並避免海帶和藻類。
    2) 客戶不喜歡黑咖啡，認為太苦，且醫生建議不要服用蚓激酶以避免與抗凝血劑衝突。",1
11652011,"1. 家庭關係
    1) 客戶提到葉黃素是為了張阿姨使用，火鍋是為了兩個人使用。
    2) 客戶表示家中目前還有至少五盒鴕鳥龜鹿精。

2. 健康狀況
    1) 客戶目前有在服用蚓激酶和鴕鳥龜鹿精。
    2) 客戶表示益生菌對自己效果不佳，但仍每天服用兩顆。
    3) 客戶提到一天吃兩顆保健食品。
    4) 客戶對抗老相關產品有興趣，並詢問攝護腺保健食品。

3. 職業背景
    1) 客戶目前在做生意，最近倉庫比較忙，需進行盤點。
    2) 客戶表示物流每年五六月都會很忙。

4. 健康食品使用心得
    1) 客戶曾購買並服用葡萄王的保健品，包括幹細胞產品，但表示目前還有很多未使用，認為可以再吃一年。
    2) 客戶曾購買鴕鳥龜鹿精作為保健食品，目前家中還有存貨。
    3) 客戶選擇購買南瓜籽相關的攝護腺保健食品。
    4) 客戶提到沒有在喝人蔘飲或正官庄產品。

5. 禁忌
    1) 客戶表示目前不會再買房子，認為房子太多了。
    2) 客戶提到養老時可能會選擇中南部地區買房，例如台中、彰化，但仍表示不會再買房。",1
11829938,"1. 家庭關係
    1) 客戶有一位先生，83歲，剛做完手術，牙齒狀況不佳。
    2) 客戶有一位女兒和兒子，女兒曾對客戶的穿著有意見，兒子曾建議她修理壞掉的電燈。
    3) 客戶的媳婦會幫忙代收貨物。
    4) 客戶的媽媽住在南部，曾住院且需要照顧。
    5) 客戶的婆婆不喜歡去醫院。

2. 健康狀況
    1) 客戶80歲（虛歲），身高146公分，體重52公斤。
    2) 客戶患有慢性病，包括糖尿病、胃食道逆流、甲狀腺低下、乾眼症、骨質疏鬆、黃斑部病變、血管增生、白內障、子宮肌瘤、肝癌、冠心病（2011年診斷）及心臟血管狹窄（需每年追蹤）。
    3) 客戶有免疫力差、腰痠背痛、膝蓋疼痛等問題，並曾提到息肉和甲亢。
    4) 客戶定期進行乳房超音波檢查，並提到水分子活力有疑慮，醫生建議多喝水。

3. 職業背景
    1) 客戶目前在打工，曾提到自己已經離職半年。

4. 健康食品使用心得
    1) 客戶有服用葉黃素，手術後每天需增加至三顆，對葉黃素產品效果有期待，曾使用三多和萊萃美品牌。
    2) 客戶有服用維他命C，對維他命C、微量元素、白藜蘆醇、益生菌、褐藻糖膠、幹細胞產品等有興趣。
    3) 客戶曾購買和力他命、妍美会、龜鹿產品、氨基酸、維骨力、葡萄糖胺、珍珠鈣、骨鈣等保健食品，並有補充鈣質和軟骨素的習慣。
    4) 客戶平時喝亞培補充蛋白質，曾使用滴雞精和鱸魚精。
    5) 客戶對於產品中含有化學成分如麥芽糊精和甜味劑表示擔憂，並偏好無糖產品。

5. 禁忌
    1) 客戶對於含有麥芽糊精和甜味劑的產品表示擔憂，認為可能會影響血糖。
    2) 客戶不吃黃金貝拉，並提到胃腎臟機能相關問題。",1
11830226,"1. 家庭關係
    1) 未提及相關內容。

2. 健康狀況
    1) 未提及相關內容。

3. 職業背景
    1) 未提及相關內容。

4. 健康食品使用心得
    1) 未提及相關內容。

5. 禁忌
    1) 客戶不需要東森購物提供的折價券，因為折價券僅能用於指定商品，而她不需要那些商品。",1
11874898,"1. 家庭關係
    1) 客戶目前一個人居住。
    2) 客戶的母親不吃魚油和鈣片，且有眼睛問題，曾經開過刀，術後不再需要服用某些保健品。
    3) 家人不喜歡吃有味道的保健食品，偏好顆粒或膠囊形式的產品。
    4) 家人之前吃過華陀的龜鹿膏，但因放置過期且有味道而不喜歡食用。
    5) 家裡有在拜拜，但客戶本人沒有特定宗教信仰。

2. 健康狀況
    1) 客戶曾經裝過心臟支架，但目前沒有在服用三高或慢性病的藥物。
    2) 客戶屬於容易出油的體質，皮膚容易冒痘痘。
    3) 客戶有掉髮問題，曾購買過咖啡因洗髮精，但效果不明顯。
    4) 客戶表示自己不是易瘦體質，但吃不胖。
    5) 客戶壓力不大。

3. 職業背景
    1) 客戶目前正在上班，全年無休，且因工作無法參加活動。
    2) 客戶為外食族。

4. 健康食品使用心得
    1) 客戶曾購買過葉黃素、幫助睡眠的保健品、蚓激酶產品、粒線體產品、骨頭關節保健品、B群及其他品牌的保健品，但因懶得吃或忘記吃，部分保健品未拆封或丟棄。
    2) 客戶曾購買玻尿酸飲品，但未每天飲用，目前還剩下大半未喝完。
    3) 客戶家中還有膠原蛋白安瓶和一大盒果凍未使用，另一盒果凍已吃了一半。
    4) 客戶認為東森購物的商品多為保健品。
    5) 客戶的母親之前吃過葉黃素，但開刀後停止食用。

5. 禁忌
    1) 客戶不抽菸、不喝酒。
    2) 客戶不喜歡龜苓膏的味道。
    3) 客戶目前不考慮購買心血管保健品，因為之前購買的產品還沒吃完。",1
12009114,"1. 家庭關係
    1) 未提及具體家庭成員或關係。

2. 健康狀況
    1) 客戶有老花眼，且老化情況較為嚴重。
    2) 客戶的眼睛有多角膜問題，偶爾感到癢，但現在眼睛比較不容易感到累。
    3) 客戶擔心攝取過多的B群。
    4) 客戶的耳朵很靈敏，能分辨熟人的聲音。

3. 職業背景
    1) 客戶已經退休，過去上班期間接觸過許多會員卡，認為這些卡花費高且不值得。
    2) 客戶現在經常出國旅遊，偶爾運動，但因工作習慣影響，無法經常運動。

4. 健康食品使用心得
    1) 客戶曾經有人從美國帶回善存保健品給她。
    2) 客戶有購買葉黃素產品，包括白蘭氏的葉黃素，但尚未吃完，且未特別感覺到眼睛有什麼變化。
    3) 客戶提到葉黃素中含有B群成分，對此有些擔心。
    4) 客戶目前沒有保養眼睛的習慣。

5. 禁忌
    1) 客戶不想參加東森的會員計劃，認為不需要。
    2) 客戶不喜歡高價的服務或產品，認為需要先了解促銷方案和價格才會考慮購買。
    3) 客戶對於購物台產品沒有特別購買意願。",1
12452942,"1. 家庭關係
    1) 客戶有三個小孩，其中一個是男孩，另外兩個是女孩，原本有四個小孩，但第二胎因疾病過世。
    2) 客戶的丈夫已經過世，現在獨居在七樓，兒子和媳婦住在六樓的同一社區，兒子負責六樓房子的貸款。
    3) 客戶的女兒曾罹患肝癌，已完成化療並定期回診，另一位女兒曾被診斷為良性腫瘤，已手術切除並定期追蹤。
    4) 客戶的姐姐有高血壓和糖尿病，血壓有時高達200以上，且睡眠品質不佳，需要服用安眠藥。
    5) 客戶的家族中有肝硬化和肝癌的遺傳病史，包括父親和哥哥，弟弟患有癌症且因車禍需裝義肢。

2. 健康狀況
    1) 客戶已70歲，患有高血壓，血壓有時高達160，已多年未服用降壓藥，改用保健食品控制血壓。
    2) 客戶有坐骨神經痛，偶爾感到痠痛或抽筋，需針灸或打針緩解，並有輕微的喉嚨腫塊和扁桃腺問題，醫生建議不需開刀。
    3) 客戶已接種第六劑疫苗，免疫力良好，並未受到病毒影響。
    4) 客戶參加社區老人健康運動，並定期進行健康檢查，腫瘤檢查結果為良性。
    5) 客戶有老花眼，需佩戴老花眼鏡，並有良好的抵抗力。

3. 職業背景
    1) 客戶目前在醫院從事外包性質的打掃工作，薪水約為兩萬七至兩萬八，工作時間為早上六點二十分到下午四點。
    2) 客戶曾在電子公司和工廠工作，去年六月退休，現感到生活較無聊。
    3) 客戶的工作內容包括病房清潔與整理，需使用漂白水，工作負擔較重，手部有腫脹感。

4. 健康食品使用心得
    1) 客戶有服用多種保健食品，包括氨基酸、葉黃素、萬壽元、蚓激酶、巴西蘑菇、褐藻、鴕鳥精、倍護膠囊等，認為對健康有幫助。
    2) 客戶認為葉黃素改善了視力模糊，氨基酸讓走路更輕鬆，蚓激酶和萬壽元對高血壓和血管健康有幫助，巴西蘑菇提升體力和精神。

5. 禁忌
    1) 客戶不喜歡吃冰的食物，夏天也喝熱飲，西瓜需退冰後才食用。
    2) 客戶不喜歡逛百貨公司，認為空氣不好會導致呼吸困難。",1
12508385,"1. 家庭關係
    1) 客戶提到他的媽媽有在吃合一卡骨頭產品，晚上睡覺時不再抽筋。
    2) 客戶提到他的爸爸有在吃糖尿病相關產品，指數從8.2降到5.8。
    3) 客戶提到他的太太不吃保健品。

2. 健康狀況
    1) 客戶有糖尿病、高血壓、高血脂，並有慢性處方簽的藥物。
    2) 客戶血糖過高，糖化血色素最近為8點多，壞膽固醇比正常值高出二十。
    3) 客戶血壓在正常範圍內，並且每三個月進行健康檢查，包括抽血和尿液檢查。
    4) 客戶曾有大腸息肉，需定期檢查，並提到腎臟壞掉不能再吃某些東西。
    5) 客戶最近感到腳麻，懷疑血路不通，並提到以前沒有腳麻的問題。
    6) 客戶晚上起夜次數未增加，並有在看泌尿科。
    7) 客戶表示不吃糖、油、麵包和饅頭，但不可能完全不吃甜食或不吃飯。
    8) 客戶有低血壓，吃很多肉導致體重增加。

3. 職業背景
    1) 客戶提到一個月薪水大約兩萬多塊。
    2) 客戶目前在準備出國比賽，因此很忙，並提到最近在開會和開車。

4. 健康食品使用心得
    1) 客戶有在服用蚓激酶、幹細胞、倍護、葉黃素、黃金土龍精、鴕鳥精、花旗蔘杏仁粉等產品，並提到每天早晚各吃兩顆蚓激酶和幹細胞產品。
    2) 客戶表示蚓激酶對恢復血管彈性有幫助，但對其效果有些擔憂，並提到以前購買過超過三次。
    3) 客戶提到花旗蔘杏仁粉效果不錯，對價格有疑問。
    4) 客戶提到葉黃素果凍小孩在吃，並對葉黃素價格表示關注。
    5) 客戶提到療肺草產品效果，但認為價格太貴，不需要大量購買。
    6) 客戶提到以前購買過台大的幹細胞產品，並對某些產品的包裝不滿意。
    7) 客戶提到吃某些產品後身體狀況不錯，但對膀胱無效。

5. 禁忌
    1) 客戶提到糖尿病和高血壓患者不能吃紅參，並表示糖尿病患者不能亂吃藥。
    2) 客戶提到不會吃過期產品，並對全真空包裝的產品有信任。
    3) 客戶表示不想吃甜的東西，因為糖化血色素高。
    4) 客戶提到腎臟壞掉不能再吃某些東西。",1
12526843,"1. 家庭關係
    1) 客戶已婚，家中有兒子和媳婦。
    2) 客戶的母親健康狀況良好，能夠爬山，但有肌少症，年輕時曾因脊椎受傷導致退化性脊椎炎和神經壓迫問題。
    3) 客戶的阿姨曾使用過某些產品，現在又回來購買。
    4) 客戶的阿公可能需要洗腎。
    5) 客戶家中有人在醫美行業工作，有人住在日本，也有人有出國旅遊的計劃。
    6) 客戶家中有輪椅，但不太會使用。

2. 健康狀況
    1) 客戶84歲，患有肺腺癌、肝癌、糖尿病、類風濕性關節炎、風濕性關節炎、乾眼症、白內障、老花眼、鼻子過敏、血糖問題、血壓問題、牙齦發炎腫脹、膝蓋關節問題、排便困難，並曾有蕁麻疹病史。
    2) 客戶曾動過手術，並接受過膝蓋玻尿酸注射治療和雷射抗敏治療。
    3) 客戶提到目前正在養肝，並擔心骨密度流失。
    4) 客戶提到容易癢，且有感冒、喉嚨不適等問題。

3. 職業背景
    1) 客戶曾從事工程相關工作。
    2) 客戶家中有人從事投資，並且客戶本人有投資台積電股票，對股票有一定了解。

4. 健康食品使用心得
    1) 客戶曾購買過多種保健食品，包括葉黃素、氨基酸、膠原蛋白、益生菌、鈣片、蜂蜜、溶液、白藜蘆醇、薑黃膠囊、五行聚寶percent保健品等，並對部分產品的效果表示懷疑。
    2) 客戶對葉黃素產品有長期使用經驗，從第一代使用到第三代加強版，認為其對眼睛健康有幫助。
    3) 客戶認為燕窩對身體有益，特別是修復潰爛和增強免疫力，但目前不考慮購買。
    4) 客戶對氨基酸產品的口感表示滿意，並有使用德國進口的氨基酸產品。
    5) 客戶每天敷面膜，認為對皮膚保養有幫助，並曾使用水光針療程和美容液。
    6) 客戶對褐藻、幹細胞產品、玻尿酸等產品有一定了解，並曾購買和使用。
    7) 客戶對於產品的價格、收藏價值和回饋計劃有興趣，特別是東森購物的相關優惠。

5. 禁忌
    1) 客戶不吃草酸、羊肉、牛肉、茄子和當歸，並表示不會使用礦物類的東西。
    2) 客戶不喝甜的飲料，並提到某些加強鈣產品濃度太高無法食用。",1
12547135,"1. 家庭關係
    1) 客戶與妹妹住在一起，妹妹未婚。
    2) 客戶與妹妹共同照顧母親。
    3) 客戶需要準備錢給家裡的人支付貨款。

2. 健康狀況
    1) 客戶目前62歲，女性。
    2) 客戶每天都有運動，包括跑步、散步、登山，每週進行兩次瑜伽，認為運動有助於睡眠和健康。
    3) 客戶提到高血壓相關話題，但未明確表示自己有高血壓。
    4) 客戶很少切水果。

3. 職業背景
    1) 未提及具體職業背景。
    2) 客戶正在為出國旅行做準備，計劃兩三個月後出發。

4. 健康食品使用心得
    1) 客戶有服用B群，每天一顆，購買的是日本品牌合利他命，並認為當地價格比台灣便宜。
    2) 客戶有服用魚油，但尚未吃完之前購買的日本魚油，且有時候每天只吃一顆。
    3) 客戶有益生菌，但尚未開始食用上次購買的產品。
    4) 客戶有多瓶葉黃素尚未吃完，目前使用的是白蘭氏品牌，且由妹妹幫忙購買。
    5) 客戶提到家中只有她自己在使用葉黃素。

5. 禁忌
    1) 客戶目前對橄欖油不感興趣，並表示已有固定品牌。
    2) 客戶目前沒有購買葉黃素的需求。
    3) 客戶表示目前先不用購買魚油產品。",1
12584611,"1. 家庭關係
    1) 客戶有一個兒子和兩個女兒，其中小女兒住在美國，兒子是牙醫師。
    2) 客戶有一個孫子，目前住在美國，正在讀高中，準備申請大學，對哈佛大學感興趣，且多才多藝，中文語言學校成績優異。
    3) 客戶的孫子每天早上會向她問好並表達愛意，喜歡吃小魚干，但不能吃太鹹的食物，家人也避免給他吃有味道的食物。
    4) 客戶的女兒和媳婦經常幫她購買保養品、營養品及基金，並幫她處理家中的相關物品。
    5) 客戶的女兒從美國回來時會帶回保養品和營養品，並在周年慶時購買大量保養品給她。

2. 健康狀況
    1) 客戶74歲，自認反應良好，外表看起來像50多歲，體重穩定在53-55公斤之間。
    2) 客戶平時有運動，保持心情開朗，控制體重，每天只吃七分飽，身體狀況良好。
    3) 客戶的眼睛狀況很好，皮膚狀況也不錯。

3. 職業背景
    1) 客戶目前為東森會員，經常購買保健品及相關產品。
    2) 客戶曾幫朋友詢問東森購物的產品，因朋友不會使用網路下單。

4. 健康食品使用心得
    1) 客戶每天早上會服用一小條保健品，並長期服用NMN保健品及日本藍莓提煉的葉黃素產品。
    2) 客戶曾服用過參鹿、鹿胎盤、褐藻糖膠及台大幹細胞產品，並有抗老回春的經驗。
    3) 客戶認為吃太多保健品會對身體造成負擔，目前家中仍有多盒保健品未使用完。
    4) 客戶對石墨烯內褲的穿著感到舒適，對美國進口的環保洗衣粉有多年使用經驗，並對PP品牌內褲有良好評價。

5. 禁忌
    1) 客戶認為吃太多保健品會對身體造成負擔，目前不需要太多保健品。
    2) 客戶的孫子不能吃太鹹或有味道的食物，家人特別注意飲食清淡。",1
12726964,"1. 家庭關係
    1) 客戶已退休，現年68歲，與先生住在不同的地方，先生有抽菸習慣且不常回家。
    2) 客戶有兩個小孩，兒子在新竹工作，從事直銷，主要銷售葡萄王產品，並有抽菸習慣；女兒成年後不再給她錢，但仍有金錢支持。
    3) 客戶的父母健康狀況良好，父親87歲，母親72歲，並有在食用保健品。
    4) 客戶平常一個人住，每週與家人聚會。

2. 健康狀況
    1) 客戶最近進行了手術，目前正在恢復中，需進行復健，已能上下樓梯，但手部仍需注意。
    2) 客戶年紀大了，骨質恢復較慢，曾經跌倒過，腳受傷但已好轉。
    3) 客戶每年進行體檢，身體狀況良好，無三高問題。
    4) 客戶的先生有糖尿病，手指偶爾麻木，最近有水腫問題，且可能需要慢性處方箋。
    5) 客戶的兒子有脂肪肝，服用醫生的藥物效果不佳，但食用蚓激酶後效果良好。

3. 職業背景
    1) 客戶已退休兩年，退休前職位較高，與先生曾在同一家公司工作。
    2) 客戶的兒子從事直銷，主要銷售葡萄王產品，並在辦公室從事內勤工作。
    3) 客戶提到自己以前很會玩股票，但後來不再碰股票，目前有在賣股票。

4. 健康食品使用心得
    1) 客戶正在飲用玻尿酸，感覺對關節修復和皮膚保養有幫助，並有未喝完的存貨。
    2) 客戶每天飲用活化粒線體產品，感覺關節靈活度有改善。
    3) 客戶曾購買印加果油，但未認真食用，目前仍有存貨，考慮用完後再購買升級版。
    4) 客戶對蚓激酶產品有興趣，認為其有溶解血栓和改善三高的效果，並適合糖尿病患者。
    5) 客戶對葉黃素產品效果感到滿意，並有需求B群產品，已購買五盒。
    6) 客戶對藍鑽化妝品的保濕效果感到滿意，但因懶惰通常兩天使用一次。
    7) 客戶曾購買韓國進口人蔘精和中油的葉黃素，並認為效果不錯。
    8) 客戶曾購買燕窩禮盒、鴕鳥精等保健食品，但部分尚未食用完。

5. 禁忌
    1) 客戶不吃素，通常兩點後才進食，並有飲食調整計劃。
    2) 客戶不願意接種疫苗，認為自身免疫力足夠，且擔心疫苗風險。
    3) 客戶對於購買健康產品較為謹慎，選擇先試用再決定是否加購。
    4) 客戶對於化妝品的使用量有顧慮，擔心用不完。",1
12869116,"1. 家庭關係
    1) 客戶的孩子目前正在念大學。
    2) 客戶的媽媽偶爾會想吃巧克力和喝特定飲品，這些物品是為媽媽購買的。
    3) 客戶提到醬油是幫媽媽買的。
    4) 客戶提到她的先生認為她不需要保養。

2. 健康狀況
    1) 客戶接近60歲，但皮膚狀況良好，看起來像三四十歲。
    2) 客戶生活單純，認為不需要額外的保養品或其他產品。
    3) 客戶目前使用原生態品牌的益生菌，並固定使用該廠牌。

3. 職業背景
    1) 客戶從事會計工作，工作非常忙碌且需要出差。
    2) 客戶目前常駐新店。

4. 健康食品使用心得
    1) 客戶不吃保健食品，也不需要膠原蛋白相關產品。
    2) 客戶不會購買B群產品，家中也沒有使用保健食品，例如B群、鈣片或維他命等。
    3) 客戶目前沒有在使用橄欖油或苦茶油。

5. 禁忌
    1) 客戶不喜歡使用自然美的保養品，認為效果不佳，並表示自然美的產品超難用。
    2) 客戶不喜歡使用玻尿酸產品。
    3) 客戶不使用面膜或保養品，對於玻尿酸等產品也不感興趣。
    4) 客戶不喜歡香水，也不會購買香水。
    5) 客戶對某些產品的品質不滿意，並提到曾被某些品牌欺騙。",1
13056070,"1. 家庭關係
    1) 客戶目前是獨居。
    2) 客戶有一個40歲的兒子，尚未結婚，從國外留學回來，現在從事太陽能相關行業。
    3) 客戶的太太曾罹患乳癌，已經有七八年的時間，目前精神狀況良好，並有定期運動和按摩。
    4) 客戶表示家裡的事情由自己處理。

2. 健康狀況
    1) 客戶目前有三高的健康問題，並中午服用相關慢性病藥物。
    2) 客戶有近視，但眼睛狀況尚算健康。
    3) 客戶表示自己沒有抽菸，也沒有服用血糖藥物。
    4) 客戶有在服用一種黑色的藥物來加強記憶。
    5) 客戶目前經濟狀況不佳，經常吃泡麵。

3. 職業背景
    1) 客戶目前從事太陽能相關產業，專注於大型太陽能項目，且公司有自己的本地工程團隊，不使用外籍勞工。
    2) 客戶表示公司事情由助理處理，逢年過節送禮由自己負責。
    3) 客戶提到以前公司在東北有工廠。

4. 健康食品使用心得
    1) 客戶曾購買過葉黃素、魚油、含石斛的保健品及深海魚油，但感覺效果不明顯。
    2) 客戶目前有在服用葉黃素和魚油，並表示中午服用保健食品後，下午精神狀態良好。
    3) 客戶曾購買過長白山人蔘，認為品質很好，適合作為送禮或自用的補品。
    4) 客戶的太太有服用褐藻，且已持續服用十幾年。
    5) 客戶收到過幹細胞產品和漢方益生菌，但尚未使用。
    6) 客戶表示家中自己製作益生菌，並未購買或食用市售益生菌。
    7) 客戶表示目前有在喝補品，但想先喝完現有的補品再考慮其他產品。

5. 禁忌
    1) 客戶提到因為這幾天忙，有重要的事情，所以不敢吃某些東西。
    2) 客戶的太太對食物和保健品非常敏感。",1
13135823,"1. 家庭關係
    1) 客戶有一位女兒，女兒擁有魚油產品但目前未使用。
    2) 客戶提到她的阿姨曾經購買過相關產品。
    3) 客戶新年期間都待在家裡，未有外出活動。

2. 健康狀況
    1) 客戶有關節炎和關節痛的問題。
    2) 客戶有青光眼的健康問題。
    3) 客戶曾在疫情期間住院。
    4) 客戶提到自己六十歲。

3. 職業背景
    1) 未提及具體職業背景。

4. 健康食品使用心得
    1) 客戶每天食用龜鹿產品，並提到幹細胞產品可以搭配龜鹿產品一起食用，且不需分時段。
    2) 客戶曾購買幹細胞相關產品，通常飯後服用，但實際上食用時間無影響。
    3) 客戶每天服用葉黃素，早上和中午各服用兩顆，並提到葉黃素升級版的成分包括魚油、B群、綠蜂膠等，且一顆抵五顆的效果。
    4) 客戶購買了葉黃素升級版福袋，包含12盒，折扣後價格為五千九百四十元。
    5) 客戶有服用膠原蛋白，提到二型膠原蛋白和骨鈣。
    6) 客戶曾吃過陽豆，但未明確表示效果。
    7) 客戶提到益生菌是準備給小孩子吃的。
    8) 客戶提到納豆美白產品，但未提到具體使用情況。
    9) 客戶提到白蘭氏產品，但未提到每天使用。
    10) 客戶最近購買了腰果和面膜。

5. 禁忌
    1) 客戶早上空腹吃東西，但十點過後才進食。
    2) 客戶提到蚓激酶產品，但目前沒有在食用。",1
13366087,"1. 家庭關係
    1) 客戶與家人同住，家中有兩個小朋友。
    2) 客戶每月與家人聚會兩到三次，家中有人有高血壓問題並服用相關藥物。
    3) 客戶曾為大嫂購買保養品，並購買物理性防曬乳給大嫂使用。
    4) 客戶提到購買的衣服是給兒子穿的。

2. 健康狀況
    1) 客戶膝蓋有軟骨磨損，時好時壞，走路時有時會痛。
    2) 客戶有在運動，但因此有關節問題。
    3) 客戶家人有心血管問題，並使用相關保健產品。
    4) 客戶沒有高血壓或糖尿病，且未安排健康檢查。
    5) 客戶沒有接種流感疫苗。

3. 職業背景
    1) 客戶是一名56歲的男性，職業為公務人員，曾經是警察，目前即將退休。
    2) 客戶在機場工作，工作時間為12小時，分為早班和大夜班，工作繁忙且需要日夜輪班。
    3) 客戶曾在台中後火車站附近工作過。

4. 健康食品使用心得
    1) 客戶持續食用幹細胞產品，感覺上廁所變得比較順暢，早上空腹吃兩顆。
    2) 客戶對蚓激酶產品感到滿意，認為其對心血管、血糖、血壓、膽固醇有全效合一的效果，並每天服用。
    3) 客戶對青春露產品感興趣，並覺得效果不錯，已購買一套買二送二活動的產品。
    4) 客戶對葉黃素產品有興趣，但家中存貨充足，暫時不考慮購買。
    5) 客戶有食用魚油，並與家人分享，認為其含有EPA和DHA，專員建議每天食用。
    6) 客戶偶爾食用褐藻糖膠，並定期補充，對其效果感到滿意。
    7) 客戶和家人有食用關節保健產品，但不固定每天食用。
    8) 客戶對於幹細胞安瓶產品有興趣，並已購買三組。
    9) 客戶對華陀產品有好評，認為其產品不錯。
    10) 客戶對粒線體產品和紅麴產品有興趣，但對價格有所考慮。
    11) 客戶曾購買過鴕鳥精和龜鹿二仙膏，但食用頻率不高，效果一般。
    12) 客戶對白黎詩丹產品感覺效果很好，對安瓶產品感到滿意，並與家人一起使用。

5. 禁忌
    1) 客戶對分期付款有不好的經驗，曾影響到保險優惠，因此不需要分期付款。
    2) 客戶認為某些產品剛開始效果很好，但後來效果會減弱，對於專員推薦的產品持懷疑態度。
    3) 客戶對玻尿酸產品沒有興趣，對於紅包折抵產品也沒有考慮。
    4) 客戶對於購買新產品持保留態度，因為家中還有存貨。",1
13475123,"1. 家庭關係
    1) 客戶有12個兄弟姐妹，其中三個妹妹住在美國，姐姐住在高雄。
    2) 客戶的女兒住在日本，暑假會回台灣探望她。
    3) 客戶有一位幹女兒，其父母是日本人。
    4) 客戶目前一人居住，家人每週會開車來看她。
    5) 客戶的妹妹會來台灣並停留三個月，計劃與她一起回台灣。

2. 健康狀況
    1) 客戶年齡89歲，外表看起來像60多歲，記憶力很好，身體健康，無肝臟問題，心臟循環狀況良好。
    2) 客戶有輕微三高問題，曾有高血壓但已改善，並有靜脈曲張和膝蓋關節問題。
    3) 客戶有時候會過敏，天氣變化時容易流鼻水。
    4) 客戶曾接受白內障手術，目前眼睛狀況良好，但有一隻眼睛視力較模糊。
    5) 客戶有腸胃問題，建議通過益生菌調理，並曾接受腸胃道營養針課程。
    6) 客戶目前接受長照服務，每週兩次，每次一個半小時，部分費用由新北市政府補助。

3. 職業背景
    1) 客戶曾在核心醫院的病理檢驗科擔任負責人。
    2) 客戶對高科技醫療技術感興趣，計劃將美國的乳房檢測技術引進台灣，並提到該技術的投資金額約為五百萬美金。

4. 健康食品使用心得
    1) 客戶有服用美國購買的綜合維他命和B群，並每兩到三天喝一次高麗蔘飲品。
    2) 客戶對褐藻產品、蚓激酶、祛黑斑產品等有興趣，但對牛樟芝產品效果不滿意，已停止食用。
    3) 客戶每天飲用迷糊產品，感覺身體狀態有所改善。
    4) 客戶曾購買過葉黃素、褐藻產品和心血管保養食品，但對部分產品效果表示懷疑。
    5) 客戶對健康講座和心臟循環健康檢查感興趣，並已安排參加。

5. 禁忌
    1) 客戶不喜歡麻煩的食物準備方式，對維他命C發泡錠不感興趣。
    2) 客戶不會吃膠原蛋白和某些保健品，並對白色飲料不感興趣。
    3) 客戶對於產品的過度包裝表示不滿，認為不環保。
    4) 客戶不適合穿某些衣服和配件，並對石墨烯枕頭和背心產品不感興趣。
    5) 客戶不希望提供信用卡卡號給太多人，對分期付款持保留態度。",1
14263737,"1. 家庭關係
    1) 未提及相關內容

2. 健康狀況
    1) 未提及相關內容

3. 職業背景
    1) 客戶目前正在上班，工作忙碌。

4. 健康食品使用心得
    1) 客戶對B群產品比較有興趣，但尚未購買，計劃有空時再聯絡專員。
    2) 客戶表示磷蝦油是隨意購買，並非有計劃性地使用。
    3) 客戶提到魚油以前是隨意購買，未提及具體使用情況。
    4) 客戶表示自己沒有特別需要益生菌產品。

5. 禁忌
    1) 未提及相關內容",1
14398804,"1. 家庭關係
    1) 客戶有五個孫子，孫子們聰明且經常回家探望。
    2) 客戶的女兒們分別從事教師、特教師、醫生和設計師等職業。
    3) 客戶的女婿最近研發了一個產品並申請了專利。
    4) 客戶的老公認為補腎很重要，並曾去瑞士參加受訓班。
    5) 客戶的小姑因腦部開刀，需特別照顧，並送了枕頭給小姑使用。

2. 健康狀況
    1) 客戶有遺傳性失眠問題，並提到外公和外婆也有類似情況。
    2) 客戶有B肝，代謝狀況不佳，需注意飲食和健康管理。
    3) 客戶三酸甘油酯偏高，曾成功通過飲食控制改善，但最近數值達到三百多，已開藥治療。
    4) 客戶有膽囊發炎情況，並曾進行過骨髓移植。
    5) 客戶有喉嚨乾咳、痰黃、感冒、頭暈等症狀，並曾因健康問題在家休息。
    6) 客戶提到自己有運動習慣，喜歡跑步和打高爾夫球。
    7) 客戶提到自己七十多歲，但外貌和體力保持良好。
    8) 客戶提到自己曾摔倒，並有骨質密度不足的問題。
    9) 客戶的肝指數和血小板狀況穩定，並定期在台大醫院進行檢查。

3. 職業背景
    1) 客戶是退休教師，對教育有一定的了解。
    2) 客戶曾經在股票投資中獲利，但目前不記得相關細節。

4. 健康食品使用心得
    1) 客戶目前服用白藜蘆醇、益生菌、粒線體產品、小小米、香檳茸、白木耳、洋蔥等，並認為這些產品對健康有幫助。
    2) 客戶認為粒線體產品對睡眠、體力、膝蓋、皮膚光亮和酸痛改善有幫助，並對其效果感到滿意。
    3) 客戶認為小小米對膽固醇控制效果不錯，益生菌對腸道健康有幫助，但效果未達預期。
    4) 客戶對健康食品的使用方式有特定要求，例如早晚飲用時間和搭配其他產品。
    5) 客戶對單一成分的保健品持保留態度，偏好多樣化營養補充和漢方益生菌。
    6) 客戶對華陀品牌熟悉，對療肺草產品有興趣，並認為效果不錯。
    7) 客戶對粒線體產品和褐藻糖膠囊的抗病毒效果有所了解，但認為價格昂貴。
    8) 客戶對健康食品的味道較為挑剔，不接受味道重的產品。

5. 禁忌
    1) 客戶不吃龜鹿膠、土龍、褐藻和意大利食物。
    2) 客戶避免含糖分、果糖和精緻澱粉類食物，並以素食和清淡飲食為主。
    3) 客戶對谷胱甘肽成分有疑慮，並希望了解更多資訊。
    4) 客戶不太會吞藥，會將益生菌咬破後服用。
    5) 客戶目前暫停服用某些產品，因正在服用幽門桿菌的藥物。",1
14619494,"1. 家庭關係
    1) 客戶已婚，育有兩個兒子，其中一位在台積電擔任主任工程師，另一位在台南工作，且已結婚並有孫子。
    2) 客戶目前與家人同住，家中無小孩，主要是大人。
    3) 客戶的老公可能會貸款，且有酗酒的情況，目前無法回國。
    4) 客戶有三個姐妹，且身高相同。

2. 健康狀況
    1) 客戶73歲，已退休，身體有骨折、膝蓋痛、手部不適、便秘、心臟不好、血糖偏高（糖化血色素6.92，目標降至6.5以下），並有白內障問題。
    2) 客戶每天運動，早上六點開始走路，並有時候進行復健。
    3) 客戶有感冒經歷，並提到感冒情況較為嚴重。
    4) 客戶有進行健康檢查，並已接種流感疫苗，無不適反應。
    5) 客戶提到肝臟狀況不佳，並有慢性病，需服用通血管藥物。

3. 職業背景
    1) 客戶為退休公務員，曾經有打工經歷。
    2) 客戶的兒子在律師事務所工作，專業為保險法，主要處理大公司案件。

4. 健康食品使用心得
    1) 客戶有服用益生菌、龜鹿錠、葉黃素、鈣、鎂、酵素、蜂王乳、鴕鳥精等保健食品，並對部分產品如葉黃素、鴕鳥精效果不滿意。
    2) 客戶每天飲用玫瑰飲品，空腹使用產品，並搭配溫開水。
    3) 客戶對美白產品、保濕和滋潤的保養品感興趣，並有使用自然美、青春露、時空膠囊等產品。
    4) 客戶購買過即食燕窩、黑木耳露、橄欖油、葵花油、萬歲牌堅果飲等健康食品，並對部分產品表示滿意。
    5) 客戶對粒線體產品、甘肽和藍光產品有興趣，並認為粒線體產品對健康有幫助。
    6) 客戶喜歡使用滋潤和保濕的護膚產品，並有使用人蔘幹細胞霜、三參逆齡霜等。

5. 禁忌
    1) 客戶不吃小魚乾，因為吃全素。
    2) 客戶不吃魚油，因為心臟不好。
    3) 客戶對某些產品可能過敏，對精華液是否會過敏表示關注。
    4) 客戶不購買干燕窩，認為不方便。
    5) 客戶不喜歡購買價格昂貴的商品，並表示目前保養品已經很多，不需要再購買。",1
14927381,"1. 家庭關係
    1) 未提及家庭相關資訊。

2. 健康狀況
    1) 客戶表示眼睛看東西比較模糊，注重眼睛保養。
    2) 客戶目前身體沒有毛病，認為不需要額外服用保健品。
    3) 客戶有時候服用阿莫西林作為消炎藥。

3. 職業背景
    1) 客戶曾經開設西藥房，但目前已停止營業。
    2) 客戶目前有在工作，但工作性質未明確說明。
    3) 客戶提到自己現在沒有在賺錢，屬於養老階段。

4. 健康食品使用心得
    1) 客戶目前服用兩種葉黃素產品，曾訂購護眼葉黃素，顯示對眼睛保養的重視。
    2) 客戶曾購買過龜鹿二仙膠，但已經很久沒有使用。
    3) 客戶曾購買幹細胞相關產品。
    4) 客戶提到珍珠粉，但未明確表示每天都喝。

5. 禁忌
    1) 客戶表示未聽過鱸魚精相關產品。
    2) 客戶目前不想購買任何產品。",1
15021214,"1. 家庭關係
    1) 客戶的父親年逾九十，行動不便，需使用輪椅和電動床，並有高血壓、心臟病、尿道感染等健康問題，需24小時看護照顧。
    2) 客戶的女兒住在台北，已婚且有孩子，近期在月子中心休養，曾建議客戶住單人病房。
    3) 客戶家中有一名越南籍外勞，負責協助照顧父親，外勞的家人也在台灣工作。
    4) 客戶的先生因摔車導致鎖骨粉碎性骨折，正在醫院治療，並患有糖尿病。
    5) 客戶的家人有高血壓和癌症病史，部分家人正在接受化療和全身檢測。

2. 健康狀況
    1) 客戶有胃食道逆流、脊椎問題、全身關節痛、飛蚊症、白內障、玻璃體混濁、腰椎壓迫、神經壓迫等健康問題，並曾因車禍導致頭部受傷和神經壓迫。
    2) 客戶曾因止痛藥副作用增加心肌梗塞風險，並有慢性處方簽，長期服用抗過敏藥物。
    3) 客戶的血糖空腹值約100，飯前飯後變化不大，並有皮膚過敏問題。
    4) 客戶曾確診兩次，出現全身關節發炎後遺症，早晨常感到無力和眩暈。
    5) 客戶近期進行頸椎手術，術後醫生發現其他健康問題，並處理了肩頸不適。

3. 職業背景
    1) 客戶目前居家，沒有工作，主要負責照顧父親。
    2) 客戶曾提到對珠寶、藝術展覽、玉石和水晶感興趣，並曾購買高價水晶。

4. 健康食品使用心得
    1) 客戶每天早上飲用氨基酸飲品，但因口感問題影響食慾，且有時感到噁心。
    2) 客戶長期服用靈芝類抗癌保健品，認為對頭部修復有幫助，並每兩三個月購買一次靈芝產品。
    3) 客戶有食用無糖燕窩和金箔燕窩，並搭配蓮子、百合等食材，偏好熱飲。
    4) 客戶每天飲用蜂蜜水，家中有多種蜂蜜，包括紐西蘭麥盧卡蜂蜜和台灣玉荷包蜂蜜。
    5) 客戶家中有大量保健食品和保養品，但有些產品未使用完，且對部分保健品口感不滿意。

5. 禁忌
    1) 客戶不吃牛肉和羊肉，並已戒除安眠藥。
    2) 客戶對花生、部分海鮮和某些洗臉產品過敏，並避免使用香水和保養品。
    3) 客戶飲食習慣偏清淡，不喜歡太鹹的食物，且不喜歡龍眼味道。",1
15258867,"1. 家庭關係
    1) 未提及家庭成員或家庭關係。

2. 健康狀況
    1) 客戶年齡為76歲，性別為男性。
    2) 客戶提到澳洲65歲以上的保健食品是免費的，可能對健康食品有需求。

3. 職業背景
    1) 客戶目前人在大陸工作，並在澳洲和台灣之間來回。
    2) 客戶提到醫美相關情況，但未詳細說明具體內容。

4. 健康食品使用心得
    1) 客戶曾從澳洲帶健康食品回來，並表示澳洲的健康食品有規範。
    2) 客戶正在考慮購買賦活膠囊。

5. 禁忌
    1) 未提及具體禁忌。",1
15273671,"1. 家庭關係
    1) 客戶有一位老伴，兩個兒子和一個女兒，女兒住在中和，並有一位七歲的孫子和一位滿周歲的孫子。
    2) 客戶提到希望有人能幫忙照顧女兒，並提到女兒曾幫他點光明燈。
    3) 客戶的母親是家族中最長壽的成員，家人中有人曾罹癌並需進行洗腎。
    4) 客戶提到家裡有人曾酒駕，因此不再開車。

2. 健康狀況
    1) 客戶患有糖尿病三十多年，並有三高（高血糖、高血脂、高血壓），目前服用糖尿病和三高的藥物。
    2) 客戶腎功能指數下降至40，醫生建議進一步檢查，並提醒若指數降至30以下可能需要洗腎。
    3) 客戶曾因視網膜血管病變破裂接受手術，視力矯正至0.8，並維持五年未再治療。
    4) 客戶提到肩頸僵硬、記憶力不好、鼻咽癌、肝病、過敏問題（眼睛癢）及排便不順。
    5) 客戶表示睡眠時間充足，通常在晚上十一點多入睡。

3. 職業背景
    1) 客戶目前已經退休，依靠養老金生活，曾提到計劃明年退休。
    2) 客戶提到自己曾經從事橡膠相關工作，並表示目前一個人生活。

4. 健康食品使用心得
    1) 客戶目前服用益生菌、葉黃素、蚓激酶、幹細胞產品、龜鹿二仙膠等保健品，認為蚓激酶對血糖和血壓控制效果良好。
    2) 客戶提到益生菌有助於降糖和輕體，並對葉黃素的膠囊形式較為喜愛。
    3) 客戶曾購買過多種保健品，包括維他命C、維生素D發泡錠、牛樟芝、枸杞汁等，並認為保健品需要長期服用才能見效。
    4) 客戶表示保健品的研發成本高，需經過認證，且認為保養品不便宜。
    5) 客戶提到家中還有多種保健品存貨，並表示對某些新產品興趣不大。

5. 禁忌
    1) 客戶不吃重口味食物，偏好清淡飲食，並避免蛋黃酥、芒果、果凍型葉黃素及某些味道不佳的食物。
    2) 客戶目前不吃任何成藥，醫生建議停止服用所有保健品，僅允許服用益生菌和葉黃素。
    3) 客戶提到醫生建議減少咖啡攝取量，多喝水，並避免食用瑤海區的保養品。
    4) 客戶不抽菸、不喝酒，並提到自己不吃人蔘及B群產品。",1
15300444,"1. 家庭關係
    1) 客戶與家人同住，家中有妻子、兩個小孩以及阿公和阿媽。
    2) 客戶的父親需要每週三天進行復健，並有灰指甲問題，目前在福建。
    3) 客戶的妻子在家裡上日語課，每月學費一千元，並有補助。
    4) 客戶提到有一個女兒和一個兒子，並提到孫子，但未明確表示是否與孫子同住。
    5) 客戶提到家裡有小朋友，並提到風水布置可能影響小朋友。

2. 健康狀況
    1) 客戶有高血壓、高血糖、腎囊腫、飛蚊症、老花眼，並曾有胃食道癌的經歷。
    2) 客戶提到自己不會養生，可能需要坐輪椅，並對腎臟不好的情況下不敢吃某些藥物。
    3) 客戶最近中暑，體重減少了三公斤，現在體重接近七十公斤，最高曾達到七十五公斤。
    4) 客戶每兩年安排一次健康檢查，並有運動習慣，骨頭和腳力良好。
    5) 客戶提到記憶力問題，並曾交由朋友處理相關事宜。

3. 職業背景
    1) 客戶目前沒有在上班，曾提到老闆。
    2) 客戶每週上三天課，每次課程持續兩到三小時。

4. 健康食品使用心得
    1) 客戶目前服用幹細胞、蚓激酶、南瓜籽、葉黃素、粒線體產品、合利他命、紅色保健品、銀色膠囊及氨基酸等多種健康食品。
    2) 客戶每天睡前服用兩顆蚓激酶，早上空腹喝粒線體產品，早餐後服用幹細胞膠囊，晚餐後服用氨基酸並搭配兩顆超順街。
    3) 客戶對葉黃素、心血管保健品等產品效果表示懷疑，認為價格貴且存貨充足，暫時不打算購買。
    4) 客戶對合利他命的效果表示滿意，並認為其有效。
    5) 客戶每天固定服用兩顆銀色膠囊，並早上飯後服用紅色保健品。

5. 禁忌
    1) 客戶不希望被推銷產品，對於機能性產品、葉黃素、魚油、粒線體等產品表示不感興趣或不需要。
    2) 客戶提到不喜歡某些產品的包裝，並對購買東森產品感到不滿，表示不想再購買。
    3) 客戶不習慣中午吃東西，並提到自己吃的東西太多，不確定是否有好處。",1
15427941,"1. 家庭關係
    1) 客戶有老婆和小孩，家庭中兩人價值觀不同，老婆不會煮飯且目前在忙。
    2) 客戶提到小孩身體不舒服，可能需要幫忙照顧。
    3) 客戶表示過年時會孝敬父母，與家人玩麻將，但因阿嬤離開，聚會減少。
    4) 客戶提到過年可能都在台北。

2. 健康狀況
    1) 客戶表示自己年紀大了，行動不如以前靈活，現在更注重工作與生活的平衡。
    2) 客戶曾去醫美，效果很好，目前有腫塊並詢問醫生是否開藥。
    3) 客戶小時候生活困難，逐漸習慣，並提到壓力來自家庭財務分擔。
    4) 客戶表示營養過剩導致身體變胖，曾在58公斤時每週運動三天，運動量大。
    5) 客戶從國中開始有頭皮屑，使用海倫仙度絲洗髮精效果較好。
    6) 客戶偏好冷敷，怕熱敷，並曾吃過龜鹿生物但未提及副作用。

3. 職業背景
    1) 客戶目前從事裝潢工作，曾是業界總監，負責統籌規劃工作。
    2) 客戶自己開公司，工作時間通常到晚上十點或十一點，工廠上班時間為早上八點半到下午五六點。
    3) 客戶曾在辦公室錄入系統工作，並提到去總公司兩個禮拜。
    4) 客戶表示二月沒有收入，壓力大，業績壓力每月都很大。

4. 健康食品使用心得
    1) 客戶曾使用蟲草、人蔘系列產品及橄欖油，並建議女生每天食用蔓越莓乾。
    2) 客戶曾吃過保健品但表示效果不佳，未再吃葉黃素，使用過挺立鈣並認為一罐足夠。

5. 禁忌
    1) 客戶目前沒有抽菸的習慣，並表示抽菸對身體不好。
    2) 客戶不做國公哪一國界什麼茶相關的事情。",1
15524794,"1. 家庭關係
    1) 客戶有兒子、女兒、媳婦和孫子，兒子分別居住在加拿大和菲律賓，女兒與她同住。
    2) 客戶的孫子有兩位，其中一位十七歲，另一位上小學一年級。
    3) 客戶的先生已去世二十多年，婆婆住在新竹的醫院，公公已過世。
    4) 客戶的哥哥患有骨髓癌，正在接受治療，並且有一位馬來西亞華僑女婿。
    5) 客戶的叔叔九十歲，身體狀況不佳但能自行走路，曾患大腸癌。
    6) 客戶的家族中有成員在美國，孫子在紐約當醫生。

2. 健康狀況
    1) 客戶有大腸癌病史，曾於106年9月進行大腸切除手術，目前腫瘤標記數值超標，肺部有白點需注意。
    2) 客戶有糖尿病，但未服用藥物，血糖邊緣值，空腹血糖波動，有時接近180，三酸甘油酯和膽固醇偏高。
    3) 客戶有甲狀腺結節，需每年追蹤檢查，結節為良性。
    4) 客戶有過敏性體質，鼻子過敏嚴重，皮膚出現過敏和黑色斑點，並有乳糖不耐症。
    5) 客戶有心臟支架，膝蓋水腫且疼痛，偶有暈眩，並有腸胃問題。
    6) 客戶曾做過化療，裝有人工血管，並被告知化療期間不能食用人蔘和當歸。
    7) 客戶的眼睛有散光，眼科醫師表示毒素增加，且眼睛有變色功能。
    8) 客戶有壓力，因先生去世影響健康，並提到搬家後與人互動減少。

3. 職業背景
    1) 客戶的兒子在科學園區和國際機場擔任重要職位，另一位兒子在菲律賓居住二十多年。
    2) 客戶的女兒曾在公司的業務部工作，後因先生去世而離職。
    3) 客戶的哥哥是國中退休老師，現帶旅行團，家族經營一家有五十年歷史的工廠，負責日本和美國業務。

4. 健康食品使用心得
    1) 客戶每天早上空腹服用幹細胞產品，並輪流使用香檳茸和氨基酸產品，但氨基酸會導致拉肚子。
    2) 客戶每天飲用葉黃素，並認為海藻鈣有助於睡眠品質。
    3) 客戶和家人食用苦瓜胜肽控制血糖，並購買花蓮苦瓜鐵片泡水飲用。
    4) 客戶曾購買燕窩、木耳露、益生菌、綜合維他命等保健食品，對產品有效期限和成分較為關注。
    5) 客戶認為香檳茸味道濃且難喝，空腹食用會引起胃部不適，需搭配食物。

5. 禁忌
    1) 客戶不吃牛肉和豬肉，僅食用苦茶油，不吃油炸和燒烤類食物。
    2) 客戶對奇異果過敏，乳糖不耐症，對藥物敏感，未曾服用安眠藥。
    3) 客戶在化療期間被建議不能食用人蔘和當歸。
    4) 客戶不喜歡熱鬧場合，也不喜歡他人為她慶祝生日。",1
21003934,"1. 家庭關係
    1) 客戶已離婚，育有一子一女，女兒目前不在家，且對購物管理較為嚴格。
    2) 客戶的兒子曾收到訂購的衛生紙，並需要扣款，且可能會使用石墨烯功能的產品。
    3) 客戶提到家中有孫子，冬天會將襪子留給孫子。

2. 健康狀況
    1) 客戶年齡為87歲，身高在165公分以下，提到自己年紀大了，對產品效果持懷疑態度。
    2) 客戶提到胃不好、腳會抽筋、眼睛不好，並有飛蚊症和視力問題。
    3) 客戶提到感冒已經痊癒，但有時感到不舒服。
    4) 客戶提到自己很胖，擔心穿不下某些產品。

3. 職業背景
    1) 客戶提到自己是艾米老師。
    2) 客戶提到下午一點和禮拜五有上課。

4. 健康食品使用心得
    1) 客戶有服用葉黃素，覺得效果不錯，目前還有兩盒，正在吃倒數第二盒。
    2) 客戶曾經食用過龜鹿保健食品，每週吃兩片龜鹿二仙膠，並提到家中還有未吃完的玻尿酸產品。
    3) 客戶對顧眼睛和顧骨頭的產品持續食用，並對其效果表示滿意。
    4) 客戶曾購買過幹細胞產品，但覺得太多，丟掉了很多。
    5) 客戶對某些保健食品不感興趣，特別是張淑芬推薦的產品和養生芝麻產品。
    6) 客戶對於某產品在夏天的效果感到不錯。

5. 禁忌
    1) 客戶不吃午餐和晚餐，晚上不吃飯作為瘦身方法，並進行拍打運動。
    2) 客戶不吃藥，對某些食物和保健食品不感興趣，偏短的衣物不穿，會送給別人。
    3) 客戶不喜歡咖啡色商品，對藍色產品有偏好，並對某些產品的尺寸和顏色有特定要求。
    4) 客戶對塑身衣不感興趣，認為穿不住，且對不合適的產品會選擇退貨。
    5) 客戶希望貨到付款，不要提前扣款，並希望退貨款項直接退到現金帳戶。",1
21008876,"1. 家庭關係
    1) 客戶有一位女兒，會幫忙操作東森購物的相關事宜。
    2) 客戶有一位兒子，是辦公室主管，工作壓力大且休假時不喜歡運動，並有微胖及排便不順的情況。
    3) 客戶的孩子都在國外生活，且已經搬出去住，客戶目前自己租了一間房子居住。
    4) 客戶提到家人沒有抽菸，並且家裡有好幾個人需要一起吃益生菌。
    5) 客戶提到孫子相關事宜，但未提供具體資訊。

2. 健康狀況
    1) 客戶表示她的皮膚比較敏感，不能隨便使用產品，因此長期使用資生堂的保養品。
    2) 客戶目前的體脂已從四十幾降到三十六，並提到自己正在慢慢降體脂。
    3) 客戶表示她目前比較少吃保健食品，但仍在服用華陀龜鹿膠，每天兩顆，並持續使用中。
    4) 客戶提到她有很多藥需要先吃完，才會開始使用挪威魚油。

3. 職業背景
    1) 客戶目前正在上課，表示現在沒空接電話。
    2) 客戶曾住過一個別墅，停留約三十天，並提到六月中旬有出遊計劃。

4. 健康食品使用心得
    1) 客戶長期服用葉黃素，並表示不需要購買新的產品。
    2) 客戶有固定在吃B群產品，但不使用高單位的B群。
    3) 客戶曾購買益生菌產品，包括奇異果益生菌，並表示益生菌具有整腸道、控制體重及血糖的效果，適合六個月以上的小朋友及血糖值高的人食用。她一天吃兩包益生菌，且不分飯前或飯後服用。
    4) 客戶曾幫兒子訂購益生菌，並表示家人一起食用奇異果益生菌，但不一定每次都由同一人食用。
    5) 客戶曾購買華陀的枸杞產品及枸杞汁，目前仍在食用華陀的有機枸杞產品，但枸杞汁尚未開始飲用。
    6) 客戶剛購買挪威魚油，但尚未開始食用，表示會先試吃看看再決定是否繼續購買。

5. 禁忌
    1) 客戶表示她不習慣使用其他品牌的保養品，並且一直使用資生堂的產品，因為皮膚比較敏感。
    2) 客戶表示她不需要再補充雞精，因為前幾天才購買。",1
21009124,"1. 家庭關係
    1) 客戶有一位先生，目前住在護理機構，健康狀況不佳，需服用多種藥物，並曾接受多次手術。
    2) 客戶有一個兒子和兩個女兒，兒子身高180公分，體重超過100公斤，可能有三高問題；女兒在銀行工作，壓力大，健康狀況不佳，準備退休。
    3) 客戶的孫子和孫女體重過重，孫女有富貴包，孫子飲食習慣不健康。
    4) 客戶的父親曾是計程車司機，母親在她20歲時去世，家族有癌症病史。
    5) 客戶的女兒和女婿對某些產品不感興趣，女兒曾購買按摩椅和泡腳機給客戶。

2. 健康狀況
    1) 客戶有白內障、乾眼症、靜脈曲張、末梢神經退化、坐骨神經痛、寒性體質、腸躁症、脊椎壓迫神經、膽固醇偏高、糖尿病和高血壓等健康問題。
    2) 客戶的健康狀況不佳，體重下降，臉部變瘦，並有水腫、血液循環不良、眼壓高、腎功能問題等症狀。
    3) 客戶的先生有糖尿病、三高、腎功能不佳、十二指腸潰瘍和肌少症，需長期服藥和營養補充。
    4) 客戶的女兒有膽固醇偏高、自律神經失調和更年期症狀，並長期服用安眠藥。
    5) 客戶的孫女有掉髮問題，可能與壓力有關。

3. 職業背景
    1) 客戶曾在衛生署工作，擔任主帳、出納組長和文書組長，工作繁忙。
    2) 客戶的女兒在銀行工作，另一位女兒曾在台大醫院工作，兒子在科技公司工作。

4. 健康食品使用心得
    1) 客戶有服用幹細胞、氨基酸、葉黃素、粒線體、蚓激酶、土龍精、薑黃等健康食品，對部分產品效果滿意，但對某些產品效果有疑慮。
    2) 客戶認為幹細胞產品價格昂貴，但對其效果有期待；對粒線體產品和氨基酸產品的效果表示滿意。
    3) 客戶每天早晚服用保健品，並認為適量服用有助於健康。
    4) 客戶對益生菌效果有疑慮，擔心會影響腸胃健康。
    5) 客戶對於健康食品的價格和優惠有關注，認為部分產品價格過高。

5. 禁忌
    1) 客戶不吃牛肉、不喝牛奶，並避免食用寒性食物。
    2) 客戶不適合食用益生菌，因為醫生建議避免。
    3) 客戶不喜歡某些產品的味道，對大陸製產品和某些名人代言的產品有顧忌。",1
21011687,"1. 家庭關係
    1) 客戶沒有子女，與母親和大哥有互動，母親目前住在老家。
    2) 客戶會將購買的保健品帶回老家給母親使用，母親曾食用過龜鹿二仙膏，但不常吃保健品。
    3) 客戶提到目前回老家與家人在一起，家中有養寵物。

2. 健康狀況
    1) 客戶56歲，男性，身體狀況良好，認為運動對健康有幫助，並有運動習慣。
    2) 客戶每三年進行一次健康檢查，沒有慢性處方簽。
    3) 客戶有時候睡眠時間不多，曾被建議晚上食用某些產品以幫助睡眠。
    4) 客戶擔心營養品的重複攝取可能導致體重增加。

3. 職業背景
    1) 客戶對房地產沒有特別興趣，因為在銀行有固定的投資計劃，並已經有北部的投資規劃。
    2) 客戶表示不需要保險相關服務，因為保險事務由朋友處理。

4. 健康食品使用心得
    1) 客戶使用多種保健食品，包括幹細胞、氨基酸、粒線體、活泉、益生菌等，對產品效果感到滿意，認為身體狀況變好。
    2) 客戶每天早晚各食用2顆保健食品，並計劃在有效期內消耗完畢。
    3) 客戶每天喝兩次粒線體產品，並對其效果滿意，曾以買二送三的優惠購買，並有興趣參加相關活動。
    4) 客戶每天早上運動後飲用一支氨基酸飲品，並考慮每天喝二到三支營養品以支持運動需求。
    5) 客戶對小欖鎮產品的效果滿意，並持續使用，認為有助於排便順暢。
    6) 客戶曾購買並使用華陀液態益生菌，並表示快吃完了。
    7) 客戶對於紅黑雙龍錠產品有興趣，並被建議中午或早上食用。
    8) 客戶提到家中有大量保健品，包括第一代和第二代產品混用，佔據了家中很大空間。

5. 禁忌
    1) 客戶對於保健品的購買有考量價格，並會考慮分期付款。
    2) 客戶對東森和幸福方案的活動不太感興趣，並希望不再接到東森保險部門的電話。
    3) 客戶對背心產品不感興趣，認為穿著會感到熱。
    4) 客戶對於營養品的重複攝取有所顧慮，擔心可能導致體重增加。",1
21016695,"1. 家庭關係
    1) 客戶有一名正在上高一的兒子，兒子不吃葉黃素、不吃魚，喜歡吃零食而不吃正餐，且日夜顛倒，常玩線上遊戲，客戶擔心其眼睛健康。
    2) 客戶的媽媽不喜歡烤肉，因為覺得很累，應該有在吃益生菌，且吃後沒有感覺到肚子脹。
    3) 客戶的公公每週去醫院看病。
    4) 客戶的父親喜歡吃榴蓮，商品寄送地址是父親那邊。
    5) 客戶的家人住在台南，但她很少回去看望。
    6) 客戶的老公不吃其他東西，客戶會詢問先生是否購買產品。

2. 健康狀況
    1) 客戶有膽固醇問題，正在服用降膽固醇的藥物，醫生建議不要同時使用其他降膽固醇產品。
    2) 客戶的糖化血色素為6.4，未超過6.5，目前未服用穩定血糖的保健食品，而是透過醫生開的西藥控制血糖。
    3) 客戶最近睡眠不好，通常凌晨一兩點才睡。
    4) 客戶有眼窩紋，且眼睛乾痠澀，專員建議早餐時吃葉黃素。
    5) 客戶目前在服用B群和其他保健品，並在餐前服用益生菌，餐後服用小藍鎮以阻斷糖代謝。
    6) 客戶的健康狀況需要醫生建議，某些藥物醫生建議不要服用。

3. 職業背景
    1) 客戶目前在上班，最近比較忙。
    2) 客戶曾經刷過八萬到九萬的信用卡消費，使用國泰信用卡，但沒有使用ATM或線上轉帳的習慣。

4. 健康食品使用心得
    1) 客戶曾購買過挺立鈣片、魚油、益生菌、华陀叶黄素、固气管相关保健品等，但目前手边的保健品还没吃完。
    2) 客戶对产品效果感到不如预期，认为没有广告中那么神奇，部分产品使用后全身流汗，觉得不透气。
    3) 客戶对瘦身产品和塑身衣的效果感兴趣，但对舒适度有疑虑。
    4) 客戶对燕窝产品有兴趣，已购买一套并选择分六期付款。
    5) 客戶对某次购买的乌鱼子产品感到不满意，认为有鱼腥味且不好吃。
    6) 客戶的朋友对她提供的益生菌表示效果很好。
    7) 客戶对PV石墨烯短裤的优惠活动感兴趣。
    8) 客戶对新款产品感兴趣，并询问是否有库存。

5. 禁忌
    1) 客戶不需要防晒霜、胶原蛋白、玻尿酸、叶黄素、蚓激酶等产品。
    2) 客戶不考虑使用干细胞产品。
    3) 客戶不喜欢使用面膜，觉得太麻烦。
    4) 客戶不喜欢吃太阳饼。
    5) 客戶不想再购买新的保健品，因为家里还有很多没吃完。",1
21029623,"1. 家庭關係
    1) 客戶與家人同住，家庭成員包括老公、女兒、兒子、母親、公公、婆婆。
    2) 客戶的女兒有養狗，並且每週帶狗去洗澡，且願意留在家中照顧貓咪。
    3) 客戶的兒子在英國畢業後回到家中，目前正在準備工作。
    4) 客戶的公公和婆婆經營公司，婆婆82歲仍在上班。
    5) 客戶的母親有失智症的遺傳基因，且不喜歡魚腥味。
    6) 客戶的家庭經常需要拜拜，花費較高。

2. 健康狀況
    1) 客戶有自體免疫疾病，免疫系統會錯誤攻擊自身細胞和器官，並有類風濕性關節炎。
    2) 客戶的免疫系統有問題，不能使用動物性的幹細胞產品或提升免疫力的產品，因為會引發皮膚問題。
    3) 客戶有胰島素阻抗的前期症狀，對姜黃產品的效果感興趣，但擔心上火。
    4) 客戶提到左手本來很痛，現在感覺好一些。
    5) 客戶每年安排一次健康檢查，曾做過腸道症檢驗，醫生建議補充益生菌。
    6) 客戶對健康非常重視，認為健康比購買名牌更重要。
    7) 客戶曾參加健康管理相關活動，對精準醫療有一定了解。
    8) 客戶提到自己有分期付款的消費習慣，並需要重疾險和防老抗老的產品。

3. 職業背景
    1) 客戶已經退休，目前沒有上班。
    2) 客戶的老公開醫院和診所，並且在搬家。

4. 健康食品使用心得
    1) 客戶每天喝一瓶保健品，已經持續兩個月，並採用一六八斷食法以維持體重。
    2) 客戶曾購買過葡萄王的保健食品，家人也曾購買過相關產品。
    3) 客戶對植物性的外米提產品感興趣，因其適合自體免疫疾病。
    4) 客戶曾使用過紅色益生菌，認為其有助於排便和排毒。
    5) 客戶曾在郵輪旅行中每天吃一顆牛樟芝，認為因此未被傳染疾病。
    6) 客戶曾購買含猴頭菇成分的保健食品，但未持續食用。
    7) 客戶提到早上空腹吃保健食品，但被建議改為飯後服用。
    8) 客戶提到自己懶得吃保健食品，雖然有準備早中晚的份量。
    9) 客戶曾收到姜黃產品，但因擔心上火未食用。

5. 禁忌
    1) 客戶不能食用含激素的產品，擔心激素問題。
    2) 客戶不敢喝有魚腥味的產品。
    3) 客戶不使用動物性幹細胞產品及提升免疫力的產品。
    4) 客戶不敢使用過期的保健食品，雖然曾覺得過期產品效果不錯。",1
21037014,"1. 家庭關係
    1) 未提及具體家庭成員或關係，但有幫助他人訂購健康食品的行為，顯示可能與他人有互動需求。

2. 健康狀況
    1) 未提及具體健康問題，但有購買與健康相關的產品，可能有保健需求。

3. 職業背景
    1) 客戶提到整天在外開會，顯示可能從事需要頻繁會議的工作。
    2) 客戶表示最近比較忙，可能工作壓力較大。

4. 健康食品使用心得
    1) 客戶之前購買過華陀的產品，並曾訂購枸杞葉黃素和關節保養相關系列產品。
    2) 客戶家中目前還有三瓶和力他命的B群，並曾幫人購買台塑生醫的B群，對該品牌的紅色罐子B群有興趣。

5. 禁忌
    1) 客戶目前表示不需要購買任何東西，若有需要會自行訂購。
    2) 客戶提到趕著開會，無法繼續通話，顯示其時間安排較為緊湊。",1
21041143,"1. 家庭關係
    1) 客戶有一位女兒，會與女兒商量是否購買粒線體相關產品。
    2) 女兒提醒客戶不要相信東森內部人員主動打電話。

2. 健康狀況
    1) 客戶表示自己身體健康，沒有高血壓或糖尿病，也沒有三高問題。
    2) 客戶提到她有痛風問題，血壓曾經到一百八。
    3) 客戶注重健康，年輕時就開始保養，並且不亂吃東西，避免罐頭食品和含防腐劑的產品。

3. 職業背景
    1) 客戶以前從事保險工作，現在已經退休。
    2) 客戶退休後生活愉快，沒有壓力，每天唱歌跳舞，並且有運動習慣，認為運動促進新陳代謝。

4. 健康食品使用心得
    1) 客戶曾使用過多種健康食品，包括膠原蛋白、魚油（日本品牌）、白藜蘆醇、橄欖油和維他命E，並提到其使用經驗。
    2) 客戶目前服用鯊魚軟骨和綜合維他命E作為保健品，但表示不喜歡喝保健品。
    3) 客戶認為自己健康良好，不需要食用健康食品。

5. 禁忌
    1) 客戶不使用市售洗碗精，而是自己製作洗碗精，並使用檸檬皮製作，顯示她注重環保。
    2) 客戶不習慣敷面膜，也不喜歡使用刷卡支付，擔心被盜刷。
    3) 客戶表示她不需要買東西，因此沒有使用東森的電子券。
",1
21047112,"1. 家庭關係
    1) 客戶表示她沒有生小孩。
    2) 客戶提到今年因為弟弟要回來過年，弟弟從美國回來時帶了一大堆東西。
    3) 客戶提到她的先生有時候因為上班不方便陪她一起出遊，且不希望她花錢，認為她買了很多東西。
    4) 客戶提到她的媽媽應該有良好的基因。

2. 健康狀況
    1) 客戶提到她的頭髮很黑且沒有白髮，且頭髮很多。
    2) 客戶提到最近一個月追劇導致眼睛感到疲勞。
    3) 客戶提到自己平時喝水很少。
    4) 客戶有時候會去運動，但有時候因為忙碌無法去。
    5) 客戶提到她有參與醫美相關的服務。

3. 職業背景
    1) 客戶提到她目前已經退休。
    2) 客戶提到最近都在處理保險相關事務。
    3) 客戶提到她有上課的安排，例如下午要去上英文課。

4. 健康食品使用心得
    1) 客戶表示她的消費習慣是購買多種保健品，今年已經在該公司購買了數十萬元的產品。
    2) 客戶提到她有很多鈣片，平常有在保養，家裡有很多從美國帶回來的保健品，包括鈣片。
    3) 客戶提到她之前有吃過一種針對眼睛的保健食品，並且目前有在服用新的葉黃素保健品。
    4) 客戶提到上次購買了粒線體產品，通常是四盒一組，但上次購買了五盒，因為專員幫她多申請了一盒。
    5) 客戶提到之前購買過一款黑色的精華液，感覺使用後有些油膩且不易吸收。
    6) 客戶提到她有購買過綠蜂膠的葉黃素，但表示自己東西太多，常常浪費或忘記使用。

5. 禁忌
    1) 客戶表示她的習慣不好，可能會忘記服用保健品，導致產品過期。
    2) 客戶表示不習慣分期付款，擔心會搞不清楚或出現多扣少扣的情況。
    3) 客戶表示最怕人家跟她推銷，且不喜歡經常接電話。",1
21054715,"1. 家庭關係
    1) 客戶目前與家人同住，家中共有三位成員。
    2) 客戶家族聚會有二十幾個人，兄弟輪流負責準備。
    3) 客戶的先生一直在吃蚓激酶。
    4) 客戶提到家裡的小孩吃某種產品，但未具體說明產品名稱。

2. 健康狀況
    1) 客戶大約每兩年進行一次健康檢查。
    2) 客戶的總膽固醇水平約為兩百三到兩百四，但好的膽固醇在八十以上。
    3) 客戶表示自己高膽固醇且體重偏高，但不吃藥，認為膽固醇高的原因是晚睡。
    4) 客戶以前白頭髮很多，現在顏色比較黑。

3. 職業背景
    1) 客戶目前沒有在上班。
    2) 客戶很少出門，並且每天都在家吃飯。

4. 健康食品使用心得
    1) 客戶曾經使用過納豆紅麴產品，裡面有三十顆，但對其安全性有疑慮，並提到紅麴問題很大。
    2) 客戶提到以前購買過蚓激酶產品，當時價格是二六四零零元，對於再次購買有些猶豫，擔心被先生責備。
    3) 客戶家中有很多未使用的益生菌產品，並提到曾購買過中國漢方的益生菌。
    4) 客戶最近開始吃葉黃素，每次吃兩片。
    5) 客戶認為營養品不應該連續吃，吃完需要休息。
    6) 客戶對西班牙冷榨橄欖油和苦茶油有興趣，但認為苦茶油價格昂貴。
    7) 客戶曾購買幹細胞產品但尚未使用完。
    8) 客戶對於用喝的產品不感興趣，並表示不會想要吃土龍鴕鳥精等產品。

5. 禁忌
    1) 客戶對於購買的精油顏色感到害怕，因此不敢使用，並認為品質不高，決定退貨。
    2) 客戶對某些產品名稱感到害怕，不敢食用。
    3) 客戶不需要面膜產品，並表示不能再購買某些產品，因為需要休息一陣子。
    4) 客戶不喜歡家裡有很多東西，家中有許多未使用的產品，包括益生菌、眼霜、防曬組合等。
    5) 客戶沒有在吃魚油或龜苓膏。",1
21055435,"1. 家庭關係
    1) 客戶提到她住的地方可能很遠，無法定期參與活動。
    2) 客戶提到家樓下有全年超市，購物很方便。

2. 健康狀況
    1) 客戶目前有長斑的情況。
    2) 客戶有便秘的問題。

3. 職業背景
    1) 客戶目前正在上班。

4. 健康食品使用心得
    1) 客戶之前購買過台塑生醫的酵素產品，但表示臺塑的產品對她沒有效果。
    2) 客戶對於東森提供的保健食品不感興趣，表示自己只需要糖和QQ的產品。
    3) 客戶提到她想購買糖和酵素產品。
    4) 客戶表示只需要排便的產品，不需要瘦身產品。

5. 禁忌
    1) 客戶提到她不需要保健食品。
    2) 客戶表示她沒有注意到東森發送的簡訊，對東森的商品不太了解，需要自己上網查看後再決定是否購買。",1
21063826,"1. 家庭關係
    1) 客戶目前與兒子同住，家裡沒有其他人。
    2) 客戶提到她有一個兒子。

2. 健康狀況
    1) 客戶表示自己六十五歲，可能有老花眼的問題，並提到眼睛看東西很模糊。
    2) 客戶今年七月份進行了白內障手術，並計劃找時間去眼科檢查眼睛問題。
    3) 客戶提到自己患有類風濕性關節炎和膝關節問題。
    4) 客戶提到她很多東西都不能吃，並表示不想聽相關推薦。
    5) 客戶提到她懷孕了。

3. 職業背景
    1) 客戶曾從事建築業，但因健康問題目前已無法工作。
    2) 客戶表示以前一天薪水有三千多，現在只有兩千。

4. 健康食品使用心得
    1) 客戶提到她曾購買過葉黃素，但表示吃了之後越吃越痛，三兩天就掛急診，目前尚未吃完，且囤積了很多。
    2) 客戶提到她目前正在服用葉黃素，已經吃了快兩個月。
    3) 客戶提到她買了很多保健食品，但認為效果不佳，目前還有十幾包未吃完。
    4) 客戶提到她之前擁有幹細胞產品，但尚未開始使用，並表示不想再購買。
    5) 客戶提到她買了無汙染的產品。
    6) 客戶表示她晚上吃某些產品不會影響睡眠。
    7) 客戶提到她使用舒酸定牙膏，選擇清涼薄荷口味。

5. 禁忌
    1) 客戶提到她儘量不吃葉黃素。
    2) 客戶提到她不敢在東森購物台購買保養品，並對其評價表示懷疑。",1
21068747,"1. 家庭關係
    1) 客戶的丈夫剛做完白內障手術，之前有心律不正的情況，但通過運動已改善，並建議客戶不要花太多錢在課程上。
    2) 客戶有兩個兒子，分別於1984年和1985年出生，其中一位兒子在大陸，可能會在台中買房子，另一位在新竹有投資房地產。
    3) 客戶的孫女剛滿三歲，已經上小班，週末會去阿嬤家，阿嬤家在南子。
    4) 客戶的妹妹是老師，壓力大，經營旅行社，曾與客戶一起去韓國旅行，並幫忙安排旅行事宜。
    5) 客戶的娘家在台中，過年會回去台中。
    6) 客戶的家靠近捷運站，交通方便，家門口可停放兩到三台車，家附近有動物園和小吃店。

2. 健康狀況
    1) 客戶有肌少症，皮膚較乾且敏感，尤其是眼睛部位容易不適，右臉太陽穴和眼睛周圍皮膚曾感到疼痛，可能與使用水光儀器有關。
    2) 客戶的家中長輩有骨頭關節不適，考慮使用玻尿酸產品；家人有白內障，專員建議出門時戴墨鏡保護眼睛。
    3) 客戶的朋友有肌少症，考慮推薦粒線體保健品給朋友。

3. 職業背景
    1) 客戶白天有在上班，六月是她最忙的時候，平常五點多不方便接電話，因為可能在煮飯。
    2) 客戶參與學校活動並服務二十多年，最近也在做志工活動。
    3) 客戶參與推廣藝術和教育活動的協會，該協會在北中南有會館，舉辦藝術表演和教育活動。

4. 健康食品使用心得
    1) 客戶每天空腹飲用玻尿酸產品，並喝至少200cc的水，覺得效果不錯，特別對頭髮改善有幫助，並與妹妹討論過相關產品。
    2) 客戶有飲用白蘭氏膠原凍、酵素和苦瓜胜肽，並覺得效果不錯，苦瓜胜肽在吃大餐後會加強食用。
    3) 客戶曾使用粉狀膠原蛋白產品，並對某膠原蛋白品牌感興趣。
    4) 客戶有購買粒線體相關產品，家中尚有存貨未使用完，並考慮推薦給朋友。
    5) 客戶有飲用東森自然美保健品，並購買過白藜蘆醇保養品和燕窩產品，部分產品尚未使用完。
    6) 客戶的家人每天吃保健品進行保養，專員建議減少用量。

5. 禁忌
    1) 客戶對印度飲食有顧慮，認為不太適合自己。
    2) 客戶的家人不太敢隨便使用直銷產品，偏好有品牌和認證的產品。
    3) 客戶對侵入性醫美療程感到害怕。
    4) 客戶對於收到的產品不滿意，曾發現產品有異物並導致拉肚子，對此感到擔憂。",1
21069417,"1. 家庭關係
    1) 客戶與先生共同生活，育有兩個女兒，其中一位女兒對她很好，經常支持她的決定。
    2) 客戶的父母健康狀況不佳，父親患有帕金森氏症，母親需要特別照顧，家庭經濟壓力較大。
    3) 客戶的先生曾有酗酒問題，並且家人對她態度不佳，曾試圖用她的房子進行貸款。
    4) 客戶的先生目前在大陸工作，經濟狀況不佳，需定期寄錢回家。
    5) 客戶的家庭有聘請全日看護，月薪約六到七萬台幣。

2. 健康狀況
    1) 客戶有高血壓，血壓範圍在130-140之間，情緒波動時會升高，並有服用降壓藥。
    2) 客戶的身體狀況良好，無更年期症狀，體力充沛，外貌年輕，無白髮和掉髮問題。
    3) 客戶的母親健康狀況有所改善，能夠使用拐杖行走，父親健康狀況因長期照顧母親而惡化。
    4) 客戶的先生有糖尿病、高血壓和脂肪肝問題，需長期服藥和控制飲食。
    5) 客戶的狗狗小板已去世，客戶對此感到非常傷心。

3. 職業背景
    1) 客戶目前工作沒有壓力，對工作感到滿意，並無退休計劃。
    2) 客戶曾從事業務工作十年，對業務操作有一定了解，並曾代表公司參加活動和領獎。
    3) 客戶的工作涉及橄欖油進口和銷售，對橄欖油品質有深入了解，並親自送貨。
    4) 客戶的經濟壓力大，需支付多筆信用卡帳單，並考慮賣股票支付費用。

4. 健康食品使用心得
    1) 客戶每天服用多種保健品，包括幹細胞產品、葉黃素、蚓激酶、橄欖油等，認為對健康有幫助。
    2) 客戶對藍鑽產品效果滿意，認為其效果明顯，對紅寶產品效果一般。
    3) 客戶認為橄欖油對健康有益，已持續飲用十多年。
    4) 客戶對幹細胞產品效果滿意，但對價格感到壓力，考慮減少用量以節省開支。

5. 禁忌
    1) 客戶不喜歡吃牛排和羊肉，對血腥味敏感。
    2) 客戶不喜歡甜食和黏稠的飲品。
    3) 客戶不喜歡參加公司活動或與陌生人拍照，對女性客服和推銷行為感到不滿。
    4) 客戶不喜歡購買昂貴或多件的商品，認為沒有空間存放。
    5) 客戶對於購物台的商品持懷疑態度，並對東森購物的服務感到不滿。",1
21080379,"1. 家庭關係
    1) 客戶與家人同住，家中有四至五人，包括三個女兒和太太。
    2) 客戶的太太有服用幫助代謝的產品，早上喝酵素，晚上吃碗米提。

2. 健康狀況
    1) 客戶有慢性腎病，腎絲球過濾率約為40，需注意腎功能和肝指數。
    2) 客戶有地中海型貧血，紅血球指數偏低，免疫力和白血球指數曾經較低，但目前已恢復正常。
    3) 客戶有糖尿病，血糖波動，需服用降血糖藥物和降膽固醇藥物。
    4) 客戶有輕微白內障，對眼睛健康有關注，並有使用葉黃素產品。
    5) 客戶目前身體狀況逐漸好轉，但仍需注意健康，並每月進行醫療檢查。

3. 職業背景
    1) 客戶已經退休，月個人開銷約為一萬元。

4. 健康食品使用心得
    1) 客戶對氨基酸產品感到滿意，認為其有助於精神和體力，並每天飲用兩瓶，攝取量為每天120毫升。
    2) 客戶對葉黃素產品有興趣，曾購買含有金盞花和枸杞的葉黃素產品，並認為對眼睛健康有幫助。
    3) 客戶對綠蜂膠產品有興趣，並購買了12盒三倍綠蜂膠，認為對視神經修復有幫助。
    4) 客戶對小林制藥的紅麴產品有關注，並對萬壽元蚓激酶產品的來源感到滿意。
    5) 客戶有服用魚油產品，並認為其有助於健康。
    6) 客戶曾購買祛斑產品，效果良好。
    7) 客戶對B群產品有興趣，曾購買六罐。
    8) 客戶對複方產品較為謹慎，偏好單純成分的產品。

5. 禁忌
    1) 客戶不能攝取漢方成分（如人蔘）和益生菌，因可能影響血液循環。
    2) 客戶不能食用菌類產品、某些紅色食物（未明確指出）及過鹹或過甜的食物。
    3) 客戶不能喝酒，並對瀋陽素含量高的產品有不適反應。",1
21083442,"1. 家庭關係
    1) 客戶目前與家人同住，有三個子女，其中兩個兒子住在一起，老大在苗栗上班，老二未提及工作地點。
    2) 客戶的媽媽已過世，父親112歲，需坐輪椅且有骨折情況，半年無法行走。
    3) 客戶的兒子會陪她去醫院，並與她商量家庭事宜。
    4) 客戶的老公有運動習慣，兒子喜歡賽車遊戲，女兒從事醫療相關工作。

2. 健康狀況
    1) 客戶有高血壓、脂肪肝、腸胃發炎、胃潰瘍、腎臟問題、便秘、腸胃吸收不佳等健康問題。
    2) 客戶曾有乳癌病史，開過刀，傷口恢復良好，需定期健康檢查。
    3) 客戶有白內障問題，無需開刀，並有黃斑問題。
    4) 客戶有壓力大、睡眠障礙、免疫力下降、體重控制及新陳代謝變慢等情況。
    5) 客戶有過敏、胃痛、膽固醇偏高、腸胃問題及水腫等健康狀況。

3. 職業背景
    1) 客戶曾在新光醫院工作，後因母親生病而停止工作，目前已退休。
    2) 客戶有投資型保單，每月有固定利息收入，並有20多萬的利息收入。
    3) 客戶曾貸款200萬進行投資，對不動產投資有興趣，偏向台中和高雄地區。

4. 健康食品使用心得
    1) 客戶使用多種保健食品，包括魚油、益生菌、褐藻糖膠、氨基酸、葉黃素等，對部分產品效果滿意。
    2) 客戶認為魚油對排毒和鼻子過敏有幫助，益生菌改善腸胃健康，褐藻糖膠增強免疫力，氨基酸有助於減少水腫。
    3) 客戶對朱董的產品、自然美、善存益生菌等品牌有使用經驗，部分產品效果良好。
    4) 客戶認為葉黃素對眼睛重要，但目前存貨多，暫不購買。

5. 禁忌
    1) 客戶不吃辣、不喝酒、不吃甜食、蛋糕、麵包、紅棗、枸杞葉等，避免刺激性食物。
    2) 客戶需控制飲食，少量多餐，避免吃太多澱粉類食物。
    3) 客戶認為吃太多保健品可能對腎臟不好，醫生建議減少保養品使用。
    4) 客戶對某些產品有過敏反應，並需避免使用膠囊類產品。",1
21085085,"1. 家庭關係
    1) 客戶有兩個孩子，一男一女，分別為十五歲和十二歲。
    2) 客戶的兒子已經搬出去住，並且買了一間房子。
    3) 客戶的女兒四十幾歲，與客戶住在一起。
    4) 客戶家中有一隻十四歲的狗和一隻十三歲的狗。
    5) 客戶的父親住在雲南，妹妹和她的兒子住在其他地方。
    6) 客戶的媳婦有時候會吃葉黃素。

2. 健康狀況
    1) 客戶身體狀況良好，但有膝蓋問題，曾進行過膝蓋修復手術，目前在進行復健。
    2) 客戶的左腳有問題，需小心開車。
    3) 客戶有睡眠問題，晚上睡眠斷斷續續，且不想服用安眠藥。
    4) 客戶的皮膚容易過敏，對含有毛巾敷的產品感興趣。
    5) 客戶的體重約為66至67公斤。
    6) 客戶有在使用白內障的眼藥水。
    7) 客戶曾經做過基因檢測，並每兩年進行一次健康檢查。

3. 職業背景
    1) 客戶提到因職業關係對某些藥物過敏。
    2) 客戶目前行動不便，但其他狀況良好。

4. 健康食品使用心得
    1) 客戶每天吃兩顆保健食品，早晚各一次，並對某些產品的效果表示滿意。
    2) 客戶有在服用活泉精華膠囊、萬壽元、葉黃素等保健品，對其效果表示認可。
    3) 客戶每天空腹飲用一支產品，並每天吃一瓶龜苓膏。
    4) 客戶對褐藻糖膠、多肽類產品、B3產品等保健品有使用經驗。
    5) 客戶對某益生菌產品的效果表示滿意，認為是最有效的。
    6) 客戶對於產品的保存期限和成分有關注，並認為某些產品不需要囤積過多。
    7) 客戶對於不喜歡的產品會選擇退貨。

5. 禁忌
    1) 客戶不吃燕窩，對燕窩產品不感興趣。
    2) 客戶不需要人蔘產品。
    3) 客戶不喜歡藥膳食品。
    4) 客戶不太敢吃麻辣鍋，認為太辣且太油。
    5) 客戶對止痛藥有胃不適反應，因此不常服用。
    6) 客戶的毛小孩年紀大了，不敢隨便換飼料，並且不混合其他產品。",1
21086278,"1. 家庭關係
    1) 家中有其他慢性病患者。
    2) 家人不喜歡每月定期購買健康管理產品的方式。

2. 健康狀況
    1) 客戶60歲，隨著年齡增長，身體機能有所退化。
    2) 客戶有腎臟相關健康問題，醫生建議不能亂吃保健品，並正在使用藥物治療。
    3) 客戶眼睛偶爾會有乾澀情況，但相比去年已有所改善。
    4) 客戶有運動習慣，認為運動有助於改善健康狀況。

3. 職業背景
    1) 客戶曾經是老師，目前已不再從事教職工作。
    2) 客戶目前仍在工作，且工作狀態良好，晚上有工作需要處理。

4. 健康食品使用心得
    1) 客戶有服用B群和魚油作為保健品。
    2) 客戶家中有益生菌和葉黃素，但因為吃不完而浪費。
    3) 客戶上個月購買了華陀的蔬果汁。
    4) 客戶對於營養食品的攝取非常謹慎，並不想一直花錢購買葉黃素。
    5) 客戶可能不會購買推薦產品，因為家中已有很多健康食品，吃不完。

5. 禁忌
    1) 客戶因腎臟健康問題，醫生建議不能亂吃保健品。
    2) 客戶對於健康食品的購買較為謹慎，並不喜歡定期購買健康管理產品的方式。",1
21093311,"1. 家庭關係
    1) 客戶與先生一起居住，並有兩個兒子，其中一位已經開始工作，另一位是大學生。
    2) 客戶有一個一歲多的孫子和一個一歲多的孫女。
    3) 客戶的母親一個人住在中部，身體狀況不錯。
    4) 客戶的父親已經過世。
    5) 客戶平時會和家人一起食用健康食品，並且一年會與家人外出聚餐三到四次。

2. 健康狀況
    1) 客戶目前健康狀況良好，回診指數正常，檢查結果無異常，超音波檢查一切正常。
    2) 客戶正在接受藥物治療，包括化療，並需定期檢查，醫生建議持續五年的藥物治療。
    3) 客戶的代謝力有所改善，肩頸痠痛緩解，精神和體力有所提升。
    4) 客戶的皮膚屬於混合性，臉頰偏乾，鼻子部位會出油，且有乾燥情況，但無過敏或泛紅。
    5) 客戶的眼睛曾有血管破裂，已換過人工水晶體，容易乾澀，醫生建議服用葉黃素改善眼睛狀況。
    6) 客戶有牙齒痛的經歷，但目前已無此問題。

3. 職業背景
    1) 客戶在醫院工作，具有醫學背景。
    2) 客戶曾參加醫學會課程，時間為早上九點到下午一點。

4. 健康食品使用心得
    1) 客戶有飲用粒線體和幹細胞產品，並表示效果不錯，代謝力和體力有所改善。
    2) 客戶每天早晚各服用兩顆幹細胞產品，並搭配飲用玻尿酸產品，對其味道和效果感到滿意。
    3) 客戶有時候會服用葉黃素，通常飯後服用，並對膠囊形式的葉黃素感興趣。
    4) 客戶和家人一起食用葉黃素產品，並曾購買過24盒。
    5) 客戶有服用紅麴產品進行心血管保養，並對品牌來源有關注。
    6) 客戶對於褐藻糖膠和牛樟芝有聽過，了解其健康益處，但未使用過。
    7) 客戶曾購買過玻尿酸產品，對其效果感到滿意，並曾帶至日本使用，認為保濕效果良好。
    8) 客戶對於幹細胞產品的療效和使用方式有興趣，並考慮購買。

5. 禁忌
    1) 客戶因癌症和化療，對某些產品的使用持猶豫態度，擔心影響療效。
    2) 客戶對保健食品與藥物的相互作用感到擔憂，專員建議她在服用藥物後兩小時再飲用粒線體和口服安瓶。",1
21096356,"1. 家庭關係
    1) 客戶提到可能會和母親一起試用購買的保健品。
    2) 客戶的母親曾購買過水狀的保健品，但不喜歡吞藥。

2. 健康狀況
    1) 客戶表示自己沒有三高或慢性病。
    2) 客戶提到她平常有騎車，顯示有一定的活動量。

3. 職業背景
    1) 未提及具體職業背景。

4. 健康食品使用心得
    1) 客戶目前主要購買外面的保健食品，並持續使用其他品牌的保健食品。
    2) 客戶過去常購買葉黃素、橄欖油和顧骨頭的保健食品，並提到家中還有很多類似B群的保健食品，來源是日本。
    3) 客戶目前有在食用PPLS的綠蜂膠葉黃素，且表示自己有時一天吃兩顆，有時吃一顆。
    4) 客戶提到上次購買的保健食品是針對眼睛的產品，但因為買太多了還沒吃完。
    5) 客戶提到她之前購買的葉黃素還沒吃完，且尚未開始食用東森的美白膠囊。
    6) 客戶提到她想購買幫助睡覺的產品以及芝麻明E產品。

5. 禁忌
    1) 客戶的母親不喜歡吞藥，偏好水狀保健品。
    2) 客戶認為某地點太遠，不太可能前往。",1
21099639,"1. 家庭關係
    1) 客戶提到與配偶討論過產品效果，並認為有效。
    2) 客戶表示目前不靠小孩，並提到「不要靠維小孩」。

2. 健康狀況
    1) 客戶提到每天晚上需要起床四次上廁所，使用江守山的益生菌後，情況改善為晚上只需起床兩到三次。
    2) 客戶表示使用益生菌後，腎絲球過濾率從26提升到58，睡眠品質改善，黑眼圈變淡。
    3) 客戶提到最近幾周進行了健康檢查，包括測血糖和血脂。
    4) 客戶提到自己昨天感冒了。
    5) 客戶表示醫生建議不能一次服用過多保健品。

3. 職業背景
    1) 客戶提到目前在外面上班，並非在家裡。
    2) 客戶表示三年之內可能無法參與投資專案或理財活動。

4. 健康食品使用心得
    1) 客戶曾購買過黃金土龍鴕鳥龜鹿精，並表示效果不錯，夜間起床次數從兩三次減少到一次。
    2) 客戶提到每天服用黃金土龍鴕鳥龜鹿精三顆，導致原本預計可使用八個月的量在兩三個月內吃完。
    3) 客戶提到服用某些保健食品以緩解背部痠痛，效果需要時間顯現。
    4) 客戶表示已購買保健食品，但尚未食用，並提到剛買回來。
    5) 客戶提到目前開始服用葉黃素。
    6) 客戶表示會先訂一組B群產品試吃看看。
    7) 客戶提到納豆血是日本的產品。
    8) 客戶提到之前購買的黃金土龍鴕鳥龜鹿精還沒吃完，會先吃完再考慮購買新的產品。

5. 禁忌
    1) 客戶表示目前沒有食用其他保健食品，因為擔心影響檢查結果。
    2) 客戶提到剛開始服用某產品，但表示不能購買太多。
    3) 客戶表示不會同時服用太多種類的保健食品。
    4) 客戶表示如果買一樣的東西回去會被念，因此選擇不購買。",1
21103805,"1. 家庭關係
    1) 客戶有一位九十多歲的先生，兩個兒子和一個女兒，還有孫子和孫女。
    2) 客戶的兒子在台灣擔任電子公司主管，另一個兒子在美國，孫子分別五歲和十五歲，孫女在法國學習服裝設計。
    3) 客戶的女兒住在台北，從事藝術相關活動，並且吃素。她的女兒曾介紹專業人士幫助客戶。
    4) 客戶的媳婦四十歲左右，已婚二十年，兒子和媳婦計劃去美國。
    5) 客戶的家人每年會點光明燈和安太歲，並且家中有老人需要照顧。

2. 健康狀況
    1) 客戶有心臟問題，心跳會加速，醫生建議詳細檢查，並每天服用心臟保養藥。
    2) 客戶曾經腰椎開過刀，並有脂肪肝問題，醫生建議半年後再做超音波檢查。
    3) 客戶有白內障和眼睛疲勞等問題，曾服用葉黃素和魚油，感覺眼睛酸澀乾澀有所改善。
    4) 客戶有糖尿病，傷口癒合較慢，並且有時候會感到抽痛。
    5) 客戶的血壓正常，沒有三高問題，保持良好的運動習慣。
    6) 客戶每天喝超過三千cc的水，並且不吃糖、少吃肉和油炸食物，青菜多川燙後食用。

3. 職業背景
    1) 客戶曾在電子廠擔任品管工作，並提到她的組長是外省人。
    2) 客戶提到她以前是蘭蔻的小姐，對蘭蔻產品有長期使用經驗。

4. 健康食品使用心得
    1) 客戶對葉黃素、魚油、褐藻糖膠等健康食品有使用經驗，並認為部分產品對健康有幫助。
    2) 客戶對健康食品的品質和效果持謹慎態度，會根據醫生建議選擇性使用。
    3) 客戶每天服用維他命、牛樟芝等保健品，並對其效果表示滿意。
    4) 客戶對果凍形式的葉黃素產品感興趣，認為攜帶方便且適合外出使用。

5. 禁忌
    1) 客戶不吃牛肉、甜食和涼的食物，並且不喜歡油炸和辣的食物。
    2) 客戶不敢隨便購買健康食品，擔心品質問題，並且醫生建議不要隨便食用健康食品。
    3) 客戶不喜歡購物台的藥品，並對某些代言人和廣告持懷疑態度。
    4) 客戶不使用安眠藥，也不敢喝基金類產品如滴雞精和白蘭氏。
    5) 客戶不喜歡穿貼身衣物，偏好寬鬆的衣服。",1
21110519,"1. 家庭關係
    1) 客戶目前與兒子同住。
    2) 客戶的女兒曾幫她購買葉黃素及芝麻相關產品。
    3) 客戶的兒子不吃牛肉。
    4) 客戶養了一隻狗，狗不吃飼料，需要自己準備食物。

2. 健康狀況
    1) 客戶提到她平常一天只吃一包健康食品，若感冒或咳嗽會改為一天兩包。
    2) 客戶表示她一天會泡兩包產品來飲用。

3. 職業背景
    1) 客戶目前在公司工作。
    2) 客戶曾在東森購買面膜，使用效果還可以。

4. 健康食品使用心得
    1) 客戶曾購買過燕窩，並認為大罐燕窩不好，偏好小罐燕窩，並已確認購買四盒共二十八瓶。
    2) 客戶表示她已收到燕窩產品及小禮物，並表示感謝。
    3) 客戶曾購買日本A5和牛，並表示其品質很好。
    4) 客戶早餐通常只吃饅頭。

5. 禁忌
    1) 客戶的兒子不吃牛肉。
    2) 客戶的狗不吃飼料。",1
21110938,"1. 家庭關係
    1) 客戶的父親去年過世，母親目前需要照顧，母親曾中風且行動不便，患有蜂窩性組織炎，需定期看醫生。
    2) 客戶有一個女兒，女兒工作繁忙，無法幫忙整理物品。
    3) 客戶提到孫子參加運動會，並在家務農。
    4) 客戶的女婿會製作優格，但偶爾會忘記製作。
    5) 客戶提到她和老公的收入未完全用於她的需求。
    6) 客戶有一個房子在農村地區，並提到家中龍潭的漏水問題尚未完全修復。

2. 健康狀況
    1) 客戶快七十歲，記憶力有所下降，低密度膽固醇偏高，需定期檢查。
    2) 客戶最近子宮有些問題，並提到前幾天撞到頭部影響聽力。
    3) 客戶的母親九十幾歲，患有肌少症，但身體檢查結果良好，血糖狀況正常。
    4) 客戶的皮膚狀況不佳，眼睛四周容易乾燥，使用某些保養品後眼睛會紅。
    5) 客戶身材剛剛好，體重五十公斤，認為不需要減肥。
    6) 客戶不喝咖啡，因為會導致睡不著，且醫生建議儘量少喝。

3. 職業背景
    1) 客戶曾參與志工活動，並進行了兩天的志工服務。
    2) 客戶表示她目前很忙，常常在外面處理家務事或陪伴母親。

4. 健康食品使用心得
    1) 客戶曾購買益生菌，但因訂購量過多導致吃不完，目前主要透過吃優格來維持排便順暢。
    2) 客戶曾購買日本的玻尿酸產品和健康食品，但未使用且全部丟掉，認為天然食物更好。
    3) 客戶表示她不吃保健食品，認為是浪費錢，並提到健康食品吃到肚子的東西都不要。

5. 禁忌
    1) 客戶不使用香水，因為曾因香水味道過重感到不適。
    2) 客戶不喝咖啡，因為會導致睡不著。
    3) 客戶不吃東森購物的牛肉麵，認為味道不好。
    4) 客戶不再購買化妝品，並表示化妝品很多且有些已過期。",1
21112443,"1. 家庭關係
    1) 客戶提到她的兒子今年三十歲，收入高。
    2) 客戶提到她的女兒可能會接手她的客戶，形成一條龍服務。
    3) 客戶提到她和她的老公可能會一起參加活動，但最終決定取消參加。

2. 健康狀況
    1) 客戶提到她做過腸胃相關的醫療檢查。
    2) 客戶提到她的臉在喝某產品第三天後出現紅腫過敏現象，懷疑是過敏反應或好轉現象。

3. 職業背景
    1) 客戶提到她從事保險業。
    2) 客戶提到南山有出每個月領的保險方案，並表示可以用領回來的錢進行規劃。
    3) 客戶提到保單每月可以領40美金，一年可領480美金。

4. 健康食品使用心得
    1) 客戶表示每天早上空腹服用保健食品，並搭配喝水。
    2) 客戶提到她之前有購買魚油產品，價格約五千多塊，目前魚油還沒喝完，因此暫時不考慮購買新的魚油產品。
    3) 客戶提到她曾在MOMO平台上看到有一罐免費試用的產品。
    4) 客戶詢問倍富邦產品是否仍可使用。
    5) 客戶提到鹿胎盤相關產品。

5. 禁忌
    1) 客戶表示希望訂購效期較長的商品，並對即期品有所顧慮。
    2) 客戶提到家裡目前還有很多東西需要吃，因此暫時不考慮購買新的產品。
    3) 客戶表示她對折扣金額及商品價格進行比較，並曾使用東森幣進行折扣。
    4) 客戶提到她的女兒有購買多件商品，但不確定是否為真品。
    5) 客戶表示以後如果產品不錯會再購買。",1
21117580,"1. 家庭關係
    1) 客戶家中養了一隻狗，寵物的飲食量較少，飼料經常吃不完。
    2) 客戶提到要將產品送到屏東的家人。
    3) 客戶考慮購買枕頭給老公使用。

2. 健康狀況
    1) 客戶表示自己很累，並提到有很多保健品尚未吃完。
    2) 客戶不需要慢性處方簽藥物，並不定期進行健康檢查。
    3) 客戶對再生醫學產品有興趣，了解幹細胞產品的修復功能。
    4) 客戶已經吃了很多清血管的產品，目前還有未吃完的葉黃素、高鼓勵及其他保健品。

3. 職業背景
    1) 客戶提到她的同事曾在公司購買過掛式衛生紙。
    2) 客戶目前工作繁忙，要求改天再聯繫。

4. 健康食品使用心得
    1) 客戶曾購買過幹細胞產品、褐藻糖膠、挺立鈣強力錠、清血管產品、葉黃素、高鼓勵、萬歲牌有機燕麥、萬歲牌堅果、干貝醬、口福烏魚子等，部分產品尚未食用完畢。
    2) 客戶對萬歲牌有機燕麥產品表示滿意，並對幹細胞產品的修復功能有一定了解。
    3) 客戶對頂級產品有偏好，不願意使用品質不佳的產品。
    4) 客戶對於專員推薦的產品如平安米、澎湃組、膠原蛋白飲、安瓶產品等表示不需要。
    5) 客戶決定購買韓國原裝進口的活力五味子精粹產品，並同意月底出貨六合一產品。

5. 禁忌
    1) 客戶提到不可以吃某種產品，可能因為有飲食禁忌。
    2) 客戶對於年菜產品、石墨烯褲子、瑞士進口的小藍膠囊等產品表示不需要。",1
21119128,"1. 家庭關係
    1) 客戶有孩子，孩子會給她零用錢並支持她出國旅遊。
    2) 客戶的女婿36歲，從事電腦工程師工作。
    3) 客戶的兒子和女兒建議她不要囤積貨物。
    4) 客戶的父親因工作過於勞累而患有肝硬化，母親腎臟功能較弱，曾有尿蛋白問題。
    5) 客戶的哥哥有肝硬化的健康問題。
    6) 客戶和兄弟姐妹中有共同的腸胃道相關健康問題。

2. 健康狀況
    1) 客戶有腎結石問題，曾進行過手術，目前已改善，但左腎仍有異常。
    2) 客戶有血尿、骨頭和關節不適的情況，並曾因發高燒就醫。
    3) 客戶有胃潰瘍，正在保養中。
    4) 客戶早上感覺不舒服，左胳膊有提及不適。
    5) 客戶注重健康，對腎臟較弱的家族病史感到擔憂。

3. 職業背景
    1) 客戶目前在辦公室工作，最近工作繁忙，經常加班，甚至忘記一些事情。
    2) 客戶提到消防員的工作需要體能訓練且有危險性，並提到消防員的退休年齡及退休後的選擇。

4. 健康食品使用心得
    1) 客戶有服用益生菌、葉黃素、B群、燕窩、龜鹿膠及益氣養神膏等保健食品，但不每天服用，通常在疲勞時或飯前服用。
    2) 客戶曾購買過華陀品牌的燕窩，近期又購買了兩組燕窩產品。
    3) 客戶對補鈣產品有興趣，並決定試用龜鹿二仙膠。
    4) 客戶注重B群的使用，認為有助於全身美白。
    5) 客戶曾嘗試日本仁丹的益生菌產品，但未成功，目前改用其他日本品牌的益生菌。
    6) 客戶喜歡天然食品，如風乾無花果，並表示喜歡吃天然的東西。

5. 禁忌
    1) 客戶對海藻和玫瑰精油類產品過敏，使用後會導致臉部刺痛和紅腫。
    2) 客戶的保養品幾乎都是限定的，不能含有花香類或精油類成分。
    3) 客戶不吃鳳梨酥，對幹細胞產品不感興趣，認為價格昂貴且無效。",1
21121955,"1. 家庭關係
    1) 客戶有一個女兒，女兒有兩個女兒，最小的孫女目前上幼兒園。
    2) 客戶的兒子住在南部，曾在紐約大學就讀，目前在泰國的有線電視公司工作，負責翻譯工作。
    3) 客戶的兒媳婦計劃四月份去韓國旅行。
    4) 客戶的先生已過世，名下有房子，已過戶給兒子。
    5) 客戶的公公曾中風並需要照顧兩年，使用過鼻胃管。
    6) 客戶的孫女三歲，曾感冒和腸胃炎，平時服用益生菌。

2. 健康狀況
    1) 客戶有心臟病、心臟破洞、心悸、氣胸、肺氣腫、青光眼、胃食道逆流、五十肩、脊椎側彎、肌少症、腎臟水泡等健康問題。
    2) 客戶有鼻子過敏，早上起來會打噴嚏，眼睛容易紅，眼壓高，需使用眼藥水並定期看眼科。
    3) 客戶有腸胃吸收不良、腹瀉、抽筋、腳踝痛、肩胛骨痠痛等症狀，並提到自己身材瘦小，肌肉量少。
    4) 客戶有睡眠問題，晚上容易醒來，偶爾會抽筋，並提到生活作息不規律。
    5) 客戶曾摔倒三次但未傷及骨頭，並有時候會忘記吃藥。
    6) 客戶對心臟、肺部、肝臟和腸胃的健康檢查有興趣，並定期進行復健。

3. 職業背景
    1) 客戶已退休，曾在公司購買年節禮品，現在不再有此便利。
    2) 客戶的兒子和女兒都有自己的房子，且不與她同住。

4. 健康食品使用心得
    1) 客戶曾購買過多種健康食品，包括紅色盒子產品、鴕鳥精、信仁飲、膠囊產品、鹿角鈣、膠原蛋白、玻尿酸、杏仁粉等，對部分產品效果持懷疑態度。
    2) 客戶喜歡杏仁粉，認為其適合當早餐且較天然，並願意加購。
    3) 客戶對華陀產品有好評，但對胎盤素和含荷爾蒙的產品持保留態度。
    4) 客戶對於健康食品的補充興趣不大，認為正常飲食即可。

5. 禁忌
    1) 客戶有乳糖不耐症，不能喝乳製品，會導致拉肚子。
    2) 客戶對香水和幹細胞產品過敏，對某些食品味道太重的產品不喜歡。
    3) 客戶不喜歡喝黑咖啡，因為會拉肚子，且不愛吃堅果類食物。
    4) 客戶對於開刀持謹慎態度，擔心風險和後遺症。
    5) 客戶不喜歡按摩和敷面膜，對直銷產品持保留態度。",1
21122869,"1. 家庭關係
    1) 客戶有一個女兒和一個兒子，女兒目前定居台灣，經常從美國購買保健品如葉黃素和磷蝦油給她，並會幫忙連接網絡。
    2) 客戶的兒子皮膚敏感，尚未使用她提供的產品。
    3) 客戶有一個五歲的孫女和一個兩歲的孫子。
    4) 客戶的女兒和女婿使用加大的床，女兒未來可能會在宜蘭買房子，並想住在海邊。

2. 健康狀況
    1) 客戶65歲，髖關節疼痛，走路時感到不適，肩膀有裂傷需要開刀，過去因工作原因導致肩膀疼痛至今仍有不適。
    2) 客戶表示自己很少吃藥，偏好自然的保養方式，並不喜歡人參的味道。
    3) 客戶每天喝水，但對於吃的保健食品不感興趣，認為某些營養品效果不明顯。

3. 職業背景
    1) 客戶目前沒有工作，經濟狀況不佳，感到有壓力，但提到每天上班，可能是幫忙接送小孩。
    2) 客戶曾在餐廳工作，工作時間從中午三點到半夜兩點，並提到每天加班，工作繁忙。

4. 健康食品使用心得
    1) 客戶使用過蜂膠產品，但覺得效果不明顯，對粒線體產品和石墨烯產品的效果不滿意。
    2) 客戶有存貨五六箱保健品，並不需要再購買，且女兒已經購買了很多保健品給她。
    3) 客戶購買過葉至歲產品兩箱，並提到上次購買的產品有補水效果和九香味，喝了一箱還有剩餘。
    4) 客戶收到過綠蜂膠產品，並曾幫他人購買過洗髮精和膠囊。
    5) 客戶對於臺大幹細胞產品和粒線體產品的價格感到太貴，無法購買。

5. 禁忌
    1) 客戶不喜歡人參的味道，從未使用過相關產品。
    2) 客戶表示不在意肚子小腹的問題。",1
21123009,"1. 家庭關係
    1) 客戶家中有小朋友，但小朋友不喜歡喝鱸魚精，認為腥味太重。

2. 健康狀況
    1) 客戶目前眼睛狀況良好，沒有乾痠澀或缺水的問題。
    2) 客戶提到膝蓋關節有不適的情況。

3. 職業背景
    1) 未提及具體職業背景。

4. 健康食品使用心得
    1) 客戶曾購買粒線體產品共十盒，但未明確表示是否已使用。
    2) 客戶曾訂購再生安瓶，但最近未使用，家中還剩五六盒，且之前使用時感覺效果不明顯。
    3) 客戶有購買南瓜籽保健品，並計劃使用折扣券購買更多。
    4) 客戶提到會先試吃葉黃素，等有結果再考慮是否需要更多。
    5) 客戶認為鱸魚精腥味太重，家中小朋友不願意飲用。
    6) 客戶曾於二月份訂購玻尿酸產品，共購買兩組十盒。
    7) 客戶平常較少補充魚油，並詢問哪一個品牌的磷蝦油較好。
    8) 客戶平常沒有食用益生菌。
    9) 客戶曾購買深海角鯊烯膠囊。

5. 禁忌
    1) 客戶對鱸魚精的腥味較為敏感，家中小朋友也不願意飲用。",1
21126640,"1. 家庭關係
    1) 客戶有一位女兒，女兒表示不需要按摩機。
    2) 客戶提到家中有養寵物。

2. 健康狀況
    1) 客戶的手因摔傷骨折，目前正在家中休養。
    2) 客戶的父親有排便困難的問題，客戶詢問是否可以通過益生菌改善。

3. 職業背景
    1) 客戶目前正在上班，工作時間到晚上九點結束。
    2) 客戶大部分時間待在家裡，但偶爾會去餐廳吃飯。

4. 健康食品使用心得
    1) 客戶很少吃維他命C，去年購買的兩箱維生素C目前尚未用完。
    2) 客戶最近訂購了一家人益生菌和芒果乾，對益生菌有興趣但尚未嘗試過，對其效果不確定。
    3) 客戶表示如果有需要會再加購益生菌，但不需要其他保健品或美容保養品。

5. 禁忌
    1) 客戶不想購買過多的產品，也不想支付過多的額外費用。
    2) 客戶偏好抽取式廚房紙巾，不喜歡滾筒式的。",1
21127680,"1. 家庭關係
    1) 客戶與家人同住，每天都會聚會。
    2) 客戶有兩個兒子、兩個媳婦和一個孫女，兒子有養寵物，孫女會幫忙使用網路購物。
    3) 客戶的母親年齡約97歲，主要住在南部，但需要搬到台北居住，並需要長照服務。
    4) 客戶的先生79歲，身體狀況一般，但有健康問題。
    5) 客戶的外孫女的父親患有大腸癌第三期，外孫女的先生在新竹科技公司工作。
    6) 客戶的第二個孩子是通過試管嬰兒技術誕生的。

2. 健康狀況
    1) 客戶有心臟功能問題、氣管不好、脂肪肝（中度）、高膽固醇、甲狀腺問題、胃腸問題、代謝不佳、腎功能較差，曾開過兩次刀。
    2) 客戶的糖化血色素為6.2，未服用血糖藥物，醫生建議避免加工食品。
    3) 客戶有癌症，曾接種新冠疫苗，對多種藥物過敏，需量身定制治療方案。
    4) 客戶的先生有心血管問題、膝蓋問題、鼻竇炎、牙周病、肌少症，曾因腦部血管血塊住院，醫生建議裝支架但未進行手術。
    5) 客戶的母親腎功能指數有所改善，但需定期抽血檢查。
    6) 客戶的家人中有一人患有結腸癌第三期，已轉移至肝臟，正在接受標靶治療。
    7) 客戶的家人有高血壓、肌少症，走路時感到晃動，抗拒服用藥物但願意補充營養品。

3. 職業背景
    1) 客戶已經退休，過去24年為東森的忠實會員。
    2) 客戶提到自己在教會活動，週六整天都在教會，平日較有空。

4. 健康食品使用心得
    1) 客戶有使用香檳茸、益生菌、葉黃素、椰子油膠囊、甘味人蔘、氨基酸等保健食品，對香檳茸的抗發炎效果和金黃色保健食品的效果感到滿意。
    2) 客戶曾購買過葡萄王益生菌、華陀果凍產品、萬歲牌堅果飲、德國營養液等，對部分產品效果滿意，但有時會忘記服用。
    3) 客戶對於慢性疾病管理、營養保健品補充和健康講座有興趣，對講座的內容和安排表示滿意。

5. 禁忌
    1) 客戶不吃素、不喜歡吃肉，尤其是雞排，並避免麵包、飯和三明治。
    2) 客戶對多種藥物過敏，醫生建議避免加工食品。
    3) 客戶的先生不喜歡吃海藻類產品，並因牙周病不吃生食。
    4) 客戶不喜歡分期付款，並表示分期已經太多。",1
21132102,"1. 家庭關係
    1) 客戶的兒子最近結婚，並且在上週舉行了婚禮，兒子是基督教徒，結婚需經過教會程序。
    2) 客戶的女兒是家庭主婦，住在附近，兩三天就會見面，目前與丈夫及其他家庭成員在冰島旅行。
    3) 客戶的老公住在板橋，對花錢較為謹慎，客戶不喜歡專員打家裡的電話，因為老公在家。
    4) 客戶的媽媽體重約50公斤，身高一百六十幾公分，血液循環不好，半夜會起來上廁所。
    5) 客戶的孫子在家裡做功課，兒媳婦和小孩最近回來，客戶有幫忙帶孫子。

2. 健康狀況
    1) 客戶有高血壓，並領取慢性處方簽，曾做過大腸鏡檢查並打過麻藥，但對麻藥過敏，會有不適感。
    2) 客戶提到自己有白內障，已更換兩支水晶球，並急需葉黃素來保護眼睛。
    3) 客戶提到自己目前骨骼僵硬，肚子變大，體重增加，穿不下M號衣服。
    4) 客戶提到攝護腺目前沒什麼問題，對心臟健康特別關注，並希望加強心電圖和電腦斷層檢查。
    5) 客戶上週確診，認為與免疫力有關，並提到自己有在保護。
    6) 客戶對慢性病預防、關節健康和女性健康有興趣。

3. 職業背景
    1) 客戶目前沒有在上班，平時在家看電視追劇。
    2) 客戶的房子是五年前買的預售屋，認為目前房地產市場不好，房價沒有上升。

4. 健康食品使用心得
    1) 客戶提到葉黃素是游離型的，可以飯前或飯後食用，並表示效果不錯。
    2) 客戶曾使用過龜鹿二仙膠、印加果油、褐藻糖膠囊等產品，對某些產品效果表示懷疑，並認為保健食品不一定適合每個人。
    3) 客戶提到消腫產品效果不錯，對代謝功能的禮盒感興趣。
    4) 客戶目前有很多保健品存貨，部分過期，並表示不想再購買新產品，會先吃完現有的。

5. 禁忌
    1) 客戶不吃牛肉，家中大部分人吃素。
    2) 客戶對麻藥過敏，使用後會有不適感。
    3) 客戶對石墨烯內褲、石墨烯背心等產品不感興趣，家人也不喜歡穿石墨烯內褲。
    4) 客戶對於購物台提供的產品種類有限感到不滿，並對瘦身產品效果表示懷疑。",1
21133258,"1. 家庭關係
    1) 未提及具體家庭成員或關係。

2. 健康狀況
    1) 客戶表示最近有便秘問題，希望改善腸道健康。
    2) 客戶提到手部疼痛。
    3) 客戶曾經打過玻尿酸，並表示五年內不再進行相關療程。
    4) 客戶目前服用葉黃素、鈣片及酵素產品，並計劃三個月後補充葉黃素。
    5) 客戶認為益生菌效果不佳，且用途不大。
    6) 客戶表示果凍產品味道不錯，但排便效果尚不明顯。
    7) 客戶提到她很怕酸臭味，對產品味道有顧慮。

3. 職業背景
    1) 未提及具體職業背景，但客戶提到她常透過東森購物平台購買商品，並關注網路及廣告信息。

4. 健康食品使用心得
    1) 客戶表示她不喜歡吃保健食品，且對健康食品興趣不大。
    2) 客戶曾購買幹細胞產品，但因味道不喜歡而停止使用。
    3) 客戶認為益生菌效果不佳，且長期服用健胃保健食品效果會減弱。
    4) 客戶曾購買美國保健品，改為早晚各服用一顆，效果比一天一顆更好。
    5) 客戶表示果凍產品有助於阻斷糖和澱粉吸收，效果不錯，但價格過高。
    6) 客戶提到葉黃素早餐飯後服用效果較好，但上次購買的葉黃素效果不佳。
    7) 客戶表示她很少吃保健食品，並認為目前吃的產品種類太多。

5. 禁忌
    1) 客戶不喜歡味道偏重的膠囊產品及中藥味的幹細胞產品。
    2) 客戶拒絕使用瓶瓶罐罐的化妝水或精華液，偏好簡單的保濕產品。
    3) 客戶不喜歡喝的保健品，因味道不佳而拒絕再嘗試。
    4) 客戶擔心白天使用某些產品可能因曬太陽而受到影響。",1
21137342,"1. 家庭關係
    1) 未提及具體家庭關係。

2. 健康狀況
    1) 未提及具體健康狀況。

3. 職業背景
    1) 客戶提到自己比較忙，可能仍有工作或其他需要處理的事務。

4. 健康食品使用心得
    1) 未提及健康食品使用心得。

5. 禁忌
    1) 未提及具體禁忌。",1
21145020,"1. 家庭關係
    1) 客戶有一位丈夫，兩人對飲食和生活用品有不同的偏好，丈夫年紀較大且有三高問題。
    2) 客戶有兩個女兒，其中一位在日本工作，從事照顧老人的工作，另一位女兒也在日本讀書。女兒們有時會便秘，客戶推薦她們使用益生菌，並幫忙寄送物品。
    3) 客戶的兒子有雄性禿問題，經常花錢，讓客戶對其理財觀念感到擔憂。
    4) 客戶的父母已過世，家庭曾因財產分配有爭議，最終決定共同持有遺產。
    5) 客戶的姐姐曾因白內障手術出現併發症，並且有乾燥和不適的問題。
    6) 客戶的小姑住在加拿大，並邀請她去加拿大過聖誕節。
    7) 客戶的娘家姐姐已退休，經常旅遊。

2. 健康狀況
    1) 客戶有高血壓、糖尿病、脂肪肝（從重度改善為輕度）、神經痛、膝蓋問題、耳鳴、掉髮、頭皮發炎、氣血不足、頻尿、便秘、頭暈頭痛等健康問題。
    2) 客戶的睡眠狀況不佳，經常晚睡且有夜間頻尿問題。
    3) 客戶的體重曾減少10公斤，但臉部凹陷，力氣變小，無法騎摩托車。
    4) 客戶的老公有腸胃不適，對看醫生有抗拒心理，並有三高問題。
    5) 客戶的女兒體重過重，可能影響膝蓋健康，並有皮膚問題。

3. 職業背景
    1) 客戶是一名家庭主婦，偶爾幫朋友處理瑣事。
    2) 客戶曾經玩過股票，但目前不敢動用資金，並集中資金用於房屋整修。
    3) 客戶的朋友是國泰人壽的保險業務員，兩人認識約30年。

4. 健康食品使用心得
    1) 客戶使用過膠原蛋白粉、益生菌、幹細胞、氨基酸、代餐等健康食品，對部分產品效果持懷疑態度，特別是瘦身產品。
    2) 客戶認為益生菌對排便有幫助，但有時會引起肚子不適，考慮減少用量。
    3) 客戶對於食品成分要求單純且安全，對魚腥味產品不喜歡，偏好雞精。
    4) 客戶對於代餐產品的飽足感不滿意，並停止使用，改為食用幹細胞和氨基酸。
    5) 客戶對於健康食品的使用有時會忘記拆封或記不住名稱，但對產品效果有一定要求。

5. 禁忌
    1) 客戶不吃魚腥味重的產品，對麵類和澱粉類食物有過敏疑慮，避免食用。
    2) 客戶不使用防曬產品，認為會讓皮膚無法呼吸。
    3) 客戶對名人代言的產品、便宜旅行團和購物台的旅遊團持懷疑態度。
    4) 客戶不喜歡韓國品牌，尤其是LG產品。
    5) 客戶對人工智慧持負面看法，對網路安全有顧慮，不點擊不熟悉的連結。",1
21147977,"1. 家庭關係
    1) 客戶有一位老公，老公有糖尿病、腎臟問題（腎功能分數約六十幾分），家族有結石體質，且不願改變不健康的飲食習慣，喜歡吃澱粉類食物，偶爾會吃素，性格有些大男人主義，脾氣有時不好。
    2) 客戶有一個兒子，收入高，年薪達百萬，從事與某些產品相關的工作，並有投資ETF。
    3) 客戶有一個女兒，帶小孩，收入約三萬多元，身材較重，胸部較大，購買內衣時不易找到合適的。
    4) 客戶有一個孫子，排便正常，但有時會不小心丟東西到她頭上。
    5) 客戶的婆婆學佛，公公曾經進行菌種恢復治療。
    6) 客戶的兄弟姐妹曾讓她感到煩惱，但她現在已經想開了。

2. 健康狀況
    1) 客戶健康狀況良好，醫生表示她非常健康，無慢性病，但有高血壓、膽固醇問題、支氣管炎、腸胃炎、脹氣、白內障、老人斑、斑點困擾、白頭髮、霉菌感染（需定期冷凍治療），以及曾經確診過。
    2) 客戶有重大傷病卡，曾發生車禍導致腰椎可能受傷，腳踝有水腫，且有過敏性肌膚，對香精過敏。
    3) 客戶每天喝1500cc的水，但流汗不多，醫生建議多運動以改善水腫。
    4) 客戶的眼睛曾經有病變，經治療後情況好轉。
    5) 客戶每年進行乳癌檢查，並考慮進行無痛胃部檢查。
    6) 客戶曾服用荷爾蒙藥物，導致身體出現斑點，並對醫美花費感到不滿。

3. 職業背景
    1) 客戶曾經是美容師，對保養品和健康食品有一定了解。
    2) 客戶的兒子收入高，從事與產品相關的工作，並有投資經驗。

4. 健康食品使用心得
    1) 客戶曾購買多種健康食品，包括白蘭氏產品、氨基酸、益生菌、香檳茸、葉黃素、沙棘果油、膠原蛋白、亞培安素、苦瓜胜肽等，對部分產品效果滿意，但對某些產品如果凍、膠囊類、便宜果油、泰國產品等效果不滿意。
    2) 客戶對沙棘果油和某些產品效果感到驚訝，認為其效果很好。
    3) 客戶不喜歡吞膠囊類產品，對於高價保養品有一定期待，但對部分高價產品效果不滿意。
    4) 客戶習慣飯後服用保健食品，避免空腹服用導致不適。

5. 禁忌
    1) 客戶不吃食用色素的產品，醫生建議她不要吃含激素的東西。
    2) 客戶不喜歡化妝品，並希望退掉效果不佳的產品。
    3) 客戶對減肥產品不感興趣，並表示不會購買。
    4) 客戶不吃泡麵，但最近一週吃了五盒，導致水腫。",1
21150228,"1. 家庭關係
    1) 未提及相關資訊。

2. 健康狀況
    1) 未提及相關資訊。

3. 職業背景
    1) 未提及相關資訊。

4. 健康食品使用心得
    1) 未提及相關資訊。

5. 禁忌
    1) 客戶目前對購物活動沒有興趣。",1
21151313,"1. 家庭關係
    1) 客戶目前一個人居住。
    2) 客戶的女兒在台北上班，住在靠近馬路旁邊的地方，方便上下班。
    3) 客戶偶爾會去台北探望女兒，但因女兒住處較小，住在女兒那裡的次數較少。

2. 健康狀況
    1) 客戶有敷臉和使用肌膚保養品的習慣。
    2) 客戶目前不需要購買眼睛保健相關產品。

3. 職業背景
    1) 未提及具體職業背景。

4. 健康食品使用心得
    1) 客戶表示對保健產品興趣不大，但提到如果有魚油產品，會考慮看看。

5. 禁忌
    1) 客戶偏好使用較厚的衛生紙。
    2) 客戶目前沒有特別想要購買的商品。",1
21151861,"1. 家庭關係
    1) 客戶有兩個兒子，其中一個在投資顧問管理公司工作，另一個在讀書，且有固定的投資需求和交往對象。
    2) 客戶的老公有時會幫她帶東西到南部，並有健康問題，平時有運動保持身材。
    3) 客戶的媽媽年紀大了，有骨質疏鬆、行動不便，需依賴拐杖或輪椅，且有重聽問題，胃口較小，手部有問題，需由客戶的妹妹照顧。
    4) 客戶的父親曾經洗腎，腎功能不佳，且有多種疾病。
    5) 客戶的婆婆最近跌倒。
    6) 客戶的兒子有過敏問題和脂肪肝，性格敏感，喜歡獨立，對她的評論反應強烈。
    7) 客戶提到她的兒子和老公曾經食用牛樟芝，但後來停止。
    8) 客戶的兒子對她的哥哥不再像以前那麼尊重。
    9) 客戶的媽媽幫忙帶過小孩。

2. 健康狀況
    1) 客戶有高血壓，需每天服用降血壓藥物，早上服藥後需等一到兩小時才能進食，有時會忘記服用。
    2) 客戶曾患有癌症，並有過敏性體質，尤其胸部有過敏反應。
    3) 客戶曾有支氣管炎問題，經中醫調理後有所改善。
    4) 客戶提到自己以前常感冒，且感冒後需長時間治療。
    5) 客戶的骨密度較高，導致體重看起來比實際體型重。
    6) 客戶的脂肪主要堆積在腹部和手臂，曾因運動量減少體重增加15公斤，後來透過某些產品減輕體重。

3. 職業背景
    1) 客戶曾經在板橋工作，需通勤一小時。
    2) 客戶提到她以前有一個同事很會找投資機會。
    3) 客戶的朋友因她的影響改變了生活方式，並曾在榮總當志工及安寧病房工作。

4. 健康食品使用心得
    1) 客戶對薑黃產品感到滿意，並有服用橄欖油、益生菌、激活安瓶、日本保健食品等，認為對排便和健康有幫助。
    2) 客戶曾購買過葉黃素、田里的三六五、華陀膠囊、外面體保健品等，對部分產品效果滿意。
    3) 客戶對於高價值產品的效果和成分非常關注，對於重複成分的產品不感興趣。
    4) 客戶對於直銷產品和電視廣告產品持謹慎態度，認為產品價值應與價格對等。
    5) 客戶對石墨烯產品有興趣，但對其效果持懷疑態度。

5. 禁忌
    1) 客戶對中國製產品和價格過高的產品不感興趣，對於不需要的產品推銷感到反感。
    2) 客戶對於減肥產品和氨基酸產品持謹慎態度，曾因氨基酸產品的效果不佳而不再嘗試。
    3) 客戶不會參加活動或見面會，也不會輕易推薦產品給朋友。
    4) 客戶不喜歡別人在她講話時插話，認為這會讓她忘記要說的內容。",1
21156200,"1. 家庭關係
    1) 客戶有一個丈夫，脾氣不好，體重在74-81公斤之間，曾中風需要照顧。
    2) 客戶有一個兒子，性格好，脾氣溫和，身高約170公分，曾在國外讀書，現從事幫助他人的工作，並有腎上腺腫瘤和高血壓問題。
    3) 客戶有三個女兒，其中一人住在加拿大，另一人經營咖啡廳，還有一人曾經購買過股票。
    4) 客戶的孫女在加拿大，成績優秀，想成為警察。
    5) 客戶的母親89歲，身體狀況良好，父親接近90歲，有心臟病和氣喘。
    6) 客戶的姐姐中風後長期臥床，現已90多歲，另一位姐姐有糖尿病。
    7) 客戶的家族有高血壓、中風、帕金森氏症等遺傳病史。

2. 健康狀況
    1) 客戶有高血壓、糖尿病、胃炎、靜脈問題、牙周病、骨刺、低血壓、腎結石、三酸甘油酯問題、黃斑部病變、神經痛、過敏、便秘等健康問題。
    2) 客戶有眼壓過高，曾因眼壓高開刀，並有老花眼、白內障、視神經痛等眼部問題。
    3) 客戶有腎結石，醫生建議每天喝3000cc水。
    4) 客戶有骨密度問題，曾為負值，後來通過飲食調整恢復正常。
    5) 客戶有高血壓家族遺傳，並提到三高和甲狀腺結節。
    6) 客戶的兒子有腎上腺腫瘤、高血壓和甲狀腺問題，並有良性腫瘤。
    7) 客戶的女兒有癌症，目前為一期。
    8) 客戶的孫子因超重而免服兵役。

3. 職業背景
    1) 客戶已經退休，但仍在參加社區大學課程，每月上課1-2次。
    2) 客戶的女兒在加拿大生活，從事房仲工作，另一女兒經營咖啡廳。
    3) 客戶的兒子曾在上海工作，從事幫助他人的工作，並經營多家公司。
    4) 客戶的女婿在加拿大航空工作，負責飛機維修。

4. 健康食品使用心得
    1) 客戶經常購買和使用保健食品，包括葉黃素、益生菌、氨基酸、褐藻、魚油、龜鹿二仙膠、NMN等，並對其效果有一定認識。
    2) 客戶認為益生菌對腸胃健康和便秘有幫助，葉黃素對眼睛保養有效，褐藻有助於預防腫瘤惡化。
    3) 客戶對香檳茸、南瓜籽油、白藜蘆醇等產品有興趣，並認為香檳茸有助於提高免疫力。
    4) 客戶對健康食品的價格敏感，喜歡促銷活動，並經常購買打折商品。

5. 禁忌
    1) 客戶不吃牛肉、雞肉、豬肉、鹿鞭、外面便當和菜市場的食物，認為不健康。
    2) 客戶對某些保健食品過敏，對乳糖不耐受，過敏於芒果、番茄和干貝。
    3) 客戶避免吃太甜、太鹹、重口味和塑身食品，認為對健康不利。
    4) 客戶不喜歡喝酸的飲品，避免吃草莓和某些高蛋白食物如白煮蛋和豆腐一起食用。",1
21156702,"1. 家庭關係
    1) 客戶提到葉黃素是由她的老公在賣。
    2) 客戶曾購買苦瓜胜肽和磷蝦油給長輩食用。

2. 健康狀況
    1) 客戶已接種疫苗。
    2) 客戶目前沒有運動的習慣。

3. 職業背景
    1) 客戶從事證券行業。

4. 健康食品使用心得
    1) 客戶已收到葉黃素，但尚未開始使用。
    2) 客戶曾購買保健品，但尚未使用，並表示這些產品對她來說並不需要。
    3) 客戶曾在購物台購買養生類產品，但有些產品未吃完，可能是家人購買的。
    4) 客戶提到之前購買過東森的葉黃素、止鼾枕、石墨烯產品，但最近很少購買東森的商品。
    5) 客戶對保健食品、美妝類產品沒有興趣，因為她長期使用特定品牌的產品。

5. 禁忌
    1) 客戶表示不需要液態的免疫黃金產品。
    2) 客戶沒有喝過發泡錠，且目前不需要購買任何東西。
    3) 客戶目前沒有吃魚油的習慣。
    4) 客戶對於專員介紹的卡片沒有興趣。",1
21164398,"1. 家庭關係
    1) 客戶目前單身，與母親同住，沒有父親，哥哥已婚並搬出去住。
    2) 客戶有三個孩子，分別是16歲、國小六年級，孩子目前與前夫同住，其中一個孩子曾去巴西當交換學生。
    3) 客戶的母親年齡超過六十歲，身體健康，沒有血壓或血糖問題，且有運動習慣。
    4) 家中信仰佛教，母親喜歡看東森購物台並常購買商品。

2. 健康狀況
    1) 客戶有高血壓及三高的健康狀況，並提到血壓或血糖問題，但未服用抗凝血藥物。
    2) 客戶有便秘問題，並表示素飲可能導致便秘。
    3) 客戶感冒中，聲音不太好，並曾接種過一次流感疫苗。
    4) 客戶表示下午拖到腳會不舒服，感覺很脹，且工作壓力大，覺得很累。
    5) 客戶提到五年都拿不動某些物品，可能反映體力問題。

3. 職業背景
    1) 客戶目前在弟弟的公司工作，負責財務及工程相關事務，並提到公司有50個股東。
    2) 客戶曾在泰吉公司工作，20歲開始上班，並有投資房地產的經驗。
    3) 客戶工作性質以坐著為主，工作繁忙，因員工離職需獨自處理大量工作，且有時無法掌控時間。
    4) 客戶正在學習區塊鏈及與工作相關的課程，並計劃參加考試。

4. 健康食品使用心得
    1) 客戶有使用幹細胞及激活安瓶產品，認為這些是再生醫學的頂級產品，並每天服用兩顆幹細胞及兩支激活安瓶。
    2) 客戶曾購買葉黃素、苦瓜酵素、龜鹿膠及燕窩等保健品，對龜鹿膠效果良好，疼痛減輕。
    3) 客戶對東森品牌的幹細胞及激活安瓶產品有一定了解，並提到家中有很多東森產品。
    4) 客戶曾購買芝麻素產品，但目前不再食用，並對消水腫及減重產品有需求。

5. 禁忌
    1) 客戶不吃牛肉及羊肉，並提到服用保健品需與藥物間隔至少一小時。
    2) 客戶一般不吃甜點，並對某些食品的品質持懷疑態度。",1
21165891,"1. 家庭關係
    1) 客戶有太太、兒子、女兒、媳婦和孫子，家庭成員關係和睦。
    2) 太太身體狀況不佳，對保健食品有排斥心理，且不喜歡購買昂貴產品。
    3) 客戶的兒子在科技公司擔任科長，月薪十幾萬，曾買英國品牌車給客戶。
    4) 女兒是新竹清華大學公費生，現為老師。
    5) 孫子目前就讀國中一年級，與兒子和媳婦在日本生活。
    6) 客戶的姐姐因大腸癌去世，母親和婆婆有膽固醇偏高的情況。

2. 健康狀況
    1) 客戶年近七十歲，身高169公分，體重60公斤，屬於瘦型體態，健康狀況良好，無三高問題，但有高膽固醇，可能為遺傳。
    2) 客戶有低血壓，家族中母親也有低血壓情況。
    3) 客戶眼壓不高，無白內障，近視輕微，有散光和老花眼，但影響不大。
    4) 客戶每天早上運動，喜歡爬山和散步，保持活躍的生活方式。
    5) 客戶提到壓力大，並認為忘東忘西是正常現象。
    6) 客戶曾摔跤導致腿部受傷，花費二十多萬治療。

3. 職業背景
    1) 客戶曾是公務人員，後來成為一家公司總經理，並曾經同時擔任補習班數學老師和主任。
    2) 客戶從小開始從事建築相關工作，並在高中時幫父親計算建材數量，現在仍從事建築相關工作。
    3) 客戶是太極拳老師，從事太極拳教學已有三十多年，並學過氣功。
    4) 客戶提到自己很會理財，退休後有一千五百萬存款，每月可用二十多萬。

4. 健康食品使用心得
    1) 客戶每天服用葉黃素、魚油和其他保健食品，認為葉黃素對眼睛健康重要，不能斷貨。
    2) 客戶曾使用過幹細胞產品、Q10、NMN、蚓激酶等保健食品，但覺得數量太多，吃不完。
    3) 客戶認為涼拌小黃瓜和苦茶油對健康有益，並每天早上空腹喝苦茶油。
    4) 客戶對石墨烯產品有興趣，認為石墨烯襪子有促進血液循環的效果。
    5) 客戶對保健食品的效果持保留態度，認為過量使用可能無效或有副作用。

5. 禁忌
    1) 客戶不抽菸、不喝酒，偶爾喝啤酒，但因喝酒後臉會紅，幾乎不喝酒。
    2) 客戶不會在商店吃東西，可能有飲食上的偏好或習慣。
    3) 客戶對某些購物台的商品和主持人表現不滿，對產品價格較為敏感。
    4) 客戶對某些產品的效果和價格持懷疑態度，並擔心過量使用會有副作用。",1
21171184,"1. 家庭關係
    1) 客戶已婚，丈夫是心臟外科醫生，開有診所，並負責家庭主要財務，喜歡購買和更換名車。
    2) 客戶有四個小孩，其中兒子在台灣工作，曾代表國家參加奧數比賽；女兒在語言方面有特長，從事與語言相關的工作，與女婿同住。
    3) 客戶的母親健康狀況不佳，正在康復中，曾使用紅外線和石墨烯產品，但不喜歡香檳茸的味道。
    4) 客戶的公婆年紀大，有骨鬆問題，腎功能不佳，需注意飲食，客戶每月給公婆五萬元。
    5) 客戶家中有多處房產，主要與丈夫同住，其他家人多在國外或台北。

2. 健康狀況
    1) 客戶61歲，患有高血壓，最近兩個月開始服用降血壓藥物，血壓有波動。
    2) 客戶有肩部鈣化、關節炎和肌腱撕裂傷問題，正在進行正波治療和復健，手部受傷需半年以上恢復。
    3) 客戶有貧血問題，已治療一個多月，並有腰椎疼痛，曾服用B12。
    4) 客戶對某些食品過敏，例如烏梅，並對過量使用保健品持懷疑態度。
    5) 客戶有健身習慣，每週健身四到五天，並有請教練指導，但因受傷暫停。

3. 職業背景
    1) 客戶已退休，主要依靠股票和基金等被動收入，曾在醫院工作，後轉行至補習班擔任執行長。
    2) 客戶的丈夫是心臟外科醫生，開有診所，診所旁有一家藥局。

4. 健康食品使用心得
    1) 客戶常吃保健食品，包括粒線體、外米提、龜鹿膏、氨基酸、參萃等，並對服用時間講究，認為葉黃素和魚油需飯後服用。
    2) 客戶對某些保健品效果不滿意，曾出現過敏反應，對過期保健食品表示擔憂，考慮不再食用。
    3) 客戶對於保健品的味道有顧慮，認為氨基酸產品太酸，家中還有很多未使用。
    4) 客戶每月在保養品上的花費達數萬元，曾購買過幹細胞產品、紅素安瓶等，對部分產品效果滿意。

5. 禁忌
    1) 客戶對烏梅過敏，使用後會有不適反應。
    2) 客戶的貓不能吃牛肉，且家中貓的飲食無法控制。",1
21181993,"1. 家庭關係
    1) 客戶家中有年紀較大的長輩，且長輩有慢性病，需要互相照顧。
    2) 客戶的媽媽目前在加護病房，家中有親戚住院，客戶因此最近比較忙。
    3) 客戶是那會姐的先生。

2. 健康狀況
    1) 客戶有遺傳性的糖尿病，並且自己有慢性病，每天需要服用七八顆藥。
    2) 客戶提到自己有癌細胞，正在接受治療，對於飲食和保健品的相互作用非常謹慎。
    3) 客戶最近住院，現在剛從醫院回來休息，並且三個月後會再去檢查。
    4) 客戶目前在醫院看門診。

3. 職業背景
    1) 客戶經常去上海出差，工作繁忙，近期剛從國外回來。
    2) 客戶目前正在上班，通常白天不方便接聽電話。

4. 健康食品使用心得
    1) 客戶曾為長輩購買過苦瓜胜肽產品，長輩有在使用，但醫生認為效果可能是心理因素。
    2) 客戶平時有吃葉黃素，並曾購買過美白淡斑的安瓶，價格約兩千多元。
    3) 客戶家中長輩有在使用某些產品，並希望在東森購物中購買褐藻糖膠產品。
    4) 客戶對於保健食品的效果持懷疑態度，認為不能當成藥物。

5. 禁忌
    1) 客戶對於飲食和保健品非常謹慎，會先將要吃的東西給醫生核對。
    2) 客戶擔心保健品與藥物的相互作用，對於貴的保健品持保留態度，但認為有效的東西多少錢都會去追求。",1
21192852,"1. 家庭關係
    1) 客戶有兩個女兒和一個兒子，還有一條狗和一隻14歲的貓。
    2) 大女兒目前在馬來西亞，曾經是軍人，後來離職去了大陸工作，經濟狀況不佳，曾陪同客戶去醫院。
    3) 二女兒已婚並有小孩，最近從國外回來，曾陪同客戶看電視到凌晨，並於次日搭機前往越南。
    4) 客戶的兒子在台積電工作，壓力大，心情不佳，偶爾與客戶爭吵。
    5) 客戶的姐姐行動不便，可能患有帕金森氏症或失智症，經濟狀況不佳，需他人幫助。
    6) 客戶的弟弟住在高雄，健康狀況不佳，曾到中和醫院看病。
    7) 客戶的孫女目前在讀初中，並有兩個小孩，其中一個約五六個月大。

2. 健康狀況
    1) 客戶85歲，曾經中風，左半邊身體不適，行動不便，需使用拐杖。
    2) 客戶曾進行白內障手術，視力恢復良好，但仍有眼袋和乾性皮膚問題。
    3) 客戶的牙齒狀況不佳，掉了幾顆牙，無法咀嚼硬物，牙齦敏感。
    4) 客戶有小中風病史，左邊手臂疼痛，肩膀不適，胃口變小，身體虛弱。
    5) 客戶的姐姐體重輕，可能患有肌少症和營養不良，行動不便，需幫助洗澡。
    6) 客戶的姐姐有憂鬱症，記憶力問題，可能有失智症徵兆。
    7) 客戶的父親曾患糖尿病導致失明，並接受過心臟科治療。
    8) 客戶的哥哥患有痛風，姐姐的兒子有鼻子過敏問題。

3. 職業背景
    1) 客戶曾是老師，並從事過食品加工相關工作。
    2) 客戶的兒子在台積電工作，另一兒子曾是軍人，後來轉行。
    3) 客戶的姐姐的兒子曾是工程師，後來改做保全。

4. 健康食品使用心得
    1) 客戶長期服用保健食品，包括益生菌、紅麴、苦瓜胜肽、姜黃、葉黃素等，認為部分產品有效。
    2) 客戶喜歡酸甜口味的益生菌，並認為異果益生菌很好吃。
    3) 客戶曾購買過含蚓激酶的保健食品，認為對心血管健康有幫助。
    4) 客戶的貓也使用保健品，包括谷胱甘肽和硫辛酸。

5. 禁忌
    1) 客戶不吃牛肉，認為這是台灣人的觀念。
    2) 客戶對腰果過敏，牙齒狀況不佳，無法食用硬物。
    3) 客戶不喜歡某些保健食品的味道，對機能性咖啡和部分高價商品有負面評價。",1
21196087,"1. 家庭關係
    1) 客戶有一位先生，先生曾食用過收到的保健食品，並於近期進行白內障手術。
    2) 客戶有一個兒子和一個女兒，曾將不喜歡的燕窩分給兒子和女兒食用。
    3) 客戶家中有人也有在食用萬歲牌堅果。

2. 健康狀況
    1) 客戶63歲，身體狀況良好，未服用三高藥或安眠藥，認為健康狀況與遺傳基因有關，家人普遍健康。
    2) 客戶有乳房纖維囊腫，已追蹤一二十年，目前無問題。
    3) 客戶每週有兩天進行復健，主要是因骨刺問題進行長期保養，避免壓迫到神經。
    4) 客戶不吃辣、不吃巧克力、不吃健康食品和保健食品，包括益生菌、葉黃素等。

3. 職業背景
    1) 客戶未提及具體職業背景，但表示經常在購物台和APP上購買產品，並對東森幣扣款感興趣。
    2) 客戶對高價產品持懷疑態度，認為不需要花費高額金錢購買，且不喜歡分期付款。

4. 健康食品使用心得
    1) 客戶平時不吃燕窩，但對燕窩有興趣，計劃購買試用，主要為補充蛋白質，但不喜歡燕窩的口感。
    2) 客戶每天煮飯時使用奧利塔橄欖油，認為其品質較好。
    3) 客戶喜歡喝東海大學的保久乳，偏好小瓶裝，並曾購買兩組保久乳。
    4) 客戶平常早餐喝咖啡、吃麵包，並有食用萬歲牌堅果，覺得不錯，且家中其他人也有食用。
    5) 客戶曾購買過紐西蘭蘋果，並收到韓國果醋兌換券。
    6) 客戶購買過小魚乾，但尚有約三十包未食用。

5. 禁忌
    1) 客戶不吃保健食品和健康食品，包括益生菌、葉黃素、幹細胞相關產品等，並對保健食品不感興趣。
    2) 客戶不吃辣、不吃巧克力，對保養品和化妝品不感興趣，曾購買但未使用導致過期。
    3) 客戶不會使用肉毒桿菌，認為年紀大了不需要回頭率高的香水。
    4) 客戶對珠寶類商品、幹細胞產品、股票和收藏品不感興趣。
    5) 客戶不喜歡分期付款，對高價產品持懷疑態度。",1
21202792,"1. 家庭關係
    1) 客戶有一個丈夫，丈夫患有帕金森症，需裝心臟支架並服用抗凝血劑，目前住在加護病房。
    2) 客戶有一個12歲的兒子，對程式設計和魔術方塊感興趣，學習相關課程，但有過動情況，體重增加，運動量不足，並有糖尿病和腎臟病。
    3) 客戶的父親在54歲時因高血壓和睡眠問題去世，家中有帕金森症、糖尿病和類風濕性關節炎的遺傳病史。
    4) 客戶的母親患有心臟病和糖尿病，營養不良。
    5) 客戶提到家中老爺子有輕微遺傳性疾病、膽固醇偏高，曾被搶劫受傷，需服用安眠藥。
    6) 客戶提到自己是家中最小的女生，來自重男輕女的家庭背景。

2. 健康狀況
    1) 客戶有高血壓、靜脈曲張、偏頭痛、胃病、膽固醇和血糖偏高，曾開過腰椎手術，並有類風濕性關節炎。
    2) 客戶心臟有四條血管，其中三條有問題，需裝支架，並服用抗凝血劑，術後需休養2-3週。
    3) 客戶有更年期症狀如盜汗和燥熱，並提到血壓曾飆高到140多。
    4) 客戶體質敏感，容易頭痛，血壓升高，並有疲勞和睡眠不足的情況。
    5) 客戶提到自己停經，不能吃含雌激素的產品。

3. 職業背景
    1) 客戶目前在公司工作，但最近生意不佳，考慮關閉工廠並尋找其他工作。
    2) 客戶有股票投資經驗，曾有虧損和盈利，對市場波動持謹慎態度。
    3) 客戶有儲蓄計劃，計劃退休後每月有三萬收入，並對房產和財務安排有考量。

4. 健康食品使用心得
    1) 客戶購買過多種保健食品，包括白藜蘆醇、薑黃、膠原蛋白、葉黃素等，對部分產品效果滿意，但對某些產品效果不明顯。
    2) 客戶認為薑黃對發炎有幫助，白藜蘆醇有抗發炎效果，氨基酸飲品有補血功能。
    3) 客戶提到益生菌產品有效，讓排便順暢，但酵素產品效果不如預期。
    4) 客戶對於果凍形式的保健食品感興趣，因兒子不喜歡吞膠囊。

5. 禁忌
    1) 客戶不吃納豆、紅麴、含雌激素或大豆異黃酮的產品，並避免活血產品如魚油、印加果油、番紅花等。
    2) 客戶提到紅麴可能對肝腎有影響，並提到有人因食用紅麴需洗腎甚至死亡。
    3) 客戶被告知不要吃安眠藥，並提到不能過量喝牛奶或吃麵包。",1
21203404,"1. 家庭關係
    1) 客戶有一位女兒，女兒是混血，對黃金敏感，曾經吃過挺立鈣，但可能已經吃完或不再吃了，且不完全聽從大人的意見。
    2) 客戶的兒子與她住在一起，目前在台南讀書。
    3) 客戶的母親年紀較大，不需要穿石墨烯褲子。
    4) 客戶的先生不太喜歡吃某些產品。
    5) 客戶和家人都吃素，家裡的店在過年期間固定休息五天。

2. 健康狀況
    1) 客戶61歲，身高約154公分，體重約62至63公斤，免疫系統較弱，曾罹患乳癌並切除一邊乳房，未進行重建手術，目前正在進行化療，每三到四週一次，還有四次療程需要完成。
    2) 客戶化療後會有不適，第二週感到不舒服，皮膚會變黑，手指頭會麻麻，白血球減少，需注射白血球針，並依靠營養補充品調整身體。
    3) 客戶有胃食道逆流的情況，牙齒狀況不佳，壞掉的牙齒較多，正在等待牙科治療。
    4) 客戶的腸胃健康狀況良好，每天排便1到2次，睡眠狀況有改善，但偶爾會不好。
    5) 客戶曾因情緒壓力和運動不足導致身體狀況不佳，且不常流汗。

3. 職業背景
    1) 客戶目前在家裡的早餐店工作，日常安排為早上工作，中午交貨，下午一點半到兩點去醫院治療。
    2) 客戶從事相關行業已有十五年，目前經濟狀況較困難。

4. 健康食品使用心得
    1) 客戶目前服用特級黑、植物性蛋白質產品、魚油及其他保健產品，認為植物性蛋白質有助於白血球正常並支持化療。
    2) 客戶曾購買過五六瓶某種保健品，改善了健康狀況，並曾推薦朋友使用，效果良好。
    3) 客戶每月會吃一些基本的保健產品，並使用針對免疫系統和植物性營養素的產品。
    4) 客戶曾購買過養生巧克力和黑巧克力，並送人，對方覺得不錯吃。
    5) 客戶曾購買石墨烯褲子，冬天穿著可緩解抽筋，並對冰涼感的褲子有需求。

5. 禁忌
    1) 客戶不吃葷食，也不會將葷食送人，並且不吃苦茶油。
    2) 客戶不能吃魚油及含有明膠的產品，且不喜歡使用含有香精的產品。",1
21203595,"1. 家庭關係
    1) 客戶提到她的女兒和妹妹都很忙。
    2) 客戶的女兒在家中照顧孩子，並從事網購和團購活動。
    3) 客戶的老公已經工作二十年，曾接受過電療和化療，健康狀況與骨髓相關。

2. 健康狀況
    1) 客戶有退化性關節問題，且已持續多年。
    2) 客戶有家族遺傳的體質問題，家族中有膽固醇相關的健康問題。
    3) 客戶正在服用降膽固醇的藥物，但擔心藥物可能導致肝指數升高。
    4) 客戶提到她本身就在養生，目前住在養生村。
    5) 客戶的老公健康狀況與骨髓相關，曾接受過電療和化療。

3. 職業背景
    1) 客戶本身是醫護人員，但目前已經退休六年。
    2) 客戶目前沒有工作，經濟狀況有限，且沒有收入來源。

4. 健康食品使用心得
    1) 客戶曾購買過葉黃素來保養眼睛，家中目前葉黃素最多，並已收到葉黃素。
    2) 客戶平時有食用五穀雜糧和精力餐，認為這對健康有益。
    3) 客戶家中有使用小分子水，認為其有助於健康。
    4) 客戶本身有很多B群保健食品。
    5) 客戶曾購買過黑芝麻糕和抽取式衛生紙。

5. 禁忌
    1) 客戶提到醫生建議她不要再吃更多的保健食品。
    2) 客戶表示臉部保養已經超標，對購買更多保健食品持保留態度。
    3) 客戶提到目前家中已經有足夠的保健品，不需要再購買。
    4) 客戶表示如果商品是通便用藥且不用錢的話，她會考慮接受。",1
21204346,"1. 家庭關係
    1) 客戶與丈夫共同居住，兩人無子女，家中有一隻名為小紅豆的寵物魚。
    2) 客戶的母親已過世，母親生前有腎臟病、高血壓及精神方面的問題，需定期洗腎。
    3) 客戶的姐姐在日本，姐姐的女兒在澳洲，姐姐身體狀況不佳，丈夫曾是空軍軍人，患有躁鬱症。
    4) 客戶的妹妹未婚無子，住在客戶與丈夫的房子裡，未支付租金。
    5) 客戶的丈夫曾幫助姐姐還清房貸，並每月給妹妹2000元生活費。
    6) 客戶的丈夫曾因精神壓力大而外出租房居住，週末才回家。

2. 健康狀況
    1) 客戶有高血壓，需服用降血壓藥，血壓有時升高至130-140之間，近期血壓穩定。
    2) 客戶有痔瘡問題，已進行手術，術後有流血情況，傷口癒合較慢，需定期做大腸鏡檢查。
    3) 客戶有更年期症狀，早上有時會感到很熱，並有手腳發冷、肩頸痠痛、氣管炎、腸胃不適、便秘、三酸甘油酯和糖化血色素過高等問題。
    4) 客戶曾因摔跤導致腰部和臀部受傷，核心力量不足，體力較差，且有睡眠不佳、嘴唇乾裂、掉髮、青光眼、白內障、多囊性卵巢症等健康問題。
    5) 客戶的家族有糖尿病、腦溢血、心血管疾病和大腸癌的病史。

3. 職業背景
    1) 客戶曾從事幼兒園老師、百貨業櫃姐、服裝設計和手工藝相關工作，目前從事車縫牛仔褲的工作。
    2) 客戶的丈夫曾從事汽車機車檢驗員工作，後來被裁員，目前薪水不高，月薪約為兩萬五千元，工作環境辛苦。

4. 健康食品使用心得
    1) 客戶有服用多種保健食品，包括益生菌、膠原蛋白、葉黃素、氨基酸、B群、德國紅景天、印加果油、法國松樹皮等，並認為印加果油有助於穩定血壓。
    2) 客戶術後服用益生菌、氨基酸、蛋白粉等幫助恢復，並注意均衡飲食。
    3) 客戶曾購買過多種保健食品，但部分未使用，對高蛋白食品有些擔憂。
    4) 客戶認為白蘭氏和善存的商品味道不好，偏好華佗產品，認為其介紹詳細。
    5) 客戶曾購買過瑪莉家族的活性蜂王乳、沙棘果油、印加果油等，對其效果有正面評價。

5. 禁忌
    1) 客戶不抽菸、不喝酒，並避免服用含糖分的益生菌。
    2) 客戶擔心乳癌風險，不敢服用補充女性荷爾蒙的產品。
    3) 客戶術後避免久站、穿太緊的內衣褲，並需使用溫水浸泡和濕紙巾清潔皮膚。
    4) 客戶認為腎臟不好的人晚上不宜服用保健品。
    5) 客戶是基督教徒，不參加拜拜。",1
21206026,"1. 家庭關係
    1) 客戶提到家裡有人曾經開刀。
    2) 客戶目前正在照顧家人。
    3) 客戶表示過年期間沒有外出，一直待在家裡。

2. 健康狀況
    1) 客戶定期進行健康檢查，沒有三高問題，骨質密度狀況良好。
    2) 客戶有脂肪肝，但未服用藥物治療。
    3) 客戶有血脂問題，並持續服用醫生開的藥物控制。
    4) 客戶有掉髮問題，認為是老化導致，並有服用藥物及使用外用藥物治療。
    5) 客戶提到睡眠品質不佳。
    6) 客戶平時水喝得不多。

3. 職業背景
    1) 未提及具體職業背景。

4. 健康食品使用心得
    1) 客戶有在服用保健食品，包括玻尿酸口服安瓶、幹細胞產品、益生菌、紅麴產品、魚油片及膠囊形式的鈣補充劑。
    2) 客戶曾購買一年份的口服玻尿酸，分為兩組，每組五盒，目前僅飲用兩盒，按照建議第一個月每天飲用一瓶，第二個月改為兩天飲用一瓶，但未感受到明顯效果。
    3) 客戶之前購買過玻尿酸口服安瓶兩組，並持續飲用，但未感受到明顯效果。
    4) 客戶曾訂購幹細胞產品，第一個月每天服用兩顆，之後改為每天一顆，但未感受到明顯改善，目前已停止使用。
    5) 客戶平時偶爾使用保養品。

5. 禁忌
    1) 客戶家中沒有食用燕窩。
    2) 客戶對洗衣精等生活用品表示不需要。
    3) 客戶表示新年期間不需要年菜。",1
21207601,"1. 家庭關係
    1) 客戶提到女兒表示家裡已經有B群，不需要再購買。

2. 健康狀況
    1) 客戶提到自己是油性頭皮，並且有掉髮的問題。
    2) 客戶表示之前有吃過四倍葉黃素，但覺得沒什麼效果所以不再吃了。
    3) 客戶提到寄的魚油控制不住，吃不到一半，剩下幾顆而已。
    4) 客戶表示目前沒有在吃魚油、葉黃素或其他保健品。

3. 職業背景
    1) 客戶表示已經退休。

4. 健康食品使用心得
    1) 客戶對保健食品不感興趣，表示不需要保健食品。
    2) 客戶表示之前有吃過四倍葉黃素，但覺得沒什麼效果所以不再吃了。
    3) 客戶表示吃不起幹細胞產品，並表示不用了。
    4) 客戶表示目前暫時沒有購買益生菌或其他保健品的需求。

5. 禁忌
    1) 客戶提到自己不太敢吃某些東西。
    2) 客戶對天然成分的洗髮精較感興趣，並希望產品不含矽靈。",1
21209946,"1. 家庭關係
    1) 客戶提到家裡的東西很多，因此不需要再購買保健品或日用品。
    2) 客戶平時會在母親節時購買促銷活動的保養品。

2. 健康狀況
    1) 客戶目前沒有在服用三高的藥物或慢性處方藥。
    2) 客戶有在服用關節保健食品。
    3) 客戶家中還有未吃完的魚油和益生菌。
    4) 客戶曾購買過幹細胞產品，但因感覺不到效果而停止使用，且尚有未吃完的幹細胞產品。
    5) 客戶提到今天開始飲用粒線體激活再生安瓶。
    6) 客戶表示沒有空去做臉或進行固定保養。

3. 職業背景
    1) 客戶目前仍在工作，從事豬肉銷售相關工作，並在市場工作。
    2) 客戶的工作需要長時間站立，且平時有進行股票當沖交易。

4. 健康食品使用心得
    1) 客戶對短石墨烯的床墊和藥品沒有興趣。
    2) 客戶對小魚幹產品不需要折扣。
    3) 客戶曾使用過龜鹿精，並詢問是否可以一次全部使用。
    4) 客戶對葉黃素和益生菌等保健品表示不確定是否需要，且尚未開始食用專員提供的益生菌。

5. 禁忌
    1) 客戶對藥品沒有興趣。
    2) 客戶提到家中物品充足，因此不需要再購買保健品或日用品。",1
21216502,"1. 家庭關係
    1) 客戶目前與家人同住，兒子和女兒尚未結婚。
    2) 客戶的妹妹和丈夫有在使用幹細胞相關產品。
    3) 客戶提到讓先生服用某種保健食品，但未具體說明。

2. 健康狀況
    1) 客戶有高血壓，並服用慢性處方簽的藥物。
    2) 客戶有退化性關節問題，並購買相關保健品。
    3) 客戶前一陣子因摔斷骨頭住院，住院期間未服用保健食品。
    4) 客戶記憶力不佳。
    5) 客戶每年或每一到兩年進行自費健康檢查。

3. 職業背景
    1) 客戶平日工作繁忙，假日參加登山和鐵馬相關的社團活動，時間安排緊湊。
    2) 客戶參加了新店省市協會的活動，並成為會員。
    3) 客戶提到上班的時間是開工後的第二天。

4. 健康食品使用心得
    1) 客戶目前有在服用幹細胞、葉黃素、魚油、善存綜合維生素等保健食品，並有意購買更多葉黃素。
    2) 客戶曾購買過天官靈芝龜鹿精、人參相關產品、燕窩、幹細胞膠囊、龜鹿二仙膠原蛋白、海洋膠原飲等保健品，但部分產品尚未使用完。
    3) 客戶對幹細胞產品價格表示關注，並選擇分期付款方式購買六盒幹細胞產品。
    4) 客戶認為五保存產品價格昂貴且口感不佳，但仍購買了一組。
    5) 客戶曾購買過土龍兔絨鴕鳥精，但目前已不需要。
    6) 客戶家中囤積了大量保健品，甚至有一個迷你小倉庫，部分產品尚未使用。

5. 禁忌
    1) 客戶不喜歡使用黏膩的防曬乳，家中仍有許多防曬乳存貨。
    2) 客戶對購買商品較為謹慎，會先評估或查看卡片後再決定是否購買。
    3) 客戶認為送人不需要太多禮盒，並對高價商品有所顧慮。",1
21222344,"1. 家庭關係
    1) 客戶有女兒和小孫女，女兒喜歡使用名牌化妝品，並從目錄購買魚油產品。
    2) 客戶的孫子曾在幼稚園感染感冒，家中最近有人感染腸病毒。
    3) 客戶有兩個哥哥，並提到女兒不喜歡她收藏的東西，建議她直接給現金。
    4) 客戶的女婿曾購買褐藻糖膠並給她使用。
    5) 客戶提到女兒要回教學。

2. 健康狀況
    1) 客戶患有帶狀皰疹，經歷神經痛，未接種疫苗，並服用B群維生素緩解症狀。
    2) 客戶免疫力低下，睡眠時間短，通常凌晨兩點睡，六點多起床。
    3) 客戶的糖化血色素從5點多升到6，醫生建議注意以免未來需要吃藥。
    4) 客戶曾因吃太多水果被醫生警告可能導致糖尿病和脂肪肝。
    5) 客戶有減肥意願，但未付諸行動，並不吃晚餐，午餐會晚一點吃以避免糖尿病風險。

3. 職業背景
    1) 客戶提到她會做法國菜。
    2) 客戶提到她在外面做醫美。

4. 健康食品使用心得
    1) 客戶目前食用B群、益生菌、葉黃素和穆勒魚油等保健品，對葉黃素和益生菌有興趣，但對某些品牌效果存疑。
    2) 客戶對不含添加劑的產品感興趣，尤其是天然葉黃素產品，並對含多醣體的產品有興趣。
    3) 客戶對燕窩產品有特定要求，偏好固形物且不含花旗蔘或糖，會加熱後食用。
    4) 客戶對於益生菌的使用有過腹瀉經驗，並提到小朋友食用日本的益生菌。
    5) 客戶對台鹽的黃金膠原產品和綠迷雅的膠原皂感興趣，並對固力申產品效果有疑慮。
    6) 客戶曾使用長庚養髮液，效果顯著，頭髮掉落情況減少。
    7) 客戶對於含有過多添加物的產品感到不滿，尤其是華陀的產品。
    8) 客戶對於住院、甘慄仁、褐藻糖膠等產品有使用經驗，並對高鼓勵膠囊和植物性蛋白質產品有興趣。
    9) 客戶不喜歡加冰糖、蜂蜜或人蔘的產品，並對外省的鱸魚精不感興趣。

5. 禁忌
    1) 客戶不能食用花旗蔘產品。
    2) 客戶對橘子的食用有節制，認為不能吃太多。
    3) 客戶不喜歡吃黏的食物，因此不會購買佛跳牆。",1
21228093,"1. 家庭關係
    1) 未提供相關資訊。

2. 健康狀況
    1) 客戶為68歲女性，未提及其他健康狀況。

3. 職業背景
    1) 未提供相關資訊。

4. 健康食品使用心得
    1) 未提供相關資訊。

5. 禁忌
    1) 客戶表示已經有面膜，不需要購買新的面膜。",1
21228979,"1. 家庭關係
    1) 客戶已婚二十多年，育有兩個孩子，年齡分別為27歲和28歲，孩子會幫她購買保健品。
    2) 客戶與年齡在七十至八十歲的公婆同住，需照顧老人並按照他們的習慣安排節日活動。
    3) 客戶的生活重心主要放在家庭和照顧家人上，並負責家庭事務如煮飯和準備祭拜事宜。

2. 健康狀況
    1) 客戶患有二型糖尿病，血糖控制在糖化血色素7.5左右，需打胰島素和服用糖尿病藥物，曾因血糖未控制好而昏倒，目前已減少胰島素劑量。
    2) 客戶的膽固醇稍微偏高，但目前已有改善。
    3) 客戶的飲食以黑米和無糖綠茶為主，避免甜食和水果，並減少面食攝取，醫生建議她不能吃太飽。
    4) 客戶的食量不大，平時很少外出用餐，尤其不去高檔餐廳。

3. 職業背景
    1) 客戶目前是家庭主婦，主要負責家庭事務，並需照顧老人。
    2) 客戶目前沒有工作，經濟負擔較大，壓力較大，家庭正在進行房屋建設，部分補償款已到位。

4. 健康食品使用心得
    1) 客戶曾購買並服用蚓激酶，對其效果表示滿意，並按照建議每天早晚各服用兩顆，近期改為分開服用不同種類的蚓激酶。
    2) 客戶在服用新版蚓激酶時，初期有些不適應，但一週後已適應，並計劃在下次檢查後確認效果。
    3) 客戶曾購買石墨烯產品，使用感覺良好且適合一年四季。
    4) 客戶曾購買益生菌產品，但尚未開始使用。

5. 禁忌
    1) 客戶需控制飲食，避免甜食、面食和水果，並遵循醫生建議不吃太飽。
    2) 客戶目前不需要使用保養品或醫美產品。",1
21237586,"1. 家庭關係
    1) 客戶有三個孩子，包括一個女兒和兩個兒子，女兒未婚且負責家中經濟，並擔任家中的財務部長。
    2) 客戶的女兒在中國信託擔任客服工作，每月收入一萬五，並每月匯一萬五給客戶，且幫忙繳費用，金額為七到八萬。
    3) 客戶的兒子目前分別在桃園、日本和可能在韓國或日本，兒子每月匯三千元給客戶。
    4) 客戶目前與小兒子同住，並提到三年前兒子與閨蜜共同購買了一間公寓。
    5) 客戶提到父親購買了很多東森購物的產品，並希望將父親列入東森購物的黑名單。
    6) 客戶提到兄弟四人輪流照顧媽媽，每人負責一週，媽媽有輕微老年相關問題，並已喝亞培一年多。

2. 健康狀況
    1) 客戶目前66歲，患有大腸癌、高血壓（通常在90到180之間）及飛蚊症。
    2) 客戶提到喜歡喝水，每天泡茶喝，並曾經吃素但現在改為吃葷。
    3) 客戶提到自己抽菸，並表示經濟狀況不佳。

3. 職業背景
    1) 客戶目前沒有工作，曾經有三萬多元的收入，但現在收入減少。
    2) 客戶提到自己是東森的頂級會員，幾乎沒有退貨，消費評比一百分，並已在東森購物消費二十幾年。

4. 健康食品使用心得
    1) 客戶每天早上空腹喝安瓶，已經喝了二十幾瓶，並有在吃龜鹿，冬天和平日都會吃。
    2) 客戶每天吃益生菌，但有時候會忘記吃，並提到目前很少喝益生菌。
    3) 客戶曾購買德國進口的發泡錠，但不喜歡其口感，目前尚未喝完。
    4) 客戶有使用一種咖啡色盒子的粉末狀產品，需要用300cc的水沖泡后飲用。
    5) 客戶提到家人現在沒有再吃亞培，只喝牛奶。

5. 禁忌
    1) 客戶對加購德國原裝保健品表達不感興趣，並表示不太愛吃保健食品。
    2) 客戶希望避免父親再接到行銷電話或收到行銷簡訊和DM，並提到父親購買了很多不需要的產品，花了很多錢，無法支付。",1
21248468,"1. 家庭關係
    1) 客戶與家人同住，已經當外婆，女兒不吃保健品，客戶也不強迫她。
    2) 客戶的兒子30歲，並不打算讓他接手公司。
    3) 客戶的婆婆已過世，婆婆生前與先生的兄弟住在一起，客戶會抽時間看望婆婆。
    4) 客戶提到女兒有安排吃飯活動，未提及是否與客戶同住。
    5) 客戶提到家中已有蜂蜜，並選擇有機天然麵條作為中秋節禮品。

2. 健康狀況
    1) 客戶64歲，提到自己有年紀了，記憶力退化，免疫力可能有改善。
    2) 客戶提到更年期後體重不易增加，目前體重55-56公斤，腰圍約29號。
    3) 客戶提到有高血壓、糖尿病等慢性病，認為健康最重要，並擔心腎臟健康。
    4) 客戶提到心臟病，但未明確表示自己有心臟病。
    5) 客戶不喜歡看醫生，沒有固定做健康檢查，覺得順其自然。
    6) 客戶擔心長期使用保健品可能導致洗腎，並提到朋友因長期吃保健品而需要洗腎。
    7) 客戶沒有打過流感疫苗，因擔心副作用。

3. 職業背景
    1) 客戶的工作較為彈性和自由，假日不需要工作。
    2) 客戶的公司從事汽車零件投資，並提到不讓兒子接手公司。
    3) 客戶提到公司每年會安排一次旅遊。

4. 健康食品使用心得
    1) 客戶目前服用多種保健品，包括粒線體產品、葉黃素、蚓激酶、魚油、褐藻糖膠、幹細胞產品等，並認為血液循環相關保健品對肩膀酸痛有幫助。
    2) 客戶對褐藻糖膠產品效果滿意，對粒線體產品口感評分6.5分，對幹細胞產品和龜鹿產品有過敏反應（皮膚癢）。
    3) 客戶認為燕窩有助於皮膚保養，但目前不考慮購買。
    4) 客戶對保健品的使用持謹慎態度，擔心過量使用會對身體造成負擔，並擔憂產品過期。
    5) 客戶習慣早上空腹服用保健品，但有時會忘記服用，並認為不需要吃太多種保健品。
    6) 客戶對於新保健品持保留態度，認為現有產品已經足夠，且對益生菌是否能保護腎臟表示懷疑。

5. 禁忌
    1) 客戶不喜歡吃太甜的食物，如月餅。
    2) 客戶不喜歡大瓶裝產品，覺得小瓶裝更方便。
    3) 客戶不會購買來路不明或便宜的產品，對於需要支付工本費的贈品不感興趣。
    4) 客戶不喜歡每天外出，喜歡待在家裡，並不適合參加活動。
    5) 客戶不養寵物，因為擔心年紀大了養不好。",1
21249112,"1. 家庭關係
    1) 客戶有一個兒子和一個女兒，兒子目前在家照顧她，負責準備三餐、買菜、陪同看醫生並提供生活費，每月給她一萬元。
    2) 女兒已婚並搬出去住，每月給她三千六百元零用錢，經常購買食材和物品送回家，並提前送母親節禮物。
    3) 客戶的兒子和媳婦有一個女兒，且不打算再生小孩。
    4) 客戶的外甥每年中秋節會寄文旦給她，外甥女十歲，有時會向她借錢。

2. 健康狀況
    1) 客戶有糖尿病，領取慢性處方簽，並定期回診。
    2) 客戶曾患腎臟發炎，服用抗生素後已好轉，並定期回診。
    3) 客戶身體狀況良好，醫生稱讚她在八十幾歲時身體狀況很好，但有時感到全身無力，睡眠不好，喉嚨不適。
    4) 客戶每天早上會去公園散步一小時，認為運動有助於健康，並減少老人痴呆風險。
    5) 客戶剛好70歲，身高不到150公分，怕冷，會使用暖暖包。

3. 職業背景
    1) 客戶目前已退休，無工作。
    2) 曾幫兒子和女兒繳納保險費，並購買儲蓄險，現已可領取。

4. 健康食品使用心得
    1) 客戶有使用幹細胞產品、魚油、葉黃素、益生菌、白藜蘆醇、龜鹿膠、人參等保健品，家中存貨充足。
    2) 客戶每天喝一小瓶玻尿酸，認為對骨質有幫助，並對魚油折扣感到滿意。
    3) 客戶對葉黃素產品有興趣，並詢問價格。
    4) 客戶的兒子也有使用幹細胞產品，並覺得有效。

5. 禁忌
    1) 客戶不吃加工食品、味精、油脂類食物和辣的食物，認為這些對身體有負擔。
    2) 客戶不愛吃日本料理，家中也不常吃海鮮，尤其是魚類。
    3) 客戶不參加VIP限定的線上直播活動，對直銷產品價格和優惠有疑問，並未加入相關組織。",1
21255947,"1. 家庭關係
    1) 未提及具體家庭關係。

2. 健康狀況
    1) 客戶年齡73歲，身高168公分，體重60多公斤，屬於標準體型。
    2) 客戶沒有三高，也沒有在服用處方藥。
    3) 客戶提到昨天有去推拿。
    4) 客戶對保健食品的副作用有所擔憂，希望產品安全且無副作用。

3. 職業背景
    1) 未提及具體職業背景。

4. 健康食品使用心得
    1) 客戶曾購買過補骨胜肽產品，表示該產品還可以，但認為價格昂貴，目前還有存貨，服用不夠認真，想到才吃，計劃下個月再考慮購買。
    2) 客戶曾使用過幹細胞相關產品，但服用方式斷斷續續，目前仍有存貨。
    3) 客戶每天有服用關節保養相關產品，之前也有使用過骨頭關節相關保健食品。
    4) 客戶曾購買過華陀產品、燕窩及安瓶，安瓶每天飲用一支，但燕窩已停止食用。
    5) 客戶試吃產品只是試看看，對產品的配送速度表示滿意。
    6) 客戶提到夏威夷豆產品油脂高但口感很好，適合少量食用，且偏好無調味的產品。
    7) 客戶了解粒線體相關資訊，對葉黃素產品改善眼睛疲勞和乾澀的效果有所了解。

5. 禁忌
    1) 客戶不吃葷食，可能是因為不喜歡肉的味道，目前不吃肉類食品。
    2) 客戶有時候會忘記服用保健食品，導致產品過期。",1
21259270,"1. 家庭關係
    1) 客戶有一個兒子和一個女兒，兒子目前在台北工作，曾因糖尿病問題辭職，現已恢復健康，並在搬家公司工作，表現良好，可能升任店長。
    2) 女兒在台南工作，曾幫忙處理家庭事務，對母親的搬家和生活提供協助。
    3) 客戶的母親已去世，父親曾經經營雜貨店和工廠，現在已經去世。
    4) 客戶的弟弟可能會提早退休，並曾建議她在台南找房子。
    5) 客戶的家庭成員中有心血管、高血壓等遺傳病史，母親曾因吸入油煙影響健康，父親曾抽菸至60歲後戒菸。

2. 健康狀況
    1) 客戶有骨刺問題，曾接受類固醇注射和PRP治療，計劃進行微創手術。
    2) 客戶有焦慮症和自律神經失調，因高壓工作環境導致症狀加重，需服用焦慮症藥物。
    3) 客戶有老花眼、閃光、牙周病、五十肩、手部骨刺、肩膀和手部疼痛等問題，並考慮進一步治療。
    4) 客戶的健康檢查結果顯示正常，但有血管瘤（良性）和肝臟少量泡泡，無大礙。
    5) 客戶曾進行大腸鏡檢查，發現息肉並切除，近期排便異常，計劃進一步檢查。
    6) 客戶有感冒、喉嚨痛、鼻竇炎等症狀，服用抗生素和止痛藥緩解。
    7) 客戶的兒子曾因糖尿病和酮酸中毒住院，現通過控制飲食管理健康，血糖穩定。

3. 職業背景
    1) 客戶目前從事小包裝入袋作業，工作壓力大，最近接了一個六萬件的單子。
    2) 客戶曾經經營過工作室，但已關閉，現在從事與之前類似的包裝相關工作。
    3) 客戶的兒子在搬家公司工作，工時長，薪水逐月增加，表現良好，受到老闆喜愛。
    4) 女兒在台南工作，需接觸某些產品，並曾加班協助家庭事務。

4. 健康食品使用心得
    1) 客戶使用多種保健食品，包括褐藻、倍護、山苦瓜、蚓激酶、葉黃素、膠原蛋白、玻尿酸飲品等，並認為這些產品對健康有幫助。
    2) 客戶每天早晚服用保健品，感覺膝蓋不再卡，臉部狀況改善，體力不弱。
    3) 客戶對健康食品使用重視，出門時會攜帶保健品，並認真服用購買的產品。
    4) 客戶的兒子也有使用健康食品，如小欖鎮產品和高蛋白飲品，並有明顯的健康改善。

5. 禁忌
    1) 客戶不吃辣、不吃甜食，通常不喝咖啡因飲料，避免影響睡眠。
    2) 客戶不喜歡參加告別式，認為太傷心。
    3) 客戶不喜歡晚上開車，因為有散光且感到緊張。
    4) 客戶不想再使用類固醇，因為之前使用導致皮膚凹陷。",1
21259529,"1. 家庭關係
    1) 客戶有一位丈夫，丈夫曾幫助她查詢商品價格，並建議她暫時使用某些產品再做決定，但丈夫本身不使用保健食品。
    2) 客戶有兩個兒子，均已大學畢業，其中一位在新竹科學園區擔任工程師，月薪約四萬五，並有額外獎金收入，住在公司宿舍，另一位兒子去年八月開始工作。
    3) 客戶的雙胞胎孩子目前尚未結婚，且不在五穀地區。
    4) 客戶的家庭房貸由兩個兒子共同分擔，每月金額約四萬多元，房子登記在三人名下，並強迫孩子們存錢。
    5) 客戶提到有朋友和兩個小孩在美國。

2. 健康狀況
    1) 客戶52歲，月經周期不穩定，可能與更年期相關，並提到代謝變差。
    2) 客戶有子宮內膜增生問題，接受過止血和激素治療。
    3) 客戶五年前發現乳房有硬塊，經切片檢查為良性，目前狀況穩定。
    4) 客戶有鼻子過敏問題，認為與體質有關。
    5) 客戶提到最近走路時膝蓋和腳有不適感，可能與搬家和看房子有關，但服用某產品後有所改善。

3. 職業背景
    1) 客戶提到自己有工作，但未明確說明職業，並表示今天沒有上班。
    2) 客戶提到目前有固定收入來源，但未提及具體細節。
    3) 客戶提到目前已經開始營業，營業時間為大白天開始。

4. 健康食品使用心得
    1) 客戶購買並服用多種保健食品，包括褐藻、魚油、枸杞汁、益生菌、B群、龜鹿二仙膠囊、苦瓜胜肽、神秘訂等，並對部分產品效果表示滿意。
    2) 客戶對褐藻糖膠的免疫力增強功能表示認可，並在感冒時增加服用量。
    3) 客戶對苦瓜胜肽的血糖管理效果表示關注，並認為專利產品效果較好。
    4) 客戶曾服用幫助睡眠的保健食品，並感覺有效果。
    5) 客戶對於保健品的選擇會考慮價格與效果，並希望能有折扣或優惠。
    6) 客戶對葉黃素產品有疑慮，並認為葉黃素可能不適合自己。
    7) 客戶曾購買過幹細胞相關產品，但未明確表達對長期使用的態度。
    8) 客戶對於保健品的性價比和效果有較高要求，並根據效果決定是否繼續購買。

5. 禁忌
    1) 客戶目前不能吃葉黃素和膠原蛋白，醫生診斷不建議食用，但未說明具體原因。
    2) 客戶不太能吃動物性的幹細胞產品。
    3) 客戶不需要包含番茄的產品。",1
21260850,"1. 家庭關係
    1) 客戶有一位女兒，目前女兒在外地，預計下個月回來。
    2) 客戶的先生吃素，對素食產品有關注。
    3) 客戶提到需要照顧年邁的母親，母親行動需要攙扶或使用輪椅。
    4) 客戶的哥哥從日本回來探望父母。
    5) 客戶提到家中有老人家需要照顧，老人家有心血管問題，行動較慢。

2. 健康狀況
    1) 客戶有膝蓋不適，曾照X光發現膝蓋骨頭有些缺損，但醫生表示不需特別處理。
    2) 客戶有骨裂情況，醫生表示目前不需再回診。
    3) 客戶有哮喘，並有時需要看醫生。
    4) 客戶提到胃不好，並有息肉，可能需要化驗。
    5) 客戶提到手有裂傷，可能是摔傷導致。
    6) 客戶提到自己有黑斑，對去黑斑產品感興趣。
    7) 客戶提到自己有時候感冒症狀持續，可能是重複感冒。
    8) 客戶提到自己已經打過流感疫苗。

3. 職業背景
    1) 客戶從事美容業工作。
    2) 客戶參加教會社區活動，每期有九百到上千人參加。
    3) 客戶平時上課時間為週一到週五，並有固定時間安排。

4. 健康食品使用心得
    1) 客戶有使用幹細胞產品，但認為價格偏高，且擔心吃太多會有問題。
    2) 客戶有使用益生菌，認為有助於腸胃健康，但有時會忘記食用。
    3) 客戶曾使用過葉黃素、魚油、B群等營養品，認為可以一起食用。
    4) 客戶曾使用過殼率產品，效果不錯但價格偏高，且不喜歡軟便的情況。
    5) 客戶曾使用過深紫色定狀保健品，認為對消炎效果很好。
    6) 客戶有服用膠原蛋白，但不想重複使用其他補充品。
    7) 客戶提到白色產品效期快到，需優先食用，黑色產品有助於改善肝腎功能。
    8) 客戶提到喝殼率產品後需補充200cc到300cc的開水以增強效果。
    9) 客戶對幹細胞產品效果表示關注，認為其有助於提升體力、改善皮膚及促進頭髮生長。

5. 禁忌
    1) 客戶不喝牛奶。
    2) 客戶一天最多只喝一杯咖啡。
    3) 客戶不想購買幹細胞產品，表示明年再考慮。
    4) 客戶不喜歡泡泡錠的味道。
    5) 客戶擔心產品吃太多可能會有問題。",1
21267154,"1. 家庭關係
    1) 客戶家中有養狗。
    2) 客戶提到家中有小孩在國外工作，且收入不錯。
    3) 客戶提到小朋友在台積電工作，月薪達到八十萬。
    4) 客戶提到小朋友在外國上班的薪水很高。

2. 健康狀況
    1) 客戶曾使用過固筋骨關節類的產品，例如頭痛鴕鳥龜鹿等。
    2) 客戶曾購買並食用過土龍鴕鳥龜鹿精，並與家人和朋友分享使用。
    3) 客戶可能以前眼睛不好時有吃過葉黃素，骨頭不好時有吃過鈣片和葡萄糖胺，腸胃不好時有吃益生菌。
    4) 客戶對產品的成分和效果有一定關注，提到玻尿酸和胜肽等成分。
    5) 客戶表示目前沒有缺什麼產品。

3. 職業背景
    1) 客戶已經退休。

4. 健康食品使用心得
    1) 客戶曾經購買過很多保健品，並且還在持續使用中。
    2) 客戶提到過去購買的產品中有華陀代工的產品，並對其成分有所了解。
    3) 客戶曾經購買過華陀的燕窩產品。
    4) 客戶提到蚓激酶和苦瓜胜肽，表示聽過相關產品。
    5) 客戶提到B群是保養品。

5. 禁忌
    1) 客戶表示目前不需要任何產品，並多次拒絕專員的推銷。
    2) 客戶對於專員推銷的挺立鈣產品表示不感興趣，並明確表示不需要購買。
    3) 客戶提到自己聽不懂專員的解釋，並表達了對腎臟保健產品的拒絕意向。
    4) 客戶表示目前不希望使用分期付款方式，選擇貨到付款。
    5) 客戶提到現在不想吃海鮮。
    6) 客戶表示目前暫時不需要購買堅果產品。
    7) 客戶提到自己目前只需要購買一套產品，不需要多套。
    8) 客戶表示目前在忙，無法繼續討論產品。",1
21280728,"1. 家庭關係
    1) 客戶有一個兒子和一個女兒，女兒曾經罵過她，但未提及是否同住。
    2) 客戶的媽媽體重只有四十幾公斤，無法自理。
    3) 客戶提到家中有糖尿病患者。

2. 健康狀況
    1) 客戶有血糖問題，血糖偏高。
    2) 客戶瘦下來後變得很怕冷。

3. 職業背景
    1) 客戶曾經是大樓清潔工。
    2) 客戶目前在療養院工作，且上班時無法接電話，通常六點下班。

4. 健康食品使用心得
    1) 客戶曾服用日本品牌的定序苦瓜膠囊三年，效果不錯。
    2) 客戶目前改用其他品牌的保健品，但感覺效果不明顯。
    3) 客戶去年曾在東森購物購買過蚓激酶，目前仍有在使用。

5. 禁忌
    1) 客戶對人蔘產品沒有興趣。",1
21284050,"1. 家庭關係
    1) 客戶有兩個孩子，其中一個即將升國中，另一個已成年但希望能再長高。
    2) 客戶的女兒住在台中，並且有異位性皮膚炎和皮膚過敏問題，平時由父親提供生活費。
    3) 客戶的兒子喜歡打遊戲，參加籃球課程和數學控血糖活動，並服用轉骨方。
    4) 客戶的母親需要洗腎，父親陪伴母親去洗腎。
    5) 客戶的老公是工程師，但對家庭經濟支持有限，家庭開銷主要由客戶負擔。
    6) 客戶的姐姐已經大三。

2. 健康狀況
    1) 客戶有白內障，並已進行手術。
    2) 客戶曾進行醫美和手術，並提到使用過玻尿酸。
    3) 客戶最近在進行斷食減肥，並提到自己身高未超過165公分。
    4) 客戶提到家中有人有異位性皮膚炎。

3. 職業背景
    1) 客戶目前在上班，工作性質需要長時間使用電腦，每天約五小時。
    2) 客戶提到自己是月光族，之前的分期付款還在進行中，並感到經濟負擔較重。

4. 健康食品使用心得
    1) 客戶有回購過龜鹿保健食品，因為小孩表示有感覺。
    2) 客戶曾購買過土龍鴕鳥保健食品和葡萄糖胺錠給父親使用。
    3) 客戶有購買過NMN和綠蜂膠，NMN是她自己使用的。
    4) 客戶有在喝激活粒線體的保健品，但飲用不太認真，目前第一盒還沒喝到一半。
    5) 客戶有服用膠原蛋白產品，每天早上空腹飲用一瓶。
    6) 客戶有在吃葉黃素，家中也有葉黃素存貨。

5. 禁忌
    1) 客戶認為產品價格太貴，不想購買新的產品，並提到家中有未使用完或過期的健康食品。
    2) 客戶提到家裡東西太多，不想再購買五千元的產品。",1
22003659,"1. 家庭關係
    1) 未提及具體家庭關係。

2. 健康狀況
    1) 客戶身高163公分，體重約60公斤，從當兵至今體重保持穩定。
    2) 客戶目前有在吃素，但飲食習慣較稀疏。
    3) 客戶目前沒有在吃任何保健食品。

3. 職業背景
    1) 客戶目前已經退休。
    2) 客戶年齡67歲，男性。

4. 健康食品使用心得
    1) 客戶提到之前購買過東森的產品，但目前尚未吃完。
    2) 客戶表示不太能夠吃保健食品，且目前沒有需要購買葉黃素或其他保養品。

5. 禁忌
    1) 客戶不會上網購物，對於電話購物感到不放心。
    2) 客戶提到經濟有問題，可能影響購買力。
    3) 客戶表示不使用保養品或擦臉產品。",1
22008303,"1. 家庭關係
    1) 客戶與家人住在一起，家中有三個小孩。
    2) 客戶提到家中沒有很小的小朋友。
    3) 客戶提到母親節時已與家人一起在台北民生東路的自助餐廳用餐。

2. 健康狀況
    1) 客戶有高血壓，但表示骨頭不會痛。
    2) 客戶的皮膚偏白但較乾燥，且不希望變得太白。
    3) 客戶經常在外面曬太陽，並提到空腹喝某些產品會感到不舒服。
    4) 客戶目前正在食用幹細胞產品和褐藻糖膠進行保養，每天服用一顆幹細胞產品，褐藻糖膠有時吃一顆，有時吃兩顆。
    5) 客戶提到她還在吃粉紅色的一顆一顆的保健食品，但有時會忘記服用。

3. 職業背景
    1) 客戶目前在上班，工作到很晚，通常在五點過後有空。
    2) 客戶對於投資理財、藝術品、茶具和收藏藝術品沒有興趣，並提到不會購買招財物品或在公司放置招財物品。
    3) 客戶表示她沒有股票投資，對於投資藝術品和參加投資理財相關的線上活動沒有興趣。

4. 健康食品使用心得
    1) 客戶有在喝某種產品，早晚都要喝，並提到每兩天喝一支鱸魚精。
    2) 客戶曾經購買過益生菌產品，並了解其品牌、形狀和顏色，知道其有助於腸道健康和排毒，目前每天吃一顆。
    3) 客戶對於B群產品的價格感到驚訝，認為昂貴，但曾購買過並每月可兌換一次。
    4) 客戶對於激活再生安瓶的效果有興趣，並被建議早晚各用一支。
    5) 客戶提到她最近有購買過膠原蛋白產品，價格接近六萬元。
    6) 客戶對於自然美的產品感到滿意，使用過藍鑽系列產品和青春露進行保養，並提到晚上使用藍鑽產品，早上使用美白精華液。
    7) 客戶對於防曬產品的使用效果感到滿意，認為潤色效果自然且不黏膩，並提到CC霜的效果比防曬更好。
    8) 客戶提到她之前有購買過台灣之光的產品，並習慣直接飲用，該產品後來更名為四季之光。
    9) 客戶目前正在食用專員送的保健食品，並表示會再觀察效果。

5. 禁忌
    1) 客戶表示不想抹太多保養品，對於保養品的選擇有考慮，但未明確表示偏好高效且有明顯效果的產品。
    2) 客戶不想購買太多益生菌，想先試一組。
    3) 客戶不喜歡做臉或醫美相關服務，並提到目前沒有時間進行高端美容護理。
    4) 客戶對於購買精油組合和專員推薦的保養品持保留態度，表示需要考慮。
    5) 客戶對於產品的價格有要求，表示不能太貴，並對價格和優惠活動有一定的關注。",1
22021954,"1. 家庭關係
    1) 客戶有一個兩歲半的兒子，並在生了兒子後專心在家帶孩子。
    2) 客戶目前是保姆，負責照顧兩個小孩，並提到這些小孩並非自己的孫子。
    3) 客戶提到小朋友之間的關係不好，但未提供具體情況。
    4) 客戶的先生曾購買過咖啡豆，但因數量過多而退訂。

2. 健康狀況
    1) 客戶有腰椎滑脫，並有進行復健。
    2) 客戶有五十肩，之前嚴重到連穿內衣都困難，但目前情況有所改善。
    3) 客戶有膽固醇高的問題，並有在服用降膽固醇的藥物，每天早上服用半顆，血壓正常。
    4) 客戶有時感到關節和骨頭不適，並有關節壓迫感，但走路不會不舒服。
    5) 客戶表示最近眼睛有些乾澀，偶爾感到胃不舒服，並提到早上喝太多水會不適。
    6) 客戶表示最近感覺比較累。
    7) 客戶提到曾在游泳時因浪大撞到岩石受傷。

3. 職業背景
    1) 客戶目前的工作是保姆，負責照顧兩個小孩。
    2) 客戶提到以前有照顧過老人家，但老人家已經過世。

4. 健康食品使用心得
    1) 客戶目前正在喝第二盒保健食品，但對於產品效果持懷疑態度，認為很多產品並沒有宣傳的那麼好。
    2) 客戶曾購買過蚓激酶產品，但覺得效果不明顯，通常一天只吃一顆。
    3) 客戶曾購買過魚肝油，但因味道不敢吃。
    4) 客戶之前吃過咪唑胜肽產品。
    5) 客戶提到她吃顧骨頭的產品，但有時候會忘記吃。
    6) 客戶目前沒有在持續服用保健產品，家中還有未吃完的保健品。

5. 禁忌
    1) 客戶不常使用面膜，曾購買的面膜經常放到過期。
    2) 客戶對於電子版資料不感興趣，偏好紙本資料，因為有老花眼。
    3) 客戶目前沒有購買保健品的需求，因經濟狀況不佳，且家中已有多餘產品。",1
22022451,"1. 家庭關係
    1) 客戶與父母同住，但會兩邊跑，每週回家聚會。
    2) 客戶有兩位子女，其中一位在電子廠工作，另一位有甲狀腺疾病和地中海貧血。
    3) 客戶的兒子對藝術品有興趣，曾學過鋼琴，對周杰倫演唱會和韓國明星感興趣。
    4) 客戶的弟弟曾裝過心臟支架，並有心臟相關疾病。
    5) 客戶的父親有腎結石，腎臟功能受損，母親年紀較大，喜歡在momo台購物。
    6) 客戶的侄女有地中海貧血，弟弟和侄女會訂購商品。
    7) 客戶的家族在廣西桂林經營農產品工廠，家族有心臟較弱的遺傳。

2. 健康狀況
    1) 客戶有心臟問題，曾有心絞痛和心臟不適，並有家族性心臟病史。
    2) 客戶有職業病，包括膝蓋半月板損傷、腰痠背痛，並提到手麻的情況。
    3) 客戶有遺傳性白頭髮問題，並提到家族性過敏，容易因感冒引發喉嚨痛和胸悶。
    4) 客戶曾有胃食道逆流問題，但已改善，並提到自己是易胖體質，正在控制體重。
    5) 客戶的睡眠狀況良好，但有時會因勞動感到疲憊。

3. 職業背景
    1) 客戶目前在工地從事基礎建設工程，負責管理數十人，工作時間不固定，經常加班。
    2) 客戶曾從事農產品行業，家族經營農產品加工廠，並有原物料代理商的經驗。
    3) 客戶提到工作壓力大，涉及工程款結案，並考慮辦理退休。
    4) 客戶的工作涉及投資和資金調度，並有購買土地和房產的經驗。

4. 健康食品使用心得
    1) 客戶固定每天服用幹細胞產品，認為其有助於健康，但會錯開與中藥的服用時間。
    2) 客戶對褐藻產品和魚油有興趣，認為對免疫力和心臟有幫助。
    3) 客戶曾嘗試過紫河車、龜鹿二仙膏、鴕鳥精等保健品，但效果不明顯。
    4) 客戶對益生菌有興趣，計劃給小朋友食用。
    5) 客戶對幹細胞產品有一定了解，認為其有潛在健康益處，並提到臺大的認證。

5. 禁忌
    1) 客戶不喜歡谷胱產品，認為其無特別之處。
    2) 客戶不希望被推薦保健品，並表示不想再吃太多補品。
    3) 客戶對直銷產品持懷疑態度，不願參與。
    4) 客戶提到晚上不吃某些保健品，因為會影響睡眠。
    5) 客戶對於產品價格敏感，對高價產品持保留態度。",1
22023745,"1. 家庭關係
    1) 客戶有兩個女兒，與她同住，女兒會陪伴她一起玩，並幫她購買保養品和化妝品。
    2) 客戶的父母和兄弟姐妹住在台中，弟弟在成功大學教書，弟媳婦已退休，姐姐也住在台中。
    3) 客戶的妹妹是一位出家的師傅，客戶曾夢到妹妹並與她討論夢境。
    4) 客戶的家族每年在金門聚會，親戚眾多。

2. 健康狀況
    1) 客戶78歲，虛歲80歲，肌肉狀況良好，沒有肌少症，骨骼健康，並每天曬太陽和運動。
    2) 客戶的眼睛曾經開刀，目前一邊尚未完全康復，並且最近做了白內障手術，需要休息。
    3) 客戶提到自己對人蔘過敏，且過去在學校時曾接觸大量韓國人蔘。
    4) 客戶表示最近比較累，因為昨晚忙到很晚且沒睡好，但平時睡眠品質很好，隨時隨地都能入睡。
    5) 客戶目前正在進行一個療程，預計在12月底結束，並配合醫生進行營養資訊的調整。

3. 職業背景
    1) 客戶已經退休很久，退休後有很長一段時間待在家裡，偶爾出去玩。
    2) 客戶曾在學校工作，並帶大學生進行生態相關活動。
    3) 客戶的學生從事醫美相關工作，並會免費為她提供服務。

4. 健康食品使用心得
    1) 客戶曾購買並使用龜鹿膠片、龜鹿二仙膠、葉黃素、苦茶油、B群保健品及口服玻尿酸產品，對維他命C產品效果滿意。
    2) 客戶通常飯後服用葉黃素，飯前喝苦茶油，並每天早上服用多種保健食品。
    3) 客戶使用呼膠產品，並分享其功效。

5. 禁忌
    1) 客戶不喜歡吃燕窩，且對人蔘過敏，過去曾因食用過多而感到害怕。
    2) 客戶的女兒不吃龜鹿二仙膠，因此客戶只購買一組。",1
22028478,"1. 家庭關係
    1) 未提供具體家庭關係資訊。

2. 健康狀況
    1) 客戶為67歲女性，未提供其他健康相關資訊。

3. 職業背景
    1) 未提供具體職業背景資訊。

4. 健康食品使用心得
    1) 未提供健康食品使用心得相關資訊。

5. 禁忌
    1) 未提供禁忌相關資訊。",1
22029625,"1. 家庭關係
    1) 客戶有三個小孩，並曾送兩個小孩到英國。
    2) 客戶有一個孫子，孫子曾陪她去看病，且孫子有強迫症，讓她感到擔心。
    3) 客戶的老公是公司董事長，並且目前正在打胰島素。
    4) 客戶的兒子提醒她注意健康食品的安全性。
    5) 客戶的媳婦和孫子曾食用過某些產品，但出現腸胃不適情況。
    6) 客戶提到家裡人不喜歡代餐的味道，且家裡沒有人吃代餐。

2. 健康狀況
    1) 客戶有坐骨神經痛、脊椎疼痛、飛蚊症、強迫症、憂鬱症、高血壓、肝腎指數不正常及血糖偏高的問題。
    2) 客戶最近身體狀況不佳，感覺全身不舒服，並且脾氣變差。
    3) 客戶有植牙經歷，植了三顆牙齒。
    4) 客戶一天通常只睡三到四個小時，晚上一兩點才睡，甚至有時六點才睡。
    5) 客戶提到自己感冒、頭痛，並且最近心情不好。
    6) 客戶提到自己年紀大但仍然健康，常常照顧他人。

3. 職業背景
    1) 客戶提到自己有一家公司，並且非常忙碌，經常一天工作20小時。
    2) 客戶經常在台中開會，並提到自己在找工作。
    3) 客戶表示自己數學能力不錯。

4. 健康食品使用心得
    1) 客戶家中有大量保健品，包括幹細胞產品、葉黃素、益生菌、鹿胎盤、氨基酸等，但有些產品已過期或尚未使用完。
    2) 客戶每天幾乎都有吃保健食品，並已養成習慣，但對某些產品的效果表示不滿，認為有些產品導致腸胃不適。
    3) 客戶對幹細胞產品的效果有疑問，並對產品的顏色和內容物感到不安。
    4) 客戶對益生菌產品的效果和價格持懷疑態度，並擔心其副作用。
    5) 客戶對高麗蔘的提升效果表示認同，並詢問其原因。
    6) 客戶對某些產品的甜度和成分有顧慮，並對塑膠包裝的產品擔心塑化劑問題。

5. 禁忌
    1) 客戶不吃燕窩、當歸、澱粉和代餐產品，並表示家人也不吃代餐。
    2) 客戶對某些品牌和產品不感興趣，並表示不再購買。
    3) 客戶不喜歡拍照、不喜歡問卷調查，對提供個人資料感到不安，且不接不熟悉的電話。
    4) 客戶不喜歡林志玲，對某些活動和產品介紹不感興趣。
    5) 客戶對於購物活動、醫護人員團購活動和直播不感興趣，並表示不需要參加。
    6) 客戶不希望被打擾，尤其在忙碌或休息時。",1
22041482,"1. 家庭關係
    1) 客戶提到家中可能沒有人在家，建議晚一點再聯絡。
    2) 客戶提到禮拜天將出國，近期較為忙碌。

2. 健康狀況
    1) 客戶表示自己已經71歲，認為不需要保養。
    2) 客戶提到每天睡不飽，體力不足，晚上睡眠品質不好，但入睡很快。
    3) 客戶目前沒有在保養男性健康相關產品。
    4) 客戶提到目前沒有特別補充營養品或保健品，飲食正常。

3. 職業背景
    1) 客戶提到最近比較忙，導致未能定期服用保健品。
    2) 客戶表示對直播活動介紹的市場行情沒有興趣，並提到自己沒錢。

4. 健康食品使用心得
    1) 客戶提到最近開始在吃蚓激酶，但目前已將其放置一旁，尚未完全使用完。
    2) 客戶表示應該開始使用油田挺立。
    3) 客戶提到之前購買的葉黃素已經使用了快三年，但目前沒有在服用顧眼睛的保健食品。
    4) 客戶提到之前有購買日本品牌的B群保健食品，但目前沒有食用高單位B群產品。
    5) 客戶提到現在適應粒線體相關的保健品，並認為其可以幫助細胞充電。
    6) 客戶表示有飲用激活飲品。

5. 禁忌
    1) 客戶提到目前沒有在服用蚓激酶。
    2) 客戶表示葉黃素產品也沒有食用。",1
22048356,"1. 家庭關係
    1) 客戶與小孩同住，育有三個子女。
    2) 客戶的媽媽身體很好，能夠幫忙。
    3) 客戶提到兒子長期在國外。
    4) 客戶提到女朋友搬家，並會詢問女朋友是否需要購買蠶絲內褲。
    5) 客戶提到小朋友不在家，只有自己一個人。
    6) 客戶考慮將產品給侄女。

2. 健康狀況
    1) 客戶提到體重增加，但未明確表示是否超過八十公斤。
    2) 客戶今年尚未進行健康檢查。
    3) 客戶提到作息顛倒，半夜十一、十二點起來。
    4) 客戶目前忙於整理家裡，感到疲憊，最近幾個月沒有時間看電視。
    5) 客戶提到最近很忙，可能無法處理事情。

3. 職業背景
    1) 客戶曾在國際牌工作，負責裝冷氣，目前仍在幫忙裝冷氣。
    2) 客戶提到朋友從事保姆工作，採取三天工作三天休息的模式，並由人介紹。
    3) 客戶提到朋友的工作涉及資訊和按摩，並建議朋友出書或製作小影片。

4. 健康食品使用心得
    1) 客戶目前每天早晚飯前食用龜鹿二仙膠，一天一罐，但認為糖分太多。
    2) 客戶對減肥果凍產品感興趣，認為其有飽足感且無熱量，含膳食纖維和維生素。
    3) 客戶曾購買過葉黃素、益氣養神膏、粒線體飲品、華陀保健食品等，但部分產品尚未使用。
    4) 客戶對於產品的效果感興趣，特別是針對眼睛乾澀、記憶力提升、骨骼關節改善等。
    5) 客戶偶爾食用參條，並用其泡茶。
    6) 客戶對於台鹽產品的效果表示關注，認為某些疾病在好轉前可能會變得更嚴重。

5. 禁忌
    1) 客戶不喜歡華豐相關產品、風水畫及沖繩的某些東西。
    2) 客戶對某些產品不感興趣，如梅託洛和通血管產品。
    3) 客戶不再食用益氣養神膏，因為目前有其他龜鹿膠產品。
    4) 客戶不喜歡藍色商品，選擇銀色商品。
    5) 客戶不需要太多面膜，認為一組就足夠。",1
22050249,"1. 家庭關係
    1) 客戶提到媽媽和爸爸，但上下文不清晰，無法確定具體情況。
    2) 客戶提到老婆在賣床墊。
    3) 客戶提到女兒在騙人。

2. 健康狀況
    1) 客戶提到患有飛蚊症，並認為鳳梨酵素可以改善。
    2) 客戶提到有骨質和鈣質的問題。
    3) 客戶提到曾經接受過手術，但未詳細說明。
    4) 客戶提到胃潰瘍，並提到相關藥物的副作用如腹瀉、口渴、頭痛等，且治療需注意不能超過兩個月。
    5) 客戶提到心室肥大，可能與高血壓、甲狀腺亢進、長期久站及下半身循環不良有關，並可能需要手術治療。
    6) 客戶提到有高血壓、糖尿病及白內障。
    7) 客戶提到免疫力問題及腎結石。
    8) 客戶提到不愛走路，音波拉不起來。

3. 職業背景
    1) 客戶未提到自身職業背景，但提到對美容產品或服務有興趣。

4. 健康食品使用心得
    1) 客戶提到鳳梨酵素對飛蚊症有改善效果。
    2) 客戶提到使用淡鹽參劑，並是在醫界購買的。
    3) 客戶提到葉黃素。

5. 禁忌
    1) 客戶提到不吃某些食物，但未具體說明。
    2) 客戶提到不喝某些東西，但未明確表示是飲食禁忌。
    3) 客戶提到不宜泡大大的三級。
    4) 客戶提到抽菸不好。",1
22052232,"1. 家庭關係
    1) 客戶有太太和小孩，太太年紀較大，手腳不靈活，膝蓋曾受傷且經常疼痛，時好時壞，曾去國術館治療，主要擔心膝蓋問題。
    2) 客戶的小孩有時會送東西給家裡，並曾購買洗衣精和舒酸定牙膏。
    3) 客戶提到小孩有在吃中藥進行保養。

2. 健康狀況
    1) 客戶81歲，腰椎有問題，可能壓迫到神經，感到酸痛，但不嚴重，並認為長時間坐姿不正確可能引起不適。
    2) 客戶曾感冒，認為醫院的藥效果不佳，偏好藥房成藥。
    3) 客戶提到身體需要檢查，並表示疫情期間需注意健康。
    4) 客戶的太太有腿麻、膝蓋疼痛及腰痠背痛等問題，體力稍有改善。

3. 職業背景
    1) 客戶提到自己的房子是自己建造的，並有一些更新問題。
    2) 客戶目前已不開車，並提到從去年開始在金鄉時就未再開車。

4. 健康食品使用心得
    1) 客戶每天服用多種保健食品，包括攝護腺保健食品、幹細胞膠囊、萬壽元（蚓激酶）等，並認為龜鹿二仙膠效果好但口感不好。
    2) 客戶和太太每天飲用激活安瓶，主要是給太太飲用，認為太太體力有稍微改善。
    3) 客戶和家人有服用葉黃素，但提到家中葉黃素存貨多，尚未完全使用。
    4) 客戶曾購買山苦瓜、南瓜籽、參鹿產品等，並考慮升級南瓜籽產品。
    5) 客戶認為氨基酸產品不好喝，家中仍有存貨。
    6) 客戶對於保健食品的價格表達疑慮，認為昂貴，且對購買數量感到困惑，有些產品放置很久未使用。

5. 禁忌
    1) 客戶的太太從不使用保養品。
    2) 客戶提到需要注意長時間坐姿不正確可能引起的不適。
    3) 客戶提到需要戴口罩以防病毒傳播。",1
22055585,"1. 家庭關係
    1) 客戶有五個小孩，均為自然產，家人和小孩都有良好的保養觀念，並且全家人都在服用益生菌。
    2) 客戶的母親八十多歲，健康狀況良好，皮膚無斑點；父母健康狀況良好。
    3) 客戶的哥哥正在食用滴雞精，妹妹經常旅遊，計劃搭乘郵輪遊覽23個國家，妹妹的兩個女兒經濟狀況良好，妹妹的配偶已從中華電信退休。
    4) 客戶的兒子在一家韓國公司擔任主管，工作繁忙，並有服用魚油。

2. 健康狀況
    1) 客戶66歲，健康狀況良好，無三高或慢性疾病，血壓和血糖均在正常範圍內，體力和睡眠狀況良好。
    2) 客戶有便秘體質，從小便秘問題需掛急診，曾因服用幹細胞產品和粒線體激活產品加重便秘，並已停止使用。
    3) 客戶的腸道健康狀況良好，定期使用益生菌，曾做過腸鏡檢查，結果顯示腸道健康且無息肉。
    4) 客戶曾因車禍住院，但骨頭狀況良好，未受重大影響，僅損失一顆牙齒。
    5) 客戶皮膚狀況良好，從未長過痘痘，認為是遺傳自父親的膚質。

3. 職業背景
    1) 客戶目前經營早餐店，工作需要經常彎腰，導致腰痠背痛。
    2) 客戶退休後參與志工活動，因忙碌常未吃早餐。

4. 健康食品使用心得
    1) 客戶長期服用多種保健食品，包括益生菌、膠原蛋白、固關節、清血管、靈芝萃取物、軟骨補充劑、珊瑚鈣、花青素、植物性保健品等，並認為效果良好。
    2) 客戶每天飲用ulife產品，搭配250cc至300cc的溫開水，並有拿幾瓶給女兒試喝。
    3) 客戶曾購買東森活泉幹細胞產品，但因加重便秘問題而停止使用，目前仍有存貨未用。
    4) 客戶認為膠原蛋白產品效果不錯，並搭配維他命C促進吸收，運動前會飲用膠原蛋白。
    5) 客戶長期飲用初榨橄欖油、苦茶油和亞麻仁油，並認為靈芝萃取物含有人體必需的氨基酸。
    6) 客戶認為葉黃素有助於眼睛健康，並固定飯後服用。
    7) 客戶對粒線體產品效果半信半疑，並表示會先喝完現有存貨。
    8) 客戶曾因飲用某膠原蛋白產品感到胃部不適，並因此進行胃鏡檢查。
    9) 客戶認為人蔘需依體質調整，不適合每個人。

5. 禁忌
    1) 客戶曾因服用幹細胞產品、粒線體激活產品及妍美会的激活再生安瓶產品出現便秘問題，已停止使用。
    2) 客戶認為保健品不應放在太熱或陽光直射的地方，部分活菌產品需冷藏。",1
22057352,"1. 家庭關係
    1) 客戶已婚，家中有老公、女兒、兒子、孫子和孫女。
    2) 客戶有四個女兒、三個女婿和五個孫子（兩男三女），其中一名孫子九歲。
    3) 客戶的女兒們工作順利，且多為經理級，部分女兒住在外地，偶爾回家探望。
    4) 客戶的孫子和孫女喜歡吃益生菌、萬歲牌產品等，孫女喜歡吃枸杞原汁。
    5) 客戶的丈母娘年近八十，仍在使用保健食品。

2. 健康狀況
    1) 客戶有三高、脂肪肝、風濕、視網膜鬆脫等健康問題，並提到自己有服用抗凝血劑十年，需注意飲食禁忌。
    2) 客戶正在進行植牙，費用約25-30萬，預計十月或十一月完成，植牙後只能吃軟食。
    3) 客戶曾有胃炎，近期感冒過，並提到體力不佳，專員建議補充鱸魚精和膠原蛋白。
    4) 客戶每三個月進行健康檢查，血糖和其他指數目前正常。
    5) 客戶的女兒有支氣管炎，孫子健康，體重52公斤。

3. 職業背景
    1) 客戶目前69歲，已婚，曾在公司工作八年，現工作輕鬆但薪水略低。
    2) 客戶的工作時間為早上六點到晚上六點半，通勤距離約十公里。
    3) 客戶提到公司在颱風天和過年期間不放假，且無年終獎金。
    4) 客戶曾在夜班工作，並已習慣夜班作息。

4. 健康食品使用心得
    1) 客戶和家人經常食用保健食品，包括益生菌、白藜蘆醇、葉黃素、褐藻糖膠、龜鹿二仙膠、鱸魚精等，部分產品效果顯著。
    2) 客戶認為魚油、褐藻糖膠、白藜蘆醇等產品有效，並提到魚油幫助減肥，瘦了四公斤。
    3) 客戶對激活產品、氨基酸產品等表示不滿意，認為價格過高或效果不佳。
    4) 客戶每天飲用果膠，家中存有多盒保健食品，部分產品尚未使用或接近過期。

5. 禁忌
    1) 客戶因服用抗凝血劑，不能食用魚油及某些產品，需間隔四小時服用其他保健食品。
    2) 客戶不喜歡吃蛋糕、湯圓、牛角麵包、燕窩、榴蓮等食物，並對甜食和油炸食品興趣不大。
    3) 客戶對某些食物過敏，並提到吃某些產品會感到不適。",1
22067566,"1. 家庭關係
    1) 客戶有一個兒子，兒子是工程師，工作需要熬夜和用腦，住在台南，近期將搬新家，並且很少回家。
    2) 客戶的兒子和媳婦今年精神狀況不佳，兒子曾在客戶生日和購車時提供資金支持。
    3) 客戶的媽媽最近過世，生前有糖尿病，曾接受視網膜手術，並在日照中心用餐。
    4) 客戶的父親年齡在八九十歲之間，健康狀況不佳，經常需要坐輪椅，且有夜尿問題。
    5) 客戶的媳婦曾做過美容護理，對雞精有疑慮，認為可能會導致異常反應。
    6) 客戶提到家人有喝枸杞汁，並在三月份購買過三瓶。

2. 健康狀況
    1) 客戶有脊椎問題，曾壓到神經導致左腳不適，正在進行復健。
    2) 客戶有甲狀腺低下問題，需服用降血脂和甲狀腺藥物，醫生建議增加藥量。
    3) 客戶有慢性病，肝功能指數偏高，需注意飲食，並且不敢亂吃東西。
    4) 客戶曾在美國發現子宮癌，醫生建議將子宮摘除。
    5) 客戶偶爾需要服用鎮定劑或安眠藥幫助睡眠，並提到有時早上五點多就醒來。
    6) 客戶的皮膚狀況良好，但臉部容易泛紅，夏天尤為明顯，對過敏問題有擔憂。
    7) 客戶提到自己有掉髮情況，但不明顯。
    8) 客戶每年進行健康檢查。

3. 職業背景
    1) 客戶已退休，每月領取約兩千多元的退休金。
    2) 客戶的兒子是工程師，媳婦也有工作。

4. 健康食品使用心得
    1) 客戶曾嘗試納豆紅麴，但效果不佳，對保健食品效果持懷疑態度，認為無效的產品不值得繼續服用。
    2) 客戶目前專心服用活泉產品，每天早晚各吃兩顆金色版本，並對幹細胞產品有興趣。
    3) 客戶不喜歡吃保健食品到達標準值，且不會每天食用，出國時也避免食用某些產品。
    4) 客戶對產品的味道敏感，對某些產品味道不滿意，曾因效果不佳或不適合體質而退貨。
    5) 客戶的媽媽每天吃兩顆升級版保健品，父親有在吃葉黃素。

5. 禁忌
    1) 客戶不喝雞精，認為味道不佳，且不喜歡吃苦的巧克力。
    2) 客戶不吃燕窩，認為太貴且無效果。
    3) 客戶不敢每天吃同一種保健品，除了葉黃素和B群。
    4) 客戶不喜歡別人碰她，對某些服務感到不適。
    5) 客戶不喜歡電子帳單，偏好紙本帳單。
    6) 客戶不喜歡敷面膜，認為黏膩不舒服。
    7) 客戶不喜歡某些產品的味道，並停止使用。",1
22069205,"1. 家庭關係
    1) 客戶的女兒在日本生活，並已購買房子，且不打算回來。
    2) 客戶的配偶在高鐵工作，擔任技術人員，並會到日本受訓。

2. 健康狀況
    1) 客戶表示自己沒有三高，皮膚狀況良好。
    2) 客戶平時很少吃保健品，認為自己不需要使用保健品。

3. 職業背景
    1) 客戶未提及自身職業背景。
    2) 客戶的配偶在高鐵擔任技術人員。

4. 健康食品使用心得
    1) 客戶平時很少使用保健品，並表示不需要使用。
    2) 客戶提到朋友寄給她的保養品是百貨公司有上櫃的品牌，且有同學提供自製的染護產品給她使用。

5. 禁忌
    1) 客戶未提及具體禁忌事項。",1
22069800,"1. 家庭關係
    1) 客戶有一位先生，先生平日忙碌但會幫忙處理交易事務，並且有愛心，會照顧寵物。
    2) 客戶有兩個女兒，其中一位女兒建議她去澳洲，並將寵物交由客戶照顧。
    3) 客戶目前住在女兒家，女兒幫忙照顧寵物。
    4) 客戶提到父親節希望能送商品給先生，母親節時女兒曾表示要買禮物給她。

2. 健康狀況
    1) 客戶膝蓋不適，曾因車禍和騎車跌倒受傷，並進行過抽水、PRP及玻尿酸治療。
    2) 客戶曾進行脊椎手術，目前傷口已好轉，並穿鐵甲支撐。
    3) 客戶有長骨刺及膝蓋息肉，近期需要休息，並定期回診。
    4) 客戶年紀大了，睡眠品質變差，早上起來常頭痛。
    5) 客戶身體狀況正常，無慢性病或三高問題，但曾提到自己有三高。
    6) 客戶最近皮膚可能變得細緻，外貌有所改變，朋友認為她變漂亮。

3. 職業背景
    1) 客戶目前沒有在上班，曾提到自己做美容，了解相關產品。
    2) 客戶是華陀品牌的VIP貴賓，消費記錄超過20年。

4. 健康食品使用心得
    1) 客戶每天服用多種保健食品，包括幹細胞產品、鈣片、含玻尿酸的飲品及鹿胎盤安瓶，並感覺精神和體力有所提升。
    2) 客戶曾使用膏狀顧骨頭商品及膠原錠，並購買大量商品囤貨。
    3) 客戶認為安瓶效果較明顯，並分給姐姐試用。
    4) 客戶每天空腹服用保健品，並遵守飲水量規定，感覺膝蓋狀況有所改善。
    5) 客戶曾食用葉黃素及幹細胞膠囊，但目前已停止使用。

5. 禁忌
    1) 客戶對燕窩產品興趣不大，並表示不需要維他命D3。
    2) 客戶不使用電子帳單或email，相關事務由女兒處理。
    3) 客戶擔心購物花費過多被先生發現，並表示額度問題可能需要等待解決。
    4) 客戶提到某些產品味道濃烈或質地太薄，使用感受不佳。",1
22071655,"1. 家庭關係
    1) 客戶提到家中已經有購買其他品牌的面膜，且家裡堆了很多，因此暫時不需要再購買面膜。

2. 健康狀況
    1) 客戶表示她不吃保健品，並提到目前不需要購買益生菌、葉黃素、補骨胜肽等健康食品。
    2) 客戶提到她本身已經有在吃益生菌。

3. 職業背景
    1) 客戶提到她目前正在上班，且工作很忙。

4. 健康食品使用心得
    1) 客戶表示她本身已經有在吃益生菌，因此不需要再購買相關產品。

5. 禁忌
    1) 客戶表示目前不需要購買任何保健品、保養品、面膜或其他商品，並提到如果有需要的東西會自行購買。
    2) 客戶表示她住得離林口很遠，因此不會考慮前往該地。",1
22071766,"1. 家庭關係
    1) 無相關資訊。

2. 健康狀況
    1) 無相關資訊。

3. 職業背景
    1) 客戶目前沒有從事投資理財相關活動。

4. 健康食品使用心得
    1) 無相關資訊。

5. 禁忌
    1) 無相關資訊。",1
22074664,"1. 家庭關係
    1) 客戶有一位兒子，身高183公分，體重90公斤，目前單身，曾在澳洲和日本讀書，對歷史和線上資訊有理性分析，對音樂和攝影有興趣，曾經有一段感情但對方劈腿，讓他感到難過。
    2) 客戶的母親年齡在82至90多歲之間，身體狀況良好，但有腎臟問題需要使用洗腎機器，並且不吃牛肉，喜歡青菜搭配飲食。
    3) 客戶的父親已過世，生前為家人留下財務保障。
    4) 客戶有兄弟姐妹，視力普遍較差，可能與母親孕期營養不足有關。
    5) 客戶的配偶是導遊，工作辛苦但收入不錯，目前正在休息並進行復健和按摩療程。
    6) 客戶有兩個小孩，家中有四個房間，並有用人協助家務和做菜。

2. 健康狀況
    1) 客戶有糖尿病，曾因未服藥導致健康惡化，後來遵醫囑服藥後健康有所改善，糖化血色素約為6點多。
    2) 客戶曾裝心臟支架，心臟動脈有兩條堵塞，需進行手術，並使用無線心率監測設備。
    3) 客戶有高度近視，曾因糖尿病影響視力，進行過眼科手術，視力有所改善但仍需定期檢查。
    4) 客戶有尿酸高、胃出血、青光眼、氣虛等健康問題，並提到膝蓋能力較差。
    5) 客戶的血壓偏高，曾測量為140/81，並提到心臟健康狀況可維持四年。
    6) 客戶提到睡眠品質不佳，容易疲憊，且有時感到氣喘。

3. 職業背景
    1) 客戶接手父親的公司，從事進出口業務，規模小但業務穩定，僅有十名員工。
    2) 客戶曾在大學時期擔任家教，教了三名學生以賺取學費和生活費。

4. 健康食品使用心得
    1) 客戶每天早晚服用保健食品，包括膠原蛋白、益生菌、幹細胞產品、鱸魚精、鴕鳥精等，並對其效果表示滿意。
    2) 客戶提到喝蜂王乳感覺很好，並有存貨，還提到使用人蔘和補血補氣產品。

5. 禁忌
    1) 客戶不喜歡吃辣，只能接受微辣食物，並不喜歡吃蘋果，偏好荔枝。
    2) 客戶不喜歡外面的膠囊式咖啡機，偏好使用自己的咖啡機。
    3) 客戶不習慣接受按摩服務，對某些保養方式不感興趣。",1
22080997,"1. 家庭關係
    1) 客戶與先生、兒子住在一起，家中還有四五個人住在外地。
    2) 客戶的孫子孫女約三十歲，孫子在桃園市政府擔任統計相關職位。
    3) 客戶的兒子在台北上班，家中有小朋友在吃葉黃素，兒子也有在吃魚油。
    4) 客戶的父親有健康問題，需早晚各服用兩顆保健品。
    5) 客戶的大哥有攝護腺問題，可能會頻尿，並開始服用相關產品。
    6) 客戶提到她沒有和女兒住在一起。

2. 健康狀況
    1) 客戶80歲，有高血壓（血壓約140，有時降至120多）、糖尿病（糖化血色素6.1）、攝護腺肥大、頸椎問題（曾開刀裝三個墊片，術後有後遺症，脖子不適且痠痛），以及排便不順的問題。
    2) 客戶曾在年底發生車禍，導致小腿骨裂，行動不便，需打石膏，服用肌肉鬆弛劑和止痛消炎藥，傷口表面癒合但內部軟組織仍需修復。
    3) 客戶近期感到不適，疼痛且需打針治療，醫生未確定病因，並建議暫時不需長期服藥。
    4) 客戶睡眠時間約五到六小時，無需服用安眠藥，天氣炎熱會影響精神狀況。
    5) 客戶提到家中有人有乾眼症，使用人工淚液。

3. 職業背景
    1) 客戶目前無工作，曾提到自己年紀大了。
    2) 客戶的孫子在桃園市政府擔任統計相關職位。

4. 健康食品使用心得
    1) 客戶和先生一起服用蚓激酶，並對其溶解血栓的效果有了解。
    2) 客戶有在喝龜鹿產品，早晚各半瓶，並對其效果有一定認識。
    3) 客戶有在使用葡萄糖胺，對其有興趣，並考慮購買更多。
    4) 客戶有在喝玻尿酸產品，並提到身體有變好。
    5) 客戶有在吃益生菌、薑黃膠囊（具有預防作用），以及葉黃素（對修復視神經效果有興趣）。
    6) 客戶家中有多種保健品存貨，包括龜鹿膠、褐藻膠、納豆產品等，但部分已過期。
    7) 客戶曾購買過蚓激酶、挺立鈣、龍悅久久等產品，對部分產品效果滿意，但有些產品尚未吃完。
    8) 客戶對於健康食品的使用方法有疑問，專員建議一般保養一天一顆，有症狀時一天兩顆。

5. 禁忌
    1) 客戶不想購買幹細胞產品，因為有人建議不要買。
    2) 客戶需要與西藥隔兩小時服用魚油。
    3) 客戶提到購買的產品一天不能過量食用。
    4) 客戶家中有規定不加某種成分。",1
22087689,"1. 家庭關係
    1) 客戶目前出差在外，家裡沒有人可以收貨。

2. 健康狀況
    1) 客戶提到自己快六十歲。
    2) 客戶表示自己每三個月會去醫院檢查一次。
    3) 客戶平常有在運動，會跑步和走路。
    4) 客戶有固定使用益生菌和葉黃素作為保健品，並認為益生菌對她非常有效。
    5) 客戶每天都有在吃B群，但曾購買過B群後未食用。
    6) 客戶提到最近很忙。

3. 職業背景
    1) 客戶從事服務業工作，目前正在上班，工作內容與噴漆相關。
    2) 客戶的公司是做全身循環會的產品。
    3) 客戶的工作環境中每天有人來上幹細胞相關的課程，但她不喜歡幹細胞產品。
    4) 客戶的休假時間較少。

4. 健康食品使用心得
    1) 客戶固定使用益生菌和葉黃素，認為益生菌對她非常有效。
    2) 客戶是美樂家會員已有十幾年，每月扣款35點，約三千元。
    3) 客戶曾購買過石墨烯調節褲，但認為價格過高，即使折扣後仍然不划算。
    4) 客戶的朋友在石墨烯公司上班，曾幫忙以較便宜的價格購買石墨烯產品，但客戶不想麻煩朋友，因此選擇自己購物。

5. 禁忌
    1) 客戶不喜歡幹細胞產品。
    2) 客戶曾購買過歐洲原裝的龍血素回齡精華液，但現在已經不再購買保養品。",1
22090051,"1. 家庭關係
    1) 客戶提到她的老公比她年長一些，且血壓較高，正在服用降血壓藥物。
    2) 客戶的配偶去年因車禍導致有一些後遺症，且不願意服用保健品。
    3) 客戶提到她的媽媽比較瘦，適合穿L尺寸的衣服，並表示想給媽媽傳遞一件蠶絲背心。

2. 健康狀況
    1) 客戶提到她有胃炎，但目前狀況非常好。
    2) 客戶表示她平常有在吃葉黃素進行眼睛保養，並認為葉黃素是需要每天服用的保健食品。
    3) 客戶有在服用鈣片進行保養，並提到她平常有在吃B群，且可能已經服用一到兩年。
    4) 客戶曾使用過益生菌和代謝相關的保健品，但有時候太忙會忘記服用。
    5) 客戶表示她不吃魚油丸。
    6) 客戶希望補充與頭髮相關的產品。

3. 職業背景
    1) 客戶表示她的工作是賣便當，且每天都很忙，有時候還會進行外送工作。
    2) 客戶提到她今天休息，未營業。

4. 健康食品使用心得
    1) 客戶表示葉黃素對眼睛保養有幫助，並認為需要每天服用。
    2) 客戶有在服用華陀的龜鹿產品，偏好錠狀形式，並對華陀扶元堂品牌有一定了解。
    3) 客戶提到她平常有在吃B群，並會確認是否家裡其他人也需要吃。
    4) 客戶曾使用過益生菌和代謝相關的保健品，但有時候會忘記服用。

5. 禁忌
    1) 客戶表示她不吃魚油丸。
    2) 客戶提到她不喜歡檸檬味的沐浴乳。
    3) 客戶表示她不喜歡毛寶品牌的產品。",1
22128084,"1. 家庭關係
    1) 客戶未婚，與侄女同住，侄女有情緒問題並需服藥控制，且由客戶負責照顧。
    2) 客戶的侄女有一個已婚的姐姐，姐姐有一個小孩，生活正常。
    3) 客戶的父親年紀較大，曾飲用滴雞精。
    4) 客戶的弟弟的女兒有精神方面的問題。
    5) 客戶家裡曾有寵物，但已去世。
    6) 客戶的兒子曾購買過東森的產品。
    7) 客戶家中有很多人，回來時有三十幾人。

2. 健康狀況
    1) 客戶76歲，身體狀況不佳，最近瘦了4-5公斤，醫生建議不能再瘦，懷疑有肌少症。
    2) 客戶感到全身無力，經常感到疲憊，並擔心肌少症，甚至上廁所都無力。
    3) 客戶腸胃敏感，不能亂吃東西，不能喝咖啡，曾有十二指腸潰瘍問題。
    4) 客戶有腰痛問題，對床墊的支撐性有要求。
    5) 客戶曾跌倒，膝蓋和大拇指受傷。
    6) 客戶有過敏問題，手肘彎曲處會癢，皮膚乾燥。
    7) 客戶感冒過，身體有些不適。
    8) 客戶注重健康，曾被診斷為營養不良。

3. 職業背景
    1) 客戶已經退休，目前沒有收入。
    2) 客戶每月需撥兩萬元給有憂鬱症的親人。

4. 健康食品使用心得
    1) 客戶對保健品有興趣，經常購買但未必使用完，家中有許多未使用的保健品。
    2) 客戶喜歡粉末狀產品，對膠囊和顆粒狀產品不太能接受，對液態產品較感興趣。
    3) 客戶每天早上飲用杏仁粉和花旗蔘杏仁粉，並對其味道表示滿意。
    4) 客戶每天早上飲用苦茶油，並考慮再購買更多。
    5) 客戶經常吃小魚乾補充鈣質，對萬歲牌小魚乾產品有興趣。
    6) 客戶曾購買過香檳茸、氨基酸、鴕鳥精、龜鹿膠等產品，但因口感或其他原因未持續使用。
    7) 客戶對於幹細胞、粒線體和多肽銘產品感興趣，但尚未開始使用。
    8) 客戶對於花旗蔘杏仁粉、甘味人蔘粉末膠原蛋白、台鹽補充體力和補鈣產品表示滿意。
    9) 客戶對於產品的口感和價格敏感，對某些產品的味道不習慣，認為像藥味。
    10) 客戶對於健康食品的保存方式有疑慮，擔心過期或變質。

5. 禁忌
    1) 客戶不吃牛肉，對苦瓜、茄子、洋蔥等食物有飲食禁忌。
    2) 客戶不敢喝再生粒線體產品和鴕鳥精，因為腸胃不好且不喜歡味道。
    3) 客戶不敢吞幹細胞膠囊，對液態幹細胞產品較感興趣。
    4) 客戶不想再購買珍珠粉，認為已經吃了太多東西。
    5) 客戶對美胸衣感到不適，已退回。",1
22133296,"1. 家庭關係
    1) 未提及相關資訊。

2. 健康狀況
    1) 未提及相關資訊。

3. 職業背景
    1) 未提及相關資訊。

4. 健康食品使用心得
    1) 客戶對於華陀推出的黃金土龍龜鹿鴕鳥筋產品表示沒什麼興趣。

5. 禁忌
    1) 客戶目前沒有使用過喜來登、精華、香格里拉的會員卡。
    2) 客戶目前沒有想要兌換或購買任何產品的想法，並表示會再考慮是否需要購買產品。",1
22135395,"1. 家庭關係
    1) 客戶有一個兒子，目前在高雄，尚未畢業，從國小到大學都在台灣就讀。
    2) 客戶有孫女和一對雙胞胎孫子。
    3) 客戶的媽媽身體狀況不佳，未服用營養品。
    4) 客戶的父親會來探望她。
    5) 客戶提到她的老公，並表示已經和對方離婚。
    6) 客戶家中有寵物狗。

2. 健康狀況
    1) 客戶85歲，有高血壓、心臟問題、貧血、乾眼症、胃脹氣、筋膜炎、免疫力低下、牙齒不好、老花眼、近視、白內障手術史、以及肌少症。
    2) 客戶有服用降三高藥物、降壓藥、心臟藥、補血膠囊，並有時失眠。
    3) 客戶提到自己有便秘問題，腸胃和消化道功能不佳，容易感冒且有扁桃體問題。
    4) 客戶提到膝蓋不再疼痛，眼睛也不再模糊。
    5) 客戶提到她的牙齦需要檢查，並且有時候會感到身體某些部位疼痛。

3. 職業背景
    1) 客戶目前仍在上班，職業為公務員。
    2) 客戶提到她最近在單位工作，並提到收入不足以存錢，因為有固定開銷如房貸和養小孩。
    3) 客戶提到她大學畢業，並曾留學回國後遇到困難。

4. 健康食品使用心得
    1) 客戶有服用益生菌、葉黃素、魚油、氨基酸、苦瓜胜肽、Q肽、亞培安素、白藜蘆醇、葡萄糖胺、保腎丸等保健食品，並表示魚油有助於降膽固醇和增加血管彈性。
    2) 客戶每天服用兩顆葉黃素，早上飯後服用，後續可能減量至一顆作為保養。
    3) 客戶每天服用兩包益生菌，早晚各一包，並提到益生菌需用溫開水服用，不能超過四十度。
    4) 客戶提到她有在喝德國品牌的氨基酸飲品，每天早上喝一支。
    5) 客戶提到她有在使用Q肽霜，並被建議多使用以幫助排毒。
    6) 客戶提到她有在吃亞培產品，但不會吃亞培的其他產品。
    7) 客戶提到她每天服用兩顆粉紅色的保健食品，並有時候會吃兩包益生菌。
    8) 客戶提到她有在吃葉黃素和魚油，並表示魚油讓她感覺比較好。
    9) 客戶提到她每天早上起來空腹吃益生菌，並且每天都有吃一顆水煮蛋。

5. 禁忌
    1) 客戶對芒果和某些消炎止痛藥過敏。
    2) 客戶幾乎不吃燥熱的食物。
    3) 客戶提到標靶藥物是她的禁忌，並表示不想訂購相關產品。
    4) 客戶提到她的牙齒不好，無法咀嚼硬的食物，且幾乎不吃肉。",1
22138860,"1. 家庭關係
    1) 客戶的女兒在美國，並且她幫女兒繳納勞保費。
    2) 客戶的兒子有三個小孩，她需要幫助兒子照顧小孩，並幫兒子繳納勞健保費。
    3) 客戶的丈夫有時會購買自己的保養品，並且不反對她購買面膜等物品，但目前住院中，客戶正在醫院陪伴。
    4) 客戶的媳婦從事保養品相關工作，並在母親節時送了她保養品。

2. 健康狀況
    1) 客戶的三酸甘油酯過高，並嘗試通過運動和飲食控制來改善健康狀況。
    2) 客戶有運動習慣，包括快走和在家跑步，每天運動至少30分鐘。
    3) 客戶曾經因為暈倒過，現在不再自己洗頭，通常由他人幫忙洗頭。
    4) 客戶擔心胃的狀況，並表示目前不想再吃藥，因為吃藥讓她感到害怕。

3. 職業背景
    1) 客戶目前在市場工作。
    2) 客戶的年齡為66歲，為女性會員。

4. 健康食品使用心得
    1) 客戶有在吃多種保健食品，包括挺立、魚油、葉黃素、骨頭保健品、姜黃和益生菌等。
    2) 客戶曾購買過諾麗果，但對其效果不滿意。
    3) 客戶曾訂購過大江生醫的膠原蛋白產品。
    4) 客戶目前家中還有兩瓶魚油，每瓶有120顆。
    5) 客戶已經購買了挺立鈣，但表示不需要太多鈣片，因為公司有提供。
    6) 客戶訂購了游離型葉黃素，但尚未收到貨品。
    7) 客戶的丈夫有在服用葉黃素。

5. 禁忌
    1) 客戶表示目前家中已有太多物品，因此不需要購買太多商品。
    2) 客戶的購物預算通常在兩千五百元以內。
    3) 客戶曾購買石墨烯材質的褲子，但因為不能試穿而退貨。
    4) 客戶通常選擇將退貨金額退到自己的帳戶。",1
22161110,"1. 家庭關係
    1) 未提及相關內容。

2. 健康狀況
    1) 客戶目前眼睛狀況良好，沒有不適。
    2) 客戶表示眼睛不會感到疲勞。

3. 職業背景
    1) 客戶目前正在工作，可能不方便接電話。
    2) 客戶在新加坡的門店上班。

4. 健康食品使用心得
    1) 客戶曾購買過膠原蛋白、葉黃素、玻尿酸、鴕鳥精、補骨胜肽等保健食品。
    2) 客戶家中目前還有很多保健食品存貨。
    3) 客戶表示不需要葉黃素，因為眼睛不會感到疲勞，但有時候會吃葉黃素，有時候不吃。
    4) 客戶之前有購買過華陀的葉黃素及菊葉黃素漢方添加保健組，但認為效果一般，眼睛沒有明顯改善。
    5) 客戶有在吃B群。

5. 禁忌
    1) 客戶目前不需要葉黃素。",1
22163902,"1. 家庭關係
    1) 客戶提到其先生建議不要購買華陀的產品。
    2) 客戶表示葉黃素是為小孩購買，因為價格比其他地方便宜。

2. 健康狀況
    1) 客戶表示她自己身體健康，沒有吃任何藥物，也不特別注意健康相關產品。
    2) 客戶提到她吃素，屬於蛋奶素，不能吃魚油。

3. 職業背景
    1) 無相關資訊。

4. 健康食品使用心得
    1) 客戶提到她不需要保健食品，但對其他產品有興趣。
    2) 客戶提到她好像有吃過華陀的益生菌，並表示想購買漢方益生菌產品。
    3) 客戶表示之前購買苦瓜胜肽是因為電視優惠，但先生食用後覺得沒有效果，因此不再考慮購買。
    4) 客戶提到她有在吃保健食品，並表示想先試吃看看再說。

5. 禁忌
    1) 客戶提到她吃素，屬於蛋奶素，因此魚油等產品不適合她。",1
22193172,"1. 家庭關係
    1) 客戶尚未結婚，沒有子女，通常自己住在外面，與家人聚會頻率不固定，可能每週一次。
    2) 客戶提到家中有媽媽，母親主要服用醫生開的藥，偶爾會吃益生菌，但有段時間未食用。
    3) 客戶曾購買過保健食品如益生菌和nbone產品給家人使用。

2. 健康狀況
    1) 客戶每年會進行健康檢查。
    2) 客戶早上吃素，中午過後才吃葷食，認為自己不適合空腹服用某些保健食品。

3. 職業背景
    1) 客戶提到假日不上班，六日不方便接電話或收貨。
    2) 客戶的日常開銷約在一萬五到兩萬之間，但不確定。

4. 健康食品使用心得
    1) 客戶目前服用益生菌作為保養品，家中益生菌存量充足，並曾購買過多種品牌的益生菌產品。
    2) 客戶對幹細胞相關產品的效果持懷疑態度，並詢問過幹細胞的使用方式。
    3) 客戶曾購買過苦茶油，但家中不喜歡橄欖油的味道。
    4) 客戶對奇異果益生菌是否有助於排便表示關注。

5. 禁忌
    1) 客戶不喜歡瓶瓶罐罐的保健食品，對霜類產品和黏膩的產品不感興趣。
    2) 客戶不使用面膜、面霜或相關保養品，且家中沒有人使用面膜。
    3) 客戶對舒敏系列的升級版產品和水光產品不感興趣。
    4) 客戶認為產品價格過高，且目前購買金額已超過預算。
    5) 客戶表示之前購買的保養品數量過多，部分已過期或即將過期，因此暫時不考慮購買新的保養品。",1
22196963,"1. 家庭關係
    1) 無相關資訊提供。

2. 健康狀況
    1) 客戶為72歲男性，健康狀況未明確提及。

3. 職業背景
    1) 無相關資訊提供。

4. 健康食品使用心得
    1) 客戶曾經使用過台塑生醫的醫之方B群產品。

5. 禁忌
    1) 無相關資訊提供。",1
22209002,"1. 家庭關係
    1) 客戶有兩個女兒，其中一位女兒曾從美國帶回保養品供她使用，並提醒她家裡有很多東西需要整理。
    2) 客戶的先生最近生病住院，咳嗽嚴重且氣管不好，並患有高血壓和心臟病，需服用多種藥物，通常在飯後服用。
    3) 客戶提到先生不喜歡油炸食物，需過濾後食用，目前正在喝雞精，並喜歡吃自己喜歡的食物。
    4) 客戶提到她的女兒認為她太瘦，建議保持現狀。

2. 健康狀況
    1) 客戶表示最近健康檢查指數正常，血壓和血糖都很正常，並每三個月進行一次健康檢查。
    2) 客戶曾接受過醫美療程，並提到最近胖了，可能是因為回北京跑很多。
    3) 客戶提到她即將住院，並可能不在家。
    4) 客戶的先生有高血壓和心臟病，健康狀況不佳。

3. 職業背景
    1) 客戶提到她的退休金已經用完。
    2) 客戶提到她五十歲以後才開始出國旅行，並偏好選擇距離較近的地點旅遊，例如日本、韓國和大陸。

4. 健康食品使用心得
    1) 客戶每天服用益生菌，通常在早上和中午服用，目前家中還有五盒存貨，並確認益生菌產品中包含紅色顆粒。
    2) 客戶曾購買幹細胞產品，對排便有幫助，目前還有未吃完的存貨，計劃五月初再購買。
    3) 客戶曾購買紅色膠囊瘦身產品，並每天中午和晚上各服用一顆，效果不錯，目前正在使用野生減瘦身產品，效果可以接受。
    4) 客戶曾購買葉黃素，並參加過促銷活動，對眼睛有幫助，且多次購買PPLS品牌的葉黃素。
    5) 客戶曾購買HA產品，並多次追加訂購，覺得保養品數量太多可能用不完。
    6) 客戶曾購買過華陀的補骨胜肽產品，並表示效果不錯。
    7) 客戶曾購買素龜鹿產品，且多次購買。
    8) 客戶表示之前購買的藍色葡萄果凍味道可以，但效果不佳。
    9) 客戶家中有很多保健食品，包括酵素、代餐、燕麥、益生菌和固力申，並提到固力申效果不錯，已購買兩瓶準備食用。
    10) 客戶曾使用雅詩蘭黛的保養品，疫情期間因缺貨改在東森購買，家中目前還有三瓶存貨。
    11) 客戶曾購買一年份的面膜，並提到之前有吃過燕窩。

5. 禁忌
    1) 客戶和先生都不吃幹細胞相關產品。
    2) 客戶提到家裡買藥沒有地方放，並提到老公不能買太多東西回來。",1
22209934,"1. 家庭關係
    1) 客戶提到自己住在南部，氣候炎熱，家人需要等她走路，顯示家人對她的關心和陪伴。

2. 健康狀況
    1) 客戶提到自己已經70多歲，頭髮掉得很快，甚至接近光頭，認為這是正常現象，但也希望改善毛髮生長。
    2) 客戶有甘油三酯偏高的問題，屬於三高之一，目前有在服用三高的藥物。
    3) 客戶提到年紀越大體力越差，免疫力也有所下降，並在最近的泰國自由行中感到疲憊，走路速度較慢。
    4) 客戶對於每天需要服用的多種產品數量感到疑惑。

3. 職業背景
    1) 客戶未提及具體職業背景，但表示對收藏品和投資股票等不感興趣，認為這些不適合自己目前的生活狀況。
    2) 客戶提到目前有分期付款的負擔，表示不想再增加額外的經濟壓力。

4. 健康食品使用心得
    1) 客戶購買過多種健康食品，包括幹細胞產品、激活安瓶、葉黃素、德國氨基酸、益生菌等，並對益生菌效果表示滿意。
    2) 客戶每天喝一瓶激活安瓶，認為不需要一天喝兩瓶；曾早晚各服用兩顆銀色罐子的幹細胞產品，目前服用方式為中午飯後兩顆，晚上睡前一顆。
    3) 客戶對葉黃素產品效果感覺一般，對德國氨基酸的味道不滿意，認為難以接受。
    4) 客戶提到自己有存貨，包括激活安瓶、葉黃素、德國氨基酸等，表示需要至少六個月才能消耗完現有存貨，對於是否繼續購買持保留態度。
    5) 客戶認為產品標示的服用量不應超過建議，並表示多吃無益。

5. 禁忌
    1) 客戶不想購買動物性產品，對此有明確偏好。
    2) 客戶對於贈品有疑慮，認為可能接近過期，並表示不需要化妝品類贈品、面膜、燕窩產品及石墨烯襪子。
    3) 客戶對於產品的成分和功能需要詳細了解，避免重複購買相似功能的產品。
    4) 客戶對於先刷卡的操作表示疑惑，認為只是報名不應該先刷卡。",1
22212473,"1. 家庭關係
    1) 客戶已經結婚。
    2) 客戶的媽媽有訂購產品。

2. 健康狀況
    1) 客戶目前60歲，體重50公斤，飲食習慣清淡，三餐不吃重鹹食物，每天喝水約2000cc。
    2) 客戶有甲狀腺問題及腎臟發炎的情況，並已進行檢查。
    3) 客戶的睡眠品質很好，且有跑步的習慣。
    4) 客戶已完成健康檢查，但報告尚未出來。

3. 職業背景
    1) 客戶目前沒有工作，但有在做生意，近期因匯率問題生意較難做。
    2) 客戶每週都在學習，並且參與許多活動，行程繁忙，經常在外奔波。

4. 健康食品使用心得
    1) 客戶每天食用益生菌一包，有時候會吃兩包，出國時也會攜帶，主要為了整腸健胃，並不需要幫助排便。
    2) 客戶嘗試使用美人膠，但尚未感受到效果。
    3) 客戶曾購買過保健食品，但目前尚未開始食用。
    4) 客戶家中有許多保健品，暫時不需要再購買。

5. 禁忌
    1) 客戶不喝奶茶，但沒有乳糖不耐症。
    2) 客戶對防曬產品的防曬係數標示不清楚表示疑問。
    3) 客戶對動刀的美容項目會特別考慮。",1
22229915,"1. 家庭關係
    1) 未提及具體家庭成員或關係。

2. 健康狀況
    1) 客戶提到皮膚保濕不足，且為敏感肌。
    2) 客戶表示皮膚乾燥時會使用保養品，冬天會加強使用乳霜。
    3) 客戶提到她早上吃素食，並且不吃魚油，因為吃素。

3. 職業背景
    1) 客戶目前在上班，工作繁忙，經常無法接電話或專心聽電話。
    2) 客戶提到她有時候人在外面，忙於處理事情。

4. 健康食品使用心得
    1) 客戶曾購買過葉黃素、珍珠粉、B群、蔓越莓、玻尿酸保養品、口服安瓶（含膠原蛋白）、妍美会產品等保健食品，但部分產品尚未吃完或因忘記服用而未使用。
    2) 客戶目前有在服用B群（品牌為長生）及其他品牌的保健品，並表示一天吃兩顆葉黃素（早晚各一顆）。
    3) 客戶對口服安瓶的價格感到偏高，且認為賦活膠囊效果不夠好，但仍每天使用，想盡快用完。
    4) 客戶對玻尿酸保養品和葉黃素的使用感覺一般，未有特別效果。
    5) 客戶表示她有時會根據電視推薦購買產品，但目前家中已有存貨，暫時不考慮購買新產品。

5. 禁忌
    1) 客戶不吃魚油，因為吃素。
    2) 客戶不喜歡分期付款。
    3) 客戶對黃金羊毛脂產品未使用過，對自然美的洗面乳和卸妝膏感到不習慣。
    4) 客戶表示不想使用折扣點數購買商品，且目前沒有特別喜歡的商品。",1
22231391,"1. 家庭關係
    1) 未提及具體家庭關係。

2. 健康狀況
    1) 客戶提到自己不容易發胖，並通過控制飲食來保持體重。
    2) 客戶平常沒有運動習慣，因為上班沒有時間。

3. 職業背景
    1) 客戶目前仍在工作，但未提及具體職業。

4. 健康食品使用心得
    1) 客戶有服用多種保健食品，包括東森的綜合維他命（中午飯後服用）、B群（每天一顆，但效果不明顯）、維他命C、益生菌、酵素（認為對身體有幫助）及鈣片。
    2) 客戶曾購買過核桃等健康食品自行食用。
    3) 客戶曾購買過PPLS產品及東森的葉黃素，但表示對她來說效果不明顯。
    4) 客戶提到家中目前魚油產品和益生菌等保健品充足，暫時不需要再購買。
    5) 客戶認為幹細胞產品價格昂貴，且對購買精華會員卡沒有興趣。

5. 禁忌
    1) 客戶對直銷沒有興趣。
    2) 客戶目前不需要購買任何特定商品或折抵，並表示如果有需要會主動聯絡。
    3) 客戶對葉黃素、魚油或益生菌等保健品目前沒有需求。",1
22233482,"1. 家庭關係
    1) 客戶與老公、兒子、女兒共同生活，家中共有四人。
    2) 客戶的女兒已畢業一年，目前在家中，正在考慮從事航空業工作。
    3) 客戶的兒子曾因健康問題住院，抵抗力較差，並有過肺炎經歷。
    4) 客戶的老公有健康問題，包括脂肪肝、尿蛋白、腰痠背痛、異位性皮膚炎等，且有喝酒習慣。
    5) 客戶的母親吃素，家中無聘請看護。

2. 健康狀況
    1) 客戶有糖尿病、高血壓、脂肪肝（疑似重度）、地中海貧血（血紅素曾降至6）、腎臟血管瘤和水泡等健康問題。
    2) 客戶曾有腎結石、泌尿道感染、支氣管炎、鼻竇炎、退化性關節炎、膝蓋和小腿疼痛等健康狀況。
    3) 客戶術後需休養，曾進行全身麻醉和插管，並需服用止痛藥。
    4) 客戶有三高問題，醫生曾開藥但因副作用大而停藥。
    5) 客戶的體重約70公斤，代謝較慢，需靠飲食控制體重，並有水腫和小腿力不足的情況。
    6) 客戶的皮膚乾燥，偶爾癢，容易流汗，並有燥熱情況。
    7) 客戶的兒子有免疫力不足和心臟問題。

3. 職業背景
    1) 客戶目前在公司工作，偶爾在家工作，因公司距離較遠。
    2) 客戶忙於工作，經常加班，無法參加健康講座或運動課程。
    3) 客戶有投資住宅地產，地點包括新北、桃園和台中。

4. 健康食品使用心得
    1) 客戶曾購買多種保健食品，包括魚油、葉黃素、B群、益生菌、燃燒膠囊、瘦素、幹細胞產品等，並對激活產品效果表示滿意。
    2) 客戶的老公和兒子也有使用保健食品，老公曾因食用特定產品改善脂肪肝。
    3) 客戶對保濕面膜和保養品有興趣，認為面膜和乳液能改善膚質和保濕效果。
    4) 客戶對燕窩產品有偏好，但對價格和效果有疑慮。

5. 禁忌
    1) 客戶不吃澱粉，限制進食時間，並避免高油、高糖、高鈉食物。
    2) 客戶不敢吃辣，對海鮮類食物有忌口。
    3) 客戶被建議避免紅豆、綠豆等可能影響血糖的食物。
    4) 客戶的老公不能喝酒，並有舌頭痛和異位性皮膚炎的問題。",1
22267067,"1. 家庭關係
    1) 無相關資訊。

2. 健康狀況
    1) 客戶為65歲女性。
    2) 客戶提到食用甘味人生產品後，排便變得比較順暢。

3. 職業背景
    1) 無相關資訊。

4. 健康食品使用心得
    1) 客戶有持續食用苦瓜代言的甘味人生產品。
    2) 客戶對該產品的使用感到滿意，認為有助於改善排便狀況。

5. 禁忌
    1) 客戶表示不需要保養品，並且已有足夠的保養品。
    2) 客戶表示不吃營養品。
    3) 客戶目前沒有其他相關需求。",1
22275273,"1. 家庭關係
    1) 未提及相關內容。

2. 健康狀況
    1) 客戶提到因為年紀的關係，對於活動不感興趣。

3. 職業背景
    1) 未提及相關內容。

4. 健康食品使用心得
    1) 未提及相關內容。

5. 禁忌
    1) 客戶表示目前的生活方式是過得越單純越好。",1
22276872,"1. 家庭關係
    1) 客戶與家人同住，家中共有三人，包括他自己、妻子和兒子。
    2) 客戶的妻子和兒子會講日語，對於自由行有幫助。
    3) 客戶的父親住在其他地方。

2. 健康狀況
    1) 客戶年紀61歲，曾有三高問題，但目前檢查結果顯示較為正常，壞膽固醇偏高但尚無需服用慢性病藥物。
    2) 客戶沒有三高問題，且目前沒有服用慢性病藥物。
    3) 客戶對於健康檢查的服務表示不需要，但每兩年進行一次健康檢查。
    4) 客戶對於健康講座活動表示可以接受。
    5) 客戶對於增加記憶力的產品有興趣，並提到記憶力不佳。

3. 職業背景
    1) 客戶在一家建設公司工作，主要從事房地產相關業務，並有南北兩地的工作安排，主要時間在台北。
    2) 客戶的公司有許多職位的人在大陸或國外。
    3) 客戶的辦公室位於台北，並由他自己負責整理。

4. 健康食品使用心得
    1) 客戶固定食用益生菌，認為對腸胃道有幫助，並對益生菌的效果有一定看法，認為效果有限。
    2) 客戶有食用幹細胞產品，偶爾會忘記食用，並將產品放在公司，認為幹細胞產品有助於減少疲憊感和改善精神狀況。
    3) 客戶有食用褐藻糖膠，早上記得的話會吃兩顆，並了解其有助於提升免疫力和抗發炎的效果。
    4) 客戶曾購買過新時代活泉幹細胞產品，認為其有助於減少疲憊感和提升精神狀況。
    5) 客戶曾使用過愛美人膠原蛋白產品，並詢問是否有特價。
    6) 客戶曾購買過益生菌、葉黃素、紅火龍果產品、魚油等保健食品，並對某些品牌如農保和保費感興趣。
    7) 客戶對於保健食品的購買持謹慎態度，避免浪費，通常購買五到六盒，並表示目前有很多保健品庫存尚未使用完。
    8) 客戶的家人會輪流食用益生菌產品，並根據效果更換品牌。
    9) 客戶的老婆使用膠囊產品和華陀的益生菌，老爸使用靈芝膠囊。
    10) 客戶對於某些保健品的價格感到昂貴，無法負擔，並表示不會購買某些產品。

5. 禁忌
    1) 客戶不吃素食。
    2) 客戶不能吃人蔘，並對人蔘產品不感興趣，因醫生建議不安全。
    3) 客戶對於臉部保養品和面膜不感興趣。
    4) 客戶對於某些高價產品持保留態度，認為價格過高。",1
22283772,"1. 家庭關係
    1) 客戶與家人同住，家中有兩個小孩，曾經睡上下鋪，後來搬出去住後各自有房間。
    2) 客戶的女兒曾得過肺炎，接受抗生素治療，並有胃潰瘍問題；大女兒曾因情緒問題服藥，畢業後因找工作壓力大而看精神科醫生。
    3) 客戶的兒子目前準備國際領隊和導遊考試，曾因摔倒受傷但無大礙。
    4) 客戶的家人中有老人家，客戶認為應由自己照顧老人家，避免讓下一代承擔責任。
    5) 客戶的家人中有醫生，哥哥已經恢復健康並開始上班。
    6) 客戶的父親曾因車禍導致眼球破裂，進行手術移除眼球。
    7) 客戶的家人有支氣管問題，去日本後狀況改善。

2. 健康狀況
    1) 客戶有三高問題、甲狀腺腫大、心臟問題、腎臟萎縮、胃食道逆流、甲狀腺結節、腸息肉、過敏體質、扁桃腺發炎、血壓高、血糖控制不佳等健康問題。
    2) 客戶有更年期症狀，心臟跳動慢，晚上睡眠不好，經常翻來翻去，偶爾服用安眠藥。
    3) 客戶的健康狀況不佳，走路會頭暈，有時會吐，最近有感冒，聲音有好轉但未完全康復。
    4) 客戶曾開過刀，術後有服用保健食品，並提到腎臟容易疲勞，肝功能不好，心臟不適。
    5) 客戶的家人有健康問題，包括黃斑部病變、免疫力下降、支氣管問題等。

3. 職業背景
    1) 客戶目前在辦公室工作，工作屬於責任制，時間不穩定，需外出處理事務。
    2) 客戶曾在外商公司工作，擁有豐富的行業和職位經驗。
    3) 客戶提到工作壓力大，工作環境人手不足。

4. 健康食品使用心得
    1) 客戶長期服用保健食品，包括魚油、葉黃素、苦瓜錠、活泉、益生菌、氨基酸等，並有固定服用時間。
    2) 客戶對味道敏感，偏好低腥味、低甜度的產品，曾因味道問題減少使用量或將產品送人。
    3) 客戶認為某些產品效果不錯，如鴕鳥精能提升精神，但影響睡眠；土龍產品對韌帶受傷有幫助。
    4) 客戶對保健食品的價格敏感，偏好性價比高的產品，並有分期付款的習慣。
    5) 客戶對保健食品的選擇會考慮家人的需求，曾為家人購買薑黃、苦瓜產品等。

5. 禁忌
    1) 客戶對糖類過敏，乳糖不耐症，不吃西瓜和冷食，對人蔘產品敏感，會引起喉嚨不適。
    2) 客戶不喝冰飲料和奶茶，對某些產品的味道過於敏感，會引發過敏。
    3) 客戶不使用大陸產品，對某些產品的磁場和口感有顧慮。
    4) 客戶不吃調味料，喜歡原味食物，對甜食和腥味敏感。",1
22287377,"1. 家庭關係
    1) 客戶提到兒子曾送過她葉黃素。

2. 健康狀況
    1) 客戶表示她沒有骨頭不舒服的問題。
    2) 客戶表示不需要口服玻尿酸。

3. 職業背景
    1) 無相關資訊。

4. 健康食品使用心得
    1) 客戶曾購買過妍美会的第二代和第三代葉黃素，但因效果不明顯或覺得沒用而停止使用，並將剩餘產品送人。
    2) 客戶曾購買過魚油。
    3) 客戶提到每天服用一顆葉黃素。

5. 禁忌
    1) 客戶不喜歡穿緊身衣物，並提到石墨烯循環褲因為太熱或太緊不舒服而未使用。",1
22292477,"1. 家庭關係
    1) 客戶已婚，與丈夫感情尚可，但夫妻聚少離多。
    2) 客戶有一個兒子，兒子曾因心臟瓣膜問題開過刀，目前已康復，對飲食品質要求高，工作繁忙，需服用保健品。
    3) 客戶有孫子和孫女，孫子有過敏問題，孫女與媳婦使用客戶購買的保養品。
    4) 客戶的父母健康，均活到80歲，母親曾因病住院，家族中無糖尿病病史，但其中一位哥哥年長時患有糖尿病。

2. 健康狀況
    1) 客戶目前血糖偏高，曾從7.2降至6.5，總膽固醇稍高，其他健康指標正常。
    2) 客戶有脊椎第三至第五節神經壓迫問題，腰酸背痛，曾因騎車摔傷加重病情，並接受針灸治療。
    3) 客戶有過敏性鼻炎，對潮濕天氣敏感，並曾因過敏和血壓升高送醫急診。
    4) 客戶有流汗多、過敏史、關節痠痛等問題，並提到年紀增長導致身體狀況變差。
    5) 客戶的丈夫有糖尿病，眼睛健康受影響，需定期進行眼部治療，並患有乾眼症。

3. 職業背景
    1) 客戶曾在大陸開過服飾店，經常往返大陸，目前屬於自由業，工作時間靈活。
    2) 客戶目前因健康問題暫時在家休養，曾因神經壓迫停止工作。

4. 健康食品使用心得
    1) 客戶長期服用多種保健食品，包括蚓激酶、活泉、香檳茸、氨基酸、膠原蛋白、褐藻、葉黃素、紅麴、魚油等，認為對健康和皮膚有幫助。
    2) 客戶每天服用多種保健品，認為皮膚變得滑嫩，Q彈度和精神狀況有所改善。
    3) 客戶的家人，包括丈夫、兒子和孫子孫女，也有服用保健品，並認為對免疫力和健康有幫助。
    4) 客戶對保健食品的使用有一定心得，認為氨基酸、褐藻和膠原蛋白是最喜歡的產品。

5. 禁忌
    1) 客戶不喜歡吃加工食品，認為外面食物的安全性堪憂，注重身體排毒。
    2) 客戶不喜歡使用高枕頭，認為太高會感到不舒服。
    3) 客戶不喜歡白色口罩，習慣使用其他顏色的口罩。
    4) 客戶不需要敷面膜，並拒絕購買藍鑽會員優惠的面膜。",1
22302680,"1. 家庭關係
    1) 無相關資訊。

2. 健康狀況
    1) 客戶有瘦身需求。
    2) 客戶對視神經修復的玻尿酸葉黃素產品暫時無需求。
    3) 客戶對降血糖、降血壓的引激酶納豆紅麴等產品沒有興趣。

3. 職業背景
    1) 客戶目前正在上班，工作繁忙，經常因工作無法接聽電話。
    2) 客戶年齡為66歲。

4. 健康食品使用心得
    1) 客戶有服用幹細胞產品，已服用多年，目前每天服用兩顆，該產品由朋友推薦，非在東森購買。
    2) 客戶有服用益生菌，並表示平常有在食用。
    3) 客戶曾經吃過粒線體相關的保健品。
    4) 客戶有購買過三色兒里產品，並已喝完藍色款。
    5) 客戶有購買過咖啡，並在早餐時飲用，覺得味道可以接受。
    6) 客戶有服用葉黃素，但不是每天服用。

5. 禁忌
    1) 客戶表示不喜歡使用保健食品。
    2) 客戶對電視上推薦的葉黃素、補骨胜肽、降血糖與血壓的引激酶納豆紅麴、益生菌、玻尿酸等產品沒有興趣。
    3) 客戶目前沒有飲用東森提供的產品。",1
22304833,"1. 家庭關係
    1) 客戶與丈夫及兩個兒子住在一起，丈夫身體狀況不佳，兩個兒子不主動食用保健品，且不願分擔照顧工作。
    2) 客戶的兒子曾經離家出走，後來被找回來，現在經常很忙，但有時會回家探望。
    3) 客戶的孫子考上學校，且是家中唯一比較會讀書的男生，還有兩個小孫女分別就讀一年級和三年級。
    4) 客戶的母親住在台中小女兒家中，母親吃素，女婿是牙醫。
    5) 客戶的姐姐患有肌少症、糖尿病、心血管問題及腦部退化，最近住院兩週，情況加重。

2. 健康狀況
    1) 客戶有糖尿病、高血壓、白內障（已更換人工水晶體）、胃食道逆流、偏頭痛、膝蓋疼痛、旋轉肌撕裂傷、牙齦發炎、牙齦腫、黑斑、皮膚乾燥、皮膚過敏、抽筋、心臟不適、膽固醇問題、睡眠不足、記憶力衰退、體重減輕、胃痛、腸胃不適等健康問題。
    2) 客戶曾因車禍導致肩膀旋轉肌受傷，至今仍需復健，並有手部未痊癒的情況。
    3) 客戶的丈夫有高血壓、輕微糖尿病、脊椎骨刺、便秘、夜尿問題，可能患有大腸癌，且體重減輕至9.5（單位不明）。
    4) 客戶的姐姐腎功能不好，免疫力差，患有糖尿病，曾因血糖飆升住院，家族有糖尿病遺傳史。
    5) 客戶的女兒因疫情感染住院，影響肺部，現在腎臟功能不好。

3. 職業背景
    1) 客戶提到她的兒子在南部工作了二十幾年，期間曾出國。
    2) 客戶的姐姐和妹妹考上高考，並有牙醫師的職業。

4. 健康食品使用心得
    1) 客戶曾購買多種保健品，包括褐藻、蚓激酶、幹細胞膠囊、鴕鳥精、龜鹿精、B群、益生菌、氨基酸、活泉等，但部分產品未使用完或因擔心過期而丟棄。
    2) 客戶認為幹細胞產品有助於改善健康問題，但對某些保健品的味道感到不適，甚至想吐。
    3) 客戶表示褐藻產品效果顯著，但有時粉末溢出讓她感到害怕。
    4) 客戶曾購買過昂貴的保健品，但認為價格過高，經濟負擔重，兒子也建議她不要再購買。
    5) 客戶的媳婦不敢吃褐藻糖，並對健康食品有顧慮。

5. 禁忌
    1) 客戶避免食用牛奶、海帶等食物，擔心影響健康。
    2) 客戶的朋友患有乳癌，醫生建議避免食用人蔘等可能促進細胞增長的食品。
    3) 客戶不適合大力按摩，曾因按摩感到疼痛。
    4) 客戶擔心某些健康食品可能促使癌細胞增長，對醫美治療感到害怕。",1
22314551,"1. 家庭關係
    1) 未提及相關資訊。

2. 健康狀況
    1) 未提及相關資訊。

3. 職業背景
    1) 未提及相關資訊。

4. 健康食品使用心得
    1) 客戶曾在東森購物購買過清體素和人蔘蜆的B群等健康食品。
    2) 客戶表示之前購買的健康食品尚未使用。

5. 禁忌
    1) 未提及相關資訊。",1
22337354,"1. 家庭關係
    1) 客戶未提及具體家庭成員，但表示家庭用品需求較多，可能有家庭生活需求。

2. 健康狀況
    1) 客戶未提及具體健康問題，但未使用保健食品，也未曾泡杏仁粉或食用燕窩。

3. 職業背景
    1) 客戶未提及具體職業背景，但根據其消費習慣，可能注重家庭生活及實用性商品。

4. 健康食品使用心得
    1) 客戶未使用保健食品，並未提及任何健康食品的使用心得。

5. 禁忌
    1) 客戶不使用保健食品。
    2) 客戶未曾泡杏仁粉或食用燕窩。",1
22341417,"1. 家庭關係
    1) 客戶提到家中有很多人，因此需要購買較多的商品。
    2) 客戶提到他的兒子昨天沒有空。
    3) 客戶提到他和家人都有在使用固體素產品。

2. 健康狀況
    1) 客戶表示目前身體狀況良好，認為不需要額外的保健食品。
    2) 客戶目前在服用臺大醫生開的心血管藥物。
    3) 客戶表示很久沒有做健康檢查。
    4) 客戶目前服用利保肝作為保養品。
    5) 客戶提到葉黃素對眼睛沒有感覺，並考慮魚油作為替代品。
    6) 客戶表示每天服用蚓激酶，一天吃一顆，有時加強到一天兩顆。
    7) 客戶提到自己有應酬喝酒的習慣。

3. 職業背景
    1) 客戶表示曾經在生物科技場工作，並與該公司的董事長簽約。
    2) 客戶提到自己目前從事工程公司相關工作，並擔任顧問角色。
    3) 客戶提到自己有接觸許多生物科技相關工作，並經常獲得試用品。
    4) 客戶提到自己是東森的高級登記會員，已經加入東森22年。

4. 健康食品使用心得
    1) 客戶提到曾經購買過龜鹿膠，但認為效果不佳。
    2) 客戶表示使用保健品後沒有感覺到精神或體力的改善。
    3) 客戶提到以前曾購買過蚓激酶並已經吃完。
    4) 客戶提到之前在東森購物有購買過顧骨頭的商品，但現在已經改用其他品牌的產品。
    5) 客戶提到曾使用葡萄王的牛樟芝產品，並詢問是否有其他相關產品。
    6) 客戶表示目前有意購買牛樟芝產品，並詢問是否有試用品贈送。

5. 禁忌
    1) 客戶提到目前不想購買任何商品。
    2) 客戶提到去年十二月曾購買羊排爐，之後未再購買東森商品。
    3) 客戶提到出國。",1
22342894,"1. 家庭關係
    1) 客戶有一個女兒、女婿和小孫女，計劃在過年期間與他們一起旅行。
    2) 客戶的妹妹住在台中，並提到曾為妹妹做了一件大事。
    3) 客戶的女兒曾從日本回來後住院，可能與健康問題有關。
    4) 客戶的孫子正在吃飯，並提到與女兒和女婿一起慶祝母親節。
    5) 客戶的老公有參與購買禮品。

2. 健康狀況
    1) 客戶有高血壓、糖尿病前兆、甲狀腺機能不足、白內障、心臟靜脈曲張、肌少症、灰指甲、視神經問題及水腫等健康問題。
    2) 客戶提到手術後手指頭仍有疼痛，並有挖出來的情況。
    3) 客戶有體重增加的問題，可能與甲狀腺機能不足有關。
    4) 客戶提到晚上會起來三次上廁所，並使用紙尿褲。
    5) 客戶提到尿液顏色很黃，懷疑是發炎。
    6) 客戶最近感冒嚴重，並提到曾得過流感但已恢復。
    7) 客戶提到有老人斑、手背斑點、肩膀不適及關節問題。
    8) 客戶提到有免疫功能下降，會咳嗽並有痰。
    9) 客戶提到有中暑經歷，並感到不適。

3. 職業背景
    1) 客戶是一名家庭主婦，生活單純。
    2) 客戶提到她的兒子曾經開戰鬥機，後來改為開計程車。
    3) 客戶目前參加銀髮族相關活動，並以貴賓身份出席朋友的會議。

4. 健康食品使用心得
    1) 客戶固定服用蚓激酶、苦瓜胜肽、葉黃素、銀保善存維他命、薑黃、乳清蛋白、益生菌等保健食品，並認為其對健康有幫助。
    2) 客戶對玻尿酸產品有興趣，並提到其有助於皮膚和骨骼健康，使用後皮膚變白且斑點不明顯。
    3) 客戶對燕窩產品有興趣，認為需要長期食用才能見效。
    4) 客戶提到使用過山蔘逆齡精華霜、龜鹿精、褐藻、枸杞汁等產品，並對效果表示滿意。
    5) 客戶每天早上喝一小湯匙龜鹿精，並每天喝牛奶補充蛋白質。
    6) 客戶提到使用地龍、琥珀黃金土龍和日本的通報警，並輪流食用。
    7) 客戶對石墨烯產品有興趣，並了解其對身體的幫助。

5. 禁忌
    1) 客戶不吃鈣片，但有服用其他保健品補充骨骼營養。
    2) 客戶儘量不喝咖啡，因為怕睡不著。
    3) 客戶不喜歡用洗衣機，喜歡手洗衣物。
    4) 客戶不喜歡晶華酒店的餐廳。
    5) 客戶不喜歡蜂蜜口味的夏威夷豆。",1
22349280,"1. 家庭關係
    1) 無相關資訊。

2. 健康狀況
    1) 客戶為60歲女性。
    2) 客戶曾使用過幹細胞相關產品，認為吃的幹細胞產品效果不佳，打針的效果較好。

3. 職業背景
    1) 客戶提到最近比較忙，沒有時間看電視。

4. 健康食品使用心得
    1) 客戶表示不需要保健食品或保健藥品。
    2) 客戶對幹細胞產品的基本功能已有了解，但對吃的幹細胞產品效果不滿意。

5. 禁忌
    1) 客戶不需要銀保善存綜合維他命。
    2) 客戶沒有使用過萬里圖洗髮精，並對此類產品沒有興趣。",1
22358934,"1. 家庭關係
    1) 客戶家中目前有四個人，包含先生、兒子、女兒及孫子，孫子目前正在當兵。
    2) 客戶的先生比她小一歲，兒子和媳婦平時下班後會看電視，假日會外出活動，晚上回家吃飯，兒子每月給她八千元作為家用。
    3) 女兒住在樓下，負責繳房貸，並曾帶她去日本用餐，早上會準備簡單餐點給她吃。
    4) 客戶有兩個外孫女，分別從事餐飲業和證券公司工作，外孫們很獨立並有打工。
    5) 客戶的母親曾因車禍導致粉碎性骨折，妹妹在美國工作，妹妹的孩子中有一個是自閉症。
    6) 客戶一家三代都是軍人，兒子當兵二十年後退伍，目前正在找工作。
    7) 客戶的家庭財產分配方式是兒子和女兒各一半，家人喜歡一起住的感覺。

2. 健康狀況
    1) 客戶有白內障，需進行相關處理，並提到骨頭曾經不舒服但已好轉。
    2) 客戶有三高問題，血脂和膽固醇偏高，家人容易過敏。
    3) 客戶目前感冒，行動不便，需使用拐杖站立，並有腰痠背痛問題。
    4) 客戶每天服用魚油、鈣片及益生菌，並有在做復健。
    5) 客戶提到她的牙齒需要進行根管治療，並考慮植牙或牙套。

3. 職業背景
    1) 客戶目前從事醫美相關工作，曾提到自己是包工。
    2) 客戶的女兒曾在醫院工作，現在從事賣藥業務。
    3) 客戶的大哥是退休公務人員。

4. 健康食品使用心得
    1) 客戶目前食用龜鹿精、鴕鳥精、魚油、鈣片、益生菌等保健品，並對華陀龜鹿雙寶產品的效果表示滿意，認為其有助於改善關節靈活性、減少腰痠背痛及提升精神體力。
    2) 客戶提到益生菌的使用效果很好，服用方式為早晚各一次，每次兩顆，品牌為葡萄王。
    3) 客戶對無花果產品和華陀黃金蛋白素有興趣，但表示目前保健品尚未吃完，不考慮購買新的。

5. 禁忌
    1) 客戶不吃牛肉，感冒時會看中醫，並避免食用某些產品。
    2) 客戶不喜歡接到陌生電話，認為詐騙電話較多。
    3) 客戶不會購買昂貴的精品或名牌商品，並不希望亂買東西。",1
22361189,"1. 家庭關係
    1) 無相關資訊。

2. 健康狀況
    1) 無相關資訊。

3. 職業背景
    1) 無相關資訊。

4. 健康食品使用心得
    1) 無相關資訊。

5. 禁忌
    1) 無相關資訊。",1
22362296,"1. 家庭關係
    1) 客戶有小孩，並提到小孩需要上學，曾感冒並服用藥物，診所判斷可能是流感。
    2) 客戶的母親住在花蓮，並希望保留花蓮地址作為寄送地點。
    3) 客戶主要負責照顧家裡的長輩，包括公公和婆婆，公公曾中風並進行復健，婆婆正在接受癌症治療並進行化療。
    4) 客戶提到家中沒有外籍看護，並定期幫忙購買長輩所需物品。
    5) 客戶表示家中長輩對保健食品接受度較低，認為多吃等於多吃藥。

2. 健康狀況
    1) 客戶表示目前沒有遇到任何健康問題，但提到自己有鼻炎，並表示有空時可以處理相關事宜。
    2) 客戶曾感冒，喉嚨失聲但已恢復，並認為中藥效果較好。
    3) 客戶提到臉部有下垂感，可能與蛋白質流失有關。
    4) 客戶的小孩最近過敏，正在嘗試使用某些產品改善過敏狀況。

3. 職業背景
    1) 客戶提到自己需要上班，因此無法參加健康講座。
    2) 客戶表示目前不在台北，下午才會回台北，並提到未來五年可能有買房計劃，地點可能選擇台北或新北地區。

4. 健康食品使用心得
    1) 客戶有使用再生安瓶，搭配燕窩及溫開水飲用，但目前未感受到明顯效果，並希望感受其差別。
    2) 客戶每天給小朋友吃益生菌一顆，並曾給小孩服用褐藻以提升免疫力。
    3) 客戶食用排便相關產品，認為效果很好，通常在排便不順時食用，並認為應長期使用以改善腸胃健康。
    4) 客戶平常將燕窩當作下午茶食用，最近因價格便宜食用更多，目前還有三盒存貨。
    5) 客戶提到葉黃素果凍味道酸，小朋友不太喜歡枸杞味的產品，但仍會給小朋友食用。
    6) 客戶對心血管保養產品效果持保留態度，目前未使用相關產品。
    7) 客戶對魚油沒有興趣，櫃子裡的保健食品尚未喝完。

5. 禁忌
    1) 客戶提到家人對石墨烯類商品興趣不大。
    2) 客戶表示小朋友不喜歡喝某些保健食品。
    3) 客戶提到長輩不太願意接受保健食品，認為多吃等於多吃藥。",1
22368905,"1. 家庭關係
    1) 客戶有兩個兒子，其中一個兒子已在土城購買了預售屋，另一個兒子正在看房子，計劃購買。
    2) 客戶希望小孩能夠照顧她，並與家人住在一起。
    3) 客戶的老公在國外工作，偶爾回台灣。
    4) 客戶提到有一個名義子。
    5) 客戶曾收養過一隻流浪狗，並支持捐贈狗狗貓貓的飼料。

2. 健康狀況
    1) 客戶目前正在進行化療和免疫治療，已完成30次化療，需進行總共60次，並每三個月進行一次全身檢查。
    2) 客戶有甲狀腺問題，曾進行手術，術後恢復良好，但體重增加與甲狀腺素有關。
    3) 客戶有膝蓋退化問題，走路會痛，化療後出現神經系統問題，醫生建議使用特定維他命。
    4) 客戶有胃食道逆流，因吃藥過多導致胃不適，考慮飯後飲用濃縮飲品。
    5) 客戶提到化療後頭髮掉落，但現在頭髮長得很快，體力和胃口良好，體重維持在75公斤。
    6) 客戶提到自己有人工血管，並詢問是否可以按摩。
    7) 客戶提到自己有時感到疲累，並考慮補充營養。

3. 職業背景
    1) 客戶是一名設計師，對設計有專業見解。
    2) 客戶對紅色設計不太喜歡，對草間彌生的作品較感興趣。

4. 健康食品使用心得
    1) 客戶購買過多種健康食品，包括苦茶油、多肽銘、益生菌、膠原蛋白、酸鎂、氨基酸、香檳茸、褐藻產品等，對部分產品效果滿意。
    2) 客戶認為益生菌果凍型產品口味不錯，能改善腸胃問題，但對某些益生菌效果不滿意。
    3) 客戶偶爾飲用氨基酸產品，認為其有助於補充體力，並將其送給朋友和小孩。
    4) 客戶對香檳茸和褐藻產品的抗癌效果有一定了解，並將香檳茸視為保健品。
    5) 客戶對膠原蛋白飲品和膠原錠有興趣，並曾購買過即食燕窩產品。
    6) 客戶認為酸鎂產品有助於促進腸胃蠕動，幫助排便。
    7) 客戶對華陀產品有興趣，並是華陀的VIP。
    8) 客戶對無糖燕窩產品感興趣，並選擇送燕窩作為禮物。

5. 禁忌
    1) 客戶醫生建議不要食用含龜鹿成分的產品，因可能影響治療。
    2) 客戶不吃黑棗精、人蔘精、土龍、鴕鳥、龜鹿精等產品。
    3) 客戶對免疫治療後的幹細胞產品持保留態度，計劃在治療完成後再使用。",1
22370353,"1. 家庭關係
    1) 客戶提到有兒子，並表示兒子已經購買了一些東西。
    2) 客戶提到女兒通常會幫忙查看和操作網路相關事宜。

2. 健康狀況
    1) 客戶目前77歲，曾提到自己有神經和骨頭方面的問題，並且這些問題已經持續了一年多甚至快兩年。
    2) 客戶有腰椎、髖關節、腳部問題，並提到脊椎壓迫到神經是主要問題。
    3) 客戶的膝蓋兩側已經換了人工關節，並提到需要進行膝蓋或腰椎的手術。
    4) 客戶有服用降血壓藥，並提到目前正在服用醫院開的藥物。
    5) 客戶提到目前的主要健康關注點是神經和腳部的問題。
    6) 客戶提到自己有膿腫的情況。

3. 職業背景
    1) 客戶未提及具體職業背景。
    2) 客戶提到自己不會使用電腦和網路，通常需要女兒幫忙。

4. 健康食品使用心得
    1) 客戶提到早晚各服用一顆保健品，並會在飯前服用。
    2) 客戶有服用B群、葉黃素、妍美会等保健食品，也有服用美容相關產品。
    3) 客戶家中有魚油，但未服用，並提到不能吃魚油。
    4) 客戶提到家中有很多保健食品和保養品，有些已存放兩三年甚至過期，並表示目前不再購買。
    5) 客戶提到之前購買了很多保健食品，主要針對神經痛問題，但目前不再購買。
    6) 客戶提到之前購買的產品是B群，但收到的是葉黃素。
    7) 客戶提到之前購買過鴕鳥筋產品，但目前沒有購買鴕鳥精，也不吃補骨胜肽。

5. 禁忌
    1) 客戶表示不吃鴕鳥精，因為覺得家中東西太多。
    2) 客戶提到不吃補骨胜肽，因為她的問題是脊椎壓迫到神經，而非骨頭問題。
    3) 客戶提到自己不使用化妝水、精華液和乳液，並從不化妝。
    4) 客戶提到目前不想亂吃東西，因為家裡還有很多東西沒吃完。",1
22371843,"1. 家庭關係
    1) 客戶全家共有三人。
    2) 客戶提到兒子有自己的生活方式。
    3) 客戶幫老公訂購涼席，並由老公使用。

2. 健康狀況
    1) 客戶為61歲女性，目前正在進行針對大腸癌的化療，已持續一年多，癌細胞尚未完全消除，仍需持續追蹤治療。
    2) 化療過程中，客戶出現掉頭髮、嘔吐及食慾不振等副作用，並感到身體不適。
    3) 客戶因病情原因裝有人工肛門，並表示不敢隨便吃東西，部分食物如人參和當歸為禁忌。

3. 職業背景
    1) 客戶目前沒有在上班。
    2) 客戶提到其癌症是在公司檢查時發現的。

4. 健康食品使用心得
    1) 客戶曾購買過益生菌及其他保健食品，但因過期未使用或丟棄。
    2) 客戶目前不需要保健食品，且因病情原因不敢隨便食用保健食品。

5. 禁忌
    1) 客戶不能食用人參和當歸等食物。
    2) 客戶因化療及健康狀況，不敢隨便亂吃東西。",1
22378432,"1. 家庭關係
    1) 客戶有三個小孩，通常每週都能見到兒子。
    2) 客戶的女兒有情緒問題，曾發作過，現在情緒狀況時好時壞，並且不喜歡吃藥，偏好用營養補充品調理。
    3) 客戶的孫子體重約80公斤，身高170公分，有皮膚問題和尿酸過高，平時水喝得少，體重增加且不運動。
    4) 客戶的姐姐身體狀況不佳，患有婦科癌症，膽固醇偏高，選擇不做化療，並有腸胃道問題。
    5) 客戶的先生有肺積水和大腸癌問題，正在接受化療和標靶藥物治療，健康狀況不佳。
    6) 客戶的父親病情嚴重，已從醫院帶回家中，需在家中陪伴，並使用嗎啡貼片緩解不適。
    7) 客戶家裡有一隻心臟較弱的貴賓狗，需要特別照顧。

2. 健康狀況
    1) 客戶有糖尿病，糖化血色素波動在7.7至8.5之間，血糖和血壓偏高，並有脂肪肝、肝纖維化、坐骨神經痛、退化性關節炎、五十肩、白內障、痔瘡、肌少症和心臟不適等問題。
    2) 客戶有時感到疲勞、記憶力衰退，並有睡眠不足的情況，通常睡眠時間僅五小時。
    3) 客戶的腎功能指數偏低，可能有慢性腎功能不全，並容易貧血。
    4) 客戶的肚子有脹氣，且有異位性皮膚炎，變天時會發作。
    5) 客戶的排便情況不佳，經常軟便或碎便，並有時候腳軟。

3. 職業背景
    1) 客戶目前已退休，無明確提及過去的職業背景。
    2) 客戶的女兒曾學過鋼琴，現在計劃重新開始彈鋼琴。

4. 健康食品使用心得
    1) 客戶有使用氨基酸、香檳茸、益生菌、幹細胞、葉黃素、滑精養身、粒線體產品等保健品，對部分產品效果滿意，但有時會忘記服用。
    2) 客戶對香檳茸、氨基酸和葉黃素產品的效果感到滿意，認為有助於消炎、修復骨頭、提升免疫力和改善眼睛健康。
    3) 客戶對於酵素產品的價格和效果持保留態度，認為價格昂貴且效果不明顯。
    4) 客戶對於降血糖產品的效果感到滿意，認為精神狀況有所改善。
    5) 客戶對於保健品的效期和價格較為關注，並傾向於先試用少量產品。

5. 禁忌
    1) 客戶不吃肉，吃素，並對甜食和高油脂食物有飲食禁忌。
    2) 客戶不喜歡含糖產品、含防腐劑的產品及味道過於濃烈的洗髮精。
    3) 客戶對於某些保健品的味道敏感，曾因味道不佳而丟棄氨基酸產品。
    4) 客戶不喜歡做臉，對於某些化妝品和護膚品不感興趣。
    5) 客戶對於過多的保健品存量感到壓力，並不喜歡一次購買過多產品。",1
22392489,"1. 家庭關係
    1) 客戶與家人住在一起，家中有一個兒子和一個女兒。
    2) 客戶的媽媽曾經使用過漢方集體的龜鹿和圖龍筋，客戶也曾購買過膠囊和紫色安瓶給媽媽使用。
    3) 客戶的健康檢查曾配合老公的公司和女兒的安排。

2. 健康狀況
    1) 客戶每年安排一次健康檢查，曾進行過心電圖等項目，對檢查身體缺什麼、食物過敏和自律神經的檢查表示接受。
    2) 客戶對腎臟健康和肥胖的關係有一定了解，並考慮使用益生菌改善腎臟健康。
    3) 客戶吃素，並詢問是否有適合素食者的保養品。
    4) 客戶提到在開會時睡不好，並對健康食品有一定需求。

3. 職業背景
    1) 客戶目前有在上班，每月個人開銷約兩萬元。
    2) 客戶經常在台北和高雄之間移動，白天因電話多可能無法接聽來電。
    3) 客戶對投資理財邀請表示有興趣，並願意參加相關活動。

4. 健康食品使用心得
    1) 客戶曾購買過氨基酸產品、自然美的膠囊產品、燕窩產品、激活安瓶、藍色擦臉膠囊等，對這些產品有一定的使用經驗。
    2) 客戶對雙十一特惠活動和燕窩產品的特惠活動感興趣，並選擇購買相關產品。
    3) 客戶對益生菌產品有興趣，曾在東森購買過曾國城廣告的一家人益生菌，目前家中還有未吃完的益生菌。
    4) 客戶對玫瑰金管子的臺大幹細胞產品有存貨，但表示不需要再購買幹細胞產品。

5. 禁忌
    1) 客戶吃素，對保養品是否適合素食者有要求。
    2) 客戶很少喝咖啡，家中習慣使用肥皂而非沐浴乳。
    3) 客戶對於健康食品的選擇較為謹慎，會考慮產品的成分和適用性。",1
22464661,"1. 家庭關係
    1) 客戶的父親患有糖尿病，且因年紀大無法進行手術。
    2) 客戶提到她的女兒也有在使用某些產品，且上次購買的大部分產品都給了她的女兒。

2. 健康狀況
    1) 客戶有糖尿病，並提到眼睛有時候看不清楚。
    2) 客戶的手和肩膀感到痠痛，且之前撞到鍵盤的地方還在痛。
    3) 客戶提到最近都碰到護理師，並表示目前在中醫院。
    4) 客戶已完成十二次療程，感覺不錯，療程中包含一次靜脈瘤治療，花費五萬多元，總共花費二十五萬元。
    5) 專員提到客戶有心臟問題，並對心臟保養有關心。

3. 職業背景
    1) 客戶提到她是黑卡會員。
    2) 客戶提到她在11月16日有活動，11月24日值班，11月21日會回台中。

4. 健康食品使用心得
    1) 客戶對於龜鹿精產品有興趣，並選擇了這個產品，且曾購買黃金土龍鴕鳥龜鹿精。
    2) 客戶對於野山人蔘的購買表示興趣，並決定購買兩組。
    3) 客戶提到她早上通常會吃兩顆保健品，下午或晚上會再補充一顆或兩顆。
    4) 客戶最近購買了一款黑色包裝的產品，尚未開始使用，因為前一款產品還有半瓶未吃完，之前使用的產品是銀色包裝，每天服用一顆，計劃開始使用新產品每天服用兩顆。
    5) 客戶表示曾購買茶磚，其中一塊茶磚已有三十幾年的歷史。
    6) 客戶以前買過華陀的產品，效果不錯，並曾購買青春露或化妝水類產品。
    7) 客戶提到自己有很多產品，覺得太多不好，並對於購買的產品有不滿意的經驗。
    8) 客戶提到她的女兒也有在使用某些產品。

5. 禁忌
    1) 客戶不喜歡過生日。
    2) 客戶對於佛教活動和守護神不感興趣。",1
22474164,"1. 家庭關係
    1) 客戶提到家人也沒有在食用保健食品。

2. 健康狀況
    1) 客戶表示自己沒有在做運動。
    2) 客戶為68歲男性。

3. 職業背景
    1) 客戶是東森購物的資深白金會員，已經加入會員超過23年，累積了960點的VIP會員點數，尚未使用。

4. 健康食品使用心得
    1) 客戶表示自己沒有在食用任何保健食品，包括鈣片、葉黃素和益生菌等。

5. 禁忌
    1) 客戶未提及具體的健康禁忌。",1
22479255,"1. 家庭關係
    1) 客戶有兩個女兒和兩個孫子，女兒經常幫忙處理家務和其他事務。
    2) 客戶的丈夫與孩子之間感情較淡，互動時間少，車款等費用由客戶自行負擔。
    3) 客戶的大哥目前在香港，可能需要進行神經阻斷手術，回來時會與孫子互動。
    4) 客戶的家人經常回家聚會，孫子喜歡玩玩具，家人也會幫忙處理一些事務。

2. 健康狀況
    1) 客戶72歲，提到最近有水腫問題，體重增加4-5公斤，醫生建議調理腸胃。
    2) 客戶每年三月進行健康檢查，眼睛狀況良好，對骨關節保養無特別需求。
    3) 客戶的父親有帕金森症和駝背情況，正在服用相關藥物。
    4) 客戶的女兒有心悸問題，眼睛有退化脫離的情況，並正在辦理信貸。
    5) 客戶提到最近熬夜研究股票，感覺很累，手指僵硬情況有所改善。

3. 職業背景
    1) 客戶曾從事益生元相關工作，目前在公司工作，但公司業務不多。
    2) 客戶對房地產和藝術品投資有興趣，曾購買和出售房產及收藏字畫。
    3) 客戶的公司進口水果罐頭和半成品，但她對新產品不太了解。

4. 健康食品使用心得
    1) 客戶每天服用幹細胞產品、蚓激酶、安瓶、益生菌等，對安瓶效果滿意。
    2) 客戶家中有大量保健食品，包括鈣片、益生菌、幹細胞產品等，認為購買過多，暫時不需要再購買。
    3) 客戶對萬歲牌堅果和粒線體產品有好感，認為方便且效果不錯。
    4) 客戶對朱紗產品有興趣，認為其具有助眠和避邪效果，但價格昂貴。

5. 禁忌
    1) 客戶不喜歡中藥材的味道，尤其是鴕鳥精和氨基酸的味道。
    2) 客戶不化妝，對某些化妝品的使用感受不同。
    3) 客戶不喜歡小魚和某些牙膏的口感，對外面提倡的食品感到不滿。
    4) 客戶對於購物台的產品有時會衝動購買，但熱情不持久，常常買了之後就不再使用。",1
22480711,"1. 家庭關係
    1) 客戶與配偶、女兒、妹妹及母親同住，父母已過世。
    2) 客戶有一個小孩，母親85歲，健康狀況不佳，需每日飲用營養補充飲品，並使用紙尿布。
    3) 客戶的配偶長期有健康問題，目前住院觀察，需判定是否手術，客戶計劃請假陪同。
    4) 客戶每月與家人聚餐一次，過年期間曾與家人一起去鹿港遊玩。

2. 健康狀況
    1) 客戶有高血壓、三酸甘油酯及膽固醇問題，經過飲食控制及服用保健食品後，健康狀況有所改善，血壓及相關指數已恢復正常。
    2) 客戶睡眠品質曾經很差，後來服用芝麻明E及安眠藥後改善，目前每天可睡五到六小時。
    3) 客戶有慢性病，需長期服用藥物，並定期進行健康檢查。
    4) 客戶曾受傷並休養兩三年，目前仍在恢復中。

3. 職業背景
    1) 客戶目前已經沒有上班，但曾提到工作地點在桃園，通勤需一個多小時。
    2) 客戶曾忙於公司的課程和出貨工作，並提到工作繁忙，無法查看折扣訊息。

4. 健康食品使用心得
    1) 客戶長期服用多種保健食品，包括葉黃素、幹細胞產品、蚓激酶、白藜蘆醇、益生菌、芝麻明E、B群、薑黃膠囊、褐藻六合一、攝護腺保健品及膽固醇保健品等，並認為部分產品效果顯著。
    2) 客戶認為芝麻明E對改善睡眠有顯著效果，幹細胞產品有助於修復細胞及促進健康。
    3) 客戶曾購買燕窩、華陀基金及其他商品，但認為燕窩價格昂貴，部分保健食品效果不符期待且價格高昂。
    4) 客戶曾購買幹細胞產品，但目前存量仍多，尚未吃完。

5. 禁忌
    1) 客戶不吃人蔘相關產品，認為不適合其體質，需經醫生確認後才能使用。
    2) 客戶對某些產品感到不適，並曾停用醫生開的藥物改為服用保健食品。
    3) 客戶擔心服用過多保健食品，通常每天只吃一顆。",1
22492713,"1. 家庭關係
    1) 客戶與家人同住，每週至少聚會一次。
    2) 客戶有三個子女，其中一個兒子目前在當兵，另一個兒子在國中，女兒養寵物。
    3) 客戶的老公曾中風，需照顧他並擔心二次中風。
    4) 客戶的女兒曾摔車，情況嚴重，涉及法律問題。
    5) 客戶的兒子騎車速度快，客戶認為很危險。
    6) 客戶的兒子不在身邊，且兒子曾與她一起騎摩托車旅行。
    7) 客戶的媽媽健康狀況良好。

2. 健康狀況
    1) 客戶有高血壓遺傳問題，並有血壓問題，需服用血壓藥。
    2) 客戶曾中風，並有心臟問題，需接受心臟科檢查。
    3) 客戶有腸胃問題，包括胃食道逆流、腸道發炎、結腸炎或盲腸炎，曾進行腸胃道手術，術後有人工造口。
    4) 客戶有全身痠痛、坐骨神經痛、腰痛、痔瘡及排便問題。
    5) 客戶的三高指數正常，血糖和尿酸指數正常，但糖分偏高，醫生建議控制飲食。
    6) 客戶有頭暈、想睡覺的情況，並曾經感冒。
    7) 客戶的骨質疏鬆檢查結果正常，但建議補充維他命D。
    8) 客戶有眼袋問題，曾購買眼霜但效果不佳。

3. 職業背景
    1) 客戶年輕時創業成功，現已半退休，主要由老公處理公司事務。
    2) 客戶熱心公益，參加消防隊顧問活動，並擔任社區職工。
    3) 客戶曾參加家長會會員活動，並對社區管理有參與。
    4) 客戶曾經投資股票，對穩定配息的投資產品感興趣。

4. 健康食品使用心得
    1) 客戶每天服用多種保健食品，包括激活再生安瓶、幹細胞產品、葉黃素、褐藻糖膠、維他命D和E等，並對其效果感到滿意。
    2) 客戶認為保健食品方便攜帶，適合日常和旅行使用。
    3) 客戶對東森購物平台信任，認為產品有保證，並對其物流速度和服務滿意。
    4) 客戶對自然美的美容產品和服務有信心，經常進行美容保養。
    5) 客戶對高蛋白產品、液態保健品和健康飲品的味道和效果感到滿意。

5. 禁忌
    1) 客戶不能吃太甜、太油、太鹹的食物，並注意飲食健康。
    2) 客戶對某些保健食品的味道無法接受，並不再購買。
    3) 客戶對於侵入性醫美持保留態度，選擇自然美的方式保養。
    4) 客戶的朋友的媳婦正在化療，客戶認為化療期間不應食用保健食品。",1
22493388,"1. 家庭關係
    1) 客戶有兩個兒子，其中一個已婚，另一個未婚並與客戶同住。
    2) 客戶有一個孫女和一個孫子，孫女12歲，孫子小學三年級。
    3) 客戶家中有兩隻貓，飼養超過十年。
    4) 客戶已離婚，家中有看護協助日常生活。
    5) 客戶的兒子和媳婦會幫忙購買保健食品，並陪同回診。

2. 健康狀況
    1) 客戶74歲，體重約60-65公斤，曾在三個月內體重從70公斤減至60公斤，並有肌少症。
    2) 客戶有高血壓、低血壓、心律不齊、腎功能不佳（腎絲球過濾率從43提升至55）、攝護腺良性增生、膀胱過動症、乾眼症、白內障、便秘、膝蓋無力、腳痛、頭暈、尿液泡泡及血尿等健康問題。
    3) 客戶曾進行攝護腺手術，術後行動不便，需使用輪椅，並有內部傷口需修復。
    4) 客戶有睡眠障礙，需服用安眠藥，並有口乾舌燥、尿頻、食慾不振等症狀。
    5) 客戶有腸胃道問題，包括便秘、腸躁症、食道逆流等，並曾使用軟便劑和益生菌改善腸胃健康。
    6) 客戶有子宮肌瘤，計劃進行手術。
    7) 客戶有攝護腺相關健康問題，曾接受手術，並有尿液紅色和尿灼熱感。
    8) 客戶有膝蓋疼痛，可能與膝關節潤滑液減少有關。
    9) 客戶有頭髮變白、皮膚乾燥、頭暈、流鼻血等症狀。

3. 職業背景
    1) 客戶為家庭主婦，約60歲時退休。
    2) 客戶的兒子從事設計和藝術相關工作，媳婦是設計師。

4. 健康食品使用心得
    1) 客戶有服用益生菌、酵素、B群、納豆紅麴、南瓜籽膠囊、蚓激酶、芝麻素、葉黃素、葡萄籽、胎盤素、氨基酸等保健食品，並認為益生菌、幹細胞產品和葡萄籽等對健康有幫助。
    2) 客戶表示益生菌有效改善腸胃健康，幹細胞產品有助於血液循環和神經修復，葡萄籽改善紅血球不足。
    3) 客戶對健康食品的效果感興趣，但擔心保健食品可能對肝腎有害。
    4) 客戶曾購買多種保健食品，但部分尚未使用完。

5. 禁忌
    1) 客戶避免食用加工食品、燒烤、漢堡肉、辛辣和薑等食物，偏好原形食物如南瓜籽和莓果類。
    2) 客戶不吃小魚干、橄欖油、太鹹或太油膩的食物，並避免與鈣片同時服用魚油。
    3) 客戶不喜歡吃甜食、冷食和某些氨基酸產品。",1
22505086,"1. 家庭關係
    1) 無相關資訊提及。

2. 健康狀況
    1) 客戶目前有眼睛乾、痠、澀的問題。
    2) 客戶剛剛感冒，但現在已經有好轉。

3. 職業背景
    1) 無相關資訊提及。

4. 健康食品使用心得
    1) 客戶已收到並開始服用綠蜂膠葉黃素產品，從昨天開始服用，表示希望先試用一組產品，確認效果後再考慮購買更多。
    2) 客戶有在攝取魚油，並提到以前曾購買過東森購物的魚油產品，當時有買一送一的促銷活動。
    3) 客戶詢問是否還有橄欖油可以購買，並提到家中還剩下兩瓶橄欖油。

5. 禁忌
    1) 客戶目前人在外面，講話不太方便，建議禮拜一或禮拜二聯繫較為合適。
    2) 客戶表示目前暫時不需要購買商品，但若有需要會再主動聯繫。",1
22506600,"1. 家庭關係
    1) 客戶有一個三歲八個月大的孫子。
    2) 客戶提到家中有一位剛出生不到一個月的小朋友。
    3) 客戶的孩子曾購買葉黃素給她使用。

2. 健康狀況
    1) 客戶目前正在服用中藥調理身體，並表示中藥對身體有改善。
    2) 客戶目前有在服用三高的藥物。
    3) 客戶提到目前沒有特別想要改善的健康問題。

3. 職業背景
    1) 無相關資訊。

4. 健康食品使用心得
    1) 客戶偶爾會購買保健品，但表示自己不常吃，覺得懶得吃，甚至有些產品買了也未開封。
    2) 客戶之前購買過妍美會的葉黃素，主要用於保養。
    3) 客戶提到葉黃素和益生菌是買給家人使用的，而非自己使用。
    4) 客戶昨天收到葉黃素產品並開始服用，每天服用兩顆，可飯前或飯後服用。
    5) 客戶提到她有其他品牌的葉黃素，但很少吃。

5. 禁忌
    1) 客戶目前沒有在吃保健食品，且表示沒有需要使用東森紅利點數的需求。",1
22511633,"1. 家庭關係
    1) 客戶與家人同住，並且有三個小孩。
    2) 客戶的母親75歲，會騎腳踏車，但因腳無力，客戶不建議她再騎。
    3) 客戶的母親不喜歡膠狀產品，習慣吞服。
    4) 客戶的父親患有肝癌。

2. 健康狀況
    1) 客戶54歲，女性，身體狀況不佳，最近去看醫生，並有囤積保健品的習慣。
    2) 客戶有肝腎問題，肝基因指數較高，腎臟不好，不能吃退燒藥和消炎藥。
    3) 客戶有更年期症狀，包括熱潮紅、煩躁、睡眠困難，月經尚未完全停止。
    4) 客戶有腸胃蠕動不佳，有時上廁所會感到疼痛，對腸道健康有興趣。
    5) 客戶有一點白內障，但尚未到需要手術的程度。
    6) 客戶曾做過基因檢測，顯示抗氧化能力不強。
    7) 客戶目前感冒，嘴巴和鼻子沒有味道，正在服用九天的西藥。

3. 職業背景
    1) 客戶提到自己是韓國人。
    2) 客戶曾在台灣的基因診所進行檢測。
    3) 客戶提到朋友在高雄有一家店，產品可以化痰潤喉，對咳嗽有幫助。

4. 健康食品使用心得
    1) 客戶有在服用韓國六年根人蔘皂苷和幹細胞產品，對幹細胞產品效果有一定認可。
    2) 客戶曾服用理會產品和粒線體相關保健品，但已停用。
    3) 客戶已購買固力申（顧骨頭產品）和葉黃素，計劃先吃完再考慮其他。
    4) 客戶有時候吃一到兩顆益生菌，家中有維他命A、C和益生菌等保健品。
    5) 客戶剛開始喝玫顏飲，對腸道健康產品有需求，認為腸道菌可改善皮膚狀況。
    6) 客戶對青春全產品有興趣，並詢問陳美鳳代言的活泉鹿胎盤產品資訊。
    7) 客戶對幹細胞產品和粒線體產品的功效表示關注。
    8) 客戶對白藜蘆醇產品有提及，但未明確表示興趣。

5. 禁忌
    1) 客戶不吃人蔘，擔心上火。
    2) 客戶對幹細胞產品中的胎盤素成分有疑慮，擔心荷爾蒙刺激和西藥殘留問題。
    3) 客戶不會購買保養品，因為已固定使用直銷產品，對其效果滿意。
    4) 客戶對面膜品質不滿意，認為不夠服貼且材質硬，並對退貨流程表示關注。
    5) 客戶對藝術品和醫美課程不感興趣，擔心體驗後需購買相關課程。
    6) 客戶不想購買太多葉黃素，認為價格不便宜且吃不了那麼多。",1
22522622,"1. 家庭關係
    1) 客戶目前沒有和家人住在一起，生活費不多，花費簡單。
    2) 客戶提到有一位姐姐在台北進行化療，姐姐是高中老師，化療期間體力良好，能在化療後隔天上班。
    3) 客戶提到有一位女兒，女兒曾建議他不要先買股票，並提到女兒的丈夫曾因賣掉股票而虧損。
    4) 客戶提到父親有疼痛的情況，母親提到葉黃素可以顧血管。
    5) 客戶提到有一位老婆。

2. 健康狀況
    1) 客戶有三高問題，包括血糖、血壓和血脂偏高，並有心血管遺傳病史，屬於高風險族群。
    2) 客戶有血糖控制需求，糖化血色素數值為6.5，空腹血糖在八十幾，血糖狀況較穩定，但需注意控制範圍。
    3) 客戶有自律神經失調、長期便秘、胃潰瘍、胃發炎、胃出血及胸悶的健康問題，曾因潰瘍問題導致胸悶。
    4) 客戶提到心電圖檢查結果顯示無異常，體力不如年輕時，無法熬夜。
    5) 客戶有高血壓，並提到膽固醇問題。

3. 職業背景
    1) 客戶目前沒有在上班，生活簡單，月開銷約兩到三萬。
    2) 客戶有投資行為，包括購買股票和ETF，總投資金額約六百多萬，投資時間約十四年，收益已超過以前的資產價值。

4. 健康食品使用心得
    1) 客戶有使用苦茶油作為日常飲食中的健康油品，並對其效果滿意。
    2) 客戶有使用苦瓜胜肽來穩定血糖，並遵循飯前半小時到一小時服用的建議。
    3) 客戶有服用蚓激酶來改善血糖和血管健康，固定在晚上服用，曾一天服用四顆，現在減量至一天兩顆。
    4) 客戶有服用葉黃素、褐藻、氨基酸、幹細胞產品及南瓜籽，並對褐藻效果表示滿意。
    5) 客戶有使用補氣血產品、無糖燕窩及減肥茶，並對甜味劑成分有關注。
    6) 客戶有購買過康泰產品、華陀穩控產品及萬歲牌堅果產品。

5. 禁忌
    1) 客戶避免攝取過多糖分及澱粉，並不吃肥肉。
    2) 客戶需注意血糖控制，避免過低或過高的風險。
    3) 客戶對酵素產品可能引起拉肚子有所顧慮。",1
22530784,"1. 家庭關係
    1) 客戶與兒子同住，兒子是醫護人員，工作繁忙，過年不一定能回家。
    2) 客戶的女兒和小朋友目前住在她家，女兒的公公婆婆沒有與他們同住。
    3) 客戶的父親是醫生，年紀很大，有糖尿病和灰指甲，血糖控制良好。
    4) 客戶的母親有三高，公公有糖尿病，婆婆需要洗腎。
    5) 客戶的孫女因胰島素不平衡導致血糖過高，需打胰島素。
    6) 客戶計劃與女兒和兒子一起去韓國旅行，並提到暑假期間小朋友會來她這邊。

2. 健康狀況
    1) 客戶有膽固醇微量偏高，服用降膽固醇藥物多年，膽固醇指數未超標。
    2) 客戶有甲狀腺結節問題，不能食用海藻類產品。
    3) 客戶有胃部不適，可能與胃潰瘍或胃食道逆流有關，對酸性食物敏感。
    4) 客戶有老花眼和白內障，曾經有飛蚊症但已好轉。
    5) 客戶的血壓和血糖狀況良好，五年未感冒。
    6) 客戶有睡眠問題，需服用安眠藥，但睡眠質量不佳。
    7) 客戶有牙齦發炎問題，曾嘗試使用幹細胞產品但無效。

3. 職業背景
    1) 客戶和先生曾是公務員，客戶已從桃園龜山某機構退休。
    2) 客戶的兒子是主治醫師，工作繁忙，曾在台南和大陸工作。
    3) 客戶的女兒在永豐銀行櫃檯工作，曾因車禍膝蓋粉碎性骨折，休養一年多。

4. 健康食品使用心得
    1) 客戶和兒子每天服用葉黃素，認為對黃斑部病變有效，但對白內障效果存疑。
    2) 客戶服用魚油、紅麴、益生菌、B群、蛋白粉等保健品，對部分產品效果滿意。
    3) 客戶對褐藻產品有使用經驗，認為有助於排毒和預防感冒，但因甲狀腺問題不再食用。
    4) 客戶對保健品價格敏感，認為部分產品過於昂貴，且擔心成分重複。
    5) 客戶對幹細胞產品和粒線體產品價格感到昂貴，對其效果持懷疑態度。
    6) 客戶對於天然、清淡、不添加的產品有偏好，對酸性和甜度高的食物不喜歡。

5. 禁忌
    1) 客戶不能食用海藻類產品（如海帶、昆布），因甲狀腺結節問題。
    2) 客戶不吃辣、不吃薯條和可樂，對麥當勞套餐不感興趣。
    3) 客戶對發泡錠和太酸的產品有不適反應，對太甜的食物不喜歡。
    4) 客戶對於膠囊類產品有吞嚥困難，建議避免使用。
    5) 客戶對於食品安全問題表示擔憂，儘量選擇清淡和安全的食物。",1
22536233,"1. 家庭關係
    1) 客戶已婚，但目前沒有小孩。

2. 健康狀況
    1) 客戶目前沒有任何不舒服的健康問題，但偶爾會有感冒情況，無發燒或腸胃不適，也沒有骨頭痠痛。
    2) 客戶提到眼睛可能有退化的情況，並表示眼睛有長大但未明確表示健康狀況改善。
    3) 客戶的睡眠狀態有所改善，感覺比較有精神，但仍在觀察效果。
    4) 客戶偶爾服用安眠藥，通常服用半顆以幫助睡眠。

3. 職業背景
    1) 客戶目前職業是保姆，已從事該工作十年。
    2) 客戶年輕時曾在托嬰中心工作，主要負責帶小孩。

4. 健康食品使用心得
    1) 客戶早上起床後會空腹服用膠原蛋白產品，並保持服用膠原蛋白等保健食品。
    2) 客戶平時也在吃益生菌、葉黃素、B群和維他命C等保健品，每月花費不到五千元。
    3) 客戶曾使用幹細胞膠囊，但未感受到明顯效果。
    4) 客戶表示喝了一種保健品後感覺效果很好，因此幾乎不再吃其他保健品。
    5) 客戶偶爾忘記每天喝粒線體保健品，目前手邊還有兩盒粒線體保健品。
    6) 客戶表示她的睡眠狀態有所改善，感覺比較有精神，但仍在觀察效果。

5. 禁忌
    1) 客戶表示目前沒有服用益生菌，也不需要購買相關產品。
    2) 客戶擔心保養品花費過高，並表示目前沒有購買需求。",1
22554348,"1. 家庭關係
    1) 客戶目前住在臨河，娘家在臨口，姐姐已婚並住在其他地方，客戶曾住在姐姐家。
    2) 客戶的婆婆每週回台北一次，近期婆婆身體不適，可能是感冒或口閉，並反覆發燒。
    3) 客戶的老公對她很好，支持她外出放鬆一兩個月。
    4) 客戶每年與姐妹聚會一次，並由哥哥請客吃飯。

2. 健康狀況
    1) 客戶膝蓋和肩頸有退化問題，並感到不適，骨密度也因摔跤而變差。
    2) 客戶有老花眼和臉部斑點問題，曾在懷孕期間嘗試雷射去斑但效果不佳。
    3) 客戶代謝狀況良好，通常在醫院進行健康檢查，每兩年在國泰檢查一次。
    4) 客戶不太敢出門，擔心感染，並且不敢做臉。

3. 職業背景
    1) 客戶未提及具體職業，但提到自己最近很忙，四月份會比較有空。
    2) 客戶對於信用卡累積里程點數和升等機票有興趣，並提到華航金卡的便利性。

4. 健康食品使用心得
    1) 客戶每天早餐前空腹飲用幹細胞產品，並認真飲用，但對口服產品的吸收效果持懷疑態度。
    2) 客戶每天有吃白藜蘆醇，曾購買過激活再生安瓶和三色利買代餐產品，對保健品效果感覺不明顯。
    3) 客戶使用過倍護產品，並已吃完，葉黃素還有剩餘。
    4) 客戶喜歡吃85%黑巧克力，早餐清淡，偶爾喝黑豆漿或牛奶，平常使用苦茶油，但對外面的苦茶油不太信任。

5. 禁忌
    1) 客戶不吃辣，不喜歡黑胡椒和海苔。
    2) 客戶不喜歡參加需要穿晚禮服的場合，也不喜歡拍照。",1
22555126,"1. 家庭關係
    1) 客戶有一個兒子，兒子不到30歲，且也有偏頭痛的問題，情況比客戶更嚴重，曾需要住院治療。
    2) 客戶的婆婆已經過世。
    3) 客戶曾送晚安面膜給老公的姐姐，並認為該產品很好用。

2. 健康狀況
    1) 客戶有偏頭痛問題，從二十幾歲開始至今已有三十年，可能是遺傳，因其母親和姐妹也有類似情況。
    2) 客戶有退化性關節炎，曾因摔傷接受過麻醉治療。
    3) 客戶懷疑自己有胃食道逆流，並有慢性胃炎和十二指腸潰瘍的症狀。
    4) 客戶的體質容易發胖，且有營養不良的情況。
    5) 客戶的免疫力較強，但有自體免疫反應，且對某些添加物和藥物過敏。
    6) 客戶有老人痴呆的狀況，並提到睡眠質量不佳，通常睡六小時，最近幾天睡眠不佳。
    7) 客戶有眼袋、熊貓眼及黑色素沉澱，眼睛容易癢，特別是眼角和眼周部位。
    8) 客戶有感冒時會選擇不吃藥，讓身體自行痊癒。

3. 職業背景
    1) 客戶對股票投資有經驗，尤其是對台積電的投資策略有見解。
    2) 客戶對投資高檔玉石有自己的看法，認為和田玉的投資報酬率不高。

4. 健康食品使用心得
    1) 客戶和兒子每週飲用氨基酸產品2到3次，客戶認為飲用後偏頭痛有所改善，且胃酸和胃痛症狀也有緩解。
    2) 客戶曾喝過玻尿酸產品多年，感覺有抗老效果，並對其效果滿意。
    3) 客戶對健康食品持謹慎態度，因為對藥物過敏，之前幾乎不吃健康食品，但開始食用後，睡眠和偏頭痛有改善。
    4) 客戶對蛋白質補充劑有興趣，考慮其對肌少症的影響，並擔心因少吃魚肉而缺乏蛋白質。
    5) 客戶提到喝完保健品後感覺身體變熱，認為是正常代謝反應。

5. 禁忌
    1) 客戶對某些藥物和添加物過敏，會出現皮膚過敏反應。
    2) 客戶不喜歡吃魚、肉和榴槤，並避免食用辛辣食物，因為吃辣椒會導致胃痛。
    3) 客戶不太敢吃水果，因為曾因大量吃水果導致手腳冰冷。
    4) 客戶不喜歡使用針管類產品，對某些包裝形式不滿意，並不希望收到健康食品作為禮物。",1
22557733,"1. 家庭關係
    1) 客戶提到糖尿病是家族遺傳，家族中幾乎都有糖尿病。

2. 健康狀況
    1) 客戶目前血糖維持在六點多，認為狀況正常。
    2) 客戶有在服用三高的藥物，並使用血糖儀進行監測。

3. 職業背景
    1) 未提及客戶的職業背景。

4. 健康食品使用心得
    1) 客戶曾購買華陀的魚油產品。
    2) 客戶了解葉黃素飯後服用效果更好，並曾服用葉黃素產品，但目前不需要加購。

5. 禁忌
    1) 客戶表示西藥通常在早上服用。",1
22559074,"1. 家庭關係
    1) 客戶有一位母親，母親有關節痛和慢性病，並服用慢性病藥物及魚油，偶爾會有手麻情況。
    2) 客戶的父母目前睡眠狀況良好，使用雙人床。
    3) 客戶的兒子需要查看產品資訊。
    4) 客戶的家人和父母有食用益生菌和葉黃素，效果不錯，特別是葉黃素減少了流眼油的情況。
    5) 客戶考慮先試用產品，若效果好再為父母購買。

2. 健康狀況
    1) 客戶目前感冒，有鼻音和輕微咳嗽，但無發燒或喉嚨痛。
    2) 客戶提到健康檢查數據正常，氣色不錯，但自己沒有特別感覺。
    3) 客戶提到她的皮膚狀況良好，體力也不錯。
    4) 客戶提到她的母親曾接受注射療程，皮膚改善明顯。

3. 職業背景
    1) 客戶提到她加入東森已有二十二年。
    2) 客戶表示她通常在看電視時進行購物。
    3) 客戶提到她曾出差到雲南，目前平時會開車。

4. 健康食品使用心得
    1) 客戶及家人有食用葉黃素，對其效果感到滿意，特別是紫色款葉黃素效果較好。
    2) 客戶和家人曾食用益生菌、魚油、萬壽元、蚓激酶等產品，部分產品效果不明顯。
    3) 客戶對於幹細胞、玻尿酸等產品效果持懷疑態度，認為效果不明顯。
    4) 客戶曾購買多種保健食品，但部分產品未使用完，甚至接近過期，對囤積產品持保留態度。
    5) 客戶對於產品的吸收效果感興趣，特別是三合一產品。
    6) 客戶對於升級版產品有興趣，特別是添加接骨木成分的產品。

5. 禁忌
    1) 客戶不吃魚油，對石墨烯杯子、白髮洗髮精、奧體g的挪威魚油等產品不感興趣。
    2) 客戶對於電視上宣傳的產品效果持懷疑態度，認為部分產品效果誇大。
    3) 客戶不考慮購買新的保健品，因為家中存量過多，且對囤積產品感到壓力。
    4) 客戶不會在過年前出國或出去玩，過年期間不會回南部。",1
22564576,"1. 家庭關係
    1) 客戶提到她的兒子和媳婦會幫她購買保健品。
    2) 客戶提到家裡有很多東西是她的先生購買的。
    3) 客戶和老公經常參加應酬。

2. 健康狀況
    1) 客戶提到自己快七十歲，實際年齡為68歲。
    2) 客戶提到一天服用保養品的方式是早晚各一次。
    3) 客戶參加了一些社團活動，顯示生活較為活躍。

3. 職業背景
    1) 客戶表示自己已經退休，現為家庭主婦，沒有上班。
    2) 客戶提到自己也從事直銷，銷售健康相關產品。

4. 健康食品使用心得
    1) 客戶購買過多種保健食品和保養品，包括鹿胎盤、膠原蛋白、葉黃素、益生菌、合利他命B群、維他命C等，但大多數產品買回後未使用或使用不頻繁，甚至有些已過期。
    2) 客戶對黃金貝有興趣，曾購買過黃金貝和干貝醬，但表示不喜歡松露口味的干貝醬。
    3) 客戶提到家中保健食品和保養品存貨充足，長輩仍有在食用。
    4) 客戶剛購買了六罐鹿胎盤，特價六萬多元，並提到有搭配維他命C使用。
    5) 客戶購買過葡眾的益生菌，但未使用。

5. 禁忌
    1) 客戶表示不喜歡吃保健食品，包括B群、維他命和膠原蛋白等。
    2) 客戶表示不喜歡松露口味的干貝醬。",1
22569559,"1. 家庭關係
    1) 無相關資訊提供。

2. 健康狀況
    1) 客戶表示她很少運動。
    2) 客戶提到她應該不需要使用健身房、游泳池等設施，並表示不太喜歡這些設施。

3. 職業背景
    1) 客戶目前正在上班。

4. 健康食品使用心得
    1) 無相關資訊提供。

5. 禁忌
    1) 無相關資訊提供。",1
22578647,"1. 家庭關係
    1) 客戶已婚，其丈夫曾為家庭購買烏魚子。
    2) 客戶目前居住地址已更改，但原住址仍有房子，並有管理員代收包裹。

2. 健康狀況
    1) 客戶因車禍正在家中休養，已持續四個月。

3. 職業背景
    1) 未提及具體職業背景。

4. 健康食品使用心得
    1) 客戶曾於去年11月在東森購物平台購買過B群。
    2) 客戶對郭子乾大哥廣告的魚油產品不熟悉，且表示不需要購買魚油產品。

5. 禁忌
    1) 無明確提及禁忌事項。",1
22579410,"1. 家庭關係
    1) 客戶有兩個小孩，均在上大學。
    2) 客戶提到保健食品和日用品幾乎由女兒幫忙購買，小孩也會自行購買如沐浴乳等物品。

2. 健康狀況
    1) 客戶曾經食用心血管保健食品，但因食用後感到頭暈，已停止使用。
    2) 客戶目前沒有在食用保健食品，包括葉黃素。

3. 職業背景
    1) 客戶目前正在上班，工作時間較忙，無法長時間通話。
    2) 客戶下班回家時間大約是六七點，五點過後有空。

4. 健康食品使用心得
    1) 客戶曾購買過心血管保健食品，但因食用後感到頭暈，已停止使用。
    2) 客戶家中有購買葉黃素，但目前尚未開始食用。

5. 禁忌
    1) 客戶對心血管保健食品可能有不良反應，食用後曾感到頭暈。
    2) 客戶目前未食用任何保健食品，對葉黃素也未開始使用。",1
22586808,"1. 家庭關係
    1) 客戶的父親年齡超過八十歲，身體狀況不佳，有骨刺問題，無法久坐久站。
    2) 客戶曾經請過看護照顧父親，但因父親能自理，後來停止聘請。
    3) 客戶提到自己有家族性高血壓，母親曾中風，外婆有癌症病史。

2. 健康狀況
    1) 客戶目前正在接受標靶治療和免疫療程，並曾進行化療，這些治療需要自費且費用高昂。
    2) 客戶因標靶藥物和化療出現副作用，包括體力變差、手腳紅腫、胃不適、高血壓、頭痛、掉髮、黏膜受損、流鼻血等。
    3) 客戶曾因手術引發肝腎衰竭，住院一個多月，並昏迷一週，目前肝腎功能仍在恢復中。
    4) 客戶有慢性過敏性鼻炎，偶爾因飲食過敏，並曾患急性腸胃炎和膽結石，進行過手術。
    5) 客戶有家族性貧血，體重曾降至45公斤以下，現在努力恢復中。
    6) 客戶目前身體狀況較弱，感到不適，並有高血壓、頭痛、頭暈、惡心等症狀，且不常外出。

3. 職業背景
    1) 客戶提到健康問題可能與壓力和工作環境有關。
    2) 客戶曾經投資股票，並有定期定額的投資習慣。

4. 健康食品使用心得
    1) 客戶目前服用褐藻糖膠，並已詢問醫生確認可使用，但家中仍有大量存貨，擔心過期。
    2) 客戶曾經服用魚油、維他命C、葡萄糖胺等保健品，但因種類太多且常忘記服用，現已減少使用。
    3) 客戶在飲食中會加入補體素、安利植物性高蛋白、葡萄乾和蔓越莓，並偏好清淡食物如糙米和蘿蔔。

5. 禁忌
    1) 客戶不再購買過多保健品和保養品，擔心過期或囤積過多。
    2) 客戶不信任大陸製造的產品，拒絕購買東森藏寶閣的商品。
    3) 客戶避免食用對腎臟有負擔的產品，如左旋氨基酸。
    4) 客戶不喜歡分期付款或貸款，因不喜歡欠錢的感覺。
    5) 客戶不敢在過年期間外出，擔心感染流感或腸病毒。",1
22592760,"1. 家庭關係
    1) 客戶的家庭有四口人，其中三人目前沒有工作，只有一人賺錢，家庭經濟狀況較為緊張。
    2) 客戶的女兒已結婚，並曾因女兒結婚花費許多錢，包括買車。
    3) 客戶的女兒最近檢查出胸部有良性腫瘤，計劃進行微創手術移除。
    4) 客戶的兒子認為現在買房不用頭期款，但未來可能會導致房價上漲。
    5) 客戶的先生中午會回家，因公司距離家裡很近，十分鐘不到的距離。
    6) 客戶的婆婆快90歲，客戶有意購買銀保善存給婆婆食用。

2. 健康狀況
    1) 客戶有三高問題，並正在服用相關藥物，早晚分別服用不同藥物。
    2) 客戶患有糖尿病，需注意飲食，不能吃多。
    3) 客戶有胃食道逆流問題，已持續十幾年，並有胃潰瘍和胃酸問題。
    4) 客戶有白內障，考慮未來可能需要進行手術。
    5) 客戶有頸椎骨刺，醫生建議枕頭不要太高以減少不適。
    6) 客戶有乾眼症，需點人工淚液緩解症狀。
    7) 客戶有乙肝，並提到自己有過敏問題，不能吃辣的食物。
    8) 客戶最近感冒，免疫力較差，並被診斷有氣喘。
    9) 客戶曾多次前往長庚醫院檢查，計劃進行電腦斷層檢查以確認肺部狀況。
    10) 客戶擔心年紀大了身體狀況會更差，目前59歲。

3. 職業背景
    1) 客戶已退休三年，曾領過一百多萬的退休金。
    2) 客戶的侄女曾考慮去台北的東森工作，但因壓力大和距離遠而放棄。

4. 健康食品使用心得
    1) 客戶每天空腹服用兩顆保健食品，並服用慢性病藥物。
    2) 客戶曾購買多種保健品，包括十天參、華陀產品、日安完美、紅藜果膠、紅麴大熊貓保健品、葉黃素、魚肝油、鈣片、靈芝保健品、善存、腸胃康、幹細胞產品及益生菌等。
    3) 客戶認為十天參是最高級的產品，對紅藜果膠效果滿意，並改吃含IGY專利的益生菌，認為效果不錯。
    4) 客戶對葉黃素、妍美会、魚肝油及腸胃康等產品效果不滿意，未再購買。
    5) 客戶表示目前家中還有許多保健品未使用完，暫時不考慮購買新產品。

5. 禁忌
    1) 客戶不喜歡使用保養品，對保養品和美託洛酵素產品不感興趣。
    2) 客戶忌口咖啡及某些飲料，並需注意飲食，避免食用辣的食物。
    3) 客戶近期飲食受到管控，只能吃白色食物，例如白吐司。",1
22593818,"1. 家庭關係
    1) 客戶已婚，並有一個正在讀高中的兒子。
    2) 客戶的婆婆每天在家看股票。
    3) 客戶的兒子腎臟健康狀況不佳。
    4) 客戶提到家庭經濟狀況不好，手術費用由配偶負擔，並且她曾為了家庭努力維持婚姻。

2. 健康狀況
    1) 客戶曾經中風，並進過加護病房三次，包括生孩子和腎臟手術時。
    2) 客戶接受了腎臟移植手術，手術非常成功，目前腎臟過濾功能在80到88之間，屬於正常範圍。
    3) 客戶目前身體狀況穩定，肝功能和腎功能指數逐漸恢復正常，但仍需服用抗排斥藥物，並需持續16到12個月以避免排斥反應。
    4) 客戶需要固定服用六到七顆藥物，並表示這是最少的劑量。
    5) 客戶目前正常飲食，但需避免生冷食物、果汁及文旦，並遵循醫生建議儘量簡單飲食。
    6) 客戶剛開完刀，正在修養中，尚未完全康復，並避免搬重物及熬夜。
    7) 客戶會避免在人多的地方活動，選擇人少的時候外出購物以降低感染風險。
    8) 客戶平時會進行運動，認為運動對腎臟病患者有幫助。

3. 職業背景
    1) 客戶年輕時曾在電子業擔任主管職位，並以工作轉移感情，展現出強烈的責任心。
    2) 因身體原因，客戶已辭去之前的工作，目前沒有收入，曾提到需要自己賺錢養活自己。
    3) 客戶目前的工作是做兩天休兩天的輪班制。

4. 健康食品使用心得
    1) 客戶曾購買並使用過多種保健食品，包括土龍金、華陀的土龍龜鹿精、粒線體產品、葉黃素、鴕鳥精等。
    2) 客戶認為喝梨形體有助於術後恢復，並提到親戚朋友也認為她恢復得很快。
    3) 客戶目前仍在服用土龍金和粒線體產品，但因醫生建議不能多喝，且會在飯後服用。
    4) 客戶會將保健品拿給醫生檢查後才會使用，並對專員推薦的保養品表示沒有興趣。
    5) 客戶家中目前有多種保健食品存貨，包括綠蜂膠、鴕鳥精等，但部分已接近過期。

5. 禁忌
    1) 客戶需避免生冷食物、果汁及文旦，因文旦可能影響腎臟健康。
    2) 客戶需將某些飲品與西藥分開服用，並遵循醫生建議，避免亂吃東西。
    3) 客戶需注意飲食和健康管理，並避免熬夜及過度勞累。",1
22595792,"1. 家庭關係
    1) 客戶今年65歲，去年64歲時退休，過去在年輕時獨自撫養小孩，並同時兼顧工作和家庭。
    2) 客戶的老公在外工作較多。
    3) 客戶提到她給某人（可能是朋友或家人）的媽媽吃某種產品。

2. 健康狀況
    1) 客戶目前沒有健康問題，但提到需要鍛鍊，並有使用彈力帶。
    2) 客戶曾經膝蓋打過玻尿酸，現在已經好了，之前有買過龜鹿二仙膠。
    3) 客戶有時候會吃維骨力，但不常吃，因為擔心對肝腎負擔重。
    4) 客戶每兩年進行一次全身檢查。
    5) 客戶提到她吃素。

3. 職業背景
    1) 客戶以前是職業婦女，需一人接送小孩和處理家務。
    2) 客戶即將提前一年退休，今天是最後一天上班。
    3) 客戶目前沒有上班，並表示目前沒有賺錢。

4. 健康食品使用心得
    1) 客戶每天都有在吃芝麻明E，並曾經購買過升級版，對其效果感興趣。
    2) 客戶之前使用過青春露，三年前購買的青春露已經用完。
    3) 客戶曾經喝過口服玻尿酸產品，並每天飲用一支，但因忙碌而未經常飲用。
    4) 客戶和先生之前吃過益生菌，但現在改吃別的廠牌。
    5) 客戶對高麗的產品有興趣，並表示要先試吃。
    6) 客戶認為漁季的產品比較好，築地一番鮮的產品不好。
    7) 客戶對於產品的價格和效果表示關注，認為產品很貴。
    8) 客戶表示這次吃完之後會轉向購買三得利的產品，不再從專員這裡購買。

5. 禁忌
    1) 客戶對於保養品和膠原蛋白玻尿酸產品不感興趣，認為這些產品吃不完。
    2) 客戶對健康食品不感興趣，特別是抗癌抗病毒的褐藻糖膠。
    3) 客戶不吃保健顧眼睛的產品。
    4) 客戶對於超過一萬元的產品不感興趣。
    5) 客戶對於廣告中提到的產品不感興趣，表示不喜歡購買。
    6) 客戶不需要韓國得獎的粒線體產品。
    7) 客戶沒有掉髮的困擾，認為洗髮精價格昂貴。
    8) 客戶表示不需要保養品，並且已有很多存貨。
    9) 客戶對於購買兩組產品是否有折扣不感興趣，並表示不需要參加抽獎。
    10) 客戶表示不想再吃其他產品，只想試一組。",1
22604113,"1. 家庭關係
    1) 未提及相關資訊。

2. 健康狀況
    1) 客戶提到現在身體不好，行動不方便，主要待在家中。

3. 職業背景
    1) 客戶提到自己已經退休。

4. 健康食品使用心得
    1) 客戶之前購買過日本藥廠的B群產品。
    2) 客戶有在服用葉黃素。
    3) 客戶曾購買過仁丹的益生菌和和力他命，但認為效果不好。

5. 禁忌
    1) 客戶覺得東森和momo的商品品質不理想，並對購物體驗感到失望。
    2) 客戶曾購買過鍋寶的產品，但對其品質不滿意。",1
22614327,"1. 家庭關係
    1) 客戶與兒子關係密切，經常與兒子一起使用保健品，如葉黃素、蚓激酶等。
    2) 客戶提到家人有高血壓，並有服用相關藥物。
    3) 客戶的兒子可能有便秘問題，專員建議搭配益生菌使用幹細胞產品。
    4) 客戶的兒子沒有服用關節保健產品，因為他不需要。

2. 健康狀況
    1) 客戶有慢性病，並服用心血管相關藥物。
    2) 客戶提到有糖尿病家族史，但自己目前沒有糖尿病。
    3) 客戶曾經糖化血色素達到6點，最近一次檢查結果為15點。
    4) 客戶曾有掉髮和白髮問題，但目前未使用相關產品。
    5) 客戶每天都有排便，精神、體力、氣色、皮膚、指甲等方面無明顯改善。
    6) 客戶提到頭髮沒有變得比較黑。

3. 職業背景
    1) 客戶是一位70歲的會員，平時有上課，且上課日固定，無法輕易調整。
    2) 客戶表示如果參加活動會選擇帶親友一起前往，並偏好上午時段。
    3) 客戶提到如果前往林口會員中心會選擇搭乘大眾交通工具。

4. 健康食品使用心得
    1) 客戶與兒子固定使用葉黃素和蚓激酶，葉黃素存量超過20盒，有效期限至2026年4月19日。
    2) 客戶曾購買幹細胞產品，存量約2至11瓶，隔天服用一次，效果一般。
    3) 客戶曾購買褐藻糖膠，從2020年開始食用，對價格和促銷活動有興趣。
    4) 客戶和兒子有服用益生菌，隔天食用一次，效果尚可，存量不多，考慮再購買。
    5) 客戶每天服用一顆關節保健產品，目前有6至7盒存貨。
    6) 客戶曾購買玄米油、印加果油、磷蝦油等，對玄米油和葵花油加橄欖油的組合有興趣。
    7) 客戶曾購買過代謝類產品，目的是改善腸道蠕動、排便順暢及瘦身。
    8) 客戶曾購買過五穀咖啡產品，並收到新版產品的贈品。
    9) 客戶曾購買含紅麴的產品，但對某些成分有所顧慮。
    10) 客戶曾購買石墨烯襪子，但因價格過高退貨，對其功能有所了解。
    11) 客戶曾購買其他品牌的苦瓜胜肽，每次服用兩顆，每天五次。

5. 禁忌
    1) 客戶提到吃太多保健品導致混淆，並選擇性服用。
    2) 客戶對紅麴產品的某些成分有所顧慮，未敢食用。
    3) 專員提醒客戶食用保健品時需避免高溫水，以保護活菌。",1
22615034,"1. 家庭關係
    1) 客戶有一個老公、三個女兒和一個患有腦性麻痺的兒子，兒子需要特別照顧並每三年進行一次特定的醫療程序。
    2) 客戶有一個小孫子，並計劃幫忙照顧即將出生的孫子。
    3) 客戶的老公生活正常，無常常應酬或喝酒，但曾因尿道問題住院，並安排了後續的內視鏡手術。
    4) 客戶家中有養寵物，包括一隻中大型牧羊犬和兩隻貓，並為寵物購買保險、保健品，定期帶寵物美容和打疫苗。

2. 健康狀況
    1) 客戶有糖尿病，需控制血糖，傷口癒合較慢，並定期檢查糖化血色素。
    2) 客戶有白內障，未治療但有點藥，並曾打過黃斑部的針兩次。
    3) 客戶有流鼻涕、胸口痰卡住的情況，容易流汗，並提到年紀大了，身體代謝不如年輕時。
    4) 客戶曾在四月跌倒骨折，植入鈦合金鋼釘，骨折後不便運動。
    5) 客戶晚上會起來上廁所三次以上，並提到最近血糖控制還好，有在服用西藥和中藥。

3. 職業背景
    1) 客戶目前無明確提及職業，但提到個人月開銷約在一萬五到兩萬之間。
    2) 客戶會開車，並有運動的習慣。

4. 健康食品使用心得
    1) 客戶有服用葉黃素、魚油、地龍酵素、蚓激酶等保健品，並曾購買過粒線體產品、加拿大魚油、美國製保健食品等。
    2) 客戶對葉黃素產品有興趣，認為其對白內障有幫助，並建議空腹食用。
    3) 客戶每天喝一種酸酸甜甜的飲品，空腹飲用後配水，並有在喝茶泡錠和安瓶產品。
    4) 客戶對紅色產品有感覺，曾喝過紅色飲品，味道像蔓越莓汁。
    5) 客戶對某些保健品效果不確定，但對華陀品牌有信任感。

5. 禁忌
    1) 客戶不吃牛肉和甜食，女兒也不讓她吃太甜的食物。
    2) 客戶的女兒不能吃含參的食物。
    3) 客戶不喜歡使用面膜、化妝水和昂貴的住宿選擇。
    4) 客戶不喜歡穿太重或灰色的衣服，偏好涼色系。
    5) 客戶不喜歡做皮秒雷射等美容項目，因為怕痛。",1
22616898,"1. 家庭關係
    1) 客戶有一個兒子和一個女兒，兒子年紀較小，女兒32歲，目前在國外。
    2) 客戶的老公有前期糖尿病，血糖穩定在100左右，頭髮是黑色的，沒有白頭髮，曾經服用葉黃素和含有枸杞成分的保健食品。
    3) 客戶的母親80多歲，身體狀況不錯，但有高血壓，曾接受膝蓋手術，術後飲用滴雞精有助於傷口癒合。
    4) 客戶的孩子會幫忙購買保健品，但她不清楚具體購買了什麼產品，並且孩子們會對她的購買行為提出意見。
    5) 客戶的家人會購買其他品牌的產品，並且家中有男性家人血糖偏高，需注意飲食。

2. 健康狀況
    1) 客戶目前60歲，已退休，健康狀況良好，血糖穩定，無手麻、腳麻、腰痠背痛等問題。
    2) 客戶有高膽固醇，服用中醫診所推薦的紅麴保健食品，效果顯著，膽固醇已下降。
    3) 客戶膝蓋狀況不好，醫生建議避免高山活動，並在大腸檢查中發現0.5公分息肉，需避免使用魚油等活血產品。
    4) 客戶曾飲用粒線體相關產品，認為對心臟和身體抵抗力有幫助，並提到退休後運動和控制飲食，健康狀況改善。
    5) 客戶的老公和家中男性家人需注意血糖健康，並有服用相關保健食品。

3. 職業背景
    1) 客戶已退休，60歲退休，曾經參與股票投資，但目前不再參與。
    2) 客戶提到目前沒有在賺錢，經濟狀況較為緊張。

4. 健康食品使用心得
    1) 客戶對保健食品的價格和成分有關注，對購買保健食品持謹慎態度，認為需確認產品來源和品質。
    2) 客戶曾使用過粒線體相關產品、紅麴、玻尿酸、發泡錠等，對紅麴效果滿意，對玻尿酸和台鹽精華液效果一般。
    3) 客戶的母親認為滴雞精對傷口癒合有幫助，客戶也曾購買台酒滴雞精。
    4) 客戶對全素食保健食品感興趣，認為適合小孩食用的產品很重要。
    5) 客戶對激活產品有興趣，並有意再購買。

5. 禁忌
    1) 客戶需避免高山活動，因為可能對心臟不適合。
    2) 客戶在大腸檢查中發現息肉，醫生建議避免使用魚油等活血產品。
    3) 醫生建議客戶檢查前後不要食用健康食品或藥品。
    4) 客戶不喜歡分期付款，認為會影響信用卡額度。",1
22619652,"1. 家庭關係
    1) 客戶平常和家人都沒有補充B群、維他命C或葉黃素。

2. 健康狀況
    1) 客戶目前有近視。
    2) 客戶年齡為65歲。

3. 職業背景
    1) 未提及具體職業背景。

4. 健康食品使用心得
    1) 客戶知道膠原蛋白粉曾經很流行。
    2) 客戶之前有吃過保健食品，並有過排尿時尿液變黃的經驗。

5. 禁忌
    1) 客戶目前沒有在吃葉黃素。
    2) 客戶不會使用Line。",1
22628841,"1. 家庭關係
    1) 客戶沒有結婚，也沒有另一半。
    2) 客戶提到她的姐姐是東森的老主顧。
    3) 客戶的媽媽曾經教過她的侄女。
    4) 客戶計劃明天陪家人。

2. 健康狀況
    1) 客戶有神經壓迫的問題。
    2) 客戶需要服用膽固醇藥物。
    3) 客戶會注意天氣變冷時的保暖。
    4) 客戶的生活和情緒受到不斷的營銷上門影響。

3. 職業背景
    1) 客戶目前還沒有開始找工作，因為尚未離職。
    2) 客戶表示目前沒有錢，暫時無法支付服務費用。
    3) 客戶正在尋找工作。

4. 健康食品使用心得
    1) 客戶有在服用益生菌，主要用來調整腸胃道，但她不相信益生菌能幫助排便。
    2) 客戶有在服用鈣片，但不想吞太多東西。
    3) 客戶之前同時服用魚油和鈣，導致效果不佳。
    4) 客戶之前有訂購過骨關節相關產品，但目前不需要了。
    5) 客戶之前購買過合利他命B和葉黃素，並發現合利他命B的價格在很多地方並不便宜。
    6) 客戶詢問善存牌的葉黃素是否有特價，並表示如果維他命C的價格合適，她會考慮購買。
    7) 客戶表示目前需要靈芝。
    8) 客戶提到她之前吃過一個產品，覺得那邊的七分比較合適。

5. 禁忌
    1) 客戶家裡目前沒有缺其他的保健食品。
    2) 客戶計劃去醫院拿藥，可能有其他醫療需求。",1
22631571,"1. 家庭關係
    1) 客戶與家人同住，並有兩個女兒，女兒非常貼心，會幫忙照顧家庭。
    2) 客戶的太太曾摔傷髖關節，經過手術後恢復，目前可以上班，但不再騎摩托車。
    3) 客戶提到家人對保健食品有排斥態度，有時候家人不吃保健食品，最後由客戶自己吃完。
    4) 客戶的母親健康狀況目前尚可，但曾有照顧母親的辛苦經歷。
    5) 客戶提到家人曾經有照顧臥床的長輩，並提到長輩的健康問題包括尿道炎。
    6) 客戶提到家裡的小孫子不吃魚，可能是因為擔心食品安全問題，媽媽會煮小魚給小朋友吃。
    7) 客戶和太太計劃旅遊，喜歡泡溫泉，近期對屏東的活動感興趣。

2. 健康狀況
    1) 客戶曾進行過椎間盤和髖關節手術，骨密度檢查結果為負3.6，骨質疏鬆情況嚴重，需特別注意避免摔倒。
    2) 客戶有耳鳴問題，可能與腦神經衰弱或年齡增長有關，導致睡眠困擾，但聽力測試結果正常。
    3) 客戶有幹咳情況，認為器官滋潤度不足，並提到自己抽菸，但現在抽得較少。
    4) 客戶提到自己走路時有些疼痛，仍能行走，但需要保養骨頭。
    5) 客戶表示自己身材維持得很好，沒有三高問題，體重約六十幾公斤，屬於較瘦的體型。
    6) 客戶每兩到三年進行一次健康檢查，近期選擇在長庚醫院檢查。
    7) 客戶提到自己晚上會喝酒幫助睡眠，並認為耳鳴問題未改善。

3. 職業背景
    1) 客戶以前是職業軍人，曾擔任軍官，具有抗壓性和管理能力。
    2) 客戶曾在郵局工作，管理過一百多名員工，工作壓力大，需處理多種人事問題。
    3) 客戶目前已退休，並經營一間安親班，主要教國中以上學生寫字。

4. 健康食品使用心得
    1) 客戶曾服用挺立產品改善骨密度，並每天飲用含玻尿酸的產品。
    2) 客戶對粒線體相關健康產品有興趣，但未每天飲用，過年期間有六盒存貨。
    3) 客戶和太太有時飲用膠原蛋白產品，認為其成分有助於修復身體，產品中含有玻尿酸和膠原蛋白胜肽。
    4) 客戶曾服用牛樟芝，並有好轉反應的經驗。
    5) 客戶曾服用魚油，認為對眼睛和腦部健康有幫助。
    6) 客戶曾服用蘋果醋，但感到喉嚨有卡住的感覺。
    7) 客戶曾購買過龜鹿飲品，並提到需要用電鍋燉煮，味道特殊但為了健康仍食用。
    8) 客戶曾購買過南瓜籽和蕁麻根膠囊，每天食用兩顆。
    9) 客戶對激活產品效果有疑問，並提到眼睛上火可能與產品有關。
    10) 客戶對食品口味有要求，喜歡重口味，偏好牛肉口味，不喜歡蘑菇口味。

5. 禁忌
    1) 客戶不容易消化含有牡丹花的產品，會導致胃部不適。
    2) 客戶不吃甘慄的產品。",1
22634964,"1. 家庭關係
    1) 無相關資訊。

2. 健康狀況
    1) 無相關資訊。

3. 職業背景
    1) 無相關資訊。

4. 健康食品使用心得
    1) 客戶表示她之前購買過保健保養相關產品。

5. 禁忌
    1) 客戶提到她很少購物，對購物相關的事情不太記得。
    2) 客戶覺得官方的LINE不好用，並且很少使用。",1
22635856,"1. 家庭關係
    1) 客戶有一位行動不便的先生需要使用輪椅。
    2) 家中有一位老人家因二次中風行動不便，左半邊無法動彈，目前住在日照中心，客戶考慮將其送至安養機構或請看護照顧，但因經濟能力有限，無法負擔過高的看護費用。
    3) 客戶提到家中有女兒，女兒會幫忙購買保健食品及送禮，並會在父親節回家與家人聚餐。
    4) 客戶提到家中沒有兒子。
    5) 客戶提到孫子曾訂購飲料。

2. 健康狀況
    1) 客戶78歲，身高1米51，體重52公斤，20年來體重維持穩定。
    2) 客戶有近視、老花眼、飛蚊症，並曾接受白內障手術。
    3) 客戶膝蓋關節有卡卡的問題，無法蹲下，並有腸胃蠕動不佳的情況。
    4) 客戶年紀較大，體力不足，無法獨自照顧行動不便的家人。
    5) 客戶有運動習慣，但不是每天運動。

3. 職業背景
    1) 客戶已經退休。

4. 健康食品使用心得
    1) 客戶長期使用三得利品牌的保健食品，包括B群（每天三顆）和膠原蛋白（每天服用）。
    2) 客戶有服用葉黃素，認為需要連續服用三至六個月才能感受到效果，狀況不好時會增加劑量。
    3) 客戶曾購買臺大研發的口服幹細胞產品，但未感受到效果，已停止購買。
    4) 客戶有服用益生菌，認為對腸胃蠕動和排便有幫助，停用一天後會出現便秘問題。
    5) 客戶曾購買並使用挺立鈣，認為效果良好。
    6) 客戶認為魚油效果很好，並有服用軟骨素作為保養品。
    7) 客戶曾使用過妍美会的第二代葉黃素產品，並提到華陀葉黃素配送速度快。
    8) 客戶曾使用過蘭蔻小黑瓶、雅頓保養品及其他保養品，並認為某些產品對皮膚有改善效果。
    9) 客戶曾使用過益生菌，並將益生菌分享給女兒食用。
    10) 客戶提到使用 ulife 產品後感覺皮膚較為濕潤。

5. 禁忌
    1) 客戶不接觸乳製品，可能因乳糖不耐症導致拉肚子。
    2) 客戶通常看中醫進行保養，較少使用西藥。
    3) 客戶對陌生來電者保持警惕，不會提供基本資料。",1
22639829,"1. 家庭關係
    1) 客戶目前獨居，日常生活中多為自己使用商品。
    2) 客戶提到有朋友從事直銷，並曾向她介紹產品。

2. 健康狀況
    1) 客戶年紀較大，提到希望代謝快一點並上廁所順暢。
    2) 客戶有喝酒的習慣，但隔天會感到不適。
    3) 客戶表示目前沒有服用固肝保健食品，也未服用血壓、血糖、血脂相關藥物。
    4) 客戶提到自己比較怕熱，居住環境較亮。

3. 職業背景
    1) 客戶從事服務業，工作時間為下午五點開始的晚班。
    2) 客戶表示目前沒有從事副業或自媒體相關工作。

4. 健康食品使用心得
    1) 客戶是東森購物台的資深客戶，購買商品已有22年，曾購買多種保健食品，包括葉黃素、益生菌、褐藻糖膠、自然美的時空膠囊、台酒生技產品等。
    2) 客戶目前固定服用益生菌、牛樟芝、葉黃素和維他命，並每天服用兩顆益生菌，家中還有存貨。
    3) 客戶對葉黃素的使用有感，雖然有時會忘記服用，但一天只吃一顆。
    4) 客戶曾購買益生菌幫朋友代買，並將葉黃素送給眼睛不好的朋友。
    5) 客戶表示如果產品有效，即使價格昂貴也不介意。
    6) 客戶曾購買紅藜果膠並有飲用，對保健品的使用態度認真。

5. 禁忌
    1) 客戶表示不需要購買推銷的產品。
    2) 客戶沒有在拜拜，且對購買的衣服材質有疑慮，擔心不合適可能需要退貨。",1
22647321,"1. 家庭關係
    1) 客戶家中有存放葉黃素，且家人也在使用相同的葉黃素產品。
    2) 客戶曾為母親購買大力美的骨關節保健品。
    3) 客戶家中經營美容美發店。

2. 健康狀況
    1) 客戶目前沒有服用降血壓或降血糖的藥物。
    2) 客戶提到葉黃素對眼睛有幫助，感覺很好。

3. 職業背景
    1) 客戶家中經營美容美發店。

4. 健康食品使用心得
    1) 客戶每天服用葉黃素，且已經持續好幾年，感覺對眼睛有幫助。
    2) 客戶目前服用游離型葉黃素，並且空腹服用。
    3) 客戶家中有存放大量葉黃素，並有與B群一起服用的習慣。
    4) 客戶曾在東森購物平台購買過大力美的骨關節保健品，並表示該產品是為家人購買。

5. 禁忌
    1) 客戶目前不需要購買保健商品，因為家中已有存貨。
    2) 客戶不需要購買洗髮精，因為家中經營美容美發店。",1
22649133,"1. 家庭關係
    1) 未提及具體家庭成員或關係。
    2) 提到會購買寵物的飼料和保健品，推測可能有飼養寵物。

2. 健康狀況
    1) 客戶曾購買糖尿病患者飲用的飲品，可能有相關健康需求。
    2) 客戶曾使用妍美匯瘦身產品，初期有助於排便，但後來效果減弱。
    3) 客戶曾購買益生菌，但因效果不明顯而停止使用。
    4) 客戶目前有存貨的保健食品包括益生菌、B群、魚油及萊萃美的葉黃素等。
    5) 客戶唯一固定服用的保健食品是葉黃素。

3. 職業背景
    1) 客戶的工作與動物相關，工作內容繁忙且雜亂，需要非常小心以避免出錯。
    2) 客戶的下班時間為五點，平時上班非常忙碌，沒有空閒時間。

4. 健康食品使用心得
    1) 客戶曾購買三色零產品，但因為覺得太油且不適合口味，未吃完。
    2) 客戶曾購買妍美匯瘦身產品，初期有助於排便，但後來效果減弱。
    3) 客戶曾購買益生菌，但因效果不明顯而停止使用。
    4) 客戶的辦公室同事會統一購買葉黃素，並分給大家一起服用。
    5) 客戶目前手上有許多未吃完的保健食品存貨，因此暫時不會再購買新的保健食品。

5. 禁忌
    1) 客戶不太喜歡吃保養品，認為這些東西沒什麼意義。
    2) 客戶對三色零產品的油膩口感不滿意，認為不適合自己。",1
22649627,"1. 家庭關係
    1) 客戶與家人同住，並有兩位子女。
    2) 客戶每週與家人聚會，家人有運動和游泳的習慣，肌肉狀況良好。
    3) 客戶的太太在醫美診所工作，經常收到保養品，並負責購買生活用品。
    4) 客戶的兒子目前在新加坡。
    5) 客戶提到與太太一起出國旅遊，並計劃下週再次出國。
    6) 客戶的父親可能會使用保健品。
    7) 客戶提到家人明天要開刀，考慮購買鱸魚精幫助恢復。

2. 健康狀況
    1) 客戶認為健康狀況良好，曾進行精密檢測，結果顯示身體狀況良好，無營養素缺乏。
    2) 客戶每年安排一次健康檢查，最近一次在上個月。
    3) 客戶有抽菸習慣，但嘗試減少抽菸。
    4) 客戶的三酸甘油酯指數為240多，糖化血色素為7.5，血脂和血糖偏高。
    5) 客戶有運動習慣，主要是打高爾夫，但運動量可能不足。
    6) 客戶提到腸道蠕動隨年齡增長變得不太順暢，且有運動後肌肉痠痛的情況。
    7) 客戶骨密度狀況良好，年齡為五十多歲。

3. 職業背景
    1) 客戶的職業背景未明確提及，但其太太在醫美診所工作。

4. 健康食品使用心得
    1) 客戶每天飲水量達到2000cc，早晚各吃一盒保健品，並每天喝一支氨基酸。
    2) 客戶有在吃魚油，已經吃了兩個月，但有時會忘記吃，家中還有兩罐未吃完。
    3) 客戶有在服用幹細胞產品，習慣早上空腹食用，並持續食用。
    4) 客戶使用腎臟益生菌，覺得效果不錯，並提到排便變得順暢。
    5) 客戶曾購買益氣養神膏、B群、褐藻、南瓜籽等產品，並對山蔘產品有使用心得。
    6) 客戶家中有大量保健品存貨，包括益生菌、葉黃素、魚油等，部分產品已過期。
    7) 客戶對於購買新型產品有興趣，並選擇了正在做活動的產品。
    8) 客戶對於購買滿一萬塊送電動牙刷的活動有興趣，且對歐樂B牙刷的使用感到滿意。

5. 禁忌
    1) 客戶被建議暫時不要食用速速通，因其原料來自日本，正在等待檢驗報告。
    2) 客戶對於產品成分不會引起上火或血壓高的說明表示認同。
    3) 客戶家中不吃干貝。
    4) 客戶曾反映某些營養產品過於營養，可能導致體重增加。",1
22668107,"1. 家庭關係
    1) 客戶有兩個兒子和兩個女兒，其中一位女兒住在美國。
    2) 客戶的媽媽患有糖尿病，爸爸有高血壓。
    3) 客戶提到家中有黑大豆，並提到家人不使用農藥。
    4) 客戶提到她的老公不過來，可能與某種情況有關。
    5) 客戶參加了老人協會，並提到家中情況。

2. 健康狀況
    1) 客戶患有白內障、青光眼、靜脈瘤、慢性腎炎、高血壓（家族遺傳）、眼壓問題、飛蚊症、眼睛老化、眼睛退化、眼睛發炎、過敏、便秘、胃痛、膝蓋疼痛、脊椎問題、骨質疏鬆、重度抑鬱症等健康問題。
    2) 客戶曾進行白內障手術，術後視力模糊，需佩戴老花眼鏡。
    3) 客戶提到免疫系統有問題，並表示壓力過大影響健康。
    4) 客戶提到腿部摔傷，身體仍感到疼痛，並曾接受針灸治療。
    5) 客戶提到自己有慢性疾病，並認為不能忽視健康問題。

3. 職業背景
    1) 客戶曾在餐廳工作，但目前已不再從事該工作。
    2) 客戶目前正在打工，並提到桃園高齡就業中心的詹小姐會幫忙推薦工作。
    3) 客戶表示目前的生活目標是工作賺錢，並購買營養品來保養身體。

4. 健康食品使用心得
    1) 客戶曾使用葉黃素、益生菌、玻尿酸、魚油、酵素、B群、石墨烯、膠原蛋白、燕窩等保健食品，對部分產品效果不滿意。
    2) 客戶每天服用葉黃素，認為游離型葉黃素產品實在，但尚未感受到眼睛改善效果。
    3) 客戶提到益生菌對眼睛有幫助，並表示不敢斷食用。
    4) 客戶曾使用華陀扶元堂的產品，但覺得效果不好，對該品牌產品缺乏信心。
    5) 客戶提到膠原飲含有蝦紅素，認為有助於眼睛保養和對抗藍光。
    6) 客戶提到魚油飯後吃效果更好，但表示用不慣。
    7) 客戶對幹細胞產品感興趣，曾使用後感覺體力較好，但目前暫時不想再使用。
    8) 客戶對保養品不想每天使用，並對某些產品的價格感到昂貴。

5. 禁忌
    1) 客戶不能吃紅麴。
    2) 客戶不喝酒，並提到空腹不適合服用藥物，需飯後服用。
    3) 客戶提到不可以保肝藥，未進一步說明原因。
    4) 客戶不喜歡芒果，且女兒對芒果過敏。",1
22669609,"1. 家庭關係
    1) 客戶有四個女兒和九個孫子，女兒和孫子都不住在家裡。
    2) 客戶目前自己一人居住，每週六家人會回來一起吃飯。
    3) 客戶的女兒目前已上國中，大部分時間住在娘家，放假時會回家。
    4) 客戶的孫子和孫媳婦都是軍人，收入穩定，孫媳婦即將生小孩。
    5) 客戶提到孫子們有時會帶著孫子回來探望她，讓她感到開心。

2. 健康狀況
    1) 客戶曾因大腸息肉問題進行檢查並接受手術，息肉大小為0.4公分和0.8公分，每年都進行大腸檢查。
    2) 客戶膝蓋曾裝過支架，並因摔倒住院，膝蓋和髖關節受傷，目前膝蓋狀況順暢但未進行復健。
    3) 客戶最近住院十天，並接受康盛治療，醫生認為她恢復速度快。
    4) 客戶有老花眼，無法看清小字內容，並提到身體有退化現象。
    5) 客戶啟用了放棄急救的健保卡設定。

3. 職業背景
    1) 客戶提到她的女兒有在買股票，可能了解ETF相關資訊。
    2) 客戶的孫子和孫媳婦是軍人，收入穩定。

4. 健康食品使用心得
    1) 客戶每天服用一顆葉黃素作為日常保養，老公每天服用兩顆葉黃素，感覺眼睛比較不乾澀。
    2) 客戶曾購買幹細胞保健食品，但未認真服用，目前仍有剩餘，並表示服用後感覺腳痛而停止。
    3) 客戶有服用B群保健食品，但未感受到明顯效果，現在開始認真服用。
    4) 客戶每天早晚各服用兩顆保健品，並提到保健食品需要長期服用才能有效。
    5) 客戶曾購買挺立鈣產品，並詢問服用方式，目前仍在服用。
    6) 客戶表示廣告中的保健品效果不如宣傳，並提到白冰冰和陳美鳳代言的產品。

5. 禁忌
    1) 客戶很少使用蔓越莓或紅石榴相關產品，未接觸過人蔘及磷蝦油、海豹油、魚油等保健食品。
    2) 客戶表示不需要玻尿酸產品，也不喜歡演唱會、傳統戲曲表演、國標舞、魔術表演及脫口秀等娛樂活動。",1
22673978,"1. 家庭關係
    1) 客戶有二個女兒和孫子，孫子已經長大，目前住在外面，且不在北部念書。
    2) 客戶與家人一起居住。

2. 健康狀況
    1) 客戶已滿75歲，身體狀況有三高問題，主要是血糖高，但目前血糖和血壓狀況維持穩定。
    2) 客戶曾經進行過脊椎手術，但沒有骨質疏鬆或受傷的問題。
    3) 客戶經常有腸胃不適，會有拉肚子或便秘的情況，並已安排下個月進行腸胃檢查。
    4) 客戶變天時不會感到疼痛，但容易感到疲勞。
    5) 客戶目前沒有睡眠問題，睡得很好。

3. 職業背景
    1) 客戶家以前開過印刷廠。
    2) 客戶曾經購買過衛生紙、橄欖油等產品，並且目前訂購了奧利塔純橄欖油。

4. 健康食品使用心得
    1) 客戶每天只服用一顆血糖藥，並有飲用某種產品，每天喝完後會配一杯水。
    2) 客戶曾服用魚油和幹細胞產品，但對幹細胞產品效果表示懷疑，認為沒有用。
    3) 客戶以前吃過臺大的幹細胞產品和香檳茸產品，但後來停止使用。
    4) 客戶對於橄欖油有特別需求，喜歡純橄欖油，並在煮菜和燙青菜時使用。
    5) 客戶對於更換保養品持謹慎態度，曾因使用其他保養品出現皮膚問題，改回使用日本品牌「沒了是」後問題消失，對其保濕效果感到滿意。

5. 禁忌
    1) 客戶不吃加工食品，對胜肽產品不喜歡，因為以前吃太多。
    2) 客戶對褐藻糖膠產品不熟悉或已忘記。
    3) 客戶對於每日一物的產品不感興趣，並表示不需要購買。
    4) 客戶表示之前購買的保健食品和保養品大多無效，因此現在不再使用。",1
22683001,"1. 家庭關係
    1) 客戶提到她的先生有泡泡尿的健康問題。
    2) 客戶提到家人有在運動，例如騎腳踏車。

2. 健康狀況
    1) 客戶年紀79歲，提到自己有三高問題，包括高血壓和血糖高，並有心臟相關的健康問題。
    2) 客戶的膝蓋曾經開過刀，目前仍會感到疼痛。
    3) 客戶每天服用三高藥物、膽固醇藥物和心臟相關的處方藥。
    4) 客戶提到醫生建議她不要亂吃東西，並且只需要服用醫生開的藥。
    5) 客戶提到她一天到晚都喝兩千cc的水。

3. 職業背景
    1) 客戶是東森自然美的會員。
    2) 客戶表示最近比較忙，因為不在家，專員多次聯絡未能找到她。

4. 健康食品使用心得
    1) 客戶目前服用葉黃素、關節保健食品和幹細胞產品，幹細胞產品由每天兩顆改為每天一顆。
    2) 客戶曾使用補骨胜肽，但表示現在已經沒有感覺效果。
    3) 客戶曾購買益生菌，目前還有半年份存量，並已訂購新的益生菌產品。
    4) 客戶曾購買過滴雞精、紅藜果膠、亞培安素和桂格完膳。
    5) 客戶提到葉黃素可以作為保養，主要用來預防黃斑部病變。
    6) 客戶曾經吃過白藜蘆醇和活化參等保健食品。
    7) 客戶提到上次購買的一箱產品仍未開封，且前兩天才購買了一些產品，但尚未開始使用。

5. 禁忌
    1) 客戶表示不吃魚，並提到不會吃魚類食品。
    2) 客戶目前不吃鈣片，並正在考慮是否需要服用。
    3) 客戶表示她不吃藥，認為人很可惜，但仍服用醫生開的處方藥。
    4) 客戶提到醫生建議她不要挑選高價的保健品。
    5) 客戶表示目前家中有很多保健食品，暫時不考慮購買新產品，並提到這半年都不需要聯繫她，因為她不會購買。
    6) 客戶表示目前不需要保養品，並認為年紀大了，不適合購買大量保健品。
    7) 客戶提到家中已有足夠的日用品，因此不需要額外購買。",1
22691722,"1. 家庭關係
    1) 客戶提到她有兩個兒子，一個七歲，一個十八歲（可能有誤差，另提到一個五歲，一個十六歲）。
    2) 客戶提到她的女兒會加班，並曾購買過東西。
    3) 客戶提到她的媽媽、老公和姐妹，並表示媽媽讓她聽電話，姐妹愛她的老公。
    4) 客戶提到她的媳婦曾購買過DHA、退黑激素和維他命D3。
    5) 客戶提到母親節時兒子要帶她吃飯，但她這兩週沒空。

2. 健康狀況
    1) 客戶提到自己有白內障，但未提及手術計劃。
    2) 客戶提到自己有帕金森氏症、視神經及腦部問題。
    3) 客戶提到糖尿病和高血壓，並需要服用高血壓藥物。
    4) 客戶提到低血壓的情況，並固定服用血壓藥。
    5) 客戶提到以前年輕時有骨質疏鬆的問題，但現在關節和骨頭都沒有問題。
    6) 客戶提到自己感冒過一次，但未感染過流感，且從未接種流感疫苗。
    7) 客戶提到體重減輕了一些，並提到有感受和簽名。
    8) 客戶提到心腦血管相關問題。

3. 職業背景
    1) 客戶提到她和老公已經畢業。
    2) 客戶提到她在看股票，已賣掉所有股票，只剩下一支，並希望股票能漲到三百。

4. 健康食品使用心得
    1) 客戶提到一直在吃葉黃素，並對葉黃素加玉米黃素產品有興趣。
    2) 客戶提到曾經購買過青春露產品，用完一罐需要兩個半月。
    3) 客戶提到使用益生菌產品後有拉肚子的情況，可能不適合該產品。
    4) 客戶提到曾經吃過蜂王乳加芝麻明E，但現在已經不再食用。
    5) 客戶提到使用過褐藻糖膠，並對其排毒和抗輻射效果有興趣。
    6) 客戶提到使用過磷蝦油、苦茶油（已使用多年）、DHA、魚油、維他命、維骨力等產品。
    7) 客戶提到購買了保健食品，總共花費八萬零六百元。
    8) 客戶提到使用過葡萄玻尿酸，認為其最天然且不含防腐劑。
    9) 客戶提到使用過自然美再生產品、安瓶產品，並表示效果不錯。
    10) 客戶提到對美白產品有興趣，並曾購買和使用過。

5. 禁忌
    1) 客戶提到不敢購買某些產品，可能因為擔心效果或其他原因。
    2) 客戶提到十二點以後不能喝開水。
    3) 客戶提到不會盲目跟風購買產品。
    4) 客戶提到她不噴香水。
    5) 客戶提到使用面膜後效果不明顯，且面膜很快就乾。",1
22691960,"1. 家庭關係
    1) 客戶提到有帶小孩，但未提供更多細節。

2. 健康狀況
    1) 客戶有坐骨神經痛的問題。
    2) 客戶曾進行過微創手術。
    3) 客戶血壓有點高。
    4) 客戶的胃部狀況差不多恢復了。
    5) 客戶有氣胸問題。
    6) 客戶有水腫問題。
    7) 客戶有心血管相關問題。
    8) 客戶提到心血管疾病和膽固醇相關話題，但語意不清晰。
    9) 客戶提到腎臟保養的重要性，並考慮相關產品。
    10) 客戶有糖尿病，並考慮相關保健方式。
    11) 客戶提到白內障和老花的健康問題。

3. 職業背景
    1) 客戶目前擁有不動產，並考慮再購買不動產。

4. 健康食品使用心得
    1) 客戶提到白藜蘆醇可以抗發炎、保護新血管和神經，並提升免疫系統，且曾購買過白藜蘆醇。
    2) 客戶曾購買過魚油。
    3) 客戶提到使用橄欖油和苦茶油進行烹飪或保健。
    4) 客戶提到九百九貨到付款訂購了兩盒含有玻尿酸、膠原蛋白和補骨胜肽的產品。
    5) 客戶提到安麗產品，但認為其價格較高。

5. 禁忌
    1) 客戶有斷食的習慣。
    2) 客戶不需要人蔘產品。",1
22693337,"1. 家庭關係
    1) 客戶的家庭成員包括先生、婆婆和兒子，並與專員的姐姐同住。
    2) 客戶的先生有皮膚過敏，曾進行攝護腺手術，術後體力較差，但服用粒線體產品後體力有所改善。
    3) 客戶的婆婆每天服用兩顆顧骨頭的保健食品。
    4) 客戶的兒子曾因某產品感到不適，現已停止服用。

2. 健康狀況
    1) 客戶有血糖問題，並領取慢性處方簽。
    2) 客戶提到有胃病，並表示早上空腹飲用某種飲品後，身體狀況穩定且逐漸改善。
    3) 客戶的排便情況有所改善，每天服用一顆益生菌。
    4) 客戶的先生因皮膚過敏停止服用粒線體產品。

3. 職業背景
    1) 客戶對住宅類型的物件感興趣，並對桃園和新北的地點有興趣。
    2) 客戶願意參加未來的投資理財直播活動。

4. 健康食品使用心得
    1) 客戶和家人有服用多種保健食品，包括益生菌、褐藻、葉黃素、幹細胞產品、蚓激酶、鈣片等，並對部分產品效果表示滿意，如粒線體產品改善睡眠、幹細胞產品改善體力等。
    2) 客戶對褐藻產品的抗癌、抗腫瘤效果有了解，並考慮增加攝取量以提高抵抗力。
    3) 客戶對葉黃素產品的味道可以接受，並曾購買過相關產品。
    4) 客戶對粒線體產品的味道不太能接受，覺得味道較重。
    5) 客戶對健康食品的使用習慣不固定，通常想到才使用，並表示目前家中還有多種保健食品存貨。

5. 禁忌
    1) 客戶不喜歡吃魚，對鱸魚精的味道有排斥。
    2) 客戶的先生對於每天服用多種保健食品有意見。
    3) 客戶建議產品包裝不要過於高級。
    4) 客戶對防曬乳無興趣，因為已有足夠存貨。
    5) 客戶對粒線體產品的味道不太能接受，並未明確表示是否持續使用。",1
22697944,"1. 家庭關係
    1) 未提及相關資訊。

2. 健康狀況
    1) 未提及具體健康狀況。

3. 職業背景
    1) 未提及相關資訊。

4. 健康食品使用心得
    1) 客戶曾在東森購物購買過鴕鳥龜鹿精。
    2) 客戶曾購買磷霉小罐的保健食品，並表示使用效果還不錯。
    3) 客戶最近已購買葉黃素，目前對其他保健食品無購買需求。

5. 禁忌
    1) 客戶目前沒有在食用褐藻或龜鹿等保健食品。
    2) 客戶表示目前不需要任何VIP部門的服務或產品。",1
22721761,"1. 家庭關係
    1) 客戶的父親在四十幾歲時患上糖尿病，六十歲時進行心臟手術，直到八十五歲去世時未進行洗腎，且糖尿病為遺傳性疾病。
    2) 客戶的兒子已經結婚一年多。
    3) 客戶的先生建議她不要再亂買保健品，並對氨基酸產品的成分和價格有疑問。
    4) 客戶的先生有血液循環問題。
    5) 家中有癌症患者，客戶考慮讓患者飲用氨基酸產品，但需先徵詢醫生意見。

2. 健康狀況
    1) 客戶有高血壓、血糖偏高及三高問題，並有服用降血糖藥物。
    2) 客戶的血糖曾檢測到6.5或6左右，糖化血色素在停止服用幹細胞產品後有所上升，目前血糖從2.5升到7，且未特別進行飲食控制。
    3) 客戶的肌膚屬於容易過敏的膚質，對於營養成分高的保養品會長痘痘。
    4) 客戶提到最近比較忙。

3. 職業背景
    1) 客戶是李慧品牌幹細胞產品的消費者和經營者。
    2) 客戶會上網搜尋幹細胞相關資訊，並查詢台大的相關資料，也曾詢問過醫護人員有關幹細胞的資訊。

4. 健康食品使用心得
    1) 客戶有服用幹細胞產品（李慧品牌），每天早上固定服用兩顆，持續了一段時間，但三個月前已停止服用。
    2) 客戶購買了兩箱氨基酸產品，每天飲用一支，使用一個多月後進行抽血檢查，結果未見改善，隨後停止使用。
    3) 客戶之前購買過自然美的青春露和蚓激酶，但檢查後發現健康狀況無改善，已停止使用。
    4) 客戶有在服用B群，且大部分的維他命是購買美國品牌。
    5) 客戶會去Costco購買大豆產品，並趁打折時購買。
    6) 客戶購買的保健食品和其他商品大多未使用完，且有囤積情況。

5. 禁忌
    1) 客戶不喜歡使用黏膩的護膚產品，偏好清爽型產品。
    2) 客戶的皮膚對於營養成分高的保養品會長痘痘，因此不適合使用。
    3) 客戶購買的含有氨基酸的產品因口感不好而不敢飲用。",1
22734311,"1. 家庭關係
    1) 客戶目前獨居，父母已過世，母親在去世前住在安養院，父親曾因年老臥床一年多。
    2) 客戶有一位姐姐，姐姐未婚無子，經濟獨立，會購買益生菌，但不吃保健食品。
    3) 客戶有一位兒子和兩位女兒，兒子在國外工作，經常出差，女兒目前在日本，兒子和女兒會提供家用。
    4) 客戶的兒子有健康問題，包括糖尿病和三酸甘油酯偏高，並有服用葉黃素、魚油和B群等保健食品。
    5) 客戶的兒子和女兒對保健食品的接受度不同，兒子不喜歡粉狀益生菌，女兒不排斥保健食品。

2. 健康狀況
    1) 客戶有糖尿病、高血壓、腎臟問題、白內障、腰椎痛、漏尿、內臟脂肪過高等健康問題。
    2) 客戶的健康狀況一般，體重增加，肚子變大，並有手部勞損問題。
    3) 客戶有睡眠問題，偶爾會感到尿意急迫，並有輕微乳糖不耐症。
    4) 客戶的父母健康狀況不佳，母親因跌倒腦溢血去世，父親因年老退化後去世。
    5) 客戶的兒子有呼吸道問題，住在宜蘭以改善健康狀況。

3. 職業背景
    1) 客戶目前無工作，主要依靠股票收入，曾經做生意但失敗，導致信用不良。
    2) 客戶的父親曾在銀行工作，母親過去在家庭工廠工作，並有投資股票的經驗。
    3) 客戶的兒子是動漫工程師，女兒們有穩定工作，並經常出國。

4. 健康食品使用心得
    1) 客戶使用多種保健食品，包括蚓激酶、葉黃素、魚油、B群、幹細胞產品等，但對部分產品效果不滿意。
    2) 客戶認為保健食品需要長期使用才能見效，經濟壓力大時會選擇性食用。
    3) 客戶對於燕窩產品的效果和成分有一定了解，認為其對過敏體質有益。
    4) 客戶對於某些產品的口感和效果持懷疑態度，並對價格較高的產品不感興趣。
    5) 客戶對於保健食品的使用有些困擾，因種類繁多，容易忘記服用。

5. 禁忌
    1) 客戶不吃牛肉、魚、海鮮和冰的食物，對乳糖不耐症有輕微反應。
    2) 客戶對於某些保健食品的成分和效果持謹慎態度，避免使用可能影響心臟和腎臟健康的產品。
    3) 客戶對於某些產品的保存期限和成分有顧慮，避免食用含有增稠劑的產品。
    4) 客戶對於推銷有壓力，不喜歡被推銷。
    5) 客戶對於某些產品的副作用表示擔憂，並對效果不明顯的產品選擇退貨。",1
22742684,"1. 家庭關係
    1) 客戶提到她有一個女兒，女兒很少吃葉黃素。
    2) 客戶提到她有一個小孩，目前在家中，並提到小孩正在洗澡。

2. 健康狀況
    1) 客戶提到她的問題是龜鹿八，症狀包括流鼻血和瘙癢感。
    2) 客戶提到昨天晚上喝了半瓶某種飲品，今天感覺還好，沒有痛了。

3. 職業背景
    1) 無相關資訊。

4. 健康食品使用心得
    1) 客戶之前有吃過葉黃素，並且已經吃完了，昨天才收到一款紫色的葉黃素產品，表示會在飯後服用。
    2) 客戶提到葉黃素產品適合四十五歲以上的人群使用。
    3) 客戶提到產品的使用期限為四個月，並且曾經使用過某產品，產品上有標示使用說明。
    4) 客戶提到她平時很少使用某些產品，覺得使用這些產品有些奇怪。

5. 禁忌
    1) 無明確提及禁忌事項。",1
22745771,"1. 家庭關係
    1) 未提及相關內容。

2. 健康狀況
    1) 未提及相關內容。

3. 職業背景
    1) 未提及相關內容。

4. 健康食品使用心得
    1) 客戶提到她認為啵估因子這個商品沒有用。

5. 禁忌
    1) 未提及相關內容。",1
22748828,"1. 家庭關係
    1) 客戶有丈夫和兒子，與家人關係良好，兒子性格單純、孝順且脾氣很好，曾有一段長達八九年的感情，但因感情淡化而分手，目前單身。
    2) 客戶的兒子在台中工作，工作時間長，壓力大，月收入不到十萬元，需幫助支付房子的頭期款，並通過跑步紓壓。
    3) 客戶的家庭曾從公公那裡分得財產，丈夫回家幫忙經營家族事業，家庭經濟相對穩定，能幫助其他家庭成員。
    4) 客戶的娘家在嘉義，中秋節會回娘家，並提到小孩會回來過節，但老二需要上班。

2. 健康狀況
    1) 客戶有心血管相關健康問題，正在服用降血脂藥物，總膽固醇數值目前為140。
    2) 客戶有胃食道逆流，透過食用兒茶素改善症狀。
    3) 客戶有退化性關節炎，並進行復健和推拿來改善症狀。
    4) 客戶每三個月固定檢查腎功能，並提到媽媽的身體狀況不明確。
    5) 客戶的父母沒有三高問題。

3. 職業背景
    1) 客戶目前仍在工作，工作繁忙，下午和今天都需要工作。
    2) 客戶曾提到需要出租房屋，並且購買了一棟房子，貸款金額為一千萬，已繳九年，尚有一半未還清。

4. 健康食品使用心得
    1) 客戶每天服用一顆活泉保健食品，預計可吃一年半，對幹細胞產品效果感覺不明顯。
    2) 客戶曾服用紅麴保健食品，但因血脂肪和低密度膽固醇升高而停止使用。
    3) 客戶曾購買多種保健食品，包括葉黃素、氨基酸、益生菌、蚓激酶、鴕鳥精等，但部分產品未使用完或已過期。
    4) 客戶對某些保健食品效果不滿意，如德國氨基酸產品和某些葉黃素產品。
    5) 客戶認為購買過多保健食品會對身體造成負擔，目前每月在保健品上的花費約為五千元。

5. 禁忌
    1) 客戶因服用降血脂藥物，無法食用含紅麴的產品。
    2) 客戶不喜歡含糖分的果凍狀葉黃素產品。
    3) 客戶認為喝水過多可能導致水腫或水中毒。",1
22753122,"1. 家庭關係
    1) 客戶未婚，無子女，與母親同住，母親年齡96歲，健康狀況較差，曾患乳癌和青光眼，需使用眼藥水保養。
    2) 客戶的父親已過世，母親的財產分配涉及法律問題，需律師協助。
    3) 客戶有一位妹妹和弟弟，與妹妹有財務糾紛，弟弟涉及母親財產分配問題。
    4) 客戶的母親曾經依賴她處理家務和煮飯，母親喜歡打麻將，父親是公務人員，性格老實。
    5) 客戶有兩個女兒，一個是老師，另一個是軍人，並有一位侄子。

2. 健康狀況
    1) 客戶有高血壓、糖尿病、瓣膜不平衡、骨質疏鬆、腎結石、乾眼症、白內障、恐慌症和中風病史，並擔心摔倒和腦瘤。
    2) 客戶經常感到頭暈、頭痛、全身痠痛、乏力、背痛、腰痛、膝蓋痛、皮膚癢、胃口不好、睡眠品質差，並有耳朵健康問題。
    3) 客戶曾經有腎臟問題和水腫，並有老人痴呆症的家族病史。
    4) 客戶曾因中風住院，血管有三條阻塞，並有小病不斷的情況。
    5) 客戶目前身體狀況稍有改善，但仍感到疲倦和疼痛。

3. 職業背景
    1) 客戶為退休公務員，退休金每月五萬六千元，曾在同一職位工作35年。
    2) 客戶曾在澎湖工作，並由父親協助安排工作。
    3) 客戶曾經參與股票投資和儲蓄險，並有房產出租作為收入來源。

4. 健康食品使用心得
    1) 客戶經常服用健康食品，包括蚓激酶、幹細胞產品、益生菌、魚油、牛樟芝、燕窩等，認為部分產品對健康有幫助。
    2) 客戶認為幹細胞產品和牛樟芝對健康有幫助，但有時會感到疲倦和全身疼痛。
    3) 客戶認為益生菌對腸胃健康有幫助，但某些粉狀益生菌會引起肚子痛。
    4) 客戶認為魚油對健康有幫助，但有時會感到不適，並提到魚油有魚腥味。
    5) 客戶對健康食品的效果有時感到不確定，並認為效果因人而異。

5. 禁忌
    1) 客戶不能食用含牛奶的食品，會導致拉肚子。
    2) 客戶不吃納豆和人參，並避免食用太甜、太辣的食物。
    3) 客戶對香水味敏感，容易過敏，曾因香水味昏倒。
    4) 客戶不喜歡染髮，擔心會導致癌症。
    5) 客戶不喜歡吃魚，認為魚有腥味。",1
22760405,"1. 家庭關係
    1) 客戶表示女兒最近去了成都。
    2) 客戶提到朋友從美國回來，帶了五瓶維骨力。

2. 健康狀況
    1) 客戶是一位68歲男性，表示每天有應酬，偶爾會忘記服用保健品。
    2) 客戶提到吃多了維骨力會導致便秘。

3. 職業背景
    1) 未提及具體職業背景，但客戶表示每天有應酬，可能涉及社交或商務活動。

4. 健康食品使用心得
    1) 客戶目前服用銀保善存綜合維他命、挺立鈣加強錠、B群及其他品牌的益生菌，並從澳洲代購保健品。
    2) 客戶表示綜合維他命一罐可服用三個月，活動期間價格為559元，平時價格為760元，曾多次登記購買。
    3) 客戶家中尚有四瓶挺立鈣加強錠及六罐未服用的保健品，並決定購買四罐綜合維他命以貨到付款方式。
    4) 客戶提到朋友從美國帶回五瓶維骨力，但吃多了會導致便秘。

5. 禁忌
    1) 客戶提到吃多了維骨力會導致便秘，需注意服用量。
    2) 客戶偶爾因應酬忘記服用保健品，需提醒定時服用。",1
22768197,"1. 家庭關係
    1) 客戶有三個兒子，老大、老二和老三都參與運動，老二去年生日時獲得一輛摩托車，現在已能自己騎車。
    2) 客戶的老公曾因流感併發心肌炎，但已康復，且老公吃素但可以喝牛奶。
    3) 客戶的公公年紀大且心肺不好，醫生建議不要坐飛機。
    4) 客戶的孫女對蛋白、蛋黃、高麗菜、牛肉、豬肉等多種食物過敏，並對塵蟎有輕重度過敏。
    5) 客戶的女兒有過敏體質，通過食用益生菌改善了尿道發炎的問題。
    6) 客戶的父親有健康問題，導致客戶取消了原本的計劃。
    7) 客戶的兒子選擇在蘇格蘭留學，對當地學習環境和設施感到滿意。

2. 健康狀況
    1) 客戶有腸胃不適，經常肚子脹氣，並曾拉肚子一整天伴隨冷汗。
    2) 客戶有白內障問題，手術後眼睛乾澀，晚上看光有炫光問題，並考慮是否進行第二次眼科手術。
    3) 客戶有乾眼症，家中有先天性高尿酸問題，家人中有人患有糖尿病。
    4) 客戶的老公去年心臟較弱，曾做相關檢查。
    5) 客戶的公公年老且心肺功能不佳。
    6) 客戶的同學患有癌症，病情不樂觀，且癌症已轉移到腦和脊椎。

3. 職業背景
    1) 客戶目前58歲，已婚，平時需接送小孩，並參與運動課程。
    2) 客戶的同事的姐姐在夏威夷工作和結婚。

4. 健康食品使用心得
    1) 客戶有食用奇異果益生菌，認為對腸胃脹氣有幫助，並對益生菌產品有興趣。
    2) 客戶有食用活泉產品，認為其提亮皮膚效果明顯，氣色改善，但有時會忘記補充。
    3) 客戶有食用魚油、海藻油、葉黃素、維他命C、美金片等保健品，並對粒線體補充產品和人蔘產品有興趣。
    4) 客戶認為膳食纖維可能影響油脂類保健品的吸收。
    5) 客戶的老公也有食用瘦瘦果凍，並與客戶一起飲用購買的產品。
    6) 客戶在運動後和睡前飲用氨基酸產品，感覺良好，並考慮購買給家人試用。
    7) 客戶曾購買燕窩產品，對其保存方式和固形物含量有了解。
    8) 客戶不敢直接喝滴雞精，會加入其他食物中食用。

5. 禁忌
    1) 客戶不喜歡吃菇類食物，包括香菇，對紅棗和枸杞也不喜歡。
    2) 客戶不吃夏威夷披薩，對海鮮披薩的鮮度有疑慮，除非確定新鮮才會食用。
    3) 客戶提到螃蟹不能和某些食物一起吃。",1
22781794,"1. 家庭關係
    1) 客戶與家人住在一起，並提到搬家後與小孩同住，目前住在自己的房子。
    2) 客戶的兒子是眼科醫生，會提供她所需的眼科保養品，並適量食用葉黃素。
    3) 客戶的媳婦和女兒會購買保健食品，媳婦最近購買了好幾箱衛生紙。

2. 健康狀況
    1) 客戶提到自己是老人家，並提到老人痴呆的情況。
    2) 客戶的骨質密度測試結果顯示相當於四十多歲的指數，醫生建議目前狀況還可以，暫時不需要特別處理。

3. 職業背景
    1) 客戶家人從事直銷相關工作，販售保健食品。
    2) 客戶家裡從事美容美髮相關行業。

4. 健康食品使用心得
    1) 客戶有在食用葉黃素，並提到家裡也有葉黃素，兒子會適量食用。
    2) 客戶曾購買過鴕鳥龜鹿精，前後約二三十盒，並與先生及家人一起食用，但感覺效果不佳。
    3) 客戶目前有在食用靈芝相關保健食品，並認為最天然、未經研發的產品最適合她。
    4) 客戶曾購買過三得利保健食品、骨頭關節保健品鴕鳥精、石墨烯產品及咖啡因洗髮露。
    5) 客戶剛訂了五六瓶苦茶油，並表示已經使用很久。

5. 禁忌
    1) 客戶不打算食用幹細胞相關產品，曾經使用過但因效果不好而停止。
    2) 客戶表示不喜歡某品牌的三層抽取式衛生紙，認為不好用且太厚。
    3) 客戶一般比較不吃其他的東西。",1
22785037,"1. 家庭關係
    1) 客戶目前獨居，有兩個子女，其中一個兒子是中醫師，另一個兒子在富邦銀行工作，女兒在美國攻讀博士學位並有兩個小孩。
    2) 客戶的弟弟因投資失敗導致家庭財務困難，妹妹在牙科診所工作，姐姐定期購買某品牌商品。
    3) 客戶的父親曾是公務人員，母親是日本小學老師，家中有兩個弟弟和兩個妹妹，自己是家中老二。
    4) 客戶的丈夫目前在台灣工作，曾在美國公司工作，現在以線上方式上班。

2. 健康狀況
    1) 客戶身體狀況良好，無高血壓等問題，但有腎衰竭、肩膀僵硬、脖子不適、左肩骨折後肌肉纖維化、脊椎外側彎、心血管問題及過敏問題。
    2) 客戶體重38公斤，壓力大導致無法增重，胃不好，飲食需少量多餐。
    3) 客戶平時睡眠品質不錯，從小到大不需藥物改善睡眠，但肩膀和脖子問題未完全改善。
    4) 客戶每天早上進行中醫推拿和針灸，每次費用為300元。

3. 職業背景
    1) 客戶已退休，曾是公務人員，家人也多為公務人員。
    2) 客戶參與公益活動，並有上課需求，課程包括茶藝和運動課程。

4. 健康食品使用心得
    1) 客戶購買了大量保健食品，包括幹細胞產品、粒線體產品、維他命、葉黃素、鈣高蛋白粉等，但未能按時服用，部分產品已過期。
    2) 客戶每天早上服用活泉產品和氨基酸，並攝取蛋白質，喜歡吃萬歲牌堅果類和小魚干產品。
    3) 客戶認為自己已經足夠保養，不需要額外的保健食品，並對瘦身產品效果持懷疑態度。

5. 禁忌
    1) 客戶家庭不吃牛肉，其他肉類也很少吃。
    2) 客戶不喜歡吃藥或保健食品，且常因不使用導致過期。
    3) 客戶不喜歡參加婆婆媽媽的活動，認為環境不適合自己。",1
22794594,"1. 家庭關係
    1) 未提及相關內容。

2. 健康狀況
    1) 客戶心臟狀況不佳。
    2) 客戶有高血壓，需避免某些食物。

3. 職業背景
    1) 未提及相關內容。

4. 健康食品使用心得
    1) 客戶不常食用保健食品。
    2) 客戶曾在東森購物購買過商品，金額達到一萬多元。

5. 禁忌
    1) 客戶需要避免某些食物，可能與其高血壓相關。
    2) 客戶提到不想吃太多東西。",1
22794927,"1. 家庭關係
    1) 客戶是單身，家中有母親和妹妹，妹妹與母親同住並負責照顧母親。
    2) 客戶提到母親皮膚很好，但母親不能吃人蔘。

2. 健康狀況
    1) 客戶有乙肝、高血壓和心臟疾病，並且容易腰痠背痛和神經衰弱。
    2) 客戶每天服用蚓激酶，並認為心血管循環週期較長，需定期回診抽血檢查。
    3) 客戶目前在服用牛樟芝和心血管相關保健食品，但不確定是否需要繼續服用。
    4) 客戶注重眼睛保養，提到每天服用葉黃素，並注重抗藍光保養。
    5) 客戶目前體重為52公斤，並已接種疫苗。

3. 職業背景
    1) 客戶曾在酒店擔任夜班工作，並表示自己是夜貓子，白天較難適應。
    2) 客戶曾在卡拉OK擔任幹部，並有中醫按摩的相關經驗。
    3) 客戶提到五月開始擔任老師，並表示自己擅長抓住客人的需求。
    4) 客戶目前提到自己沒有工作，但需要上班，且平日工作繁忙，五六日生意很好，通常一兩點才睡覺。

4. 健康食品使用心得
    1) 客戶曾購買葉黃素產品，用於眼睛保養，並每天服用一顆。
    2) 客戶有服用魚油，認為其有助於健康，並曾購買艾多美的魚油。
    3) 客戶曾購買益生菌飲品、五味子飲品及維他命C和D3的發泡錠。
    4) 客戶提到曾收到維他命C相關產品，並購買過堅果油。
    5) 客戶表示東西吃太多會影響健康，早點保養比較好。

5. 禁忌
    1) 客戶不吃咖啡，並提到不喜歡必勝客的產品。
    2) 客戶提到山苦瓜產品不好，不需要購買，且家中山苦瓜產品尚未吃完。
    3) 客戶提到母親不能吃人蔘。",1
22821978,"1. 家庭關係
    1) 客戶有一位先生，兩人共同服用保健食品。
    2) 客戶的先生有膽固醇偏高的問題。
    3) 客戶有兩個兒子，身材均勻且身高較高，其中一位身高接近一百八十公分。

2. 健康狀況
    1) 客戶曾經有坐骨神經問題，可能與髖骨有關，目前使用中藥治療並有改善。
    2) 客戶最近進行健康檢查，血壓和血脂狀況正常，好的膽固醇超標，認為健康狀況良好。
    3) 客戶曾進行過手術，計劃下個月回診。
    4) 客戶提到有失眠相關問題。
    5) 客戶提到膝蓋，但未明確說明是否有問題。

3. 職業背景
    1) 客戶目前在外地，未提及具體職業。
    2) 客戶提到她現在正在忙，未透露具體工作內容。

4. 健康食品使用心得
    1) 客戶和先生共同服用多種保健食品，包括益生菌、葉黃素、蚓激酶、加倍鈣片、綜合維他命、天然B群、蛋白質補充劑等，並認為蛋白質對健康有幫助。
    2) 客戶使用安利魚油、葡萄王健骨產品及幹細胞產品，但對幹細胞產品效果無感。
    3) 客戶曾購買過華陀的土龍鴕鳥龜鹿精及自然美的保養品，並對其保養品效果滿意。
    4) 客戶去年購買了益生菌六盒，目前還有兩盒未開封；去年購買了十二盒蚓激酶，目前存量充足。
    5) 客戶購買了25盒葉黃素，並提到葉黃素的消費金額較高。
    6) 客戶曾購買發泡錠及其他健康食品，並對健康產品和養生有興趣。

5. 禁忌
    1) 客戶目前不考慮購買幹細胞產品。
    2) 客戶表示目前保健食品和保養品存量充足，不需要再購買。
    3) 客戶減少購買保健品的習慣，並對購物有計劃性。",1
22831245,"1. 家庭關係
    1) 客戶目前住在中和。
    2) 家裡有一個八歲的小朋友。
    3) 家裡有一個二十幾歲的孩子。
    4) 家裡目前沒有養寵物，但之前曾養過，後來送人了。

2. 健康狀況
    1) 無具體提及健康狀況。

3. 職業背景
    1) 客戶是東森購物的會員，已經超過20年。
    2) 客戶平常早上比較忙，下午兩三點以後比較有空。

4. 健康食品使用心得
    1) 無具體提及健康食品使用心得。

5. 禁忌
    1) 無具體提及禁忌。",1
22848888,"1. 家庭關係
    1) 客戶提到她的老公認為她已經吃了很多健康食品，建議不要再訂購新的。
    2) 客戶表示她住在東區，房子是自己購買的。

2. 健康狀況
    1) 客戶已經超過六十歲，目前63歲。
    2) 客戶平常很少運動。
    3) 客戶提到她有在吃健康食品，並認為目前使用的普中午保健食品效果不錯。

3. 職業背景
    1) 客戶表示目前正在上班，尚未下班。
    2) 客戶對台中地區的住宅類型房地產投資感興趣。

4. 健康食品使用心得
    1) 客戶提到她有在吃健康食品，並對普中午的保健食品效果表示滿意。
    2) 客戶之前曾購買過挺立鈣產品，並已經收到商品。
    3) 客戶曾幫人購買過葉黃素產品。

5. 禁忌
    1) 客戶的老公建議她不要再訂購新的健康食品，認為她已經吃了很多。
    2) 客戶對洗髮精的價格感到貴，但仍關注其效果，特別是對頭髮健康和防止掉髮的影響。",1
22856852,"1. 家庭關係
    1) 客戶有一位丈夫和兩個兒子，其中一位兒子已搬出去住，經常出國工作，從事文化創意行銷相關工作，並代理韓國保養品；另一位兒子目前在家中，有時外出工作。
    2) 客戶的兒媳從事網絡直播銷售成人服裝的工作。
    3) 客戶有一位兩歲半的孫子，需幫忙照顧，孫子喜歡喝她購買的燕窩。
    4) 客戶的父母住在南部，通常當天來回探望，不願搬到台北居住。
    5) 客戶的丈夫是公司的股東，固定食用葉黃素和紅麴保養健康，對於她購買太多東西感到不滿。

2. 健康狀況
    1) 客戶有腎臟問題、胃食道逆流（症狀時輕時重）、胃炎、胃潰瘍、三高（高血壓、高血糖、高血脂）、骨刺、退化性關節炎（部分醫生認為是關節發炎）、自律神經失調、輕度脂肪肝（可能與飲酒有關）等健康問題。
    2) 客戶曾接受PRP治療和玻尿酸注射，認為PRP效果更好，並計劃進行第二次注射。
    3) 客戶有睡眠困擾，過去曾服用西藥幫助睡眠，現在改為中藥。
    4) 客戶因眼睛問題無法開車，並有膝蓋問題，曾接受玻尿酸注射治療。
    5) 客戶的兒子有遺傳性高膽固醇，膽固醇接近三百，但體脂率不高，身材精壯，醫生建議不需服用降膽固醇藥物。

3. 職業背景
    1) 客戶目前沒有上班，過去曾經開過醫美診所，位於台北市南京西路附近，已於幾年前賣掉。
    2) 客戶以前有投資股票和房地產，但現在已停止投資。

4. 健康食品使用心得
    1) 客戶固定服用保健食品，包括益生菌、藍藻、膠原蛋白、白藜蘆醇、日夜舒、果凍型代謝產品、葉黃素、紅麴、鹿胎盤等，對部分產品效果表示滿意。
    2) 客戶曾購買過蚓激酶、萬壽元、吳宗憲產品、理會、東森等品牌的保健品，對部分產品表示信任和喜愛。
    3) 客戶的丈夫和兒子也有服用保健品，兒子曾服用紅麴控制膽固醇。

5. 禁忌
    1) 客戶不吃肉、不愛吃甜食、不吃某些零食，家中不常吃甜食、餅乾和糖果。
    2) 客戶需要錯開服用西藥和保健食品的時間，並避免攝取DHA。
    3) 客戶的丈夫不能吃人蔘，且不喜歡某些衛生紙品牌。",1
22860159,"1. 家庭關係
    1) 客戶家中有九十幾歲的高齡長輩，父親年紀較大但健康狀況良好，能夠散步和走長路，且有健康觀念。
    2) 客戶的父親不與她同住，有三個人陪伴父親住在一起。
    3) 客戶有三個妹妹，其中兩個已結婚。
    4) 客戶提到家中有一位已婚成員，並提到小朋友正在成長階段。
    5) 客戶會陪伴父母，並提到自己很孝順，不會向長輩說自己的困難。

2. 健康狀況
    1) 客戶提到自己有重疾，並可能有抑鬱症狀，且不願意接觸外人。
    2) 客戶有脊椎側彎，髖關骨有不適感，並需要做核磁共振檢查。
    3) 客戶提到末梢循環不佳，腎絲球過濾功能尚可，並有缺鈣情況。
    4) 客戶有乾眼症，睡眠不足，通常早上五點多才睡，且因父親需在晚上十一點到一點吃藥影響睡眠。
    5) 客戶提到醫院花費不少錢，並曾住院，近期有發燒和咳嗽症狀，正在診所看醫生。
    6) 客戶對流感疫苗過敏，曾因藥物過敏不敢接種流感疫苗。
    7) 客戶每年進行健康檢查，曾做過心血管、肝功能指數、驗尿、骨密度、眼睛和肺部檢查。

3. 職業背景
    1) 客戶目前在公司工作，但計劃明年一月退休，並考慮通過被動收入支持生活。
    2) 客戶曾從事美容相關工作，並在家進行臉部保養。
    3) 客戶提到她目前在考慮從事直銷相關工作。

4. 健康食品使用心得
    1) 客戶有服用多種保健食品，包括玻尿酸、氨基酸、葉黃素、魚油、益生菌、人蔘、活泉、時空膠囊等，並對部分產品效果表示滿意。
    2) 客戶認為美白產品效果好，對眼霜和香水產品有興趣，並對某些產品的味道表示喜歡。
    3) 客戶對於產品的使用步驟和濃度有要求，並會根據說明書建議使用。
    4) 客戶認為東西吃太多會造成身體負擔，易消化不良，因此會分批服用保健品。
    5) 客戶對時空膠囊和紅寶石保養品的效果表示滿意，並認為時空膠囊是最厲害的保養品。
    6) 客戶對於某些產品的包裝和沉澱物處理有意見，並對不生病的保健品持懷疑態度。

5. 禁忌
    1) 客戶對含有A酸成分的保養品持保留態度，認為可能會造成皮膚問題。
    2) 客戶的父親不吃蚓激酶產品、心血管保養產品及速效藥。
    3) 客戶的母親不喜歡氨基酸的口感，且不喜歡速效藥和土龍金。
    4) 客戶對流感疫苗過敏，曾因藥物過敏不敢接種。",1
22864386,"1. 家庭關係
    1) 未提及相關資訊。

2. 健康狀況
    1) 未提及相關資訊。

3. 職業背景
    1) 未提及相關資訊。

4. 健康食品使用心得
    1) 客戶曾經購買過益生菌產品。
    2) 客戶曾在東森購買過黑木耳露。

5. 禁忌
    1) 客戶目前沒有購買商品的需求。
    2) 客戶表示如果有需要會主動聯繫或打電話聯繫專員。
    3) 客戶目前尚未決定是否使用點數購買商品。
    4) 客戶表示會再考慮是否購買東森的會員卡。",1
22868766,"1. 家庭關係
    1) 客戶有五個兄弟姐妹，自己是家中排行老三。
    2) 客戶有三個孩子，老大曾是職業軍人，現從事驗車相關工作，與客戶同住；次子目前在台灣接受經濟公司培訓，曾在大陸和韓國學習，並即將畢業；小女兒年紀尚小，可能是國中一年級，曾在上海生活，現住在台中，與一位香港朋友感情不錯。
    3) 客戶的先生有心血管問題，已接受無創治療十多年。
    4) 客戶的孩子們目前不與她同住，且孩子們會自己煮飯。

2. 健康狀況
    1) 客戶心臟不好，偶爾會半夜醒來。
    2) 客戶每兩年進行一次健康檢查。
    3) 客戶認為幹細胞對癌症有幫助。

3. 職業背景
    1) 客戶的工作與發放公務人員退休金相關，每月需處理數千萬的退休金。
    2) 客戶的工作時間為早上九點前上班，午休時間為12:30至13:30，下班時間為21:30。

4. 健康食品使用心得
    1) 客戶曾購買過葉黃素、益生菌、幹細胞產品、B群、萬壽元蚓激酶等保健食品，並表示益生菌效果不錯，但B群無明顯感覺。
    2) 客戶目前主要服用幹細胞產品，已持續四個月，認為對癌症有幫助，但有時會忘記服用。
    3) 客戶家中有大量保健食品存貨，包括葉黃素、益生菌、燕窩等，幾乎都未吃完。
    4) 客戶平時一天服用一包保健食品，通常一次服用兩顆葉黃素。

5. 禁忌
    1) 客戶不吃辣，平時不使用魚油、面膜、防曬產品及洗面乳，且不接睫毛。
    2) 客戶不喜歡登山，對藝術品推銷、演唱會、傳統戲劇及魔術等活動無興趣。
    3) 客戶不考慮購買珍珠項鍊，因為平時不佩戴項鍊。
    4) 客戶提到整形後不能使用某些產品。",1
22870452,"1. 家庭關係
    1) 客戶有兩個女兒，其中一個已結婚並住在香港，另一個住在台灣。
    2) 家中有一位輕症患者和一位重症患者需要照顧，重症患者是在開刀後生病的狀況。

2. 健康狀況
    1) 客戶目前76歲，已退休，平時在家。
    2) 客戶有在使用骨關節保健品，感覺效果不錯。

3. 職業背景
    1) 客戶已退休，過去曾經是東森購物的會員，加入已有22年。
    2) 客戶表示目前不再賺錢，消費習慣有所改變，較少購買奢侈品。

4. 健康食品使用心得
    1) 客戶平常有在吃益生菌，並提到女兒也有在吃益生菌。
    2) 客戶有在使用骨關節保健品，並認為效果不錯。

5. 禁忌
    1) 客戶對卡地亞的黃金產品品質感到不滿，認為是騙人的。
    2) 客戶提到最近比較忙，可能無法注意到一些細節。",1
22878762,"1. 家庭關係
    1) 客戶的家人目前在台灣，之前從日本回來，並計劃在25號返回日本。
    2) 客戶的父母在日本，母親建議不要擔任中務主任以避免管理財務。
    3) 客戶的妹妹在紐約大學就讀，曾到法國學習，並在美國從事投資銀行工作，擁有多處房產，對收藏品有興趣。
    4) 客戶的孩子曾在美國短期就讀幼稚園，現於伯克萊學習，並參與電影拍攝和辯論活動。
    5) 客戶的阿公已經99歲，需要照顧，父母去世後外勞轉為照顧阿公。
    6) 客戶的房子由母親贈與她和妹妹，每人一半，妹妹曾考慮將房子贈與她，但律師建議遺產繼承更划算。

2. 健康狀況
    1) 客戶有高血壓，每三個月需看診，並服用相關藥物。
    2) 客戶有過敏性鼻炎，使用抗組織胺藥物，對空氣品質敏感，曾出現蕁麻疹症狀。
    3) 客戶曾住院，進行過肺部手術，因腫瘤增大到1.1公分，手術後需住院3-4天，並停止服用抗凝血劑。
    4) 客戶有感冒、氣管發炎、喉嚨乾燥、咳嗽等症狀，並提到自己年紀大了，體力不如從前。
    5) 客戶擔心年老後的健康問題，提到帕金森症的情況。
    6) 客戶每年進行健康檢查，並認為早期發現問題很重要。

3. 職業背景
    1) 客戶是新北市過敏教育退休校長協會的副會長，並參與中等學校退休校長的活動。
    2) 客戶曾參加臺北縣教師合唱團，並在音樂方面有豐富經驗。
    3) 客戶每週二下午在中和國稅局教舞，並參與表演活動，擔任核心幹部。
    4) 客戶曾在黨校工作，並參與排汙協會活動。
    5) 客戶的學生中有醫生和台大土木系畢業生，部分學生在教書期間存錢買房。

4. 健康食品使用心得
    1) 客戶購買過多種保健品，包括玻尿酸、幹細胞、益生菌和葉黃素，但表示有些產品未使用完或過期。
    2) 客戶對於幹細胞的使用持有疑慮，擔心其可能促進壞細胞生長。
    3) 客戶認為應該多吃自然食物如水果，對化學成分的產品不信任。
    4) 客戶曾喝過玻尿酸產品，但對其成分表示懷疑，並停止使用。

5. 禁忌
    1) 客戶不喜歡搭捷運，偏好搭公車。
    2) 客戶不喜歡到便利商店取貨，因為曾收到非自己購買的商品。
    3) 客戶對於購物平台的信任度降低，擔心商品與實物不符。
    4) 客戶不再購買保養品，因為家中已有很多未使用的產品。
    5) 客戶對於宗教持開放態度，但不特別信仰任何宗教。",1
22885638,"1. 家庭關係
    1) 客戶提到家裡只有她一個人。
    2) 客戶表示女兒因疫情未能回來，並提到女兒買了房子且目前在日本。
    3) 客戶提到蘋果產品是送給她的女兒，並擔心送達時她不在家需要冷藏。
    4) 客戶提到老公有參與購買贈品的意見，但不喜歡太緊繃的服裝設計。

2. 健康狀況
    1) 客戶表示目前72歲，身高約155公分，體重集中在55至58公斤之間。
    2) 客戶提到自己平時有運動習慣，因此沒有關節痠痛或其他不適。
    3) 客戶表示她每三到四年進行一次健康檢查，使用健保服務，且目前沒有白內障或老花眼的問題。
    4) 客戶提到回來後拉肚子的情況已經好了。
    5) 客戶表示半夜起床上廁所後會查看商品並進行訂購。

3. 職業背景
    1) 客戶表示平日需要上班，周末假日參加活動比較方便。
    2) 客戶提到家中每月開銷可能不足一萬。

4. 健康食品使用心得
    1) 客戶曾購買粒線體產品，喝過六盒，並考慮參加促銷活動。
    2) 客戶曾購買魚油、益生菌、葉黃素、補骨胜肽、心血管管理相關保健品等，並表示魚油對她有幫助。
    3) 客戶提到她早上起來空腹喝保健食品，並需要多喝水。
    4) 客戶表示她每天服用補骨胜肽產品，但效果不明顯。
    5) 客戶提到她試過多種類型的葉黃素，但目前尚未吃完。
    6) 客戶提到她偏好美國的保養品，並有門路購買。
    7) 客戶提到某種茶空腹喝效果較好，並表示夏天使用膠囊時不容易出汗且不油膩。

5. 禁忌
    1) 客戶表示不喜歡使用植物相關的產品。
    2) 客戶表示不吃干貝。
    3) 客戶對紅樟芝產品沒有興趣。",1
22886651,"1. 家庭關係
    1) 無相關資訊。

2. 健康狀況
    1) 客戶對排便問題有關注，對益生菌感興趣。
    2) 客戶目前沒有使用關節保健產品、眼睛保健產品或消炎片。

3. 職業背景
    1) 無相關資訊。

4. 健康食品使用心得
    1) 客戶目前每天只吃B群，但也提到不吃B群，可能有固定品牌在使用葉黃素。
    2) 客戶曾購買過妍美会的葉黃素，並對益生菌感興趣，表示希望先試試看效果。
    3) 客戶曾購買過華陀的益生菌，但不確定是否使用過。

5. 禁忌
    1) 客戶表示不需要幹細胞療法或再生醫學產品。
    2) 客戶不吃專員推薦的保健食品，並認為購買過多益生菌不合適。",1
22889689,"1. 家庭關係
    1) 客戶有兩個女兒和一個兒子，兒子已婚並有一個小孩，女兒也已婚且有一個兒子和一個女兒。
    2) 客戶的兒子和媳婦住在外面，女兒住在新北市永和區，經常幫助客戶處理事務。
    3) 客戶的孫子年齡分別為七歲和十一歲。
    4) 客戶的老公已過世，曾經住院，客戶提到老公幾乎不賺錢，主要靠她養家。

2. 健康狀況
    1) 客戶有高血壓、高血糖、脂肪肝、免疫力差、支氣管炎、過敏性體質、老花眼、掉髮、睡眠問題等健康狀況。
    2) 客戶曾提到牙齒疼痛、頭皮過敏、皮膚乾燥及過敏問題，並有服用安眠藥的習慣。
    3) 客戶提到自己有四高，並且每天都很開心。
    4) 客戶提到她的老公曾患大腸癌，並需要經常去醫院。

3. 職業背景
    1) 客戶已退休，曾經有保險繳費經驗，並提到自己每月有勞保金收入。
    2) 客戶的女兒是銀行職員，工作繁忙，兒子從事廚師和裝潢工作，收入不穩定。
    3) 客戶曾經在MOD工作過，並提到自己年輕時賺了很多錢。

4. 健康食品使用心得
    1) 客戶有使用多種保健食品，包括褐藻糖膠、香檳茸、葉黃素、紅藜果膠、苦瓜多肽等，並對部分產品效果表示滿意。
    2) 客戶每天喝咖啡，認為有助於排便，但不喜歡喝含糖飲料和泡麵湯。
    3) 客戶對於美白產品持謹慎態度，因為擔心過敏，並表示不再購買新的保養品，直到用完舊的。

5. 禁忌
    1) 客戶不吃牛肉、油炸食物和辣椒，因為健康原因。
    2) 客戶對含酸類和美白成分的保養品過敏，對某些產品持保留態度。
    3) 客戶不喜歡快餐食品，建議少吃麥當勞等食物。",1
22893813,"1. 家庭關係
    1) 客戶有一個兒子，計劃在未來兩年內出國學習餐飲，可能專攻甜點，並計劃先去當兵後再決定是否出國。
    2) 客戶支持兒子的計劃，但希望他能夠獨立承擔，不依賴她的資金。
    3) 客戶對兒子出國後的安全和生活有些擔心，尤其是財務和治安問題，並已為其在國外的生活安排進行詳細計劃。

2. 健康狀況
    1) 客戶有髖關節問題，但不敢進行手術，僅能依靠健康食品。
    2) 客戶近期感冒，但已經有好轉。
    3) 客戶不喜歡吃太多膠囊，覺得自己快要生病了。

3. 職業背景
    1) 客戶目前不開車，認為在郊區生活不開車會比較不方便。
    2) 客戶對於購買產品時偏好直接從原廠購買，認為這樣比較可靠。

4. 健康食品使用心得
    1) 客戶曾購買過幹細胞產品，分24期付款，預計2023年底付清。
    2) 客戶曾購買過華陀產品，但認為價格昂貴，需先吃完現有的產品。
    3) 客戶曾經食用過蚓激酶和其他保健食品，但認為效果不佳，已停止食用。
    4) 客戶對B群和葉黃素產品有興趣，並選擇購買葉黃素。
    5) 客戶在早餐中使用杏仁粉，與麥片和高蛋白混合食用，並用杏仁粉代替牛奶，認為味道很好。
    6) 客戶不喜歡芝麻粉，家中還有三四瓶未使用完。

5. 禁忌
    1) 客戶不喜歡吃太燥熱的食物。
    2) 客戶不喜歡吃太多膠囊。
    3) 客戶對於比特幣沒有興趣，並表示不參與相關活動。
    4) 客戶不喜歡蝦皮，認為手續費高。",1
22894279,"1. 家庭關係
    1) 客戶為第二代移民，父親來自外省，家中無其他親戚，目前為獨居狀態。
    2) 客戶提到弟弟因車禍住院。

2. 健康狀況
    1) 客戶有糖尿病、高血壓，需定期服用相關藥物。
    2) 客戶曾患有腫瘤並接受過治療，且有脂肪肝，認為年紀大了容易有此情況。
    3) 客戶腎絲球過濾率為69，偶爾有蛋白尿情況。
    4) 客戶視力不好，看東西模糊，眼壓常常很高，需用放大鏡看東西。
    5) 客戶睡眠質量差，經常半夜醒來。
    6) 客戶目前人在高雄醫學大學附設醫院，感覺身體不太舒服。

3. 職業背景
    1) 客戶已退休，現居高雄。
    2) 客戶曾經是軍官，並在軍中服役多年。

4. 健康食品使用心得
    1) 客戶對人蔘的使用有一定了解，認為品質與產地相關，主要在冬季（12月、1月、2月）食用，並根據季節調整服用量。
    2) 客戶曾購買蘆薈產品，一次購買48包，價格為1000元。
    3) 客戶一直有食用蜂蜜，偏好玻璃罐裝且要求百分之百純蜂蜜，認為蜂蜜能幫助減少便秘。
    4) 客戶會根據中醫師提供的比例熬製中藥，但家人不吃中藥也不看中醫。
    5) 客戶家中常備紅棗、枸杞、決明子等食材。

5. 禁忌
    1) 客戶不喜歡吃鱸魚，較喜歡鯖魚。
    2) 客戶對保健食品缺乏信心，表示不願意嘗試，並提到目前除了醫生開的處方藥外，沒有服用其他保健食品或藥品。
    3) 客戶表示不吃保健品，認為吃太多了，現在都不吃了。",1
22908110,"1. 家庭關係
    1) 客戶的小孩住在國外。
    2) 客戶會將型錄拿給老姐姐看，老姐姐會購買衣服。

2. 健康狀況
    1) 客戶提到自己有健康問題，身體不好，目前正在醫院，並且腸胃不好，正在吃藥。
    2) 客戶的皮膚是敏感肌，容易過敏，對面膜和某些產品過敏，使用面膜會讓皮膚感到癢。
    3) 客戶提到因為台灣氣候潮濕，皮膚會出油，平常不化妝，也不使用化妝品。
    4) 客戶表示自己比較容易流汗，因此不喜歡在不冷的時候使用發熱型產品。

3. 職業背景
    1) 客戶提到她是東森的老會員，主要通過電視購物購買商品，因為不太方便外出。
    2) 客戶表示她是電視購物的消費者，喜歡購買衣服，但認為東森的衣服選擇不多。
    3) 客戶提到她每個月都會收到momo寄來的東西，並有跟momo購買商品。

4. 健康食品使用心得
    1) 客戶提到她不能吃維生素、藥品和健康食品，因為醫生建議她不能亂吃東西。
    2) 客戶提到她之前有購買過固腸胃的益生菌和東森的顧腸胃益生菌，但現在已經不再食用，因為醫生建議她不能吃益生菌。
    3) 客戶提到她購買的B群是受人委託代購的，並且最近購買了B群紅藜加強錠。

5. 禁忌
    1) 客戶提到她有很多食物不能吃，買回來的食物也常常被丟掉。
    2) 客戶提到她不能吃益生菌、維生素、藥品和健康食品，因為醫生建議她不能亂吃東西。
    3) 客戶不喜歡使用面膜，對面膜過敏，使用後皮膚會癢。
    4) 客戶不會購買食品類產品，也不希望被推銷食品類產品。
    5) 客戶表示她不會購買任何東西，因為家中已有足夠的物品。",1
22916476,"1. 家庭關係
    1) 客戶與家人住在一起。
    2) 客戶的妻子娘家在海南，客戶曾提到需要回去探望。
    3) 客戶的父親有攝護腺問題，曾為父親購買石墨烯材質的內衣褲，父親反映穿著後感覺不錯。
    4) 客戶的兒子曾購買過葉黃素產品，且喝果汁時會加水稀釋。
    5) 客戶的妻子下半身有些肥胖，考慮使用太空能量褲來瘦身。
    6) 客戶的姐姐和朋友對購買產品有興趣。

2. 健康狀況
    1) 客戶有糖化血色素在5.7到6.0之間，屬於糖尿病前期，並有血糖控制問題。
    2) 客戶有血脂偏高和三酸甘油酯偏高的問題，運動後有所改善。
    3) 客戶有攝護腺肥大的慢性處方簽。
    4) 客戶提到右側冠狀動脈有些許鈣化和硬化的問題。
    5) 客戶最近感冒，並曾有拉肚子的情況。
    6) 客戶經常進行健身、超慢跑和爬樓梯等運動。

3. 職業背景
    1) 客戶已經退休。
    2) 客戶對不動產投資有興趣，尤其是台中和桃園地區的物件。

4. 健康食品使用心得
    1) 客戶有在服用多種保健品，包括蚓激酶、幹細胞、粒線體安瓶、活泉、香檳茸、葉黃素、氨基酸、膠原蛋白等，並會分開服用以減少負擔。
    2) 客戶對香檳茸的味道難以接受，但對其材料來源和購買優惠感興趣。
    3) 客戶對益生菌產品有興趣，認為效果不錯，但不一定選擇特定品牌。
    4) 客戶對三得利的黑紅瑪卡產品有興趣，並認為效果不錯。
    5) 客戶對氨基酸產品的效果有興趣，並詢問其對攝護腺的幫助。
    6) 客戶早餐習慣吃燕麥片、五穀粉和無糖豆漿，經常吃水果但不喝果汁。
    7) 客戶對於保健食品的效果持觀望態度，表示如果效果不錯會再購買。
    8) 客戶對於產品的價格和優惠有敏感性，表示有優惠會考慮購買。

5. 禁忌
    1) 客戶擔心過期產品對健康的影響，特別是腎臟負擔。
    2) 客戶不喝果汁，認為果汁的升糖指數較高。
    3) 客戶擔心開封後的產品可能導致拉肚子，並對退貨流程感到麻煩。
    4) 客戶認為乳膠床墊不適合腎陰寒的人。",1
22923161,"1. 家庭關係
    1) 客戶曾提到給家人吃過某種產品。

2. 健康狀況
    1) 客戶提到自己年紀大了，認為不需要太多東西。
    2) 客戶有固定使用保養品，並支付年費。

3. 職業背景
    1) 客戶目前仍在工作，尚未下班。
    2) 客戶提到最近比較忙，並表示現在要忙著去開車。

4. 健康食品使用心得
    1) 客戶有在吃葉黃素。
    2) 客戶提到益生菌部分未明確表示有在吃，並提到有些已經過期且懶得吃。
    3) 客戶之前有購買過宏基的魚油。

5. 禁忌
    1) 客戶表示最近沒有要購買東西。
    2) 客戶提到她現在在忙，沒有要購買東西。",1
22927808,"1. 家庭關係
    1) 客戶目前與家人同住，並每週與家人聚會一次。
    2) 客戶家中有一隻八歲的博美犬，體重約三點五公斤，需減肥，且偶爾因皮膚病需要美容。
    3) 客戶定期為寵物進行健康檢查和疫苗接種，並自行為寵物清潔以避免傳染皮膚病。
    4) 客戶提到下週將與女兒一起前往中國旅行三個禮拜。

2. 健康狀況
    1) 客戶容易偏頭痛，長時間需要耗腦力，且本身會頭痛，過去需服用藥物以便能睡六個小時。
    2) 客戶患有胃潰瘍，曾因胃痛服用止痛藥，現改為按摩放鬆。
    3) 客戶有退化性關節炎，去年曾骨折並韌帶斷裂，且患有足底筋膜炎，走路困難，曾住院治療但效果不佳。
    4) 客戶的皮膚容易敏感，過去一年情況更為嚴重。
    5) 客戶體力狀況不佳，希望改善體力問題。
    6) 客戶每年進行健康檢查。

3. 職業背景
    1) 客戶目前在藥局從事文書工作，並提到工作量較大，但壓力已減少。
    2) 客戶目前仍在工地工作，並提到工地有繼續找她處理相關事務。
    3) 客戶表示自己很忙，並提到公司服務對她這種忙碌人士是一種考驗。
    4) 客戶提到她從事生意，並每月個人開銷超過兩萬元。

4. 健康食品使用心得
    1) 客戶支持東森購物21年，是高級會員，並在東森的年度消費金額達百萬。
    2) 客戶每年在MOMO購物平台的消費金額超過五萬元。
    3) 客戶曾購買臺大幹細胞相關保健食品，目前每天服用幹細胞產品六顆，並表示效果不錯，未出現頭暈或頭痛。
    4) 客戶服用南極氨基酸並搭配其他保健食品，且使用智能代謝膠囊，認為其促進新陳代謝效果良好。
    5) 客戶曾購買自然美的膠囊和護膚品，並表示膠囊使用感受良好，清爽不油膩。
    6) 客戶手上有一盒褐藻糖膠，認為其具有抗病毒能力。

5. 禁忌
    1) 客戶的體質不受補，需漸進式調整保健食品的使用量。
    2) 客戶已經很久不穿高跟鞋，改穿量身定制的雙氣墊鞋以減輕足部壓力。",1
22933534,"1. 家庭關係
    1) 客戶與家人同住，家中有三個小孩。
    2) 客戶的女兒目前在德國留學，家中有五人，女兒的男朋友也曾與家人一起旅遊。
    3) 客戶的父母有食用保健食品，並提到父母曾有咳嗽情況，食用某些產品後咳嗽減少。
    4) 客戶的父親需要服用保健食品，並曾因受涼而不適。
    5) 客戶的太太目前在台南，可能會幫忙處理一些事情，但未達到簽收要求。

2. 健康狀況
    1) 客戶57歲，已退休一年多，身材苗條，穿M號衣服仍然太大。
    2) 客戶每兩年進行一次健康檢查，曾在國泰健康檢查中心檢查，費用約七到八萬。
    3) 客戶有在服用慢性病處方簽，並開始食用保健食品，認為保健食品需要有效果才有用。
    4) 客戶常去爬山，有運動習慣。
    5) 客戶的朋友血壓偏高，身體狀況不太好。

3. 職業背景
    1) 客戶曾在科技園區工作，工作壓力大，現已退休。
    2) 客戶目前從事黃金買賣相關工作，並提到現金流對生意非常重要。

4. 健康食品使用心得
    1) 客戶曾購買並食用幹細胞產品，認為其有助於改善體力、攝護腺健康及美容效果，但感覺效果不明顯。
    2) 客戶曾購買蚓激酶產品，了解其對心血管健康的益處。
    3) 客戶曾購買活泉產品給母親食用，認為有助於修復腦損傷。
    4) 客戶曾購買褐藻產品，感冒時服用褐藻膠囊後感冒症狀有所改善。
    5) 客戶提到媽媽在吃容易姬膠囊，自己最近有在吃賀寶芙，目的是減重。
    6) 客戶曾購買龜鹿產品，並提到其父親曾食用該產品。
    7) 客戶提到使用珍珠鹿角鈣補充鈣質。

5. 禁忌
    1) 客戶不吃肉。
    2) 客戶旅遊時儘量避免喝外面的飲料，選擇瓶裝水。
    3) 客戶表示對保養品和珠寶類產品沒有興趣。
    4) 客戶不會購買某些商品，並認為某些商品價格太高。",1
22968619,"1. 家庭關係
    1) 客戶的先生經常出國工作。
    2) 客戶家中已經有人購買了益生菌。

2. 健康狀況
    1) 客戶最近動過手術。
    2) 客戶平常排便情況還好。

3. 職業背景
    1) 客戶剛從國外回來。
    2) 客戶提到她很少看簡訊。

4. 健康食品使用心得
    1) 客戶目前每天服用一罐鴕鳥精。
    2) 客戶有在服用幹細胞產品，手邊還有未使用完的幹細胞產品。
    3) 客戶已經購買並正在服用玻尿酸產品。
    4) 客戶之前購買過益生菌、葉黃素、納豆保健食品及粉狀益生菌，但部分已丟棄。
    5) 客戶目前手上還有益生菌，尚未吃完，並且有很多其他品牌的益生菌。
    6) 客戶對益生菌有興趣，特別是針對免疫力方面的益生菌。
    7) 客戶的保健品來源多樣，包括東森、momo和藥局。

5. 禁忌
    1) 客戶不喜歡吞服保健食品，擔心對身體有負擔。
    2) 客戶不喜歡吃膠囊類的保健食品。
    3) 客戶不喜歡吃甜的東西。
    4) 客戶不太關心逆齡相關的產品。
    5) 客戶對粒線體療法沒有興趣。
    6) 客戶表示她的保健品已經夠多了，目前不需要再購買。",1
22972021,"1. 家庭關係
    1) 無相關資訊。

2. 健康狀況
    1) 無相關資訊。

3. 職業背景
    1) 客戶目前尚未退休。
    2) 客戶是私人公司的員工。

4. 健康食品使用心得
    1) 客戶表示沒有在吃葉黃素。
    2) 客戶提到平常沒有在吃葉黃素。

5. 禁忌
    1) 無相關資訊。",1
22973943,"1. 家庭關係
    1) 客戶與丈夫共同居住，家中有三人，孩子不與他們同住。
    2) 客戶的丈夫健康狀況不佳，需定期回診，曾接受癌症治療，目前行動不便且需要包尿布。
    3) 客戶有一位患膀胱癌的大哥，需定期回診，並由客戶照顧。
    4) 客戶的哥哥有五個孩子，孩子們每月提供經濟支持，減輕了家庭財務壓力。

2. 健康狀況
    1) 客戶有白內障，正在治療乾眼症，眼睛視力下降，並有自律神經失調、頭暈、熱潮紅、冒汗等症狀。
    2) 客戶有血糖偏高和膽固醇偏高的情況，曾使用魚油幫助代謝和抗發炎。
    3) 客戶有中耳炎，導致頭暈，並有骨骼相關問題。
    4) 客戶目前感冒，聲音沙啞，並提到肚子可能因飲食影響。
    5) 客戶的丈夫患有癌症，近期健康狀況不佳，食欲不振，需服用標靶藥物，並有尿道發炎和發燒情況。

3. 職業背景
    1) 客戶目前無工作，正在尋找家庭代工機會。
    2) 客戶已退休，並未再使用燦坤會員服務。

4. 健康食品使用心得
    1) 客戶服用多種保健食品，包括葉黃素、魚油、活泉精華膠囊、萬壽元護肝產品、牛樟芝、印加果油、膠原蛋白類產品、銀杏等，並認為對健康有幫助。
    2) 客戶認為葉黃素有助於眼睛健康，印加果油有助於新陳代謝和降膽固醇，銀杏對記憶力有幫助，花旗蔘的杏仁粉對支氣管有益。
    3) 客戶曾服用膠囊式維他命C改善健康問題，並使用燕窩改善睡眠。
    4) 客戶對某些產品如B群和氨基酸產品的味道不喜歡，認為眼霜效果可能誇大。
    5) 客戶家中有大量保健食品存貨，包括綠蜂膠、金盞花、枸杞等，並有未開封的魚油和面膜。

5. 禁忌
    1) 客戶的丈夫不吃某些產品，因為味道無法接受，且不能吃月餅。
    2) 客戶曾因缺乏維他命C導致健康問題，並需注意血糖和膽固醇的控制。
    3) 客戶的醫生建議不要食用某種核酸產品。",1
22979395,"1. 家庭關係
    1) 客戶與家人住在一起，天天相處，並不特別外出聚餐。
    2) 客戶的女兒經常去台北101的某家餐廳。
    3) 客戶的兒子有體重問題，但不願意吃保健食品，目前在吃益生菌。
    4) 客戶的媽媽曾要求訂購產品。
    5) 客戶家中養寵物，但不會帶去寵物美容或健康檢查。

2. 健康狀況
    1) 客戶目前沒有肝臟或脂肪肝的問題，但膽固醇偏高，尚無需服用降膽固醇藥物。
    2) 客戶有血管相關的健康問題，並有糖尿病家族史。
    3) 客戶重視腎臟健康，認為腎臟是重要器官。
    4) 客戶一年進行一次健康檢查。
    5) 客戶曾提到手麻腳麻的問題。

3. 職業背景
    1) 客戶是公務人員，五月一號不放假，因國稅局要開始收件。
    2) 客戶目前尚未退休，需參加每年的職業相關訓練課程。
    3) 客戶提到經濟有些困難，無法購買昂貴產品。

4. 健康食品使用心得
    1) 客戶有很多保健食品，包括蚓激酶、香檳茸、膠囊、薑黃素膠囊等，但部分已過期或未使用完。
    2) 客戶對益生菌、氨基酸、補鈣產品（挺立鈣）和腎臟益生菌有興趣，並已購買和食用部分產品。
    3) 客戶對燕窩產品有一定興趣，並已購買一組。
    4) 客戶對苦茶油感興趣，並詢問相關產品的規格和價格。
    5) 客戶認為某些產品太甜，無法接受，並對膠囊類產品和保健食品興趣不大。
    6) 客戶曾使用過褐藻糖膠產品，並被建議每天食用兩顆。
    7) 客戶對於喝的產品感興趣，認為方便且溫和。

5. 禁忌
    1) 客戶對某些產品過敏，並因此退貨。
    2) 客戶不需要葉黃素、益生菌、更多膠囊產品或福袋類產品，認為這些東西放著沒用很可惜。
    3) 客戶對佛牌等相關產品的效果不相信。
    4) 客戶對於購物時的利息和付款方式較為關注，並認為先扣款再退回來的流程麻煩。",1
22985795,"1. 家庭關係
    1) 客戶提到葉黃素是給媽媽吃的。
    2) 客戶表示家人不喜歡吃杏仁粉，家中曾購買但未食用。

2. 健康狀況
    1) 客戶有三高，且是家族遺傳性疾病。
    2) 客戶目前有在服用紅麴、高濃度魚油及磷蝦油來控管健康。
    3) 客戶有持續在服用益生菌，但選擇其他品牌的產品。

3. 職業背景
    1) 客戶未提及具體職業背景，但表示最近比較忙，沒時間查看相關資訊。

4. 健康食品使用心得
    1) 客戶表示葉黃素已經吃了很久，並且有持續在服用。
    2) 客戶提到紅麴是醫院開給他服用的，並表示有持續在吃。
    3) 客戶表示魚油是自己食用，了解魚油的量足夠，不需額外搭配其他魚油。
    4) 客戶目前有在服用磷蝦油。
    5) 客戶提到自己有在服用益生菌，但選擇其他品牌的產品。

5. 禁忌
    1) 客戶表示家人不喜歡吃杏仁粉，家中曾購買但未食用。
    2) 客戶表示不需要健康食品，例如葉黃素和燕窩。",1
22992157,"1. 家庭關係
    1) 客戶提到她有一名小孩，曾請假參加廈門旅行。
    2) 客戶曾照顧一對雙胞胎，其中妹妹需要特別照顧。
    3) 客戶的媽媽有補鈣需求，並希望購買大瓶裝橄欖油。
    4) 客戶提到她婆婆曾因白內障手術不順利導致視網膜剝離，目前視力僅剩零點二到零點三。

2. 健康狀況
    1) 客戶有子宮肌瘤問題，不能食用含荷爾蒙類的保健品，並服用中藥調理後症狀有所改善。
    2) 客戶體質屬燥熱，不能食用某些中藥材如龜鹿膠、三伏貼等。
    3) 客戶有頸椎不好的問題，手曾受傷，需避免長時間操作重物。
    4) 客戶皮膚容易過敏，曾因過敏體質開刀移除鼻息肉，並出國時攜帶抗過敏藥物。
    5) 客戶有長期咳嗽問題，可能涉及支氣管發炎或氣喘，曾診斷肺部發炎。
    6) 客戶曾感染類似流感病毒，症狀包括拉肚子和不適。
    7) 客戶提到臉部和眼睛容易因海鮮或其他食物過敏，並出現脫皮、乾燥等症狀。
    8) 客戶每天感到疲憊，睡眠不足。

3. 職業背景
    1) 客戶目前正在尋找工作，參加多次面試，包括食品相關工作和其他公司職位。
    2) 客戶曾在洗衣房工作，主要負責洗衣服、分衣服等事務，並考慮回去因薪水較高。
    3) 客戶目前的工作時間為早上九點到下午六點，薪水每月三萬六，工作穩定但環境悶熱。
    4) 客戶提到工作面試中曾被提到穩定性不足，因過去工作未滿半年。
    5) 客戶正在準備考證照，並參加相關課程如腸躁課程和保姆課程。

4. 健康食品使用心得
    1) 客戶每天服用B群，偶爾未控制服用頻率，並曾購買日本保健食品。
    2) 客戶曾購買葉黃素和魚油，用於保護眼睛和減少乾眼症狀。
    3) 客戶提到橄欖油的多酚成分對健康有益，並使用橄欖油涼拌沙拉或加熱料理。
    4) 客戶曾使用黃金干貝醬，並關注其價格變動。

5. 禁忌
    1) 客戶不能食用含荷爾蒙類保健品如大豆異黃酮、膠原蛋白等。
    2) 客戶不能食用某些中藥材如龜鹿膠、三伏貼等。
    3) 客戶不太能吃芝麻，食用後會有不適。
    4) 客戶不吃牛肉，並不太能吃蜂膠類產品。
    5) 客戶不喜歡大陸的飲食和環境。
",1
22996866,"1. 家庭關係
    1) 未提及具體家庭成員或關係。

2. 健康狀況
    1) 未提及具體健康狀況。

3. 職業背景
    1) 未提及具體職業背景。

4. 健康食品使用心得
    1) 客戶表示不需要葉黃素。
    2) 客戶不需要堅果和第一三家產品。

5. 禁忌
    1) 客戶不需要抽取式衛生紙。
    2) 客戶對頓牛排的口感和肉質不滿意，認為肉質不夠好且大小不一致。
    3) 客戶通常不接聽推銷電話，也不會因為推銷電話購買商品。
    4) 客戶表示不會再購買東西，若有需要會自己上網購買。",1
23010664,"1. 家庭關係
    1) 客戶未婚且目前單身，沒有小孩。
    2) 客戶有一些閨蜜朋友，並且目前沒有養寵物。

2. 健康狀況
    1) 客戶表示自己沒有三高問題，但家族有三高病史，因此對健康產品的效果特別關注。
    2) 客戶有疲勞問題，但否認有睡眠不好的問題。
    3) 客戶目前沒有在服用慢性處方簽藥物。
    4) 客戶很少運動，但有參加專門的瑜伽課程，每週上兩次，每次費用約七八百元。

3. 職業背景
    1) 客戶目前從事服務業，每週工作六天，工作時間通常從早上十點到晚上七點半，但工作時間不固定，晚上八點以後較方便接電話。
    2) 客戶會開車，休假時偶爾會外出走走。

4. 健康食品使用心得
    1) 客戶有購買並每天服用兩顆幹細胞產品。
    2) 客戶家中保健品種類較多，曾經購買過台鹽的膠原植萃全能乳，並對百益歐的產品感興趣。
    3) 客戶有使用保養品，偶爾會請朋友從免稅店帶回日本的保養品，並曾進行醫美（淡斑和雷射）。
    4) 客戶之前有吃過眼睛保養的產品，並表示若需要會再聯絡。

5. 禁忌
    1) 客戶習慣使用某一特定品牌的紅色包裝產品，其他品牌的產品都不使用。
    2) 客戶對健康產品的效果特別關注，尤其是針對家族三高病史的考量。",1
23016576,"1. 家庭關係
    1) 客戶提到目前有小朋友需要支付學費。

2. 健康狀況
    1) 客戶未提及具體健康問題，但提到休息時間會用來睡覺，可能顯示生活較為忙碌，休息時間有限。

3. 職業背景
    1) 客戶未提及具體職業，但表示自己非常忙碌，沒有時間參與活動，假日也忙於買菜。

4. 健康食品使用心得
    1) 客戶對黑木耳產品有興趣，並曾購買過黑木耳露和紅棗黑木耳露，對其價格有記錄（1480元）。
    2) 客戶提到紅棗和核桃是分開食用，並未提到目前有在食用紅棗加核桃的產品。

5. 禁忌
    1) 客戶目前不急於購買新的產品。
    2) 客戶表示沒有車子，無法去其他地方。",1
23021421,"1. 家庭關係
    1) 客戶有兩個兒子和兩個女兒，其中一個兒子住在台北，另一個兒子在高雄工作，偶爾回家探望。
    2) 客戶的兒子們有時會幫忙購買物品，並且其中一個兒子有時候會陪同她去醫院。
    3) 客戶的母親健康狀況不佳，患有失智症，姐妹之間會互相照顧。
    4) 客戶的家庭經濟壓力較大，兒子們有時需要依靠她的經濟支持。

2. 健康狀況
    1) 客戶有高血壓、心臟病、尿道炎、腎結石、胃食道逆流、白內障等健康問題，並曾患癌症，目前狀況良好。
    2) 客戶有韌帶斷裂、骨頭退化、脊椎問題，行動不便，需使用拐杖。
    3) 客戶經常感到疲倦，睡眠質量不佳，並有腸胃不適和過敏問題。
    4) 客戶曾多次開刀，並有腎臟小腫瘤和心臟肥大的問題，需定期檢查。

3. 職業背景
    1) 客戶目前從事會計工作，曾提到工作辛苦，經濟壓力大。
    2) 客戶提到過去有瘦身經歷，並對不動產投資有興趣。

4. 健康食品使用心得
    1) 客戶目前食用多種保健食品，包括褐藻醣膠、蔓越莓、魚油、南瓜籽等，但對部分產品效果不滿意。
    2) 客戶認為某些保健食品價格昂貴，效果不明顯，對華陀品牌產品持懷疑態度。
    3) 客戶每天食用多種保健食品，曾經一天吃二十顆，現在減少至十顆。
    4) 客戶對發泡錠的味道感到甜，會加水調整口感，並認為燕窩和氨基酸產品價格過高。

5. 禁忌
    1) 客戶不吃油炸食物、麵包和米飯，並避免食用含糖或太硬的食物。
    2) 客戶不喝咖啡和酒，因乳糖不耐症和健康考量。
    3) 客戶不會將中藥與西藥同時服用，並對某些保健食品和化妝品持謹慎態度。
    4) 客戶不打疫苗，擔心對健康的影響，並避免食用會導致拉肚子的產品。",1
23026037,"1. 家庭關係
    1) 客戶目前與兒子同住，兒子是中年人，平常上班，下午或晚上才回家。
    2) 家中有四個房間，其中一間用來放東西。
    3) 客戶提到家中只有自己時，子女不在家。

2. 健康狀況
    1) 客戶年齡約87至89歲，記憶力下降，偶爾感到腦子不靈光，日子過得不清楚。
    2) 客戶行動不便，腳步不穩，膝蓋和骨頭容易不適，曾因摔跤導致髖關節手術，走路不便，需坐下休息。
    3) 客戶有肌少症，腸胃不佳，曾因腸胃潰瘍住院多次，並有胃食道逆流問題。
    4) 客戶曾得過帶狀皰疹，但恢復良好，並提到脖子有點緊，偶爾頭痛。
    5) 客戶表示自己沒有三高，腎臟檢查正常，飲食清淡且吃全素，腸胃功能正常，無便秘問題。
    6) 客戶提到手腳冰冷的情況已改善，但不確定是什麼原因。

3. 職業背景
    1) 客戶從學校畢業後即進入台糖工作，工作年限超過四十年，直到退休。
    2) 客戶因工作需要曾經出差到台灣各地，熟悉台北地區。

4. 健康食品使用心得
    1) 客戶目前有在服用氨基酸產品、維生素B群、合利他命、葉黃素等保健品，並表示會先用完現有產品再考慮購買新產品。
    2) 客戶曾購買過多種保健品，包括蚓激酶、華金養生產品、益生菌、氨基酸、華陀龜鹿保健食品等，但部分尚未使用。
    3) 客戶表示曾服用華陀保健食品，可能覺得效果不錯，但目前已停止使用。
    4) 客戶提到曾購買粒線體相關產品，但未持續使用。
    5) 客戶表示不亂吃保健品，對保健品的服用方式較為謹慎。

5. 禁忌
    1) 客戶吃全素，平常飲食清淡，不吃重口味食物。
    2) 客戶不喜歡分期付款，偏好一次性付款。
    3) 客戶表示目前囤積了過多生活用品與保健品，近期不再購買新物品。
    4) 客戶不服用魚油，也不打算訂購。
    5) 客戶不願意進行膝蓋手術，選擇服用止痛藥控制症狀。",1
23046767,"1. 家庭關係
    1) 客戶家中只有兩個人居住。
    2) 客戶提到家中員工很多，工作性質流汗，因此衛生紙需求較大。

2. 健康狀況
    1) 客戶目前不能吃保健食品，醫生有交代。

3. 職業背景
    1) 客戶提到她現在在高級小寶。

4. 健康食品使用心得
    1) 客戶近期在東森購物有購買B群保健品。
    2) 客戶曾購買妍美会的游離型葉黃素，但認為效果不佳。
    3) 客戶表示益生菌不用。

5. 禁忌
    1) 客戶目前不能吃保健食品，醫生有交代。",1
23048145,"1. 家庭關係
    1) 未提及具體家庭關係。

2. 健康狀況
    1) 未提及具體健康狀況。

3. 職業背景
    1) 客戶是一名保險經紀人，並非業務員。
    2) 客戶提到自己是老闆。
    3) 客戶目前正在忙於工作，並且有參與上課。

4. 健康食品使用心得
    1) 客戶表示需要大罐裝的堅果。

5. 禁忌
    1) 客戶不需要家用品如洗碗精、洗衣精等。
    2) 客戶對點數換購的商品感到不滿，認為很難搶到商品。",1
23049517,"1. 家庭關係
    1) 客戶提到家裡開了一間投資公司。
    2) 客戶需要帶孫子，顯示她可能有子女並已成家。
    3) 客戶提到家裡人也不吃保健食品，但先生有在吃保健品，並會給她吃。

2. 健康狀況
    1) 客戶對咖啡因敏感，喝咖啡會影響睡眠，但喝茶則不會有影響。
    2) 客戶表示她不吃保健食品，包括藥丸和中藥類產品。

3. 職業背景
    1) 客戶提到家裡開了一間投資公司，可能與其職業背景相關。
    2) 客戶目前生活非常忙碌，並且很少開車，主要使用捷運出行。

4. 健康食品使用心得
    1) 客戶表示家裡有很多保健食品，包括維他命B群，但她和家人都不吃。
    2) 客戶提到她習慣使用台鹽的產品，並曾購買過台酒和台鹽的產品。

5. 禁忌
    1) 客戶對咖啡因敏感，避免飲用咖啡。
    2) 客戶不會購買或使用吃的保健品，包括藥丸和中藥類產品。",1
23083629,"1. 家庭關係
    1) 客戶有一名28歲的兒子，身高165公分，體重78.5公斤，三酸甘油酯偏高，且不與家人一起出門旅行。
    2) 客戶提到先生有皮膚問題，最近吃完激活產品後皮膚狀況稍微改善，但仍有蕁麻疹反覆出現。
    3) 客戶曾考慮購買按摩椅給母親使用，但因母親骨頭狀況不佳，認為使用按摩椅可能存在風險。

2. 健康狀況
    1) 客戶有甲亢，並且會上網購買藥物。
    2) 客戶有頭痛、抽痛、消化不良、三酸甘油酯偏高、脂肪肝等健康問題，並提到三酸甘油酯可能是遺傳性問題。
    3) 客戶提到更年期期間曾有熱潮紅和臉部發熱的症狀，目前已緩解。
    4) 客戶提到腫瘤可能會因糖分攝取而增長，因此需要控制飲食。
    5) 客戶的體重為52-54公斤，近期擔心變胖，飲食控制且不敢吃太多。
    6) 客戶的作息不太正常，並希望能調整以改善健康。
    7) 客戶最近一年都沒有吃水果，且每天喝水量約2000cc，考慮增加至2500cc以改善健康。

3. 職業背景
    1) 客戶未提及具體職業背景。
    2) 客戶提到兒子在公司工作，並於三點回家。

4. 健康食品使用心得
    1) 客戶曾購買過牛樟芝膠囊，但服用後感到心跳加快和身體不適。
    2) 客戶有服用褐藻糖膠、倍護產品、香檳茸、纖體產品、幹細胞產品、葉黃素、蚓激酶、魚油及綜合維他命等保健品，並表示葉黃素用量較多以保護眼睛。
    3) 客戶表示幹細胞產品有助於免疫力及全身性健康，魚油產品可幫助清血管及改善健康狀況。
    4) 客戶對魚油產品有興趣，但不喜歡魚油膠囊的油膩感，認為會影響胃口，並會選擇其他品牌的魚油產品。
    5) 客戶曾使用順天堂的防禦茶和倍護產品，並購買過時空膠囊產品。
    6) 客戶有服用激活安瓶，但不是每天服用，通常隔兩三天服用一次。
    7) 客戶對玄米油、石墨烯相關產品及華陀色素脫產品不感興趣，並表示不想花太多錢在購買保健品上。

5. 禁忌
    1) 客戶提到飯後會吃魚油，但擔心魚油是否會因阻斷油脂吸收而影響效果。
    2) 客戶詢問是否可以在服用西藥的情況下食用褐藻和倍護產品。
    3) 客戶表示腫瘤可能會因糖分攝取而增長，因此需要控制飲食。
    4) 客戶家中空間不足，無法放置按摩椅。",1
23105710,"1. 家庭關係
    1) 客戶與先生住在一起，先生飲食規律但不吃零食，且不喜歡非天然成分的產品。
    2) 客戶的女兒從事IT相關工作，已婚但尚未舉辦婚禮，近期從美國回來，計劃與客戶一起參加課程。
    3) 客戶的兒子從事金融行業，身體較差，腸胃不佳，眼睛容易受傷，客戶考慮給他益生菌。
    4) 客戶的女婿是台灣人，但因無法入境台灣，目前與女兒在日本。
    5) 客戶的家人目前在國外，主要在加拿大，為了看望兒女。
    6) 客戶有兄弟姐妹，偶爾會將保健品送給他們。

2. 健康狀況
    1) 客戶有血糖和膽固醇問題，需定期檢查，並服用相關藥物。
    2) 客戶曾子宮切除，但卵巢可能未被移除。
    3) 客戶有痔瘡，身體容易燥熱，且排便不太順暢。
    4) 客戶的糖化血色素在6.3左右，近半年狀況較好。
    5) 客戶的先生腸胃敏感，容易拉肚子和脹氣，飲食需清淡。
    6) 客戶的兒子腸胃不佳，眼睛容易感染，且有流感病史。
    7) 客戶睡眠時間約五小時，但不影響白天活動。
    8) 客戶最近感冒，喉嚨不適並有輕微咳嗽。

3. 職業背景
    1) 客戶目前沒有上課，計劃先消化現有課程，並不想再花錢。
    2) 客戶曾參加過美容課程和水光課程，但未完成所有課程。
    3) 客戶的女兒從事IT相關工作，兒子從事金融行業。

4. 健康食品使用心得
    1) 客戶服用多種保健品，包括褐藻、粒線體保健品、葉黃素、益生菌、血糖藥、膽固醇藥、再生安瓶、口服玻尿酸等。
    2) 客戶對保健品效果持懷疑態度，認為適合別人的不一定適合自己，且擔心過量攝取會對身體有害。
    3) 客戶對於保健品的使用有一定的規律，例如早晚服用血糖藥，飯後服用益生菌，早上空腹飲用膠原蛋白。
    4) 客戶對於保健品的成分和品質有要求，對含麥芽糊精的產品表示擔憂。
    5) 客戶對於自然美的產品有興趣，並曾購買過多款產品如口服玻尿酸、藍鑽產品等。
    6) 客戶的女兒和兒子也有使用保健品，女兒皮膚敏感，兒子腸胃不佳，客戶考慮給兒子益生菌。

5. 禁忌
    1) 客戶不喜歡吃薑黃，因為味道不喜歡。
    2) 客戶不喜歡日本產品，擔心其品質。
    3) 客戶不喜歡美容師推銷產品的方式，感覺有被強迫購買的情況。
    4) 客戶的先生不喜歡非天然成分的產品，且對保健品不信任。
    5) 客戶不喜歡吃太多保健品，擔心對身體有負擔。",1
23110884,"1. 家庭關係
    1) 客戶有一位兒子，兒子可能會考慮訂購幹細胞產品，但尚未確定。

2. 健康狀況
    1) 客戶目前正在洗腎，並即將進行心血管手術，手術可能需要一天時間。
    2) 客戶目前身體狀況較不容易感到疲累，且沒有重大疾病。
    3) 客戶星期三需看診，並可能安排開刀。

3. 職業背景
    1) 未提及具體職業背景。

4. 健康食品使用心得
    1) 客戶曾食用牛樟芝，來源為大陸進口，之前一天需食用九顆。
    2) 客戶曾購買並食用萬壽元的蚓激酶，並表示之前有食用葡萄王的保健食品。
    3) 客戶曾購買過魚油並已食用完畢，目前想購買磷蝦油及清血管相關的保健食品。
    4) 客戶目前有購買挺立鈣和脫離米產品，並曾購買藍色包裝的益生菌產品，該產品為軟膠囊形式，幫助調整腸道菌群和代謝脂肪。
    5) 客戶表示目前沒有在食用葉黃素或其他品牌的相關產品，但有意購買葉黃素。
    6) 客戶每月花費四千七百元購買人蔘。

5. 禁忌
    1) 客戶表示目前沒有多餘的錢購買幹細胞產品。
    2) 客戶平常使用貨到付款的方式購買商品。",1
23147050,"1. 家庭關係
    1) 客戶家中有糖尿病患者，因此關注控制糖尿病的保健食品。
    2) 客戶曾購買納豆激酶給丈夫和兒子食用，家中還有未吃完的納豆激酶。

2. 健康狀況
    1) 客戶表示走路會喘，心臟是她的主要保養訴求。
    2) 客戶固定吃葉黃素來保養眼睛，並習慣使用益生菌等保健品。
    3) 客戶表示苦瓜胜肽對她無效，因此不選擇該產品。

3. 職業背景
    1) 客戶提到自己尚未退休，正在攢錢。
    2) 客戶最近在工作，工作時間與專員的聯繫時間不一致。

4. 健康食品使用心得
    1) 客戶表示她不適合吃人蔘，認為需要看個人體質，但吃花旗蔘不會感到燥熱，目前只吃花旗蔘，不考慮其他人蔘產品。
    2) 客戶曾購買華陀扶元堂的花旗蔘片及天關花旗蔘片，尚未吃完，並使用花旗蔘片泡水飲用或泡茶、口含。
    3) 客戶固定吃葉黃素和益生菌，使用澳洲品牌的保健食品，由他人從國外購買，且認為有效，因此不想更換。
    4) 客戶曾購買綜合B群（包含B12）、鈣片等保健食品。
    5) 客戶表示幹細胞產品太貴，自己買不起。

5. 禁忌
    1) 客戶表示她不適合吃人蔘，僅選擇花旗蔘。
    2) 客戶表示苦瓜胜肽對她無效，因此不選擇該產品。",1
23153132,"1. 家庭關係
    1) 客戶提到她一個人住。
    2) 客戶提到她的大女兒適合使用SK-II的青春露，並且一直在使用。
    3) 客戶提到她的女兒最近去打雷射。

2. 健康狀況
    1) 客戶提到自己有胃食道逆流的問題，但已經治療差不多好了。
    2) 客戶提到她的皮膚可能比較乾。
    3) 客戶提到她有骨質疏鬆的問題，目前在服用鈣片、維生素D3和紅麴。
    4) 客戶提到她吃葉黃素和益生菌會感到胃不舒服，因此不再食用這些產品。

3. 職業背景
    1) 客戶未提及具體職業背景。

4. 健康食品使用心得
    1) 客戶提到家中有很多保養品和益生菌，有些產品尚未使用。
    2) 客戶提到家中還有東森的華陀益生菌和三盒長庚的樂齡益生菌尚未開封，並表示益生菌對她不適合。
    3) 客戶提到她目前購買了一種益生菌，需到實體店面購買。
    4) 客戶提到她吃葉黃素和益生菌會感到胃不舒服，因此不再食用這些產品。

5. 禁忌
    1) 客戶對於購買大量商品持保留態度，認為不一定適合自己。
    2) 客戶表示家裡空間很小，放不下太多物品，因此不需要再購買。
    3) 客戶提到她目前不需要購買商品，並認為東西太多了。",1
23163468,"1. 家庭關係
    1) 未提及家庭成員或家庭關係相關資訊。

2. 健康狀況
    1) 客戶提到血壓稍微偏高，但未提及其他健康問題。
    2) 客戶表示最近去醫院檢查。
    3) 客戶感覺使用某產品後眼睛疲勞有所緩解。

3. 職業背景
    1) 客戶提到整天都在忙，可能工作繁忙，但未明確提及職業。

4. 健康食品使用心得
    1) 客戶目前有服用葉黃素和蚓激酶進行保健，並表示葉黃素使用後有效果。
    2) 客戶一天服用兩顆保健食品，並同意每天早餐或飯後服用葉黃素膠囊。
    3) 客戶表示產品可以在飯後服用，每次一顆。
    4) 客戶提到葉黃素存貨充足，尚未吃完。
    5) 客戶曾在東森購買過葉黃素，對去年年初購買的葉黃素有印象。
    6) 客戶提到使用某產品後感覺眼睛疲勞有所緩解。
    7) 客戶表示願意嘗試半年方案的保健品。

5. 禁忌
    1) 客戶未提及明確的禁忌事項。",1
23197786,"1. 家庭關係
    1) 客戶的家庭成員包括先生、女兒和長輩。
    2) 客戶的先生有三高問題，並有血糖過高的情況，正在服用相關保健食品如魚油、幹細胞產品和葉黃素。
    3) 客戶的女兒有時候會食用減肥果凍，並有在吃保健食品。
    4) 客戶的長輩健康狀況良好，但不吃保健食品。

2. 健康狀況
    1) 客戶的健康狀況良好，飯前血糖數值為102，糖化血色素約為6.9。
    2) 客戶提到腎功能不佳，但每年進行健康檢查。
    3) 客戶的皮膚偏乾，並不喜歡做美容保養或按摩。
    4) 客戶家中無人有脂肪肝，膽固醇也不高。

3. 職業背景
    1) 客戶目前工作繁忙，平日上班時會飲用氨基酸產品。
    2) 客戶的長輩從事體力工作，健康狀況良好。

4. 健康食品使用心得
    1) 客戶和家人有服用多種保健食品，包括魚油、幹細胞產品、褐藻產品、益生菌、葉黃素、萬壽元等。
    2) 客戶對褐藻產品、白味精體複方膠囊和綠色保健食品的效果表示滿意。
    3) 客戶每天飲用激活再生安瓶和活化粒線體產品，並每天吃萬壽元和綠色保健食品。
    4) 客戶對葉黃素產品有興趣，並認為其效果不錯，但目前有存貨。
    5) 客戶對德國進口的氨基酸產品覺得不好喝，但仍每週飲用三次。
    6) 客戶對於產品的包裝、價格和優惠活動有興趣，並會考慮購買。
    7) 客戶認為台鹽的保濕霜好用，對雅詩蘭黛的產品有使用經驗，但對東森自然美的商品和服務不感興趣。

5. 禁忌
    1) 客戶不喜歡按摩、醫美和穿貼身衣物，偏好寬鬆款式。
    2) 客戶不使用抗皺A純時空膠囊、自然美的美白防曬產品和香水產品。
    3) 客戶不喜歡德國進口氨基酸產品的口感，並不想購買更多。
    4) 客戶擔心產品過期，會等存貨用完後再考慮購買。
    5) 客戶不會使用贈送的精油產品，對鴕鳥精產品不感興趣。",1
23202062,"1. 家庭關係
    1) 客戶表示女兒曾幫她進行語音訂購。
    2) 客戶提到購買挺立鈣和高骨力膠囊主要是為家中長輩使用。
    3) 客戶提到先生最近不需要相關產品。

2. 健康狀況
    1) 客戶提到自己的頭髮有受損情況，並認為膠原蛋白對頭髮健康有幫助。
    2) 客戶每天服用高骨力膠囊，主要針對膝蓋保養。
    3) 客戶提到她目前正在服用日本的綜合維他命和B群。
    4) 客戶提到她有在服用挺立鈣、葉黃素和B群，並每天服用一顆華陀的骨頭關節保健品。
    5) 客戶提到她目前有在服用葉黃素，一天服用一顆，但尚有五到六盒未使用完。

3. 職業背景
    1) 客戶提到平常要上班，且工作很忙。
    2) 客戶表示中午十二點到一點半方便接電話。

4. 健康食品使用心得
    1) 客戶提到她之前購買過挺立鈣，記得其包裝是紫色盒子，並表示購買挺立鈣是為了給長輩食用。
    2) 客戶提到她之前購買過華陀的高骨力膠囊產品，主要是為家中長輩訂購使用。
    3) 客戶提到她有使用魚油、葉黃素、B群和挺立鈣，並每天服用高骨力膠囊。
    4) 客戶提到她之前有訂購過一款眼睛保健品，當時是為了眼睛保養使用。
    5) 客戶表示她每天都有在服用高鼓勵膠囊，主要針對膝蓋保養。
    6) 客戶提到她已經開始使用玻尿酸產品，並持續使用約兩個禮拜。
    7) 客戶提到她之前購買過陳美鳳代言的補骨胜肽產品。
    8) 客戶提到她選擇購買華陀品牌的產品。

5. 禁忌
    1) 客戶提到美白產品不適合自己，因為打雷射後使用美白產品效果會受影響。
    2) 客戶表示目前沒有特別需要的商品，現有的保健品已經足夠，且目前仍有未使用完的保養品，包括化妝水和抗老霜。",1
23215125,"1. 家庭關係
    1) 客戶與兒子、女兒住在一起，互相照顧，老公已過世。
    2) 客戶的女兒已經有孩子，且老大已經上大學。
    3) 客戶有一個孫子，年齡接近二十歲。
    4) 客戶不喜歡養寵物，認為養寵物需要繁瑣的照顧工作。

2. 健康狀況
    1) 客戶71歲，身高162公分，體重64公斤，曾經身高164公分。
    2) 客戶有三高問題，包括血糖偏高（餐前血糖106，糖化血色素6.5-6.6，屬於糖尿病範圍）、血壓控制在130多、肥胖問題，並有三酸甘油酯和脂肪肝。
    3) 客戶有白內障，右眼較嚴重，計劃進行手術，並有老花眼和眼袋問題。
    4) 客戶有退化性關節炎、膝蓋問題（可能與缺鈣有關），以及曾經跌倒導致膝蓋受傷。
    5) 客戶有胃潰瘍，並提到壓力大和睡眠困擾，但不敢服用安眠藥。
    6) 客戶不喝酒、不抽菸，但有吃宵夜的習慣，可能導致脂肪肝。
    7) 客戶的皮膚會出油，並對淡斑、美白和抗皺有需求。

3. 職業背景
    1) 客戶目前從事農業，主要種植芋頭，並表示經濟困難，正在做臨時工。
    2) 客戶以前有開車經驗，但從事農業後已賣掉車子，現在不再開車。

4. 健康食品使用心得
    1) 客戶曾使用過多種保健品，包括幹細胞產品、鹿胎盤素、維骨力、龜鹿二仙膠、葡萄王產品、黃金土龍、褐藻產品、激活安瓶、粒線體產品等，對部分產品效果滿意，但對某些產品如磷霉素和陳美鳳代言的保健品效果不佳。
    2) 客戶目前每天早晚各服用兩顆鹿胎盤素，早上空腹服用兩顆幹細胞產品，並表示幹細胞產品有修復和改善身體的效果。
    3) 客戶曾購買過幹細胞產品，最後一次購買五盒，並表示不再購買。
    4) 客戶認為美白產品有效果，臉部變得比較白。
    5) 客戶曾購買過瑞士保健食品，效果不錯但價格昂貴。

5. 禁忌
    1) 客戶不吃牛奶，可能有乳糖不耐症。
    2) 客戶不能吃太多芋頭，因為高纖維可能影響消化。
    3) 客戶不敢吃安眠藥，擔心副作用或死亡。
    4) 客戶不喜歡甜的食物，並對燕窩胜肽產品太甜表示不滿。
    5) 客戶不喜歡直銷產品、折價券和贈品，偏好現金優惠。
    6) 客戶不喜歡購買不感興趣或高價的產品，並多次拒絕推銷。
    7) 客戶不佩戴項鏈、戒指或手環等飾品，且不使用香水。",1
23236364,"1. 家庭關係
    1) 客戶有兩個兒子，大兒子住在高雄，小兒子在泰國，並有投資醫美和SPA館的計劃。
    2) 客戶的母親年紀大，健康狀況不佳，有高血壓和心臟問題，曾住院並考慮更換心臟支架，但仍能自行行走，喜歡用電話購物，性格強勢且不喜歡外人進家。
    3) 客戶的父親健康狀況一般，曾需要手術，但目前能開車和騎摩托車。
    4) 客戶的母親與她同住，母親喜歡理財，曾購買多種東森產品。
    5) 客戶的老公是大陸人，對她的行為有控制欲，不喜歡她出國旅行。
    6) 客戶的婆婆每天飲用某種飲品，早晚各一支。

2. 健康狀況
    1) 客戶體重38公斤，自認過瘦，曾患甲狀腺癌並接受化療，且有腦損傷、高血壓、膝蓋關節病及壓力大等健康問題。
    2) 客戶曾進行健康檢查、過敏源測試、靜脈雷射保養、音波和電波美容技術，並固定打點滴。
    3) 客戶有高血壓，但不服藥，曾嘗試醫美改善血壓，早上血壓正常。
    4) 客戶有腎臟問題，可能因高蛋白攝取過量所致，已停止攝取。
    5) 客戶的母親有慢性病，血壓較高，心臟狀況不佳，曾考慮更換心臟支架。

3. 職業背景
    1) 客戶曾經是老師，現在已退休，但仍活躍於社交和健身活動。
    2) 客戶的父親曾從事木材生意。

4. 健康食品使用心得
    1) 客戶曾使用幹細胞產品，但對其效果表示懷疑，並已停止使用。
    2) 客戶目前使用氨基酸、膠原蛋白、補體素、魚油、葉黃素、和力他命、益生菌、鱸魚精等保健食品，對部分產品效果滿意，但對外米g效果不明顯。
    3) 客戶認為龍血素修復效果好，面膜效果不錯，但對保養品的內容物不滿意。
    4) 客戶的母親有購買德國氨基酸、橄欖油、葡萄籽油等產品，並有時重複購買。

5. 禁忌
    1) 客戶不愛吃肉，喜歡吃蔬菜，有時會吃泡麵。
    2) 客戶對高蛋白攝取有顧慮，因曾導致腎臟問題。
    3) 客戶不喜歡麻煩的美容程序，對某些保健食品和美容產品持保留態度。
    4) 客戶的母親不喜歡外人進家，也不喜歡加收費用的服務。",1
23247326,"1. 家庭關係
    1) 客戶住在婆家，家中有六個人，包含兩個小孩。
    2) 客戶的母親八十多歲，代謝功能差，腎臟功能不好，有高血壓、失眠問題，並正在服用高血壓藥和安眠藥。
    3) 客戶的母親因跌倒導致脊椎骨折，目前住院，行動困難，體重減少，僅能進食少量流質食物，部分身體部位潰爛。
    4) 客戶家中有四個兄弟姐妹，母親由家人輪流照顧。
    5) 客戶的女兒在打工，計劃讀研究所，學習認真，已考取兩個證照，但不敢吃某些保健食品。

2. 健康狀況
    1) 客戶有高血壓、糖尿病、脂肪肝、睡眠問題、乳癌病史，並曾切除子宮和卵巢。
    2) 客戶有慢性處方簽，服用高血壓藥、血糖藥、憂鬱症藥物及荷爾蒙藥物。
    3) 客戶腎絲球過濾率正常，無需擔心洗腎，但肝功能不佳，醫生建議不吃保健食品。
    4) 客戶有一般感冒，未接種流感疫苗，並感受到很大壓力。
    5) 客戶的母親有水腫、血便等健康問題，需注意腎臟相關症狀。

3. 職業背景
    1) 客戶在銀行工作，工作壓力大，吃飯很快，工作環境辛苦但有不錯的獎金。
    2) 公司有多個分公司，內部有工作機會和部門流動性，並要求學習大數據。
    3) 客戶提到公司使用類似歐姆克的系統進行自動化操作。

4. 健康食品使用心得
    1) 客戶有服用幹細胞產品、葉黃素、蚓激酶、鹿胎盤等，但多數產品未使用完或效果不明顯。
    2) 客戶對保健食品的效果表示懷疑，認為價格過高，且家中存有大量未使用的保健品。
    3) 客戶對某些產品的口感不滿意，並擔心部分產品含有荷爾蒙成分。
    4) 客戶的母親和婆婆服用某些保健品後未見明顯效果。

5. 禁忌
    1) 客戶不希望接到電話推銷，並要求不要再打電話到家中。
    2) 客戶不需要更多保健品、化妝品或保養品，因為家中存貨過多。
    3) 客戶不使用石墨烯帽子和鵝絨被，認為不實用或不適合。
    4) 客戶不購買牛樟芝、星星果油等產品，並對紅心八啦果汁、秘齡產品等不感興趣。
    5) 客戶擔心某些產品會影響健康，如高血壓患者不適合的產品。",1
23251781,"1. 家庭關係
    1) 客戶57歲，已婚，丈夫目前工作不穩定，偶爾加班，主要負責家庭財務管理，家中有三個人居住。
    2) 客戶有五個小孩，自己排行第四，家中有特殊孩子需要陪伴，兒子有異位性皮膚炎，並且有在吃幹細胞產品。
    3) 客戶的丈夫不抽菸、不喝酒，但有偏頭痛問題，壓力大時不易溝通，對保健品持保留態度。
    4) 客戶的家庭是工程有限公司，專門從事防水工程及相關施工。

2. 健康狀況
    1) 客戶有三高問題，包括高血壓、高血脂及壞膽固醇偏高，並服用相關藥物控制血壓和血脂。
    2) 客戶有偏頭痛、腰痛、胃酸、筋膜發炎、心臟瓣膜問題及血液循環不良等健康問題，並曾因感冒、發燒等症狀就醫。
    3) 客戶的三酸甘油酯偏高，血糖值在標準範圍內（約5點多），但有腎臟檢查異常，且有老花眼和眼袋過敏問題。
    4) 客戶的丈夫有尿蛋白偏高、腰酸和水腫問題，兒子有異位性皮膚炎，並曾熬夜至深夜。

3. 職業背景
    1) 客戶目前是家庭主婦，曾在十年前於工地工作，現無穩定收入，家庭財務狀況緊張。
    2) 客戶的子女有在接手幹細胞相關事務，但目前因工程款未下來而感到煩惱。

4. 健康食品使用心得
    1) 客戶目前服用多種保健品，包括蚓激酶、葉黃素、B群、苦瓜胜肽、益生菌等，對海洋膠原飲效果滿意，但對蚓激酶和小藍鎮果凍效果不明顯。
    2) 客戶家人也有服用蚓激酶，並對其效果感到滿意，客戶曾建議家人每天服用一顆產品。
    3) 客戶認為苦瓜胜肽有助於穩定血糖，並作為預防用途，對褐藻糖膠的服用方式和效果有疑問。
    4) 客戶曾服用巴西蘑菇後出現過敏反應，對此感到害怕，並不再服用。

5. 禁忌
    1) 客戶不使用精油、香水、面膜及含有番瀉葉成分的產品，並不喜歡美髮店的味道。
    2) 客戶擔心保健品與血壓藥等藥物產生交互作用，認為吃太多保健品對身體不好。",1
23255540,"1. 家庭關係
    1) 無相關資訊。

2. 健康狀況
    1) 無相關資訊。

3. 職業背景
    1) 無相關資訊。

4. 健康食品使用心得
    1) 客戶提到他有購買過葉黃素並且有食用過。

5. 禁忌
    1) 無相關資訊。",1
23264462,"1. 家庭關係
    1) 客戶有一位先生，先生在銀行工作，通常下班時間較晚，且需要長期服藥，並每三個月回診。
    2) 客戶有一位女兒，正在準備考試，對高中生活較滿意，壓力比國中小。女兒不喜歡特定學科或活動，可能會成為宅女。
    3) 客戶提到媽媽和弟媳，弟媳有購買產品的意向。
    4) 客戶提到兒子，但未明確表示其具體情況。

2. 健康狀況
    1) 客戶63歲，身高162公分，體重62公斤，膝蓋有輕微不適，曾做過微創手術，蹲下起來時會疼痛。
    2) 客戶有白內障、飛蚊症、眼睛乾澀和疲勞的問題，並使用蒸汽眼罩和金屬眼罩緩解。
    3) 客戶有輕微的老花和散光問題，無近視。
    4) 客戶有膽固醇偏高（226-228）和糖化血色素6.0，無尿酸或痛風問題。
    5) 客戶曾經有蕁麻疹，並打過帶狀皰疹疫苗。
    6) 客戶乳房有問題，曾去乳房外科做音波檢查。
    7) 客戶提到自己有家族遺傳的健康問題。
    8) 客戶平時很少感冒，但最近感冒持續五天。
    9) 客戶提到自己沒有腎功能下降的症狀。

3. 職業背景
    1) 客戶的職業背景未明確提及，但提到個人月開銷約為一萬塊。
    2) 客戶的先生在銀行工作，通常下班時間較晚。

4. 健康食品使用心得
    1) 客戶使用多種保健品，包括益生菌、葉黃素、褐藻、魚油、蚓激酶、Q肽、幹細胞產品、鈣片、維他命E、紅參、土龍精等。
    2) 客戶對部分保健品效果感到不明顯，對某些產品效果表示懷疑，並對價格和成分有疑問。
    3) 客戶每天早晚服用保健品，早上空腹吃三顆，並提到早上吃蚓激酶和葉黃素，中午吃眼睛保健相關產品。
    4) 客戶對葉黃素產品有興趣，並購買過京東的葉黃素產品。
    5) 客戶對滑精養身、骨頭類產品、活泉幹細胞等產品的使用方式有提及。
    6) 客戶對染髮產品和呼吸產品的效果表示滿意。
    7) 客戶對於保健品的價格和優惠有疑慮，並對回饋金的使用感到不滿。

5. 禁忌
    1) 客戶不敢吃三色藜麥產品，不能吃含有蘋果的產品，不喜歡喝牛奶。
    2) 客戶不喜歡紅、紫、藍、灰色的內褲，因為覺得這些顏色不好搭配白褲子。
    3) 客戶對於將龜鹿膠泡在酒中飲用的建議不感興趣。
    4) 客戶不希望在週末送貨，並要求到貨前打電話通知。",1
23264544,"1. 家庭關係
    1) 客戶目前一個人住，兒子以前在桃園上班，現在調回台北，每天都會回家陪伴。
    2) 客戶的兒子和媳婦曾一起購買保養品給她使用，並且負責購買衛生用品和日用品。
    3) 客戶提到需要照顧爸爸，並且還要去看醫生。
    4) 客戶的老公不吃任何保健食品，且不喜歡被強迫購買產品。

2. 健康狀況
    1) 客戶健康狀況不佳，包括全身痠痛、疲累，並需進行核磁共振檢查以確認是否有類風濕性關節炎。
    2) 客戶有骨質疏鬆和半月板問題，醫生建議能不開刀最好不要開刀。
    3) 客戶曾打過玻尿酸，認為效果不錯，但一年只打一次，並且有喝玻尿酸，感覺走路時力量有所改善。
    4) 客戶睡眠狀況不佳，晚上睡得很晚且中午沒有午睡習慣，睡前會吃一顆安眠藥。
    5) 客戶目前血壓正常，過去曾有膽固醇問題，但已停藥。
    6) 客戶曾開過白內障手術，目前眼睛恢復良好。
    7) 客戶目前正在進行復健，偶爾因家中事務中斷復健。
    8) 客戶曾看中醫進行針灸治療，並服用中藥藥丸和藥粉改善濕氣問題，現在能走路。
    9) 客戶感冒不舒服，並表示身體狀況還好但需要慢慢挑選止痛藥。

3. 職業背景
    1) 客戶未提及具體職業背景，但表示自己事情太多，可能影響身體狀況。
    2) 客戶目前經濟狀況不佳，手頭緊張，無法再花費購買產品。

4. 健康食品使用心得
    1) 客戶曾購買幹細胞產品，目前每天早晚各吃兩顆，但效果不明顯，現在改為一天吃一顆。
    2) 客戶曾吃過褐藻糖膠，但因味道不好拒絕繼續食用；認為龜鹿二仙膠效果最好，鴕鳥精效果不如龜鹿二仙膠。
    3) 客戶曾購買葉黃素產品用於保護眼睛，目前尚未吃完；也曾在眼科買了一整年份的葉黃素。
    4) 客戶曾購買磷蝦油和蚓激酶，對其成分有興趣，但需先詢問兒子是否同意再購買。
    5) 客戶曾使用蜂王乳、芝麻相關產品及牛樟芝，但效果不明顯，可能與自身健康狀況有關。
    6) 客戶認為保健食品可能含有西藥成分，更傾向食用新鮮水果和食物。
    7) 客戶表示玻尿酸產品效果不錯，但可能讓頭髮感覺油油的，並且知道使用玻尿酸後需要多喝水。
    8) 客戶曾購買活泉產品，但現在已經不吃了。

5. 禁忌
    1) 客戶不太愛亂吃東西，認為保養品和藥物可能對身體有傷害，偏好食用新鮮食物。
    2) 客戶醫生建議不要亂吃來路不明的保健品，並且要注意身體健康。
    3) 客戶表示目前不需要購買任何產品，若有需要會主動聯絡專員。
    4) 客戶拒絕發泡錠產品及幹細胞產品的推薦，認為幹細胞產品對自己沒有用。",1
23282479,"1. 家庭關係
    1) 未提及相關資訊。

2. 健康狀況
    1) 客戶目前血糖狀況正常。
    2) 客戶購買苦瓜胜肽是為了預防糖尿病。
    3) 客戶近期沒有使用保養品或回診進行保養。

3. 職業背景
    1) 客戶目前正在上班。
    2) 客戶年齡為61歲。

4. 健康食品使用心得
    1) 客戶正在考慮購買苦瓜胜肽，並認為其有助於預防糖尿病。
    2) 客戶目前在網路上查詢商品資訊，並希望透過網路App訂購以獲得較便宜的價格。

5. 禁忌
    1) 客戶近期未在東森購物購買商品。
    2) 客戶表示目前購買的商品折扣不多，會再考慮是否需要購買。",1
23284230,"1. 家庭關係
    1) 客戶目前主要照顧孫女，並提到需要照顧小學二年級和四歲的小朋友。
    2) 客戶提到家中有很多庫存物品，且家裡空間有限，無法存放更多物品。

2. 健康狀況
    1) 客戶提到自己年紀大了，有骨頭不好的問題，需要補充營養。
    2) 客戶表示年紀越大需求減少，覺得用不到很多東西。
    3) 客戶目前在榮總，可能與健康狀況相關。

3. 職業背景
    1) 客戶提到自己是零退休金的人。
    2) 客戶曾在銀行從事業務工作。

4. 健康食品使用心得
    1) 客戶過去曾經很早開始服用葉黃素，但覺得效果不好，目前已經不再需要。
    2) 客戶平時有在吃挺立和挺立鈣等保健食品。
    3) 客戶曾為小朋友購買過適合他們年齡層的葉黃素。
    4) 客戶表示不需要試吃補氣產品，也不需要高單價的產品。
    5) 客戶提到之前使用過膠囊類保養品，但現在已經不再使用。

5. 禁忌
    1) 客戶不需要購買保養品、化妝品、葉黃素、高單價產品、幹細胞相關產品及激活再生粒線體產品。
    2) 客戶認為自然老去就好，不需要額外的昂貴產品。",1
23288442,"1. 家庭關係
    1) 客戶與先生住在一起，沒有與小孩同住。
    2) 客戶的先生目前尚未退休，體力尚可，但有睡眠狀況不佳、夜尿頻繁及攝護腺肥大等健康問題。
    3) 客戶的妹妹住在美國，對氨基酸產品感興趣。
    4) 客戶的婆婆最近過世，暫時不出國。
    5) 客戶的家人對保健品的效果持懷疑態度，認為家中保健品過多。

2. 健康狀況
    1) 客戶76歲，身體狀況一般，但有子宮肌瘤、尿道炎、骨質疏鬆、眼睛乾燥、爆血管及掉髮等健康問題。
    2) 客戶有慢性病，需領取處方簽，並定期服用抗凝血劑。
    3) 客戶的先生有攝護腺肥大問題，夜尿頻繁，並服用安眠藥。
    4) 客戶和先生免疫力良好，對流感有一定抗體。
    5) 客戶擔心腎臟負擔，並對高糖、高熱量及含荷爾蒙的產品有顧慮。

3. 職業背景
    1) 客戶目前未上班，個人每月開銷約兩萬以上。
    2) 客戶曾參與國外表演活動，並有出國旅遊的計劃。

4. 健康食品使用心得
    1) 客戶和先生每天服用保健食品，包括香檳茸、幹細胞產品、葉黃素等，但對部分產品效果持懷疑態度。
    2) 客戶曾購買過多種保健品，如白蘭氏、德國氨基酸、褐藻糖膠、玻尿酸、益生菌、燕窩等，並對某些產品效果不滿意。
    3) 客戶對葉黃素產品有興趣，並認為其重要，但家中已有多盒存貨。
    4) 客戶對美白面膜效果滿意，但不喜歡每天使用保健品。
    5) 客戶對石墨烯產品感興趣，但曾感到穿著不適。
    6) 客戶對於產品的成分和專利有一定的關注，特別是對腦部修護和固腎的益生菌產品感興趣。

5. 禁忌
    1) 客戶不吃含有雌激素、荷爾蒙、高糖、高熱量或高鹽分的產品。
    2) 客戶不喝咖啡，因為擔心加速骨質流失。
    3) 客戶不喜歡購買過多產品，認為家中存貨已經過多。
    4) 客戶對中國製造的產品有顧慮，偏好歐洲或日本製造的產品。
    5) 客戶對於某些產品的退貨流程和客服服務表示不滿。",1
23291660,"1. 家庭關係
    1) 未提及具體家庭成員或關係。

2. 健康狀況
    1) 未提及具體健康問題或狀況。

3. 職業背景
    1) 未提及具體職業背景。

4. 健康食品使用心得
    1) 客戶表示沒有在吃華陀扶元堂的燕窩、人蔘、龜鹿系列產品。
    2) 客戶提到目前不需要購買魚油或其他保健食品。

5. 禁忌
    1) 客戶不使用沐浴乳，而是固定使用肥皂。
    2) 客戶家中有玻尿酸產品，但她自己沒有使用。
    3) 客戶家中物品過多，因此不會購買新的產品。
    4) 客戶購買的pp石墨烯左鋒褲尚未穿過，並表示沒有機會穿。
    5) 客戶之前購買的洗衣產品一次都未使用過。",1
23293638,"1. 家庭關係
    1) 客戶有一個兒子和一個女兒，其中一個在大陸生活，另一個在台灣。
    2) 客戶的女兒有時會幫助支付費用，並曾幫她購買面膜和精華液。
    3) 客戶的孫子有胰腺相關問題。
    4) 客戶提到家人很久才回來一次，可能今年過年會回來。
    5) 客戶的女兒可能在八月份回國，但尚未確定具體時間。
    6) 客戶的女兒這個禮拜就要離開。

2. 健康狀況
    1) 客戶提到眼睛有些乾澀。
    2) 客戶的孫子有胰腺相關問題。
    3) 客戶提到她過年的時候有打過疫苗，但最近沒有再接種。
    4) 客戶提到她去過昆明的麗江，但因為高海拔不敢去某些地方。
    5) 客戶提到她早上起床後會空腹飲用某產品。
    6) 客戶目前有固定的美容習慣，並經常進行醫美療程，包括打斑和非侵入性項目。

3. 職業背景
    1) 客戶未提及具體職業背景，但她是自然美的白金會員，對美容保養品有深入了解。
    2) 客戶經常參加美容相關活動，並與固定美容師合作。

4. 健康食品使用心得
    1) 客戶對橄欖油、葡萄籽油、葵花油及混合油有興趣，並經常購買奧利塔品牌的相關產品。
    2) 客戶對於苦茶油的效果不滿意，特別是永遠品牌的苦茶油。
    3) 客戶曾經購買過日本的玻尿酸產品，對其效果感到滿意，特別是對皮膚和關節的改善。
    4) 客戶目前正在使用積雪草系列保養品，並對其效果感到滿意。
    5) 客戶經常使用面膜，特別是保濕和美白面膜，並認為效果不錯。
    6) 客戶有在服用益生菌，但不一定在早上服用。

5. 禁忌
    1) 客戶提到不能吃某種食物，但未明確具體食物。
    2) 客戶不使用香水或含有香精的產品。
    3) 客戶對葉黃素、維他命B群及人蔘幹細胞保養品不感興趣。",1
23294310,"1. 家庭關係
    1) 客戶提到她目前在花蓮與家人一起旅行。
    2) 客戶提到她的爸爸以前有宗教信仰，但她自己沒有。

2. 健康狀況
    1) 客戶目前健康狀況良好，並有定期進行健康檢查。
    2) 客戶有胃食道逆流、高血壓及敏感肌的問題。
    3) 客戶對雞蛋過敏，醫生建議她少吃雞蛋和牛奶，但她仍偶爾食用。
    4) 客戶曾食用魚膠原蛋白但因過敏停止，並且不敢食用膠原蛋白。
    5) 客戶平時會外出走動並曬太陽，且有去中醫調理身體。

3. 職業背景
    1) 客戶是退休人員。
    2) 客戶平時很少使用健身房或參加活動，但會與朋友一起出國旅遊。

4. 健康食品使用心得
    1) 客戶曾經食用過芝麻明E和魚膠原蛋白，但因過敏停止使用。
    2) 客戶提到她的體質不適合食用保健食品，醫生也建議她不要食用，因此她目前沒有在吃健康食品。

5. 禁忌
    1) 客戶不吃牛肉。
    2) 客戶對雞蛋過敏，醫生建議她少吃雞蛋和牛奶。
    3) 客戶的體質不適合食用保健食品，並且醫生建議她不要食用。",1
23312715,"1. 家庭關係
    1) 客戶與家人同住，有兩個兒子，兒子已成年且在同一家公司工作，從事充電設備相關工作。
    2) 客戶的丈夫仍在工作，客戶已退休，家庭每月開銷超過三萬。
    3) 客戶的兒子需要提升免疫力，且兩個兒子都有在吃益生菌，偶爾吃葉黃素。
    4) 客戶的老公和兒子都有在吃褐藻，認為對健康有幫助。
    5) 客戶的妻子有甲狀腺結節，大小為2.7公分。
    6) 客戶的家庭成員午餐通常在外面吃，並在節日如母親節、生日等聚會。

2. 健康狀況
    1) 客戶的糖化血色素為5.71，飯後血糖為105，膽固醇為150幾，數值正常。
    2) 客戶和丈夫有在服用降血壓的慢性藥物。
    3) 客戶有三高問題，並且不敢隨便吃健康食品。
    4) 客戶的兒子曾對魚的飼料過敏，但現在已無過敏症狀。
    5) 客戶的兒子喜歡吃重口味食物，且喜歡榴槤，但覺得太甜。

3. 職業背景
    1) 客戶已退休，丈夫仍在工作。
    2) 客戶的兒子與大哥在同一家公司工作，從事充電設備相關工作。

4. 健康食品使用心得
    1) 客戶曾購買過益生菌、褐藻、蚓激酶、葉黃素、南瓜籽油、印加果油、牛樟芝、幹細胞等健康食品，對益生菌、南瓜籽油、褐藻、牛樟芝等產品效果表示滿意。
    2) 客戶認為益生菌產品效果不錯，特別是改善排便順暢，並給兒子食用。
    3) 客戶對褐藻產品有好感，認為對健康有幫助，並每天早上服用一顆。
    4) 客戶對幹細胞產品的效果無特別感覺，但仍每天服用兩顆。
    5) 客戶對購物台的保健品有信心，認為其安全性較高。
    6) 客戶對印加果油感興趣，並已購買。
    7) 客戶對南瓜籽油產品的效果滿意，認為改善了腹部脹氣。
    8) 客戶對牛樟芝產品有興趣，並已購買。

5. 禁忌
    1) 客戶不喜歡別人碰到她。
    2) 客戶不喜歡轉帳支付，覺得麻煩，偏好貨到付款。
    3) 客戶不喝含糖飲料，主要喝白開水，並很少吃海鮮。
    4) 客戶不急於收到商品，可接受八天的配送時間。
    5) 客戶不敢每天吃太多健康食品，並且醫生建議不能隨便亂吃其他東西。
    6) 客戶的兒子不太願意吃魚肝油，擔心污染問題。",1
23314946,"1. 家庭關係
    1) 客戶有一位老公和兩個女兒，其中一位女兒已經27或28歲，且住在對面，另一位女兒與客戶和老公同住。
    2) 客戶的父親97歲，健康狀況不佳，需住單人房，晚上起來上廁所容易摔倒，客戶為此在房間內放置軟墊。
    3) 客戶的老公目前沒有穩定工作，家庭經濟壓力較大，主要依靠股票投資賺取零用錢。
    4) 客戶的婆婆和其他家人健康狀況良好，年紀大但體質好。
    5) 客戶提到家人不太珍惜她的付出，但她仍願意幫助家人。

2. 健康狀況
    1) 客戶有退化性關節炎、骨質疏鬆、膝蓋軟骨問題、脊椎錯位、腰酸、氣喘病史、甲狀腺問題和心臟偶爾不適。
    2) 客戶的父親有高齡相關健康問題，包括白血球過高、行動不便、偶爾迷路和夜間起夜摔倒等。
    3) 客戶的甲狀腺問題已穩定，醫生建議暫時不需服藥，但需避免含碘食物。
    4) 客戶的膝蓋容易腫脹，並且有軟骨問題，需注射玻尿酸和服用葡萄糖胺及鈣片。
    5) 客戶的心臟偶爾有問題，正在服用藥物控制，並計劃進行健康檢查。

3. 職業背景
    1) 客戶的老公曾從事建設公司相關工作，目前收入不穩定，白天需工作，無法陪同去醫院。
    2) 客戶的老公對品牌和產品細節非常重視，並且擅長家務。
    3) 客戶的老公曾是門診醫生，對保健品持懷疑態度，但對葉黃素等產品有信任。

4. 健康食品使用心得
    1) 客戶和老公每天服用多種保健品，包括葉黃素、幹細胞產品、B群、益生菌、葡萄糖胺、鈣片等，並認為益生菌對腸胃有幫助。
    2) 客戶對葉黃素產品評價良好，認為能改善眼睛乾澀和流眼油問題，並與幹細胞產品一起服用。
    3) 客戶對保健品的效果持謹慎態度，若效果不佳則不會繼續使用。
    4) 客戶曾嘗試168斷食法，現在改為一天三餐，並控制在8小時內完成。
    5) 客戶對於保健品的口味有要求，偏好口感不濃的產品，並注重性價比。

5. 禁忌
    1) 客戶避免食用含紅麴成分的產品，因為高血壓患者不宜食用。
    2) 客戶避免含碘食物，如海帶，擔心影響甲狀腺健康。
    3) 客戶不喜歡囤貨，通常在周年慶時購買產品。
    4) 客戶和老公不贊成過量食用保健品，認為應以天然食物為主。",1
23341528,"1. 家庭關係
    1) 客戶與兒子同住，兒子近期購買了一間房子。
    2) 客戶提到兒子因工作忙碌，沒有時間運動，且腎功能較差，目前服用血壓藥和補鈣片。
    3) 客戶表示選擇獨立筒床墊是因為其硬度較適合，並提到兒子體重較重，因此需要更耐用的床墊。

2. 健康狀況
    1) 客戶表示自己已經七十歲，並且不進行劇烈運動。
    2) 客戶每天早上進行一到兩個小時的養生動作，包括呼吸和體操，並透過運動和體操來維持健康。
    3) 客戶提到腎功能已經出現問題，並詢問產品是否有效。
    4) 客戶了解年齡增長會影響身體對維生素和蛋白質的吸收，並提到需要透過外部補充。
    5) 客戶表示目前每天喝約3800cc的水。
    6) 客戶以前飲食偏重鹹，可能影響腎臟健康。

3. 職業背景
    1) 客戶提到自己本身有醫學相關的專長。
    2) 客戶表示自己已經退休。

4. 健康食品使用心得
    1) 客戶表示目前不吃任何保健食品，並無相關需求。
    2) 客戶提到收到妍美会行生意加倍錠和妍美会葉黃素，但未提及使用心得。
    3) 客戶表示他和兒子可能會一起食用益生菌。
    4) 客戶提到購買保健品是為了讓腎臟不好的兒子身體更健康。

5. 禁忌
    1) 客戶提到腎臟病患者通常有飲食禁忌，例如不能吃柑橘類、水果等。
    2) 客戶表示不需要使用某些折抵金或商品。",1
23344642,"1. 家庭關係
    1) 客戶有一個兒子，目前在國外工作，從事醫療相關工作，英文能力很好，計劃回國探親。
    2) 客戶的父親健康狀況不佳，曾經跌倒、暈倒，血壓高達180多，血糖超過300，有中風風險，目前在醫院接受治療。
    3) 客戶的母親有糖尿病，視力模糊，並已離婚。
    4) 客戶的老公曾生病，可能涉及癌症，需請假照顧，目前能上班。
    5) 客戶的姐姐住在台北，曾從事清潔工作，現已退休，有三個小孩。
    6) 客戶的阿嬤使用貼布緩解疼痛，並有喝葡萄糖胺飲。
    7) 客戶有一位懷孕的媳婦，健康狀況不佳，可能與荷爾蒙有關。

2. 健康狀況
    1) 客戶有糖尿病、尿酸高、尿蛋白偏高、腎結石、脂肪肝、膽結石等健康問題，並曾有囊腫和開刀經歷。
    2) 客戶曾住過加護病房，身體狀況不佳，需定期回診，並有咳嗽、腰酸、掉髮等問題。
    3) 客戶的血壓曾飆到190，對天氣變化敏感，心臟有裝支架，並有心臟不適的經歷。
    4) 客戶的健康檢查報告顯示紅字問題已改善，但仍有尿道發炎、腎臟問題和肌少症的可能。
    5) 客戶目前體重約79公斤，目標減至80公斤以下，飲食以肉和蔬菜為主，並有減肥計劃。

3. 職業背景
    1) 客戶目前在工廠工作，工作繁忙且需要到不同地方，腰部曾受傷。
    2) 客戶的兒子在國外工作，從事醫療相關工作，並計劃投資房地產。
    3) 客戶的姐姐曾從事清潔工作，現已退休。

4. 健康食品使用心得
    1) 客戶有使用幹細胞產品、氨基酸、魚油、益生菌、紅藜果膠、牛樟芝、滑精養生、白藜蘆醇、紅麴、三酸甘油酯相關產品等，並認為部分產品對健康有幫助。
    2) 客戶對燕窩、滴雞精、葉黃素、葡萄糖胺飲等產品有使用經驗，並對價格有所考量。
    3) 客戶認為益生菌有助於腸胃健康，並對幹細胞產品的效果有興趣。
    4) 客戶對某些產品的價格和購買條件有關注，對高價產品持保留態度。

5. 禁忌
    1) 客戶不能吃人蔘和牛肉，並避免食用過於營養的食物。
    2) 客戶懷孕期間不能使用含有谷胱甘肽的產品，並需避免某些保健食品。
    3) 客戶不喜歡隨便亂吃產品，尤其是成分複雜的產品。",1
23353739,"1. 家庭關係
    1) 客戶家中有一樓，掃地時不方便移動重物。

2. 健康狀況
    1) 客戶有肌瘤，醫生建議不動手術，等待更年期後自然改善。
    2) 客戶表示手腳不會冰冷，冬天手都是熱的。
    3) 客戶有看中醫進行身體調理。
    4) 客戶提到醫生建議不要亂吃益生菌。
    5) 客戶提到使用某產品後腸胃蠕動改善，一天排便次數增加到三次。
    6) 客戶下週需要回診，需確定是否需要進行手術。

3. 職業背景
    1) 客戶最近工作很忙，與傳播相關。
    2) 客戶提到公司最近開始放假，班次為三天。
    3) 客戶騎腳踏車上班，並習慣戴口罩以應對空氣污染。
    4) 客戶表示禮拜三是最忙的時段，無法安排活動，三、四、五也很忙，較有空的時間是禮拜一、禮拜二或假日，晚上也較有空。

4. 健康食品使用心得
    1) 客戶提到使用某產品後腸胃蠕動改善，一天排便次數增加到三次。

5. 禁忌
    1) 客戶目前不能吃人蔘的保健食品。
    2) 客戶不能食用含有有機硫的保健食品，需遵循醫生建議。",1
23364148,"1. 家庭關係
    1) 客戶有兩個女兒，均在學中。
    2) 客戶與家人同住，家庭為三代同堂，家庭成員眾多，出遊時需兩台車。
    3) 客戶與家人每兩周聚餐一次，並計劃在母親節與家人一起出遊。
    4) 客戶一年會帶家人出國旅遊一次，主要以亞洲地區為主，最近一次是與家人一起去日本旅遊，共五人，包括他的母親。

2. 健康狀況
    1) 客戶身體健康，無三高，無需服用心血管相關西藥，主要依靠保健食品保養。
    2) 客戶目前體重57公斤，身高165公分，體內脂肪過多，可能影響肝臟健康，導致脂肪肝。
    3) 客戶有駝背情況，想改善，並認為自己的體力狀況不錯。
    4) 客戶有時運動，但不固定，偶爾爬山，一個月約一次，選擇兩三小時可完成的路線。
    5) 客戶控制飲食，少吃油脂和肉類，晚餐後吃水果，平時只喝礦泉水和白開水，水果種類多樣。
    6) 客戶母親因洗腎購買保健產品。

3. 職業背景
    1) 客戶從事家具製造行業，主要負責設計和生產，並將產品交給店面銷售。
    2) 客戶曾在大陸設立公司，經常進行商務活動。
    3) 客戶目前工作時間可自行調整。

4. 健康食品使用心得
    1) 客戶每天早晚各服用兩顆保健品，曾購買過多種保健食品，包括幹細胞產品、益生菌、白藜蘆醇、鴕鳥相關產品、花青素、龜鹿膠等，但部分產品效果不明顯。
    2) 客戶認為鹿胎盤幹細胞產品改善了夜間起夜次數和睡眠品質，對益生菌產品效果表示滿意，但曾遇到部分益生菌產品內部空的情況。
    3) 客戶曾購買過台酒保養品、石墨烯修護產品、石墨烯枕頭和棉被，對部分產品效果不滿意。
    4) 客戶曾購買過高價保養品和拉皮手術，但效果不明顯。
    5) 客戶飲用龜鹿二仙膠和鹿茸酒，認為有助於改善循環。

5. 禁忌
    1) 客戶對於廣告不實和贈品未及時送達表示不滿，認為贈品不應影響產品處理方式。
    2) 客戶對於未解決的問題感到不滿，表示在問題解決前不會再購買東森的商品。
    3) 客戶對於高價保養品和部分保健食品效果不佳感到失望，認為部分產品價格過高且被坑。
    4) 客戶提到喝某種飲品後感到不適，可能與空腹飲用或飲用過多有關。",1
23374391,"1. 家庭關係
    1) 未提及相關內容。

2. 健康狀況
    1) 客戶提到曾購買幫助消化的保健品，目的是為了改善睡眠質量。
    2) 未提及其他健康問題。

3. 職業背景
    1) 未提及相關內容。

4. 健康食品使用心得
    1) 客戶曾購買過幫助消化的保健品，對改善睡眠質量有一定需求。
    2) 客戶目前已購買所需的保養品，暫無其他需求。

5. 禁忌
    1) 客戶目前無需購買保健品。
    2) 客戶對醫美相關話題有興趣，但未提及具體需求。",1
23376221,"1. 家庭關係
    1) 客戶家中有三個小孩，並表示孩子們都很聰明，女兒已搬出去住並買了房子，兒子經營火鍋店且有女朋友。
    2) 客戶的先生工作繁忙，經常無法接電話，且不太喜歡出門或參與家務。
    3) 客戶的家庭成員有時需要她準備晚餐，並提到家中有一隻年老的狗。
    4) 客戶提到家人有時候會幫忙處理一些事情，如點餐或設定手機。

2. 健康狀況
    1) 客戶有高血壓（140-150）和膽固醇偏高的問題，曾因血壓高就醫，對麻醉藥物和香水過敏，並有胸悶、胸口刺痛及腸胃不適的情況。
    2) 客戶的先生有神經痛、高黃酮相關不適，並計劃進行物理治療。
    3) 客戶的家人曾因聽力問題接受核磁共振檢查，考慮使用助聽器。
    4) 客戶和家人已接種流感疫苗，並提到家人有咳嗽和感冒症狀。

3. 職業背景
    1) 客戶結婚後未再工作，較少與外界社交。
    2) 客戶的先生工作壓力大，曾在工程業界，近期體重下降。
    3) 客戶的兒子經營火鍋店，經常加班，女兒從韓國進貨化妝品並自行使用。

4. 健康食品使用心得
    1) 客戶和家人有食用保健品的習慣，包括葡萄王益生菌、牛樟芝、膠原蛋白、紅麴納豆膠囊等，認為對健康有幫助。
    2) 客戶對膠原蛋白產品效果滿意，認為有助於改善臉部消瘦和骨骼痠痛。
    3) 客戶曾購買過幹細胞產品、外米提產品等，但因過敏或感冒曾暫停使用。
    4) 客戶家中囤積大量保健品，部分未使用，並考慮減少購買。

5. 禁忌
    1) 客戶對麻醉藥物和香水過敏，偏好清淡香味。
    2) 客戶對注射類保健方式持懷疑態度，對胎盤素注射不感興趣。
    3) 客戶空腹食用保健品會過敏，改為餐後服用。
    4) 客戶不喜歡傳統健康檢查，認為過於繁瑣且無法真正休息。",1
23376921,"1. 家庭關係
    1) 客戶的家中由她的老公開車。
    2) 客戶住在有游泳池的社區。

2. 健康狀況
    1) 客戶有在進行關節保養。
    2) 客戶未提及其他健康問題。

3. 職業背景
    1) 客戶是一位74歲的女性。
    2) 客戶為退休老師。

4. 健康食品使用心得
    1) 客戶之前有購買過銀寶善存和葉黃素，但葉黃素買了後未食用。
    2) 客戶知道代言的魚油產品，但未表達購買意願。
    3) 客戶不喜歡吃保健品，並表示不需要幹細胞產品和膠原蛋白產品，因為她都在醫院拿。

5. 禁忌
    1) 客戶不喜歡吃保健品。
    2) 客戶對於如何使用東森的現金券進行折抵表示不清楚。",1
23386319,"1. 家庭關係
    1) 客戶有一位丈夫，丈夫經常出差，從事零件生產並出口到國外，曾創業且在台中開藥局。
    2) 客戶有兩個孩子，一個已畢業，另一個明年即將畢業，孩子小時候寒暑假會回去探望家人。
    3) 客戶的母親年紀大了，行動不便，需協助日常生活照護，並有聘請姐姐幫忙煮飯。
    4) 客戶的婆婆和公公年事已高，行動不便，婆婆不喜歡社交，公公有頻繁上廁所的需求。
    5) 客戶的姐姐從事行銷工作，因工作繁忙無法幫忙照顧母親。
    6) 客戶的哥哥與嫂子分居，嫂子未分擔孩子的教育費用，母親曾存錢給哥哥買房。

2. 健康狀況
    1) 客戶有血糖偏高、糖尿病、膽固醇偏高、體重增加、睡眠品質不佳、頭暈、腳麻、感冒等健康問題，並有更年期症狀。
    2) 客戶的母親有糖尿病、高血壓、腎臟相關問題（如腎絲球過濾率下降、腎臟衰退）、脂肪肝、夜尿、尿蛋白偏高、行動不便、膝蓋不適，並曾因心肌梗塞住院。
    3) 客戶的母親有血糖引起的多種健康問題，包括心臟、骨骼、眼睛、睡眠、排尿、皮膚及掉髮等問題。
    4) 客戶的丈夫曾裝支架，並有打鼾問題。

3. 職業背景
    1) 客戶目前在公司工作，平時忙碌。
    2) 客戶的丈夫從事零件生產並出口，經常出差，曾創業，且在台中開藥局。
    3) 客戶的姐姐從事行銷工作。

4. 健康食品使用心得
    1) 客戶有服用苦瓜胜肽、紅麴、納豆、膠原蛋白粉、玻尿酸產品、煥活錠、台糖降血糖產品等，並認為部分產品對健康有幫助，但血糖問題仍未完全改善。
    2) 客戶有食用燕窩的習慣，並會將燕窩分裝成小罐使用，認為自己燉的燕窩較好吃。
    3) 客戶的母親有服用納豆、氨基酸、蚓激酶等保健品，並考慮補充鈣和維骨力。

5. 禁忌
    1) 客戶擔心長期服用排糖劑可能有後遺症，對產品的甜度和鈣片劑量過高可能導致便秘有所顧慮。
    2) 客戶提到醫生建議避免使用某些西藥，因其可能有副作用。
    3) 客戶對於食品新鮮度和保健品的吸收效果有關注，並會根據效果調整使用。",1
23386640,"1. 家庭關係
    1) 客戶提到益生菌產品是給女兒使用，並表示女兒覺得吃中藥效果比較好。
    2) 客戶曾購買南瓜籽油，可能是為先生食用，並需要確認先生是否還需要食用南瓜籽油。
    3) 客戶表示她老公認為益生菌效果很好。

2. 健康狀況
    1) 客戶表示她不吃益生菌和葉黃素等保健品，並對葉黃素不感興趣。
    2) 客戶曾經吃過南瓜籽產品，但覺得效果不明顯，因此後來停止使用。
    3) 客戶選擇加購魚油產品，並表示飯後服用。

3. 職業背景
    1) 客戶未提及具體職業背景，但偏向使用電話購物，並熟悉生活用品的品牌和規格。
    2) 客戶提到她使用的是iPhone手機。

4. 健康食品使用心得
    1) 客戶覺得益生菌效果不錯，並且家人也認同其效果。
    2) 客戶偏好純橄欖油，並曾購買十二罐五百ml的純橄欖油，關注效期是否足夠使用。
    3) 客戶曾加購葉黃素，選擇購買兩盒作為療程。

5. 禁忌
    1) 客戶表示她不需要化妝品，偏好生活用品。
    2) 客戶對精油及精油禮盒組興趣不大，並願意將機會讓給其他人。
    3) 客戶暫時對石墨烯鵝絨背心沒有興趣。",1
23393728,"1. 家庭關係
    1) 客戶有三個小孩，其中大女兒患有紅斑性狼瘡，病情多年未痊癒，醫生建議不能亂吃保健品。
    2) 客戶的兒子目前在青島，兒子和媳婦很孝順。
    3) 客戶的先生在銀行上班，經常到大陸出差，今年虛歲四十。
    4) 客戶提到她的母親曾因視神經問題接受手術，並需要提醒母親按時進食。
    5) 客戶提到她的保姆健康狀況不佳，患有糖尿病且傷口不易癒合，並計劃幫助保姆調理身體。

2. 健康狀況
    1) 客戶74歲，年紀較大，行動不便，感到疲憊，並有血壓、血糖問題，但目前無三高。
    2) 客戶有膝蓋軟骨磨損、關節發炎、腰部不適等問題，並進行針灸和復健治療。
    3) 客戶有過敏、便秘、腎臟問題，並提到自己有血壓問題，且曾因騎車摔倒導致膝蓋受傷。
    4) 客戶提到自己有頭暈、皮膚乾燥、腳冰冷等症狀，並提到自己從小身體不好。
    5) 客戶提到她的朋友患有膀胱癌，保姆健康狀況不佳，且朋友和保姆都需要服用安眠藥。

3. 職業背景
    1) 客戶曾從事業務工作，並在愛買商店街工作，每天工作12小時。
    2) 客戶目前從事看護工作，認為拉傷是職業病，並提到病人難以照顧。
    3) 客戶曾照顧阿茲海默症、癌症病人及其他病人，並提到照顧過程中的挑戰。
    4) 客戶提到自己可能會去打工或繼續做看護工作。

4. 健康食品使用心得
    1) 客戶長期服用多種保健品，包括蚓激酶、褐藻糖膠、幹細胞產品、膠原蛋白、魚油、萬壽元等，主要針對抗發炎、免疫力、骨骼健康等問題。
    2) 客戶認為保健品需分開服用，並注意服用時間間隔，飯後服用效果較好。
    3) 客戶提到褐藻糖膠可能有助於降三高，並每天服用以提升免疫力。
    4) 客戶提到某些保健品效果不佳，並對保健品的使用方法和效果有疑問。
    5) 客戶提到她服用保健品後需吃早餐，認為時間安排緊湊。

5. 禁忌
    1) 客戶不喜歡看西醫，偏好中醫，認為中醫能根除病痛且不易復發。
    2) 客戶對食品的含糖量特別關注，曾因糖分過高的食品感到不適。
    3) 客戶拒絕使用某些抗生素，認為會增加身體負擔。
    4) 客戶提到她的女兒因紅斑性狼瘡不能亂吃保健品。
    5) 客戶提到她的胃不舒服，懷疑是某生技產品導致的，並停止使用。",1
23401166,"1. 家庭關係
    1) 客戶有一位先生，曾是運動員，健康狀況不佳，曾經腦中風，並進行過化療和眼睛手術，目前健康狀況有所改善。
    2) 客戶有兩個兒子，並提到兒子會幫忙清理冰箱，且考慮為兒子購買內褲。
    3) 客戶有兩個孫子，分別是十歲和一年級的小學生，並有給孫子葉黃素作為保養品。
    4) 客戶的女兒有異位性皮膚炎，客戶希望改善其皮膚問題。
    5) 客戶提到家中有健康日活動，並提到家人有在使用幹細胞產品和葉黃素。

2. 健康狀況
    1) 客戶有高血壓、白內障（尚未成型）、飛蚊症、脂肪肝指數較高，並提到抵抗力較弱。
    2) 客戶目前正在進行復健，曾因跌倒導致手部受傷，腳部有疼痛情況。
    3) 客戶提到自己有乙肝，並表示牙齒不好影響腸胃及咀嚼功能。
    4) 客戶提到自己需要減重，體重增加到69公斤，並對燃燒脂肪的益生菌產品感興趣。
    5) 客戶提到自己很怕感冒，會自費接種流感疫苗。
    6) 客戶的先生不能吃人蔘，可能因氣血不通的原因。

3. 職業背景
    1) 客戶目前在物流公司擔任清潔員，屬於外包性質，月薪約三萬五千元，工作時間為早上七點到下午四點，中午有休息時間。
    2) 客戶曾在工廠工作，對相關流程有所了解，並提到自己年紀較大，適合做簡單的工作。
    3) 客戶提到目前經濟狀況不佳，考慮未來是否找工作。

4. 健康食品使用心得
    1) 客戶和家人有在使用葉黃素、幹細胞、褐藻糖膠、紅藜果膠等保健品，並對其效果表示肯定。
    2) 客戶認為葉黃素對眼睛健康有幫助，需長期服用，並每天早晚各吃兩顆。
    3) 客戶認為幹細胞產品能改善精神和體力，但因價格較高，可能不再購買。
    4) 客戶提到褐藻糖膠有助於減少慢性發炎、提升免疫力及癌症術後調養。
    5) 客戶對紅藜果膠的飽足感和搭配無糖豆漿的方式表示滿意。

5. 禁忌
    1) 客戶的先生不能吃人蔘，可能因氣血不通。
    2) 客戶對甲殼類和魚類等食物有飲食禁忌，近期不吃這些食物。
    3) 客戶提到保健品攝取過多會影響排便，因此有所節制。",1
23440831,"1. 家庭關係
    1) 客戶提到她在帶孫女，因此無法照顧小孩。
    2) 客戶曾與家人一起去日本公司旅遊。
    3) 客戶的先生目前只服用醫生的藥物來控制血糖，效果很好。

2. 健康狀況
    1) 客戶表示她目前正在服用紅麴，主要因為血糖問題。
    2) 客戶每年會安排健康檢查。
    3) 客戶提到自己沒有黑斑、雀斑或曬斑的問題。
    4) 客戶表示今天有空是因為沒有打球，原本計劃去宜蘭打高爾夫球，但改變計劃。

3. 職業背景
    1) 客戶提到她有投資公司，並且另外開立其他投資相關的業務。
    2) 客戶表示她目前在上班。

4. 健康食品使用心得
    1) 客戶去年曾購買過華陀牌的骨頭保健品，包含葡萄糖胺、軟骨素、玻尿酸等成分。
    2) 客戶表示她不吃苦瓜。

5. 禁忌
    1) 客戶表示目前不需要保養品，因為她已經有足夠的保養品。
    2) 客戶尚未使用新購買的保養品，因為舊的產品還未用完。
    3) 客戶曾購買過六套積雪草保養品，提到第一代產品是金色瓶裝。
    4) 客戶曾使用過自然美品牌的乳霜及鳳凰電波眼霜，但表示上次購買的自然美產品還未使用。
    5) 客戶提到她以前使用過海洋拉娜、蘭蔻的小黑瓶和消腫瓶。
    6) 客戶本月開始使用保養品，但表示目前保養品太多，暫時不使用新的產品。
    7) 客戶上個月去紐西蘭並購買了胎盤素的保養品。
    8) 客戶表示只需要一組產品。
",1
23442199,"1. 家庭關係
    1) 客戶的母親年齡較大，約八九十歲，健康狀況不佳，腎功能不良，接近需要洗腎的指數，並有時候會嘔吐，可能與心理因素有關。
    2) 客戶的母親不願意吃營養品，除非是醫生建議的，且不適合使用鱸魚精產品。
    3) 客戶的母親通常在星期二或星期三回家，客戶會在這兩天避免外出。
    4) 客戶的母親和弟弟曾回家，客戶需要整理家裡以便家人回來時有地方住。
    5) 客戶提到家裡有一隻貓，喜歡待在客廳。

2. 健康狀況
    1) 客戶有糖尿病和高血壓，身體狀況不佳，容易感到口乾舌燥，晚上喝水後會頻繁上廁所。
    2) 客戶提到自己有時候吃東西會吐，但目前情況已好轉。
    3) 客戶提到肩頸不適，筋骨緊繃，睡眠品質不佳，無法深入睡眠。
    4) 客戶提到自己冬天容易靜電，並且有血糖問題。
    5) 客戶曾感冒，但目前已好轉。

3. 職業背景
    1) 客戶目前未提及具體職業，但提到自己最近比較忙，且有時需要開車到台中保養車子。
    2) 客戶提到自己住在台東，因身體狀況不佳，懶得回台中。

4. 健康食品使用心得
    1) 客戶目前主要食用幹細胞、鼻腺體和貨機產品，並每天食用兩顆保健食品。
    2) 客戶對益生菌的效果表示懷疑，但提到吃益生菌後感覺腸道較為順暢。
    3) 客戶對睡眠有幫助的產品感興趣，並表示使用某些產品後睡眠品質有所改善。
    4) 客戶曾購買過台鹽、葉黃素、褐藻、鱸魚精、粒線體安瓶等產品，對粒線體產品效果表示滿意。
    5) 客戶對於購買產品的數量和價格有考量，認為量太多或價格過高不合適。
    6) 客戶對於產品的效果持懷疑態度，若產品無效或不滿意會選擇退貨。
    7) 客戶對於贈品的選擇有顧慮，擔心收到不需要的贈品。
    8) 客戶對於健康食品的糖分含量有關注，並偏好不含糖的產品。

5. 禁忌
    1) 客戶的母親因腎功能不佳，醫生建議不要食用燕窩和枸杞，並需調整飲食。
    2) 客戶不喜歡含糖水的產品，未來不想再使用葵花油，對褐藻、幹細胞、魚油等產品不感興趣。
    3) 客戶對於購買高價物品持謹慎態度，擔心不喜歡後退貨麻煩。",1
23464796,"1. 家庭關係
    1) 客戶已婚，丈夫在金融業擔任主管，工作壓力大，曾在富邦工作，後被挖角至新公司，計劃延後退休。
    2) 客戶的丈夫有高血壓，腸胃消化不佳，壓力大，睡眠品質不好，對保養不感興趣，但有服用蚓激酶和B群。
    3) 客戶的兒子曾在國外留學，學費由老闆支付，現已回國工作，消化道較差，服用魚油、葉黃素、B群和益生菌。
    4) 客戶的女兒22歲，身高約177公分，體重65-80公斤，對動漫和日文有興趣，計劃從事相關工作。
    5) 客戶的母親已過世，曾有骨質疏鬆問題；哥哥有糖尿病，影響視力。
    6) 客戶的家庭成員對飲食需求不同，丈夫和兒子不吃澱粉，女兒喜歡吃不願減肥。

2. 健康狀況
    1) 客戶有甲狀腺亢進、骨質疏鬆前期、低密度膽固醇偏高、血紅素水平低、幹眼症、白內障、乾眼症及視網膜問題。
    2) 客戶曾進行視網膜玻璃體手術和雷射手術，術後夜間視力變差。
    3) 客戶有全身痠痛、睡眠品質不佳，生理時間稍微延長。
    4) 客戶的丈夫有高血壓、腸胃消化不佳、眼睛問題及高原反應。
    5) 客戶的兒子消化道較差，女兒用眼過度且皮膚敏感。

3. 職業背景
    1) 客戶曾是空服員，因長期工作導致聽力受損，疫情後未再出國，現無工作，依靠丈夫收入生活。
    2) 客戶的丈夫在金融業擔任主管，工作壓力大，計劃延後退休。
    3) 客戶的兒子曾在國外留學，現已回國工作。

4. 健康食品使用心得
    1) 客戶服用益生菌、膠原蛋白、玻尿酸、魚油、葉黃素、幹細胞、粒線體產品等，對益生菌、膠原蛋白、葉黃素等效果有疑問。
    2) 客戶對保健品服用時間和方式有講究，通常飯前20分鐘服用，搭配300-350毫升水。
    3) 客戶認為保健品需交替使用，避免身體習慣，並對保健品的保存方式和成分有關注。
    4) 客戶對再生安瓶、活泉精華膠囊等產品有使用經驗，對其效果有一定認識。

5. 禁忌
    1) 客戶對益生菌中是否含有蕃瀉葉成分表示關注，並確認產品不含此成分。
    2) 客戶對保健品的使用較為謹慎，擔心虛寒濕熱等問題。
    3) 客戶的胃在空腹時會感到不適，無法忍受空腹狀態。
    4) 客戶因臉部擦傷暫時避免使用美白產品，僅使用保濕產品。",1
23465202,"1. 家庭關係
    1) 客戶提到她的兩個兒子不住家裡，其中一個在台北市工作，另一個在修理忠實的地方工作。
    2) 客戶表示她的兩個兒子都很貼心，老大雖然對父親有些不滿，但仍然幫忙家裡。
    3) 客戶提到她的父親曾去越南旅行，並玩得很愉快，但目前行動不便，且下個月需要進行膝蓋手術。
    4) 客戶提到她的阿媽年齡約六十幾歲。
    5) 客戶提到她的姐妹有五件商品，並詢問是否要分其中一件，且姐妹建議分擔商品費用。
    6) 客戶提到她的母親，但未明確表示需要滴雞精。

2. 健康狀況
    1) 客戶提到她的皮膚有問題，曾去看皮膚科醫生，醫生開的藥膏對她的皮膚問題有效。
    2) 客戶提到她最近去打了美白針，並提到在五月時購買了課程，最近才去打了第二針。
    3) 客戶提到她的手腫了，並且已經去看醫生，懷疑可能與尿酸代謝不良有關。
    4) 客戶表示她曾經有腎結石的病史，並懷疑目前的健康問題可能與代謝不良有關。
    5) 客戶提到最近體重增加了許多，但也提到最近瘦了十公斤。
    6) 客戶提到最近檢查出來血糖比較高，並希望通過運動和飲食控制血糖，而非依賴胰島素。
    7) 客戶提到她的頭皮會紅且有搔癢的情況，皮膚科醫生診斷此狀況無法根治，只能與其共存。
    8) 客戶提到她的膽固醇稍微高於標準值，醫生建議運動即可改善。
    9) 客戶提到最近腰痠背痛，晚上回家需要服用止痛藥。
    10) 客戶提到最近有睡眠問題，兩個晚上都睡不著，並嘗試服用粉紅色外盒的產品以改善睡眠狀況。
    11) 客戶提到她快要得憂鬱症。

3. 職業背景
    1) 客戶提到她目前沒有工作，並表示後來都沒工作了，不能花錢。
    2) 客戶提到她平常會去菜市場打工。
    3) 客戶提到她的同學目前從事清潔工作，並且賺得不錯。

4. 健康食品使用心得
    1) 客戶提到她每天服用葉黃素，一次一顆，並收到葉黃素產品。
    2) 客戶提到她早上起來會先喝某種飲品，其他保健品則在晚餐後或睡前服用。
    3) 客戶提到她目前家中還有六罐保健品存貨，並且不打算再購買新的。
    4) 客戶提到她曾因服用保健食品減重一至兩公斤。
    5) 客戶提到她每天都吃兩顆益生菌，但感覺沒有作用。
    6) 客戶提到她的家中有一面牆存放保健品。
    7) 客戶提到她目前還有八盒蚓激酶存貨，並曾給予他人使用。
    8) 客戶提到她有三條保健食品存貨，並曾一天吃兩條，但覺得太貴。
    9) 客戶提到她曾經喝過一種保健品，喝完後五分鐘感覺腰痠背痛有所改善。
    10) 客戶提到她認為黑酵素比益生菌效果更好，並只想購買抹黑酵素，家中還有兩盒多的存貨。

5. 禁忌
    1) 客戶提到她吃了某些產品後覺得沒效率，因此放棄使用。
    2) 客戶提到商品太貴，表示買不起。",1
23468046,"1. 家庭關係
    1) 客戶提到有時候在上課，有時候在帶小孩子，覺得很不方便。

2. 健康狀況
    1) 客戶目前83歲。
    2) 客戶提到壓力很大，生活壓力大，認為做老闆很辛苦。

3. 職業背景
    1) 客戶目前沒有上班。
    2) 客戶提到她有在電視機前的相關活動，但未明確表示是否為工作。

4. 健康食品使用心得
    1) 客戶曾在東森購物消費購買過葉黃素，並累積了六千多點數，但現在已經沒有在吃。
    2) 客戶之前有買過龜鹿精，但因為覺得效果不好且太補，所以不喜歡，也已經不再使用。
    3) 客戶目前只吃維他命，其他保養品都沒有在使用。

5. 禁忌
    1) 客戶提到以後不敢再購買東森購物的商品。
    2) 客戶不喜歡接到電話推銷，因為她很忙。",1
23526246,"1. 家庭關係
    1) 無相關資訊。

2. 健康狀況
    1) 無相關資訊。

3. 職業背景
    1) 客戶最近比較忙，無法參加活動。

4. 健康食品使用心得
    1) 無相關資訊。

5. 禁忌
    1) 客戶提到搬家後東西太多，暫時不需要購買新東西。
    2) 客戶已經有很多面膜，不需要再購買。",1
23541288,"1. 家庭關係
    1) 客戶有兩個兒子和兩個女兒，其中一個兒子目前在國外。
    2) 客戶與女兒沒有同住，並有一位居家看護協助生活。
    3) 客戶的太太年約八十歲，患有關節問題，需定期注射玻尿酸，夫妻倆一起每天各吃一包保健品。

2. 健康狀況
    1) 客戶患有癌症，癌細胞已擴散到骨頭，目前正在接受治療，包括化療、打針、吃藥及荷爾蒙治療，病情已有所進展，癌細胞指數下降。
    2) 客戶有黃斑部病變、白內障及黃斑部老化問題，曾接受眼睛相關的針劑治療。
    3) 客戶曾有飛蚊症症狀，並提到眼睛狀況不佳。
    4) 客戶患有心臟衰竭，並提到骨頭不適且感覺無力。
    5) 客戶體重從46公斤增加到57公斤，坐骨神經痛有所改善。
    6) 客戶未接種疫苗。

3. 職業背景
    1) 客戶目前為92歲男性，未提及具體職業背景。

4. 健康食品使用心得
    1) 客戶有使用多種保健品進行保養，包括維骨力、葉黃素、太空氨基酸、鱸魚精、鹿茸、龜鹿二仙膠、紅棗類保健食品、魚油、魚肝油等，並提到葉黃素對眼睛保養有幫助。
    2) 客戶曾經食用過褐藻糖膠、牛樟芝、鹿胎盤、高群代言的PPLS產品及華佗的益氣養神膏，但部分產品已停止使用。
    3) 客戶提到因服用龜鹿二仙膠，感覺對骨頭有幫助，現在可以不用拐杖走路。
    4) 客戶有購買過粒線體相關產品及華佗的龜鹿膏產品，並有意願再次購買。
    5) 客戶與太太一起使用保健品進行保養，並輪流食用不同的保健品，包括幹細胞產品。

5. 禁忌
    1) 客戶提到因重病，醫生建議不要隨便使用褐藻產品。
    2) 客戶目前停藥，並不需要進行化療。",1
23544422,"1. 家庭關係
    1) 未提及具體家庭成員或關係。

2. 健康狀況
    1) 客戶為71歲女性。
    2) 未提及具體健康問題，但有使用保健品的習慣。

3. 職業背景
    1) 未提及具體職業背景。

4. 健康食品使用心得
    1) 客戶之前有購買過綠蜂膠的葉黃素，但最近未使用。
    2) 客戶之前有使用過美人膠，但現在未使用。
    3) 客戶提到目前保健品存量充足，尚未吃完。

5. 禁忌
    1) 未提及具體禁忌。",1
23547299,"1. 家庭關係
    1) 客戶有一個兒子和一個女兒，兒子35歲，女兒目前在美國念書。
    2) 客戶的母親曾經中風，已照顧七年多，目前能自行進食。
    3) 客戶的先生工作繁忙，較少參與家庭事務，且不太運動。
    4) 客戶提到家中小孩健康，平時不需要吃益生菌。
    5) 客戶提到家裡的床尺寸為1.8米乘2.3米，家人身高較高。

2. 健康狀況
    1) 客戶自述從小到大身體健康，皮膚狀況良好，沒有紋路，且目前狀態調整得很好。
    2) 客戶每天步行五到六個小時，睡眠狀況良好，不需要助眠產品。
    3) 客戶的頭髮稀軟且有自然捲，遺傳自母親。
    4) 客戶家中有專用醫生處理健康相關事宜。

3. 職業背景
    1) 客戶提到她的公司最近推出了一款益生菌產品，第一代已經售罄，正在推出第二代。
    2) 客戶曾購買藝術品用於裝飾辦公室。

4. 健康食品使用心得
    1) 客戶曾購買過益生菌、鈣片、膠原蛋白粉、木瓜胜肽、玻尿酸、燕窩、維他命等保健品，但部分產品未使用完或因效果不佳而停止使用。
    2) 客戶目前使用由日本進口原料製成的粉末狀益生菌，感到不適時會加量食用，並認為膠原蛋白粉價格便宜且效果不錯。
    3) 客戶家中有很多保健品，包括魚油和葉黃素，但尚未全部使用完。
    4) 客戶曾購買保養品送給朋友，朋友使用後反饋良好。

5. 禁忌
    1) 客戶對海洋拉娜的產品過敏，認為其成分過於刺激。
    2) 客戶不喜歡某些商品的設計風格，並對精華液的選擇非常挑剔。",1
23548937,"1. 家庭關係
    1) 客戶目前一個人居住，家中只有兩人，並未與家人同住。
    2) 客戶有一名女兒從事咖啡相關工作，兒子在台北工作，且曾為兒子煮飯。

2. 健康狀況
    1) 客戶有老花眼和脂肪肝，頭皮健康需要定期用放大鏡觀察，避免每天洗頭以防頭皮受損。
    2) 客戶晚上常常睡不著，可能與某些產品變質有關，睡前會喝飲品幫助睡眠。
    3) 客戶每天五點半起床，生活規律，下午會運動，間歇騎車時不會停下來。
    4) 客戶有一兩顆老人斑，並表示每天吃人蔘片，但一天只吃一片，感到口乾舌燥。
    5) 客戶目前沒有安排健康檢查，也未領取慢性處方簽。

3. 職業背景
    1) 客戶已經退休，日常生活主要是佈置家裡。
    2) 客戶曾在十月份到南長區巴南管進行活動，並表示有理財需求。

4. 健康食品使用心得
    1) 客戶曾購買過人蔘片，但尚未吃完，並表示每天只吃一片。
    2) 客戶對於快到期的商品有興趣，認為價格便宜。
    3) 客戶表示目前沒有在吃任何保養品或保健食品。

5. 禁忌
    1) 客戶不喜歡含糖的藥物。
    2) 客戶的頭髮不能亂用其他廠牌的產品，擔心洗髮精影響頭皮健康。",1
23550071,"1. 家庭關係
    1) 客戶目前獨居，並開始專注於自己的生活。
    2) 客戶的父親於七月因感冒引發肺炎過世，生前保養良好，無三高。
    3) 客戶的母親曾有類風濕性關節炎，並且是職業婦女，工作中有職業傷害。
    4) 客戶的姑姑因腎功能不佳需要洗腎，後來住進安寧病房並過世。
    5) 客戶的子女最近生產，她有提供補充品給子女。
    6) 客戶的家人喜歡巴西蘑菇，母親經常用巴西蘑菇燉湯。
    7) 客戶的妹妹的婆婆目前住院，身體狀況不佳。
    8) 客戶的侄女的母親因乳癌過世，侄女因此不喜歡吃西藥。
    9) 客戶的侄女的孩子未接種疫苗，家人對此感到擔心。

2. 健康狀況
    1) 客戶有高血壓，但血壓通常保持正常範圍。
    2) 客戶過去血糖偏高，目前已回到標準範圍。
    3) 客戶有腰椎骨刺問題，並定期追蹤健康狀況。
    4) 客戶左腿膝蓋後方有不適感，可能與腰椎延伸有關。
    5) 客戶的膝關節曾因退化而卡住，透過傳統治療和保健品改善。
    6) 客戶的手指關節有疼痛問題，尤其是大拇指和食指，並有類風濕性關節炎症狀。
    7) 客戶的皮膚在夏天容易出現濕疹，對化學成分敏感，需使用純天然沐浴乳。
    8) 客戶最近視力有退化，尤其在傍晚或疲勞時感到不適。
    9) 客戶目前主要關注肌少症相關的健康問題。
    10) 客戶對能量敏感，避免接觸負面能量，並通過聽音樂轉換情緒。

3. 職業背景
    1) 客戶過去常帶香港的朋友旅遊，幫他們規劃行程。
    2) 客戶之前主要協助家人，並未考慮過需要他人協助。

4. 健康食品使用心得
    1) 客戶平時服用薑黃素、氨基酸、香檳茸等保健品，並感覺效果良好。
    2) 客戶表示使用香檳茸後身體較為流暢，減少不適感。
    3) 客戶曾購買其他品牌的保健食品給父親食用，目前仍有剩餘。
    4) 客戶已持續服用某品牌保健食品三十多年，主要用以維持基本健康。
    5) 客戶的家人也偏好天然健康食品和養生方式，避免使用西藥。
    6) 客戶的家人喜歡巴西蘑菇，經常用來煮湯。

5. 禁忌
    1) 客戶吃素，不希望收到葷的產品作為贈品。
    2) 客戶有敏感體質，避免到人多的地方以免感到疲累。
    3) 客戶對化學成分敏感，需使用純天然的沐浴乳。
    4) 客戶表示安瓶使用過多會導致皮膚油膩及粉刺問題。",1
23551468,"1. 家庭關係
    1) 客戶有多個孩子，其中一個女兒在大阪工作，其他孩子中有一個被認為是果凍兒，但客戶認為孩子健康無虞。
    2) 客戶提到家裡有六個小孩，每個小孩的父親都不同，並提到目前的先生年紀較大，小孩已在美國。
    3) 客戶的父親已過世，母親也已過世，並提到母親留下了大量過期的氨基酸產品。
    4) 客戶曾與公公婆婆同住，生活中有許多不便，並提到婆婆對坐月子和育兒方式的要求。
    5) 客戶提到家裡有小朋友，並擔心他們感染病毒。

2. 健康狀況
    1) 客戶有高血壓、脂肪肝、腸躁症、過敏性皮膚、痛風、飛蚊症、抑鬱症（已改善）及子宮下垂等健康問題。
    2) 客戶提到自己腸胃道敏感，容易便秘，並曾患急性腸胃炎。
    3) 客戶提到自己是高齡產婦，懷孕期間需特別注意健康，並提到女兒早產。
    4) 客戶提到自己有睡眠不足的問題，通常一天只睡五到六個小時。
    5) 客戶提到自己最近感冒嚴重，並有呼吸困難的症狀。

3. 職業背景
    1) 客戶曾經賣過藥品，並參加過調解委員會，了解相關法律程序。
    2) 客戶目前從事設計工作，並提到自己最近工作繁忙。
    3) 客戶是佛教徒，並在收官三裡擔任講師。

4. 健康食品使用心得
    1) 客戶使用過多種健康食品，包括氨基酸、白藜蘆醇、B群、葡萄王永堅王等，對部分產品效果滿意，但對某些產品效果不佳。
    2) 客戶對產品成分和濃度有要求，偏好純素膠囊和不含中藥成分的產品，並對甜味劑和甜度過高的產品有顧慮。
    3) 客戶認為白藜蘆醇產品具有抗發炎效果，葡萄王永堅王對關節健康有效，但價格偏高。
    4) 客戶對益生菌產品感興趣，認為其有助於改善過敏肌膚。
    5) 客戶提到自己早上空腹喝氨基酸安瓶，並服用綜合維他命，認為有助於提升精神。

5. 禁忌
    1) 客戶不吃麻辣鍋、麻油雞、紅參、人參類產品及中藥成分產品，並對菠菜、芹菜等食物有禁忌，擔心影響腎臟功能。
    2) 客戶不適合使用含酸類的便宜面膜、雅詩蘭黛和蘭蔻的保養品，並對膠囊的製作材料有顧慮。
    3) 客戶對甜度過高的產品有顧慮，認為可能導致發炎。
    4) 客戶不吃海鮮，對寄生菌有顧慮，並不購買山莊產品。
    5) 客戶不做侵入性治療，因皮膚容易過敏且傷口癒合慢。",1
23574095,"1. 家庭關係
    1) 客戶提到她和她的老公一起服用魚油，且她的老公也有在服用保健品。

2. 健康狀況
    1) 客戶提到自己有青光眼，正在接受治療並使用眼科開的青光眼眼藥水。
    2) 客戶表示自己是過敏體質，換季時會過敏，且有時候吃某些食物會過敏，但不確定具體是哪些食物，因此對於食物和保健品的選擇非常謹慎。

3. 職業背景
    1) 未提及具體職業背景。

4. 健康食品使用心得
    1) 客戶目前有在服用魚油、鈣片和B群等保健品，並提到她目前有在吃大雁生技的魚油。
    2) 客戶提到她目前手上還有兩罐魚油，並已收到專員幫她訂購的魚油。
    3) 客戶表示如果有魚油的話會訂購，主要針對心血管、血壓和血糖方面。
    4) 客戶提到她收到了珍珠粉和葉黃素。
    5) 客戶目前有在使用其他品牌的保健食品，因此不需要購買專員推薦的產品。
    6) 客戶之前有購買過滴雞精，但未明確表示吃起來是否習慣。

5. 禁忌
    1) 客戶目前沒有在喝白蘭氏養生飲品。
    2) 客戶對於投資理財專案沒有興趣，也沒有相關投資計劃。
    3) 客戶在選擇食物和保健品時非常謹慎，因為她是過敏體質，對某些食物可能會過敏，但不確定具體是哪些食物。",1
23591635,"1. 家庭關係
    1) 無相關資訊。

2. 健康狀況
    1) 客戶可能有眼睛保養的需求。

3. 職業背景
    1) 無相關資訊。

4. 健康食品使用心得
    1) 客戶之前有購買過葉黃素來保養眼睛。

5. 禁忌
    1) 無相關資訊。",1
23597831,"1. 家庭關係
    1) 客戶有一個兒子和一個女兒，兒子會打籃球，但有腎臟相關的健康問題，且不吃某些產品。
    2) 客戶提到最近有小孩子的學費需要支付。
    3) 客戶提到石墨烯棉被是給小孩使用的。
    4) 客戶提到沒有讓家人住在一起。

2. 健康狀況
    1) 客戶身高175公分，體重88公斤，腰圍約34吋，身材偏高且大腿較粗壯。
    2) 客戶有痛風，每年發作一次，左手有輕微痠痛，但無舊傷或過敏問題。
    3) 客戶有老花眼和畏光，但沒有飛蚊症。
    4) 客戶表示睡眠品質很好，最近睡眠狀況有所改善，且從未服用過安眠藥。
    5) 客戶提到自己現在更瘦了，並每天感覺精神充沛。
    6) 客戶表示晚餐通常吃得很晚，且不會亂吃東西。

3. 職業背景
    1) 客戶目前從事送貨和售貨工作，工作忙碌且人手不足。
    2) 客戶提到自己有時會開車，並很少騎腳踏車。

4. 健康食品使用心得
    1) 客戶每天服用幹細胞產品，並表示效果不錯，但曾提到一開始有感覺效果，後來效果不明顯。
    2) 客戶有服用粒線體相關保健食品、固腎產品、葉黃素、B群、益生菌、膠原蛋白等，並表示服用後精神體力較好，眼睛不乾澀，皮膚變得澎潤且年輕。
    3) 客戶曾購買日本產品、NAD+產品、活泉產品、正官庄產品等，並對日本產品和NAD+產品的效果表示滿意。
    4) 客戶提到喝膠原蛋白產品後，臉部曾有刺刺感，但後來沒有再發生。
    5) 客戶表示舒酸定牙膏很好，並有使用該產品。
    6) 客戶提到她目前正在吃很多保健食品，並有擺在櫃檯上使用。

5. 禁忌
    1) 客戶表示不使用高蛋白或氨基酸類的保養品。
    2) 客戶提到不能亂吃東西。",1
23602411,"1. 家庭關係
    1) 客戶提到她沒有兄弟姐妹，需自行照顧家人。
    2) 客戶的母親健康狀況不佳，需進行化療，且客戶需要在兩地奔波照顧母親。
    3) 客戶表示家人健康狀況需要優先關注。

2. 健康狀況
    1) 客戶提到自己有異位性皮膚炎，可能因燥熱引起，且體質較虛弱。
    2) 客戶的體質容易燥熱，不適合食用燥熱的補品，例如龜鹿類產品。
    3) 客戶的骨頭和關節有疼痛問題，骨質密度可能較低，並曾因滑倒導致肩膀和大腿骨折，還有韌帶斷裂的情況，目前仍在會診。
    4) 客戶的月經周期固定為24到25天，每次持續3到4天。
    5) 客戶的肚子有變小，體質不怕冷，冬天只需穿一件衣服和外套。

3. 職業背景
    1) 客戶提到目前正在處理建設相關的工程項目。
    2) 客戶因天氣冷而不上班，且目前有很多事情需要處理。

4. 健康食品使用心得
    1) 客戶目前有在服用多種保健品，包括蝦紅素、B群和一套不明內容的保健食品。
    2) 客戶曾購買過補鈣保健食品，但覺得不適合而停止使用。
    3) 客戶過去曾早晚各服用四顆參鹿膠囊，現在有時早上服用一顆，有時忘記服用。
    4) 客戶曾購買過粒線體激活再生安瓶、鹿胎盤產品、葉黃素、天美品牌的再生細胞產品及白色盒子的幹細胞安瓶產品，對部分產品效果表示滿意，但因身體不適合停止使用幹細胞產品。
    5) 客戶有加入直銷公司的會員，並購買其營養品，但目前不想購買更多保健品，擔心浪費。
    6) 客戶會將保健品放在冰箱保存，早上空腹喝一杯水後服用。

5. 禁忌
    1) 客戶的體質不適合食用燥熱的補品，例如龜鹿類產品。
    2) 客戶的體質容易燥熱，需避免相關食物或產品。",1
23633219,"1. 家庭關係
    1) 客戶目前居住在高雄，家中有兩個小孩，其中一個有固定運動習慣，另一個是自閉症患者。
    2) 客戶的先生已退休，目前在台北，家中收入來源主要依靠先生。
    3) 客戶的女兒曾幫助她準備手術期間的飲食，並經常要求她購買能量抹客數的產品。
    4) 客戶的妹妹已婚，外甥從事與非洲和南美洲相關的業務，經常出差。

2. 健康狀況
    1) 客戶有高血壓，但血壓穩定，並有服用高血壓藥物。
    2) 客戶曾動過白內障手術，目前眼睛狀況良好，但有反光、怕光及眼淚品質不佳的問題。
    3) 客戶有膝蓋退化、關節炎、軟骨發炎及膝蓋疼痛等問題，曾進行過膝蓋手術、玻尿酸注射及雷射治療。
    4) 客戶有胃食道逆流、自律神經問題及更年期相關症狀，並曾因車禍導致骨折。
    5) 客戶有肌少症，身體虛弱，胃口小，需補充大量營養。
    6) 客戶的血管健康度正常，血壓、血糖、膽固醇和三酸甘油酯維持正常，血色素和糖化血色素也正常。
    7) 客戶曾經得過重感冒流感，導致蜂窩組織炎並住院，後來感染影響到骨頭，經歷了一年的治療。

3. 職業背景
    1) 客戶目前沒有上班，曾經需要同時照顧兩個小孩並外出打工。
    2) 客戶即將辦理勞保退休，年齡約65歲。
    3) 客戶曾參觀過多家工廠，學會食品保存和包裝技巧。

4. 健康食品使用心得
    1) 客戶有服用葉黃素、魚油、花青素、維他命C、B群、鈣片、玻尿酸、蚓激酶、抗氧化產品、蛋白質氨基酸沖泡飲品等保健食品，並認為這些產品對健康有幫助。
    2) 客戶每天早晚服用葉黃素，認為對眼睛有幫助，並服用高劑量B群和維他命C。
    3) 客戶曾服用過龜鹿膠、藏紅花、幹細胞產品、正官庄高麗蔘金、萬壽元產品等，並對苦茶油的效果表示滿意。
    4) 客戶認為進口保健品成分簡單且無異味，偏好美國和紐西蘭產品，並會根據成分和價格進行篩選。
    5) 客戶認為吃玻尿酸的效果比打玻尿酸更快，並會在運動後吃蛋白棒補充蛋白質。

5. 禁忌
    1) 客戶不喜歡高麗蔘的味道，對濃縮人蔘產品不感興趣，認為會卡在袋子裡。
    2) 客戶因白內障手術後醫生建議，暫時無法服用活血類產品。
    3) 客戶不吃益生菌，認為吃太多會導致頻繁上廁所。
    4) 客戶避免油炸食物，除非自己在家製作。
    5) 客戶的眼睛容易過敏，儘量不使用眼部產品。",1
23657595,"1. 家庭關係
    1) 未提及相關資訊。

2. 健康狀況
    1) 未提及具體健康狀況，但可能關注視力、免疫力及消化健康，因購買相關健康產品。

3. 職業背景
    1) 未提及相關資訊。

4. 健康食品使用心得
    1) 客戶購買了葉黃素產品，可能用於保護視力。
    2) 訂購了漢方益生菌奇異果的舒敏消化組，可能關注腸胃健康。
    3) 曾購買能量參和褐藻糖膠產品，可能注重提升免疫力及健康管理。
    4) 訂購了東森活泉產品，可能關注身體保健。

5. 禁忌
    1) 未提及相關資訊。",1
23659926,"1. 家庭關係
    1) 客戶有一個女兒，女兒曾發生車禍導致小腿骨折，目前正在接受治療，並且住院時需要母親照顧。
    2) 客戶的老公目前在上班，收入約為四萬五千元，對購買鍋具感興趣，曾經確診但已康復。
    3) 客戶的婆婆住在安養中心，病情不樂觀，需使用鼻胃管和類固醇治療，並支付高額費用。
    4) 客戶的父母年紀大，健康狀況不佳。
    5) 客戶提到家中有寵物，包括貓和狗，並提到寵物的健康狀況和飲食習慣。

2. 健康狀況
    1) 客戶提到自己可能有脂肪肝，甘油三酯達到三百多，內臟脂肪較高，且有排便不順的情況。
    2) 客戶有甲狀腺功能不足，需每週服用九顆德國進口藥物。
    3) 客戶提到自己頭痛、頭暈腦脹，感到精神不濟，並有蕁麻疹症狀。
    4) 客戶目前處於更年期，感覺老化速度加快，且工作壓力大。
    5) 客戶的老公有骨質退化、肌少症，血糖忽高忽低，需控制飲食，並服用高鼓勵和蚓激酶。
    6) 客戶的女兒曾發生車禍，導致小腿骨折，腳踝尚未完全康復，並有皮肉傷。
    7) 客戶的婆婆病情不佳，需住院治療，並使用類固醇和鼻胃管。

3. 職業背景
    1) 客戶目前有兼職工作，每月收入約三萬元，工作時間靈活，但工作環境炎熱且壓力大。
    2) 客戶的老公在集團上班，收入穩定，並有計劃搬回台北。
    3) 客戶的女兒目前在找工作，曾拒絕父親的開店提議，選擇自己創業。

4. 健康食品使用心得
    1) 客戶曾訂購幹細胞產品，並持續服用，但表示無明顯效果，目前仍有存貨。
    2) 客戶和老公都有在服用蚓激酶，女兒偶爾也會服用。
    3) 客戶的老公曾經服用倍護膠囊。

5. 禁忌
    1) 客戶不喜歡吃甜食、淡水魚、羊肉和魚油，並表示魚油味道太臭。
    2) 客戶不喜歡某些無糖食品和特定香料的味道。
    3) 客戶完全不喝酒，且沒有宵夜的習慣。",1
23661129,"1. 家庭關係
    1) 客戶有一位先生，稱其為心肝寶貝，並提到先生曾是半導體研究所畢業，早期家庭經濟狀況曾經困難。
    2) 客戶有一個兒子，為台大工程博士，經常幫助她挑選高級保健品。
    3) 客戶有一個姐姐和一個妹妹，三姐妹感情很好，常一起出去玩，姐姐曾特地從美國回來陪她旅行。
    4) 客戶的妹妹目前住在紐西蘭，暫時住在她家，並計劃一起出去玩。
    5) 客戶有一隻15歲的寵物，健康狀況不佳，活動力下降，且有漏尿和膀胱功能問題。

2. 健康狀況
    1) 客戶有高血壓，血壓數值通常在110至130之間，並服用降血壓藥。
    2) 客戶血糖偏高，約在120多。
    3) 客戶有乾眼症，並在白內障手術後症狀加重，且有飛蚊症問題。
    4) 客戶曾確診新冠病毒，症狀較輕且恢復良好。
    5) 客戶提到有人有蛀牙且肝腎狀況需要調養。
    6) 客戶提到自己睡眠品質良好，沒有睡眠問題。

3. 職業背景
    1) 客戶提到自己有上班的情況。
    2) 客戶的家人早上會去做生意，中午才回家。

4. 健康食品使用心得
    1) 客戶有服用葉黃素、褐藻糖膠、蚓激酶、摩西的寶關節產品等保健食品，對部分產品效果表示滿意。
    2) 客戶認為褐藻糖膠對提升免疫力、防癌抗輻射有幫助，並認為葉黃素產品對飛蚊症可能有效。
    3) 客戶曾購買過妍美会、華陀龜鹿精、自然美時空膠囊等保健品，對部分產品有信任感。
    4) 客戶偏好天然無添加的產品，不吃有防腐劑的食物，並認為土雞蛋和初榨橄欖油較健康。
    5) 客戶認為如果產品價格較高但有效果，是可以接受的。

5. 禁忌
    1) 客戶不喝牛奶，認為牛奶對健康不好。
    2) 客戶不吃鹿胎盤，認為可能導致癌症，且按摩師建議不要食用。
    3) 客戶不吃甜食，偏好鹹的湯圓。
    4) 客戶不購買日本的商品，對日本海洋食品持保留態度。
    5) 客戶不喜歡膠囊形式的保健品，認為膠囊的顏色和形式令人不安。
    6) 客戶不喜歡插電的產品，擔心漏電或電磁波超標。
    7) 客戶不購買普通雞蛋，認為土雞蛋比較好。
    8) 客戶不購買全家便利商店的食品，認為保存期限過長的食品不健康。",1
23677851,"1. 家庭關係
    1) 客戶目前住在樓下有人可以代收貨物的地方。

2. 健康狀況
    1) 客戶的糖化血色素數值為7.3，並且有服用血糖藥。
    2) 客戶提到因為腳的關節問題曾購買保健品，但認為效果不佳。
    3) 客戶提到膝蓋問題，但未明確表示不吃保健食品。
    4) 客戶表示自己胃不好，因此不吃某些保健食品。
    5) 客戶提到自己沒有定期做健康檢查。

3. 職業背景
    1) 客戶目前正在工作，尚未退休，並表示自己做生意。
    2) 客戶早上在momo工作。

4. 健康食品使用心得
    1) 客戶曾購買苦瓜胜肽，但懷疑效果並不明顯，並表示曾在別家購買過相關產品。
    2) 客戶曾購買葉黃素，但因不喜歡吃而丟棄，並已退貨，且客服查不到她的訂單。
    3) 客戶提到公司在芹菜裡面有葉黃素，並提到華陀的產品。
    4) 客戶曾購買大豆蛋白產品。
    5) 客戶提到自己長期購買東森的商品。
    6) 客戶曾購買睛利息產品，並詢問目前是否還有售。
    7) 客戶表示蔚藍國際的產品八盒售價四萬多塊。

5. 禁忌
    1) 客戶不喜歡膠囊類型的保健食品。
    2) 客戶因胃不好而避免某些保健食品。
",1
23700614,"1. 家庭關係
    1) 客戶與家人同住，家中有兩個小孩。
    2) 客戶提到其老公有營養不良及便秘的情況，且便秘未改善。

2. 健康狀況
    1) 客戶73歲，女性，曾有小中風的情況。
    2) 客戶有高血壓、膽固醇及三酸甘油酯相關問題。
    3) 客戶需要定期進行健康檢查，每三到六個月一次。
    4) 客戶提到白內障相關話題，並有補牙需求。
    5) 客戶不運動，但對泡溫泉有興趣。

3. 職業背景
    1) 客戶提到今天要去上課。
    2) 客戶目前有駕駛車輛的能力。

4. 健康食品使用心得
    1) 客戶提到益生菌的功效包括排便、瘦身及抗過敏，並提到益生菌相關產品。
    2) 客戶使用印加果油，並提到枸杞原汁、麥蔓越莓、芝麻素、葉黃素及膠原含氨基酸的產品。
    3) 客戶表示早上飯後服用某產品，並提到早上吃了某些產品。
    4) 客戶提到牛樟芝產品，但未明確表示是否購買或使用。
    5) 客戶提到苦瓜胜肽價格較高，並表示未來需要葡萄糖胺。
    6) 客戶曾購買外逆齡修護神經元產品，並提到大江生醫的產品及其業務。
    7) 客戶表示每個月都會購買不同的產品，並曾訂購五個葉黃素。

5. 禁忌
    1) 客戶提到化妝品都不能用，並要求提供不含MOD的保養品。
    2) 客戶喜歡緊緻效果的產品，並提到使用青春露及玻尿酸產品。",1
23710811,"1. 家庭關係
    1) 未提及具體家庭關係。

2. 健康狀況
    1) 客戶曾因車禍導致視神經萎縮，其他眼部功能正常。
    2) 客戶有地中海型禿頭的情況。
    3) 客戶希望改善精神狀況，減少疲勞感。

3. 職業背景
    1) 未提及具體職業背景。

4. 健康食品使用心得
    1) 客戶曾服用B群，目的是改善精神狀況，但目前已停止使用。
    2) 客戶曾購買過華佗鹿茸精、三得利ES產品、合利他命及白蘭氏保健品，但認為效果不佳。
    3) 客戶已購買過人參飲品，但對健康食品的推銷不感興趣。
    4) 客戶對健康食品的推銷持保留態度，認為部分商品的優惠信息具有誤導性。
    5) 客戶表示不敢隨便服用保健品。

5. 禁忌
    1) 客戶對健康食品的推銷不感興趣，並對部分商品的優惠信息持懷疑態度。
    2) 客戶對於未經充分了解的保健品持謹慎態度。",1
23715571,"1. 家庭關係
    1) 客戶提到她的女兒有很多時間應該要用在其他事情上。

2. 健康狀況
    1) 客戶曾進行微創手術，術後恢復情況良好，沒有明顯後遺症。
    2) 客戶提到她的骨質可能不足，並表示應該進行檢測，目前仍在等待下一次骨密度測試結果。
    3) 客戶容易感到疲倦，健身方式較為溫和，並非追求高強度效果。
    4) 客戶對新產品有過敏疑慮，曾因葉黃素膠囊感到不適而停用。

3. 職業背景
    1) 客戶未提及具體職業背景，但表示對房地產投資不感興趣，認為市場不穩定。
    2) 客戶目前對生活的態度是順其自然，維持現狀。

4. 健康食品使用心得
    1) 客戶曾購買過葉黃素膠囊、鴕鳥精、玻尿酸口服產品等保健品，但使用習慣不穩定，通常不到一週就停止服用，且對效果失去信心。
    2) 客戶偏好自然的飲食和健康方式，對保健品效果持保留態度。

5. 禁忌
    1) 客戶對油脂類產品的吸收效果較慢，認為可能對敏感部位如魚尾紋和脖子造成負擔。
    2) 客戶不熱衷於昂貴的保養品，對保養品和保健品的需求不高，選擇性較小，並不喜歡囤積過多產品。",1
23724054,"1. 家庭關係
    1) 客戶提到是否可以讓親友住在飯店，顯示其與親友關係密切。

2. 健康狀況
    1) 客戶擔心人多可能影響防疫，顯示其對健康和防疫有一定的關注。
    2) 客戶家中有關於醫療方面的記載，顯示其對健康管理有一定的重視。

3. 職業背景
    1) 無明確提及職業背景。

4. 健康食品使用心得
    1) 客戶家中有使用保健食品，但未提及具體心得。

5. 禁忌
    1) 客戶認為行李箱不需要太大，出國時偏好輕便的行李箱。
    2) 客戶表示肩頸按摩器很少使用，可能對此類產品需求較低。",1
23732886,"1. 家庭關係
    1) 客戶未提及家庭成員或家庭關係相關資訊。

2. 健康狀況
    1) 客戶表示她超過六十歲，具體年齡為62歲。
    2) 客戶曾購買過葉黃素、魚油等保健食品，可能關注眼睛及心血管健康。
    3) 客戶家中有使用漢方活菌益生菌，顯示她對腸道健康有一定重視。

3. 職業背景
    1) 客戶未提及具體職業背景。

4. 健康食品使用心得
    1) 客戶曾購買過東森活泉精華膠囊及葉黃素，顯示她對保健食品有一定需求。
    2) 客戶曾購買杏仁粉，但對過去的購買經驗感到不滿。
    3) 客戶提到益生菌產品是她之前的選擇之一，且家中有使用漢方活菌益生菌。
    4) 客戶提到她用的煮飯油類很少，平時不常煮飯，可能影響她的飲食健康。

5. 禁忌
    1) 客戶表示目前沒有需求，包括洗髮精、家用品、葉黃素或龜鹿產品等。
    2) 客戶目前沒有購物台相關的消費行為，也沒有使用禮券購買民生用品的需求。",1
23735437,"1. 家庭關係
    1) 客戶有一個兒子，兒子屬虎，曾幫助處理技術問題，但目前與客戶未同住。
    2) 客戶的母親已過世一年，父親已過世兩年。
    3) 客戶提到有一位外孫女，兒子尚未結婚。
    4) 客戶提到與家人住在一起，並提到母親曾幫助支付電瓶費用。
    5) 客戶提到有一位姐姐，姐姐吃素且喜歡精神蘋果。

2. 健康狀況
    1) 客戶61歲，從30多歲開始注重健康，曾有心臟健康問題並住院，肝功能指數曾達900。
    2) 客戶有高血壓、輕微白內障、散光、乾眼症、近視及老花眼問題，需配戴眼鏡。
    3) 客戶腸胃功能不佳，對牛奶和咖啡因敏感，曾有便秘、胃部不適及拉肚子情況。
    4) 客戶有三高，近期感到勞累，睡眠不足，並有失眠問題。
    5) 客戶近期感冒，聲音沙啞，鼻音重，並提到流汗過多可能導致感冒。

3. 職業背景
    1) 客戶為中醫師，工作日為每周一、三、五，經常加班且工作勞累。
    2) 客戶提到自己是自由職業者，經常外出工作，並有排班需求。
    3) 客戶提到自己是東森購物的會員，已有20多年購物經驗。

4. 健康食品使用心得
    1) 客戶長期使用保健食品，包括幹細胞膠囊、褐藻糖膠、蚓激酶、葉黃素、氨基酸、魚油、紅參、龜鹿二仙膠等，並對部分產品效果表示滿意。
    2) 客戶每天服用多種保健食品，如幹細胞膠囊、氨基酸、葉黃素等，並提到氨基酸改善腸胃蠕動和排氣情況。
    3) 客戶對於產品的保存期限和價格敏感，偏好優惠活動，並對高價產品持保留態度。
    4) 客戶對於褐藻糖膠、蚓激酶等產品的效果有一定信任，認為有助於健康。
    5) 客戶提到使用保健食品改善睡眠品質和健康狀況，並對產品的成分和效果有一定要求。

5. 禁忌
    1) 客戶不抽菸、不嚼檳榔，但有喝酒習慣，肝功能稍差。
    2) 客戶不喜歡吃海鮮和中西藥，對食品安全表示擔憂。
    3) 客戶不喝咖啡，對咖啡因敏感，並不再食用牛樟芝產品。
    4) 客戶提到人蔘不能與白蘿蔔和茶葉同時食用，否則會影響效力。
    5) 客戶對於分期付款持保留態度，偏好現金支付。",1
23750465,"1. 家庭關係
    1) 客戶有一位女兒，女兒有意願購買醫療能量褲，並有在食用益生菌產品。
    2) 客戶的老公因車禍需要復健，目前由她照顧。
    3) 客戶的父親行動不便，需要看護協助，且每個月會配送某些產品。

2. 健康狀況
    1) 客戶有排便不順暢的問題，並希望改善軟便情況，且有痔瘡問題，但無腸胃問題。
    2) 客戶有腰痠背痛的情況，體型偏胖，並有脂肪肝及體脂肪偏高，可能與家族遺傳有關。
    3) 客戶有過敏性肌膚，因此不敢亂用保養品。
    4) 客戶眼睛曾受傷且有疼痛情況，目前固定使用安利的葉黃素進行保養，認為效果很好。
    5) 客戶曾為了生小孩服用多種藥物，包括荷爾蒙相關的醫學藥物。
    6) 客戶不能吃海鮮，可能因為過敏。

3. 職業背景
    1) 客戶在公司工作，位於三樓，平時工作繁忙，經常加班。
    2) 客戶通常晚上十點睡覺，早上六點起床工作。

4. 健康食品使用心得
    1) 客戶有購買過排便相關的保健食品，效果尚可，並曾購買妍美会產品，但效果不佳。
    2) 客戶有在食用安利的葉黃素，並認為對眼睛保養效果很好，每月會收到一盒。
    3) 客戶有使用不老丹葉黃素，認為效果顯著。
    4) 客戶曾食用幹細胞相關產品，但尚未嘗試新時代的升級版產品。
    5) 客戶曾購買過漢方益生菌（綠色包裝奇異果口味）及二比菲德氏菌與奇異果高效能益生菌，但效果不明顯，後來改吃酵素，並表示平時都有食用酵素。
    6) 客戶每天飲用一包膠原蛋白。
    7) 客戶對保健食品有一定關注，曾詢問專員益生菌品牌。

5. 禁忌
    1) 客戶不能吃海鮮，可能因為過敏。
    2) 客戶有過敏性肌膚，因此不敢亂用保養品。
    3) 客戶提到不能亂用某些產品，並表示最近才剛購買了兩項物品。",1
23755938,"1. 家庭關係
    1) 客戶有一個兒子和一個女兒，兒子從事裝潢行業並擔任老闆，已婚，與女朋友住在月租6萬的房子裡，女朋友養貓。
    2) 女兒已婚兩年，擔任總監職位，經常出差，主要在日本工作，對母親非常關心，經常幫她購買保健品。
    3) 客戶有一個幹兒子住在蘇州，計劃去大陸探望他。
    4) 客戶的母親已過世，生前住在安養中心，客戶和妹妹共同處理母親的後事及遺產繼承事宜。
    5) 客戶有一位妹妹和姐姐，妹妹體重43公斤，姐姐體重40公斤，妹妹的耳朵有不平衡問題。
    6) 客戶與丈夫已離婚，家人多數住在一起，但她表示自己是一個人。

2. 健康狀況
    1) 客戶有憂鬱症、恐慌症、失眠問題，並有服用安眠藥和恐慌症藥物，計劃戒掉安眠藥。
    2) 客戶有飛蚊症，持續十多年，並有膽固醇過高的問題，需長期服用降膽固醇和降血脂藥物。
    3) 客戶曾有呼吸中止的情況，瘦下來後改善，目前體重約46-47公斤，但體重不佳，家人建議增加體重。
    4) 客戶擔心肌少症，最近曾跌倒，並有頭痛和睡眠問題。
    5) 客戶的皮膚對有營養成分的護膚品過敏，家人也有類似問題。

3. 職業背景
    1) 客戶目前無提及具體職業，但提到自己有投資和存款，擁有房產和黃金，並計劃在兩年內賣掉房子。
    2) 客戶信用良好，與銀行關係良好，貸款從未被拒絕。

4. 健康食品使用心得
    1) 客戶長期服用保健品，包括葉黃素、益生菌、代餐、膠原蛋白、Q10、蚓激酶和燕窩，對其效果感到滿意。
    2) 客戶使用代餐減肥，早晚各吃一次，體重減輕5公斤，膽固醇下降。
    3) 客戶每天早上吃燕窩和蚓激酶，並將葉黃素與蚓激酶一起服用，感覺效果不錯。
    4) 客戶對保健品價格敏感，曾提到某些產品價格昂貴，並希望獲得優惠。
    5) 客戶的女兒經常從日本購買保健品給她，並支持她購買東森的保健品。

5. 禁忌
    1) 客戶不喝咖啡，因為會讓她心急且影響睡眠，但喜歡喝奶茶和水果茶。
    2) 客戶不吃牛肉，並且不喜歡吃麥當勞。
    3) 客戶的皮膚對有營養成分的護膚品過敏，無法使用面膜和乳液等產品。",1
23784580,"1. 家庭關係
    1) 客戶有三個小孩，其中一位是工程師，均為研究所畢業。
    2) 客戶有一個大兒子住在台北林口，生活機能適合老人家，並計劃為她購買煮水設備。
    3) 客戶的女兒今年大學畢業，剛找到工作，目前在新竹的飯店擔任櫃檯工作。
    4) 客戶有一個孫子和一個孫女，並計劃定期探望他們。
    5) 客戶的母親已過世，生前由弟弟、弟媳及外勞照顧。

2. 健康狀況
    1) 客戶有高血壓，血壓狀況平穩，服用高血壓藥物，每次服用半顆。
    2) 客戶有膝蓋痛、骨質密度差及髖關節偶爾不適的問題，曾進行復健但效果不明顯。
    3) 客戶有胃潰瘍、胃酸問題，胃癌指數偏高，並擔心大腸癌。
    4) 客戶有血管鈣化、肌少症及右腳疼痛問題，並提到血管狀況不佳。
    5) 客戶曾感冒，咳嗽和咳痰情況有所改善，並提到天氣忽冷忽熱對健康的影響。

3. 職業背景
    1) 客戶曾在工廠工作，負責工廠相關事務，工廠已不復存在。
    2) 客戶對理財和股票有興趣，曾投資未上市股票，但有被倒閉的經歷。

4. 健康食品使用心得
    1) 客戶每天服用多種保健食品，包括蚓激酶、葉黃素、褐藻、胎盤素、膠原蛋白、南瓜籽等，並認為保養身體很重要。
    2) 客戶認為燕窩對骨頭和肺部有幫助，並定期食用。
    3) 客戶認為褐藻有助於健康，南瓜籽對泌尿道健康有幫助，並固定服用。
    4) 客戶對石墨烯貼布和石墨烯材質衣物的效果有正面評價，但認為價格昂貴。
    5) 客戶認為天然食物和清淡飲食對健康有益，喜歡自製豆漿和果汁。

5. 禁忌
    1) 客戶不吃蛋、醃製品、牛肉和人蔘，並儘量少吃糖和甜食。
    2) 客戶不喜歡喝冷水，偏好喝溫水或熱水。
    3) 客戶不喜歡購物台的產品，認為商品搭配過多且冰箱空間有限。
    4) 客戶不喜歡浪費，會先消耗家中存貨，避免產品過期。
    5) 客戶不喜歡打疫苗，僅在必要時接種，並提到醫生建議不要打太多針。",1
23785620,"1. 家庭關係
    1) 客戶與家人同住，每天都能見到家人。
    2) 客戶家中有男丁，聲音很有磁性。
    3) 客戶提到老公性格樸實，體力很好，平時有跑步，健康狀況良好。
    4) 客戶提到家人或小孩可能參與跨年活動，但自己可能選擇在家看電視。
    5) 客戶提到家族有遺傳性眼部脂肪較多，父母曾進行眼部脂肪切除手術。
    6) 客戶提到家族有地中海型貧血的遺傳。

2. 健康狀況
    1) 客戶62歲，健康狀況良好，但有糖尿病，糖化血色素控制在6.6，血糖值通常在6.2左右，偶爾會到100至110。
    2) 客戶血壓通常在160到170之間，認為緊張可能導致血壓升高。
    3) 客戶有輕微便秘，通常兩天排一次便。
    4) 客戶肝指數曾經偏高，停用活泉後恢復正常。
    5) 客戶膝蓋不適，可能與運動有關，改為每天慢走30分鐘。
    6) 客戶提到年紀增長導致代謝變慢，心情不好時會吃少量甜食。
    7) 客戶提到自己不吸菸，並有固定做筋絡相關的身體保養。
    8) 客戶曾因服用膽固醇藥物感到肌肉痠痛，後來停止服用，目前膽固醇已恢復正常。
    9) 客戶提到自己六十歲後身體指數容易上升，需通過運動和節制飲食來控制健康。

3. 職業背景
    1) 客戶目前有在上班，工作壓力較大。
    2) 客戶提到自己加入愛多美品牌，使用其產品已有四五年，對其生活用品如沐浴乳和洗髮露感到滿意。

4. 健康食品使用心得
    1) 客戶服用多種保健食品，包括蚓激酶、地龍相關產品、紅麴、苦瓜素、苦瓜胜肽、活泉產品等。
    2) 客戶一天服用一顆蚓激酶，早上空腹吃苦瓜素、激酶和活泉產品，下午吃另一組產品。
    3) 客戶認為苦瓜素和苦瓜胜肽有幫助，但效果不明顯。
    4) 客戶對倍護產品提升免疫力的效果有一定了解，並認為倍護產品可以少量使用。
    5) 客戶對紅麴產品有使用經驗，但認為可能影響肝指數。
    6) 客戶對白藜蘆醇產品表示喜愛，但認為自己不能喝，會送給別人。
    7) 客戶對健康食品的糖分含量敏感，偏好低糖產品。
    8) 客戶擔心保健食品的重複使用可能影響效果。

5. 禁忌
    1) 客戶抽血前幾天會忌口，不吃水果和甜食以避免血糖數值偏高。
    2) 客戶需控制高糖水果的攝取量，早上空腹不能吃水果。
    3) 客戶不喜歡直接殺生的食物，但可以接受已經處理好的肉類。
    4) 客戶晚上喝中藥會睡不著，因此改為下午飲用。",1
23798545,"1. 家庭關係
    1) 客戶目前一個人住，家裡空間有限，沒有地方放大箱物品。
    2) 客戶提到她的孩子已經五十多歲。

2. 健康狀況
    1) 客戶是一位80歲的女性，未提及具體健康問題。

3. 職業背景
    1) 客戶未提及具體職業背景，但表示自己很忙。
    2) 客戶曾到全世界各地旅遊，但因疫情目前未出行。

4. 健康食品使用心得
    1) 客戶表示她從來沒有吃過保健品，並希望先試吃一盒。

5. 禁忌
    1) 客戶表示她不喜歡使用分期付款方式，偏好一次付清。
    2) 客戶目前不買東西，並提到家裡空間有限。",1
23800429,"1. 家庭關係
    1) 客戶有一個大女兒和一個兒子。大女兒有男朋友，兩人即將結婚，男朋友是工程師，性格溫和體貼，並在高雄有房子。大女兒希望婚後能有自己的小孩。
    2) 客戶的兒子目前在學，經濟能力有限，喜歡玩電腦遊戲，對母親貼心，甚至拒絕接受生活費。兒子曾在學業上表現不佳，但後來成績進步。
    3) 客戶的父母因癌症過世，家族有相關病史。她的媽媽非常善良且單純。
    4) 客戶的家人不常關心她，她希望家人能多聯繫她。
    5) 客戶目前一個人居住，享受自由自在的生活方式。

2. 健康狀況
    1) 客戶有子宮肌瘤，定期到台大醫院檢查，並對含有女性荷爾蒙的產品需特別小心。
    2) 客戶有白內障問題，眼睛乾燥不適，需使用人工淚液緩解，並每天服用葉黃素。
    3) 客戶有頸椎退化和骨刺問題，需進行復健運動，並使用特製枕頭改善疼痛。
    4) 客戶曾感染流感，症狀嚴重，並有肝臟囊腫，需定期追蹤檢查。
    5) 客戶有睡眠困擾，作息不規律，常熬夜，睡眠品質不佳。
    6) 客戶曾出現蜂窩性組織炎和血尿，醫生建議多喝水並避免憋尿。
    7) 客戶的肩膀和肌肉有撕裂傷，需就醫檢查，並有感冒和喉嚨痛症狀。
    8) 客戶的牙齒狀況不佳，需進行植牙和骨頭修復。

3. 職業背景
    1) 客戶曾創業從事再生醫學相關工作，並與團隊合作進行幹細胞治療。
    2) 客戶曾參與選舉工作，並在公司工作時參與外出上課和工廠活動。
    3) 客戶目前正在找工作，但擔心年齡過大可能不被錄用。

4. 健康食品使用心得
    1) 客戶長期服用葉黃素、魚油、維他命B、C、D等保健品，並認為效果良好。
    2) 客戶服用幹細胞產品後，傷口癒合加快，皮膚狀況良好，並獲得美容師稱讚。
    3) 客戶服用益生菌調理腸胃，並對華陀益生菌產品有好感。
    4) 客戶偏好100%純黑巧克力，認為健康且口感好。
    5) 客戶曾購買西班牙皇室橄欖油和骨粉產品，對其品質和效果表示滿意。

5. 禁忌
    1) 客戶不吃辣，並對含糖乳製品敏感，可能導致拉肚子。
    2) 客戶皮膚容易過敏，對某些保養品成分敏感，避免使用含類固醇的產品。
    3) 客戶感冒時會停用保健食品，康復後才恢復服用。",1
23801827,"1. 家庭關係
    1) 客戶未提及家庭成員相關資訊。
    2) 客戶表示她沒有養寵物。

2. 健康狀況
    1) 客戶提到自己有高血壓。
    2) 客戶表示她知道肌少症，但未提及是否患有此症。

3. 職業背景
    1) 客戶未提及具體職業背景。
    2) 客戶主要購買內衣產品，曾購買過石墨烯健康護具和蠶絲內衣。

4. 健康食品使用心得
    1) 客戶目前對保健食品不感興趣，並表示不需要保健食品。
    2) 客戶目前食用其他廠牌的保健食品，並以善存銀寶作為基本保養。
    3) 客戶曾經食用過維骨力、葉黃素和益生菌，但目前改為購買其他品牌的產品。
    4) 客戶表示知道華陀扶元堂，但沒有食用其產品。
    5) 客戶不喜歡喝與顧骨頭相關的產品，且目前沒有食用日本仁丹的益生菌和顧骨頭保健品。

5. 禁忌
    1) 客戶不喜歡顧骨頭相關產品。
    2) 客戶習慣使用貨到付款的方式進行購物。",1
23804261,"1. 家庭關係
    1) 客戶經常陪伴老人外出活動。
    2) 客戶提到公園有許多老人和小孩，可能與家人或朋友有互動。

2. 健康狀況
    1) 客戶為75歲女性，可能需要關注肩頸健康。
    2) 客戶選擇肩頸按摩帶作為贈品，顯示對肩頸健康的重視。

3. 職業背景
    1) 未提及具體職業背景。

4. 健康食品使用心得
    1) 未提及健康食品使用心得。

5. 禁忌
    1) 未提及具體禁忌。",1
23804588,"1. 家庭關係
    1) 無相關資訊。

2. 健康狀況
    1) 無相關資訊。

3. 職業背景
    1) 無相關資訊。

4. 健康食品使用心得
    1) 無相關資訊。

5. 禁忌
    1) 客戶表示應該不需要會員卡。",1
23808126,"1. 家庭關係
    1) 客戶每天需要帶小孩，但未明確提到是否外出。

2. 健康狀況
    1) 客戶目前63歲，性別為女性。
    2) 客戶有服用保健品的習慣，並在中午吃飯時服用。

3. 職業背景
    1) 客戶下午會做生意，因此無法接電話。

4. 健康食品使用心得
    1) 客戶目前正在服用葉黃素，並對葉黃素產品感興趣，詢問過價格及分期付款的可能性。
    2) 客戶之前有吃過葉黃素，並提到一直有在吃保健品，但品牌不同。

5. 禁忌
    1) 客戶表示不會去三井奧特萊斯，也不會搭捷運。
    2) 客戶目前沒有空，且回家時間通常是七點多到八點多，吃飯後是九點多。",1
23821525,"1. 家庭關係
    1) 客戶有三個兒子，兒子們各自有房子，並有一名九歲的孫子和一名三歲的小孫女。
    2) 客戶的老公開車，家中有外勞協助，但外勞剛來不久，尚未適應。
    3) 客戶的婆婆目前狀況不佳，行動緩慢且經常罵人，已經更換了四位看護。
    4) 客戶的兒子患有腦性麻痺，最近需要開刀並進行復健，客戶和丈夫輪流帶兒子去醫院回診，目前兒子暫時安置在安養中心。
    5) 客戶的媳婦經常協助家務，並為客戶購買鈣片和面膜。

2. 健康狀況
    1) 客戶61歲，健康檢查結果正常，包括乳房攝影和腎臟功能等指標。
    2) 客戶有丙肝、血糖問題、拇指外翻，並且容易過敏，夏天時容易流汗和起疹子。
    3) 客戶過去一年未感冒，但最近感冒嚴重，且有打噴嚏的情況，感覺身體不如以往活躍。
    4) 客戶認為自己身體狀況良好，對健康狀況感到滿意，並認為健康比財富更重要。

3. 職業背景
    1) 客戶目前在上班，工作量大且非常忙碌，通常在六點左右下班。
    2) 客戶的公司位於新北市，主要從事電腦相關工作，曾有三十多名員工，但現在人數減少。

4. 健康食品使用心得
    1) 客戶每天飲用保健產品，並服用蚓激酶、深紅麴、褐藻、鈣片等，對香檳茸效果滿意。
    2) 客戶曾服用益生菌、雙纖、幹細胞等產品，但對部分產品效果不滿意，甚至出現不適反應。
    3) 客戶對無糖可可沖泡飲感到滿意，並多次購買，老公也喜歡飲用。
    4) 客戶對產品的味道和成分敏感，對含蜂王乳成分的產品有顧慮，並不喜歡果凍類產品。
    5) 客戶會控制飲食，並將鱸魚精分享給家人食用。

5. 禁忌
    1) 客戶不敢食用鹿茸、狗肉類產品及某些保健品，對幹細胞產品的效果持懷疑態度。
    2) 客戶的老公不希望她隨便購買和食用保健食品，除非經醫生建議。",1
23823949,"1. 家庭關係
    1) 客戶家中有一位兒子，家中有看護協助照顧母親，母親健康狀況不佳，需每週抽血檢查，並患有白內障和慢性病。
    2) 客戶提到母親很少有人照顧，且母親曾有後遺症。
    3) 客戶的老婆在早餐店工作，家中有兩個孫子，分別是三歲和七歲。
    4) 客戶的小女兒因感情問題在28歲時去世，經過四五年仍未解決相關問題。
    5) 客戶提到家中有一位七十幾歲的長者，並有一位姑姑患有老人痴呆症。
    6) 客戶提到卓阿姨有痴呆，每週五需要洗頭，兒子曾提議找人幫忙照顧。

2. 健康狀況
    1) 客戶有黃斑部病變、乾眼症、飛蚊症、白內障等眼部問題，並曾接受雷射治療。
    2) 客戶有心臟問題、胃潰瘍、腸胃不適、腹瀉、失眠、胸悶胸痛等健康問題，並提到年紀大了會掉髮。
    3) 客戶提到自己有感冒、發燒（37.8度）和胸痛症狀，並正在服藥。
    4) 客戶提到家人有健康問題，包括癌症、化療、放療及使用標靶藥物，治療費用高昂。
    5) 客戶提到自己每天看電腦超過10到15個小時，並認為年輕人抵抗力不如以前。

3. 職業背景
    1) 客戶曾經是計程車司機，工作時間為早上七點到晚上十點，收入目標為每日四千元。
    2) 客戶曾因買房支付工程款而開計程車三四年，並提到退伍後開始跑業務。
    3) 客戶提到自己上班時間長，曾連續工作十個小時。

4. 健康食品使用心得
    1) 客戶每天早晚各服用葉黃素，早上吃普通版，晚上吃加強版，並對其效果滿意。
    2) 客戶有服用幹細胞產品、粒線體產品、益生菌、蚓激酶、氨基酸、魚油、白藜蘆醇等保健品，並對其效果有一定的認可。
    3) 客戶提到使用過的產品包括褐藻、綠藻、磷蝦油、紅藜、眼霜、面膜等，並對部分產品效果表示滿意。
    4) 客戶提到每天早上吃兩顆華陀養生股神產品，並認為蚓激酶有消炎、調節血壓、血糖、血脂和膽固醇的效果。
    5) 客戶提到健康食品如德國進口維生素D3發泡錠和粉紅色保健食品，並提到睡眠品質有所改善。

5. 禁忌
    1) 客戶不吃牛肉和豬頭皮，並不常吃小黃瓜。
    2) 客戶不喜歡太甜的食物，並提到不想吃膠囊。
    3) 客戶不想吃西藥，能不吃就不吃，並對某些產品的抗藥性表示擔憂。",1
23839571,"1. 家庭關係
    1) 客戶確認她有小孩，且小孩已經長大。
    2) 客戶提到她的孫子有做臍帶血儲存，並表示自己知道相關費用。

2. 健康狀況
    1) 客戶提到她最近越來越胖，並表示應酬多導致無法控制飲食。
    2) 客戶表示她目前體重七十幾公斤。
    3) 客戶提到她不喜歡喝水，認為喝水很痛苦。
    4) 客戶表示她的皮膚因使用青春露有改善，變得不那麼乾燥。

3. 職業背景
    1) 客戶提到她目前在學校工作，每月上班20天，收入約一萬多元。
    2) 客戶表示五年前購買了一間房子，當時價格約一千三百萬，現在市值約兩千二百萬。

4. 健康食品使用心得
    1) 客戶提到她之前購買過紅石榴膠原凍、石墨烯能量貼和葉黃素。
    2) 客戶表示她每天早上空腹飲用某產品以啟動全身代謝。
    3) 客戶提到她之前喜歡藍色時空膠囊，但目前還未用完。
    4) 客戶提到她曾購買三瓶保養品，其中一瓶是膠片狀的霜，並表示使用效果很好。
    5) 客戶表示她的皮膚因使用青春露有改善，變得不那麼乾燥。
    6) 客戶提到她目前在使用自然美的保養品。
    7) 客戶表示她考慮購買新的肌能海藻系列產品。

5. 禁忌
    1) 客戶表示她不喜歡水光療程。
    2) 客戶表示她沒有吃過燕窩。",1
23856790,"1. 家庭關係
    1) 未提及相關資訊。

2. 健康狀況
    1) 客戶表示不吃魚油。
    2) 客戶表示沒有使用植物鈣產品。
    3) 客戶提到她不吃保健食品。
    4) 客戶表示平時沒有做身體或做臉的習慣。

3. 職業背景
    1) 未提及相關資訊。

4. 健康食品使用心得
    1) 客戶對益生菌的需求未明確表態。
    2) 客戶表示不吃魚油及保健食品，且未使用植物鈣產品。

5. 禁忌
    1) 客戶對於提供的會員服務和課程不感興趣。
    2) 客戶表示不需要面膜。
    3) 客戶表示目前沒有購買需求，家中日常生活用品有存貨，且目前沒有缺少相關產品。
    4) 客戶提到她很少進行網購，但目前主要在momo購物網購物，已經很久沒有在東森購物。",1
23869135,"1. 家庭關係
    1) 客戶的生活重心主要圍繞家庭和小孩。
    2) 客戶的先生每週固定出差兩天，通常是星期四和星期五，星期五晚上回家，並且賺的錢都交由客戶管理。
    3) 客戶的先生可能下半年需要常駐彰化。
    4) 客戶的先生負責鹿角覺的打包與管理，而客戶負責銷售與收款。
    5) 客戶表示她都在等她老公的電話。

2. 健康狀況
    1) 客戶目前有乾眼症，並且眼睛受不了太滋潤的產品。
    2) 客戶有血壓和血脂的問題，並且體型偏胖，容易怕熱。
    3) 客戶已接種五劑疫苗，並計劃在十月份再接種一次。
    4) 客戶提到下週將回門診看報告以了解健康狀況。

3. 職業背景
    1) 客戶有副業，經營鹿角覺相關買賣，已經持續兩三年。
    2) 客戶曾參加公司員工旅遊，行程為五天四夜，並選擇跟團旅行。

4. 健康食品使用心得
    1) 客戶使用過紅麴、桑葚、褐藻、星星果油、千日釀酵素、藍藻、葉黃素、益生菌等保健食品。
    2) 客戶覺得星星果油的效果不如千日釀酵素，尤其在幫助上廁所方面，但認為星星果油可能適合乾眼症需求。
    3) 客戶目前服用藍藻和葉黃素，並認真食用葉黃素，但曾收到一盒葉黃素未感受到效果。
    4) 客戶曾因擔心流感疫苗與活菌保健食品可能有衝突而暫停服用活菌。
    5) 客戶覺得益生菌和酵素效果不佳，酵素剩不多且偶爾才吃。
    6) 客戶曾服用褐藻，在喉嚨痛或發炎時一天服用兩顆，但去年購買褐藻未認真食用。
    7) 客戶提到茄紅素是攝護腺相關保健成分，並注意到盒子上有茄紅素標示。

5. 禁忌
    1) 客戶表示她懶得每天給先生服用保健品，擔心先生吃太多。
    2) 客戶提到她眼睛受不了太滋潤的產品。",1
23880208,"1. 家庭關係
    1) 客戶有母親，並且會尊重母親的意見，例如是否需要購買葉黃素。
    2) 客戶提到上週母親節因工作忙碌未能回家探望母親。
    3) 客戶有小朋友，目前有接送小朋友的責任。

2. 健康狀況
    1) 客戶目前正在接受治療，並提到自己患有腦癌。
    2) 客戶表示目前不能亂吃東西，可能與健康狀況有關。

3. 職業背景
    1) 客戶目前正在開店，工作較為忙碌。

4. 健康食品使用心得
    1) 客戶曾為母親購買過葉黃素，母親服用後覺得效果不錯。

5. 禁忌
    1) 客戶目前正在接受治療，不能隨意進食某些食品。",1
23912611,"1. 家庭關係
    1) 客戶有父母、妻子、兩個小孩和一位姐姐。
    2) 父親患有帕金森氏症，需使用鼻胃管進食，正在進行復健，並服用醫生開的藥物以延緩退化。
    3) 母親年紀較大，住在淡水，當地氣候較冷且濕，與客戶一起進行健康檢查。
    4) 姐姐因腎臟問題需要洗腎，可能與過去在國外留學時的生活習慣有關。
    5) 妻子和小孩常去韓國和東南亞旅遊，女兒剛畢業不久，已經開始上班。
    6) 客戶認為每個人都會老，應該學會孝順，盡力照顧家人。

2. 健康狀況
    1) 客戶年紀59歲，血糖較高，記憶力下降，睡眠狀況不佳，曾因痛風問題就醫，並懷疑有痛風體質。
    2) 客戶有時候忙碌會感到疲憊，需快速恢復精力，並有腎臟相關的保健需求。
    3) 客戶不喝甜飲品、不吃辣菜、不吃牛肉，且不能喝酒，因為會導致臉紅。
    4) 客戶的姐姐因服用過多西藥導致腎臟問題，最終需要洗腎。
    5) 客戶的父親有攝護腺問題，家人中有帕金森症患者，並曾因跌倒後出現症狀。

3. 職業背景
    1) 客戶目前從事外銷相關工作，並提到政策不確定性對業務有影響。
    2) 客戶曾經小小創業，年輕時工作辛苦，現在主要從事不動產行業，對房地產交易有經驗。
    3) 客戶對合約條款和價格設定非常謹慎，對品牌和企業運作方式有一定了解。
    4) 客戶經濟狀況不佳，傾向保守處理財務，對高價商品購買持謹慎態度。

4. 健康食品使用心得
    1) 客戶和家人使用多種健康食品，包括氨基酸、幹細胞產品、維他命D、魚油、益生菌等，對氨基酸產品的效果表示滿意，認為有助於免疫力提升和肌少症改善。
    2) 客戶的父親使用含玻尿酸的產品以潤滑關節和肌肉，並考慮使用酸甜食物刺激吞嚥功能。
    3) 客戶曾購買燕窩、B群、葉黃素等產品，對東森購物的產品有信任感，考慮購買更多產品。
    4) 客戶對於益生菌有興趣，計劃購買一年份並讓妻子試吃。
    5) 客戶對於非口服產品接受度較高，並對營養補充品的效果特別關注。

5. 禁忌
    1) 客戶避免使用痛風藥物，因為擔心會傷害腎臟。
    2) 客戶不喝甜飲品、不吃辣菜、不吃牛肉，並不喜歡中藥的味道。
    3) 客戶提到幹細胞產品一天不能超過三顆。
    4) 客戶對分期付款有疑慮，擔心影響未來貸款，並表示會一次付清。",1
23916480,"1. 家庭關係
    1) 客戶提到她在兒子的公司上班，負責財務相關工作。
    2) 客戶提到她是負責人，接手了先生退休後的工作。

2. 健康狀況
    1) 客戶提到她目前正在做復健，但也提到很久沒有做復健。
    2) 客戶表示睡眠狀況良好，使用眼罩後能幫助入睡，且不喝咖啡時睡眠效果更佳。

3. 職業背景
    1) 客戶在兒子的公司擔任財務相關工作。
    2) 客戶是負責人，接手了先生退休後的工作。
    3) 客戶在桃園幫忙管理一個休閒農場，主要在週末去，平日需要上班。
    4) 客戶提到她自己有在製作化妝品和保養品，包括乳液和精油。
    5) 客戶提到她在泰國設有公司。

4. 健康食品使用心得
    1) 客戶曾購買過葉黃素、益生菌、B群等保健食品，但認為這些產品對她來說沒有用，部分產品未使用或已過期。
    2) 客戶有時會吃益生菌，但不是每天吃。
    3) 客戶曾從韓國購買過昂貴的保健食品，但未使用而丟棄。
    4) 客戶購買的保健食品有時是用來送人，或送給親戚。
    5) 客戶提到她已經吃了一盒產品，還有四盒要吃完，並表示會先吃完現有的產品再考慮是否購買新的。
    6) 客戶曾購買過東森的保健食品，包括葉黃素和妍美会產品。
    7) 客戶提到收到華陀的三膠原強鈣膠囊作為福袋贈品，並曾購買過華陀的益生菌，但表示不喜歡華陀品牌的產品，因為吃的太多，消化不了。

5. 禁忌
    1) 客戶表示不習慣被推銷。
    2) 客戶對保養品沒有興趣，並表示自己沒有吃過保養品。
    3) 客戶提到她目前不會再購買保健食品，會等吃完現有的再考慮。",1
23918600,"1. 家庭關係
    1) 客戶已經離婚多年，現與三個小孩同住。
    2) 客戶的大女兒30歲，老二28歲，最小的24歲，且最小的孩子已經大學畢業。
    3) 客戶的女兒是公務人員，並在新北市上班。
    4) 客戶提到過年期間購買烏魚子是因為媽媽想要。

2. 健康狀況
    1) 客戶最近割了眼袋手術，手術成功且效果不錯。
    2) 客戶提到最近天氣較冷，身體感覺不舒服。
    3) 客戶曾使用電熱毯，表示躺在上面時全身感覺很舒服。

3. 職業背景
    1) 客戶未提及具體職業背景，但提到自己是一位56歲的男性會員。

4. 健康食品使用心得
    1) 客戶提到之前購買的益生菌和葉黃素還未吃完，因此不敢再購買。
    2) 客戶表示曾購買保健食品，但有時候未食用，導致過期。

5. 禁忌
    1) 客戶提到天使腰帶在天氣冷時使用效果不佳。
    2) 客戶目前較少購買東西，可能與未使用完的產品有關。",1
23934719,"1. 家庭關係
    1) 客戶與丈夫同住，小孩不在家。
    2) 客戶的父母已經過世。
    3) 小孩偶爾會帶回一些他們覺得不錯的保健品。
    4) 家中每個人使用不同的洗髮精。

2. 健康狀況
    1) 客戶提到自己年紀大了，需要控制健康。
    2) 客戶有發炎問題，並固定使用沙油。
    3) 客戶每週去健身房一到兩次，平時注重身體保養。
    4) 客戶認為腎臟保養最好的方式是多喝水，避免額外負擔。

3. 職業背景
    1) 客戶平常有在上班，主要休息時間是週六和週日。
    2) 客戶喜歡自己安排旅行，不喜歡受約束，一年會出國一到兩次。

4. 健康食品使用心得
    1) 客戶每天服用魚油、B群、葉黃素和綜合維他命，認為這些已經足夠。
    2) 客戶曾購買並飲用膠原蛋白和口服玻尿酸，但因效果不明顯已停止使用。
    3) 客戶認為葉黃素是基本保健食品，偶爾會使用生物素，並會更換益生菌品牌。
    4) 客戶曾購買含九種氨基酸的粉狀保健食品，通常在早上或運動後飲用。
    5) 客戶家中有存貨的保健品，包括葉黃素、益生菌、粉狀氨基酸等，暫時不需要補充。
    6) 客戶曾購買德國品牌保健產品，認為價格昂貴；也曾查詢外國資料，認為某些外國產品效果更好且價格較便宜。
    7) 客戶對粒線體相關產品的成分含量和效果持懷疑態度，不會購買未經實證的產品。
    8) 客戶曾收到親戚從韓國送的一斤人蔘，但放置一至兩年未使用。

5. 禁忌
    1) 客戶不吃舒丹紅相關產品。
    2) 客戶不喜歡吃牛排和牛肉麵。
    3) 客戶目前不主動購買燕窩，認為效果有限且不會主動飲用。
    4) 客戶目前不需要購買鈣片或維他命C，因為已有足夠的相關產品。",1
23951524,"1. 家庭關係
    1) 客戶有一個兒子。
    2) 客戶提到保養品有時候是給孫女使用。

2. 健康狀況
    1) 客戶提到最近吃的東西沒有什麼問題。
    2) 客戶沒有做身體健康檢查。
    3) 客戶提到他沒有在喝水。
    4) 客戶被建議飯後吃兩顆保健品以維持健康。
    5) 客戶被建議每天早上服用兩支產品以保養心臟。
    6) 客戶對腎臟健康保健品未表達興趣。

3. 職業背景
    1) 客戶對於藝術品的收藏活動沒有興趣。
    2) 客戶對於餘作賦老師的畫作比較沒有興趣。

4. 健康食品使用心得
    1) 客戶每日攝取一顆營養品，曾訂購過二十盒倍護膠囊，並提到需要訂購膠囊。
    2) 客戶有在吃蚓激酶，並且手邊還有存貨，已經購買蚓激酶好幾年。
    3) 客戶曾改吃其他品牌的葉黃素，手邊還有很多葉黃素產品，且一年多前購買過葉黃素產品。
    4) 客戶以前有喝過自然美的口服玻尿酸，但目前沒有口服玻尿酸產品。
    5) 客戶曾參加過玻尿酸的活動，並在去年搶購過玻尿酸產品。
    6) 客戶以前有吃過褐藻糖膠產品。
    7) 客戶對於外泌體產品表示願意購買兩套。
    8) 客戶對於無糖花旗蔘杏仁粉的建議是可以泡熱水飲用。
    9) 客戶曾在上個月購買過白色的產品。
    10) 客戶是藍鑽會員，享有特別優惠和贈品。

5. 禁忌
    1) 客戶提到「不是牛」，但未明確表示不吃牛肉。
    2) 客戶被建議三色里買不能用熱水泡。
    3) 客戶被建議和力他命不能一直吃。",1
23953157,"1. 家庭關係
    1) 客戶與家人同住，家中有四個小孩，其中包括一名兒子和一名女兒。
    2) 女兒的皮膚容易出油且敏感，並使用紅寶產品和褐藻產品，適合敏感肌膚。
    3) 兒子有異位性皮膚炎，皮膚容易乾裂，且不喜歡使用保養品，但會使用褐藻產品來緩解過敏症狀。
    4) 小孩會幫忙訂購過年相關事宜，兒子已經訂好過年需要的物品。
    5) 女兒即將畢業，客戶曾購買積雪草保養品給女兒使用。
    6) 客戶表示家庭聚會頻率約為每隔兩到三週一次。

2. 健康狀況
    1) 客戶59歲，平時參加政府提供的不定期健康檢查，主要關注心血管方面的保養，較少針對骨骼進行保養。
    2) 客戶每天服用蚓激酶，通常每次服用一顆，家中有大量存貨，並認為新的蚓激酶餐後服用效果很好。
    3) 客戶有在服用葉黃素，並給孩子一起服用，目前尚未吃完。
    4) 客戶每天飲用粒線體保健品，專員建議早晚飲用，可能對身體有改善。
    5) 客戶家中還有兩罐魚油尚未使用完。
    6) 客戶表示不喝亞培安素。

3. 職業背景
    1) 客戶目前沒有在上班。
    2) 客戶的個人每月開銷約為五千到一萬元。

4. 健康食品使用心得
    1) 客戶有使用幹細胞產品，並搭配舊款和新款使用，且飲用搭配幹細胞的產品。
    2) 客戶曾購買過白蘭氏保健食品、華陀倍護產品、紅寶系列積雪草產品、買二送一的保健品及妍美会的紅色和金色罐子產品，對華陀倍護產品效果表示滿意。
    3) 客戶有在使用藍鑽系列保養品，包括眼霜和霜，並習慣白天和晚上使用，認為其中一罐具有美白和類肉毒胜肽的效果。
    4) 客戶認為藍色系列保養品抗敏效果不錯，適合目前天氣使用；紅色系列保養品適合乾燥皮膚。
    5) 客戶表示養生茶喝得還可以，並有在喝粒線體相關的保健品。
    6) 客戶願意購買新品龍血胜肽系列，並選擇分期付款方式。

5. 禁忌
    1) 客戶目前不需要安瓶產品、面膜及防曬產品，家中有存貨。
    2) 客戶不會考慮去做臉，且目前沒有防潮箱來保存人蔘。
    3) 客戶的卡片已掛失，第一張為台新卡，第二張為富邦卡。",1
23953705,"1. 家庭關係
    1) 未提及具體家庭成員或關係。

2. 健康狀況
    1) 客戶目前沒有三高問題。
    2) 客戶63歲，性別為男性。

3. 職業背景
    1) 客戶目前仍在工作中，較少空閒時間。

4. 健康食品使用心得
    1) 客戶最近在東森購買了挺立鈣，之前也購買過律動一產品。
    2) 客戶目前正在服用一罐保健食品，但尚未用完。
    3) 客戶最後一次購買商品是去年12月，購買了榮威高單位魚油。

5. 禁忌
    1) 客戶需要先看到相關資料後，才會決定是否進一步行動。",1
23955050,"1. 家庭關係
    1) 客戶的孩子都在美國，且孩子們會自己處理事情，客戶不過多干涉。
    2) 客戶的女兒在台北工作，擁有自己的房子，對交朋友不感興趣，專注於工作。
    3) 客戶的媽媽90歲，健康狀況不佳，曾摔倒但無骨折，恢復良好，目前有越南籍看護照顧。
    4) 客戶的媽媽曾患乳癌，接受過腎臟移植，注重健康保養，喜歡吃健康食品。
    5) 客戶的兩個弟弟和妹妹都在上班，妹妹從事編輯工作，住在租屋處，生活費由兒子和媳婦負擔。
    6) 客戶的先生和她已退休，家中有兩位七十多歲的老人，開車不便。
    7) 客戶的家庭住在新北市，家具有三十多年歷史，家中進行過裝修。

2. 健康狀況
    1) 客戶有乳糖不耐症，但偶爾仍會喝牛奶。
    2) 客戶的先生有血糖問題，長期吃麥片，不吃白米飯，曾食用苦瓜胜肽產品，對血糖控制有幫助。
    3) 客戶的媽媽有心臟肥大、肺部發炎，需長期佩戴特製腰帶，注重蛋白質和鈣質補充，最怕肌少症。
    4) 客戶的母親使用保健品和酵素後，健康狀況有所改善，酸痛減輕，氣色變好。
    5) 客戶的母親目前體力較弱，容易疲憊，需要多休息。

3. 職業背景
    1) 客戶和先生已退休，客戶曾在佛堂做義工。
    2) 客戶的妹妹是聯合報和人間服務的編輯，曾考上大眾傳播系。
    3) 客戶的大姐是亞東醫院的資深護理師，協助醫生工作。
    4) 客戶的弟弟是計程車司機。

4. 健康食品使用心得
    1) 客戶家中長期食用巴西進口綠蜂膠，認為對健康有益。
    2) 客戶和家人使用過華陀產品，對降三酸甘油酯、膽固醇及眼睛疲勞有幫助。
    3) 客戶對紅麴產品的成分和安全性有關注，了解其對心血管的益處。
    4) 客戶的母親食用酵素、褐藻糖膠、西多那和富怡佳等保健品，感覺健康狀況改善。
    5) 客戶對B群需求高，家人也有食用，並對植物性B群有興趣。
    6) 客戶提到某些膠囊產品和能量產品對健康有幫助，對其效果表示滿意。
    7) 客戶家中每日使用橄欖油，認為其健康且高檔。

5. 禁忌
    1) 客戶對西藥排斥，偏好中醫療法。
    2) 客戶全家吃素，對非素食產品和中國進口堅果產品持保留態度。
    3) 客戶對疫苗的安全性持保留態度，認為需長時間驗證。
    4) 客戶對遠紅外線產品和長期佩戴能量產品的影響持懷疑態度。
    5) 客戶認為不能讓自己過於緊張，需合理安排時間。",1
23966180,"1. 家庭關係
    1) 客戶有三個孩子，其中一個是男孩，兩個是女孩，且都住在台北。
    2) 客戶有孫子，目前有在幫忙帶孫子。
    3) 客戶提到家中有家人在意大利和德國。
    4) 客戶提到自己與兒子同住，並將房子過戶給兒子。
    5) 客戶提到兒子幫忙支付部分費用，並會幫忙購買日用品。

2. 健康狀況
    1) 客戶目前70歲，身高162公分，體重62公斤。
    2) 客戶有高血壓、高血糖、胃病及心臟閉鎖不全的健康問題，曾接受心臟手術但未裝支架。
    3) 客戶曾經開過白內障手術，現在減少出門。
    4) 客戶目前有咳嗽情況，正在服用醫生開的藥物。
    5) 客戶每天早上有排便的習慣，平時會進行走路運動。
    6) 客戶曾經戒菸和檳榔，已經戒了二十多年。

3. 職業背景
    1) 客戶曾經開過牛肉麵店，負責切菜、煮湯等工作。
    2) 客戶曾在餐廳工作，也曾從事搬家工作，工作辛苦，收入在三十年前算是較高。
    3) 客戶目前仍在上班，尚未退休。

4. 健康食品使用心得
    1) 客戶曾購買過鴕鹿強鈣膠囊、關健樂行錠、含南瓜籽油的保健食品、龜鹿錠及華陀品牌的保養品，但部分尚未使用完。
    2) 客戶目前有在服用維骨力，家中還有剩餘。
    3) 客戶提到家中有許多保養品和保健品尚未使用完，並表示不會隨便使用保養品。

5. 禁忌
    1) 客戶提到自己不能亂吃保養品。
    2) 客戶提到不喜歡兩個牌子的產品。
    3) 客戶需要徵求兒子的同意才能購買保健食品，且兒子不同意購買。",1
23979827,"1. 家庭關係
    1) 客戶與妻子感情融洽，計劃與妻子及朋友一起去日本旅行。
    2) 客戶有一個16歲的兒子，目前在國外參加團體活動，身高178公分。
    3) 客戶的妻子身高160公分，對香水過敏，但可以接受精油的味道。
    4) 客戶的母親有胰島素問題，後期無法行走，客戶曾帶她看醫生。
    5) 客戶家中有糖尿病的情況，並且每天準備水果。
    6) 客戶家沒有養寵物，因此旅行時不需擔心寵物照顧問題。

2. 健康狀況
    1) 客戶腸胃不太好，吃某些產品後會感到不適，甚至出現小痘痘，平時不容易拉肚子。
    2) 客戶身高175公分，對自己的體重不滿意，並提到有高風險的健康問題需要處理。
    3) 客戶的左眼視神經有問題，並有白內障風險及眼壓高，容易偏頭痛。
    4) 客戶的配偶曾摔車並開刀，心情受到影響，且有脂肪肝，透過醫療保健進行肝臟排毒後瘦下來。
    5) 客戶曾因食用某次參片導致血壓飆高，醫生建議不要再食用。

3. 職業背景
    1) 客戶提到公司有違反勞基法的情況，且有許多年輕人是老闆的親戚。
    2) 客戶的公司是家族企業，客戶曾在英國讀書。
    3) 客戶對於退休的看法是順其自然，認為健康最重要。

4. 健康食品使用心得
    1) 客戶對龜鹿產品效果滿意，但尚未吃完。
    2) 客戶購買了臺大幹細胞產品，尚未開始食用，並送了一些給朋友。
    3) 客戶曾吃過葉黃素，但對某版本過敏。
    4) 客戶對韓國高麗蔘和北韓人蔘的參片及參條有興趣，認為韓國高麗蔘比長白山人蔘更有價值。
    5) 客戶覺得老參的參片能讓精神變好，但對黑參參片的味道評價一般。
    6) 客戶每天吃兩顆保健食品，尚未吃完白色和黑色的保健食品。
    7) 客戶曾使用紫色盒子的保健食品，過敏問題已改善。
    8) 客戶對藍鑽產品的品質有疑慮，因使用後出現銀色剝落情況。

5. 禁忌
    1) 客戶不想要膠囊類產品。
    2) 客戶的妻子對香水過敏，無法接受香水味道。
    3) 客戶在外不敢吃某些產品，避免腸胃不適。
    4) 客戶曾因食用某次參片導致血壓飆高，醫生建議不要再食用。",1
23980011,"1. 家庭關係
    1) 無相關資訊提供。

2. 健康狀況
    1) 無相關資訊提供。

3. 職業背景
    1) 無相關資訊提供。

4. 健康食品使用心得
    1) 無相關資訊提供。

5. 禁忌
    1) 無相關資訊提供。",1
24002706,"1. 家庭關係
    1) 未提及具體家庭成員或關係。

2. 健康狀況
    1) 客戶認為自己的體型很標準，無需增肥。
    2) 客戶未提及任何健康問題。

3. 職業背景
    1) 未提及具體職業背景。

4. 健康食品使用心得
    1) 客戶平時喝防彈咖啡。
    2) 客戶家中沒有人食用益生菌或葉黃素。

5. 禁忌
    1) 客戶不使用保養品或面膜。
    2) 客戶目前不需要購買保養品、保健食品、家用品、干貝或鯛魚片。
    3) 客戶目前未在電視購物上看到特別想要的商品。",1
24019769,"1. 家庭關係
    1) 未提及具體家庭成員或關係。

2. 健康狀況
    1) 客戶有一點老花和近視，但度數不高。
    2) 客戶目前正在服用葉黃素和益生菌。
    3) 客戶年齡為74歲。

3. 職業背景
    1) 未提及具體職業背景。

4. 健康食品使用心得
    1) 客戶每天服用一顆葉黃素，並表示家中已有存貨，目前不需要購買。
    2) 客戶目前正在服用益生菌，但未提及具體效果。

5. 禁忌
    1) 客戶對於拜拜和相關活動不感興趣。
    2) 客戶不需要玻尿酸產品。
    3) 客戶目前不需要購買保養品。
    4) 客戶不需要使用紅利金或點數，因為使用受到限制。",1
24022271,"1. 家庭關係
    1) 客戶提到女兒曾經購買褐藻糖膠給他。
    2) 客戶提到女兒曾購買石墨烯和遠紅外線的床墊。

2. 健康狀況
    1) 客戶目前正在進行化療，一個療程有六次，並提到昨天在急診室。
    2) 客戶提到醫生建議他不能隨意服用保健品，特別是褐藻和人蔘，並且有些東西不能吃。
    3) 客戶提到目前正在服用泌尿科醫生開的藥。
    4) 客戶提到自己已經快沒有頭髮了，頭髮已經掉過一次，現在只剩下五根，並表示目前只用短髮。
    5) 客戶提到上個月進行了健康檢查，結果顯示沒有惡化。
    6) 客戶表示每天中午12點會出去運動，下午4點以後才會回家，每週有一天進行復健，過去曾請過教練，運動時會去俱樂部。

3. 職業背景
    1) 客戶未提及具體職業背景。

4. 健康食品使用心得
    1) 客戶提到曾經購買過美國的褐藻產品，並表示價格比其他地方貴很多。
    2) 客戶目前正在服用美國製的褐藻糖膠，三盒一千元，已經服用超過一年，每年購買兩次，並提到上次購買的商品價格是五百多元。
    3) 客戶表示昨天才購買了美國品牌的褐藻糖膠，家中還有三盒妍美会品牌的褐藻糖膠。
    4) 客戶提到褐藻糖膠的使用效果良好，上個月健康檢查結果顯示沒有惡化。
    5) 客戶提到目前有在服用龜鹿保健品，每月服用兩到三次，並有使用魚油和磷蝦油。
    6) 客戶表示之前不能吃保健食品，但現在可以吃了。

5. 禁忌
    1) 客戶提到醫生建議不能吃幹細胞產品。
    2) 客戶提到醫生建議不能隨意服用保健品，特別是褐藻和人蔘。
    3) 客戶提到醫生建議他不能吃某些東西，但未明確提到是藍綠藻。",1
24038375,"1. 家庭關係
    1) 客戶的丈夫目前在大陸上班，並有高血壓、高血脂及心臟問題，但健康狀況控制良好。
    2) 客戶的媽媽有在服用葉黃素和某品牌的保健品，並認為效果很好。
    3) 客戶的家人不吃月餅，選擇購買葡萄作為替代品。
    4) 客戶的家人會一起食用她購買的健康食品。

2. 健康狀況
    1) 客戶有心臟問題，為後天形成，目前正在接受治療，並有在服用慢性處方藥及其他藥物。
    2) 客戶提到自己有三高問題，但也曾提到沒有三高，可能存在矛盾。
    3) 客戶腸胃狀況需注意，空腹飲用產品可能會感到不適。
    4) 客戶提到自己不太能吃藥，且醫生建議不要亂吃保健食品。

3. 職業背景
    1) 客戶目前有工作，且工作時間較晚。
    2) 客戶提到家中有一些事情需要處理。

4. 健康食品使用心得
    1) 客戶購買過玻尿酸產品，每天飲用，但認為效果一般，目前家中還有很多存貨。
    2) 客戶購買過魚肝油，全家人都有飲用，效果不錯。
    3) 客戶購買過葉黃素，與母親一起服用，認為效果不錯，但不習慣粉末狀產品。
    4) 客戶購買過蚓激酶產品，並詢問是否適合高血壓患者。
    5) 客戶有喝安瓶，最喜歡白色口味，認為白色和紅色的效果差不多，金色味道較重。
    6) 客戶使用秘齡顆粒，認為吞服方便，基本上沒什麼問題。
    7) 客戶購買過無花果產品，但不喜歡其口感，將其送人。
    8) 客戶有時候會一次購買很多保養品，但有些產品不適合她，導致堆積未使用。

5. 禁忌
    1) 客戶不會亂吃保健食品，並遵從醫生建議避免食用不明產品。
    2) 客戶詢問白色玻尿酸產品是否會導致血糖升高。
    3) 客戶詢問某款面膜是否可以在醫美術後使用。
    4) 客戶提到高血壓患者是否可以飲用人參產品。",1
24049674,"1. 家庭關係
    1) 客戶表示家中人口很少。
    2) 客戶提到她會將捐贈物品捐給東森慈善基金會。

2. 健康狀況
    1) 客戶提到最近因胃潰瘍正在服用藥物，並搭配中醫調理身體。
    2) 客戶表示睡眠品質不佳，可能與壓力及年齡有關。
    3) 客戶提到她目前排便狀況正常，之前因排便不順而訂購保健食品，但現在狀況已改善。
    4) 客戶表示她不需要血管保養產品，並提到自己沒有心血管方面的問題。

3. 職業背景
    1) 客戶目前是上班族，工作時間為早上八點到下午五點半，並表示賺錢辛苦。
    2) 客戶正在準備壽險業務員考試，計劃轉換職業方向，希望突破現狀並嘗試新挑戰。
    3) 客戶提到她沒有時間參與投資理財相關活動。

4. 健康食品使用心得
    1) 客戶表示她每天服用鹿角鈣，但尚未吃完現有存量，且一天只服用一顆鈣片，偶爾會忘記服用。
    2) 客戶提到益生菌吃得還不錯，感覺效果良好，並偏好素食版本的益生菌。
    3) 客戶表示她有在食用珍珠鹿角鈣產品，並剛訂購鹿角鈣。
    4) 客戶提到她有使用植物性B群及其他保健食品，並計劃單獨服用維生素B12。
    5) 客戶表示購買保健品主要是為了心安，並不確定是否有效。
    6) 客戶提到去年生日時使用中藥調養，覺得比較好睡。

5. 禁忌
    1) 客戶表示她是蛋奶素食者，不接受含動物成分的產品，例如魚油及膠原蛋白。
    2) 客戶提到膠原蛋白多為葷食，因此不食用，並詢問是否有素食膠原蛋白產品。
    3) 客戶表示不想使用含西藥成分的產品，偏好天然成分。
    4) 客戶提到吃膠囊會導致胃不舒服，因此不選擇膠囊形式的保健食品。",1
24053688,"1. 家庭關係
    1) 無相關資訊提供。

2. 健康狀況
    1) 客戶為54歲女性。
    2) 無其他健康狀況相關資訊提供。

3. 職業背景
    1) 客戶提到最近比較忙，可能有工作或生活上的繁忙情況，但未提供具體職業資訊。

4. 健康食品使用心得
    1) 客戶表示想先試用產品，觀察效果後再決定是否繼續購買。
    2) 客戶了解需要每天飯後服用產品。

5. 禁忌
    1) 無相關資訊提供。",1
24054094,"1. 家庭關係
    1) 客戶未婚且單身，為天秤座。
    2) 客戶父母在其高中時期已經買了房子，目前父母已退休。
    3) 客戶的父親八十多歲，正在接受化療，需打抗生素和進行心血管相關治療，且仍有抽菸習慣，需家人輪流照顧。
    4) 客戶提到今天吃了媽媽煮的魚。

2. 健康狀況
    1) 客戶有高血壓，血壓大約在140幾。
    2) 客戶平常沒有服用慢性處方藥物，且無家族病史如B肝或三高慢性病。
    3) 客戶提到自己老了。

3. 職業背景
    1) 客戶目前是上班族，並非自己開公司，從事與汽車零件相關的外銷業務。
    2) 客戶曾從事維修工作，後轉為參觀相關工作，並提到目前在塘沽工作，涉及開電動車相關工作。
    3) 客戶目前在電子公司工作，工作時間為早上八點到下午五點，中午休息十分鐘，下午三點有短暫休息時間。
    4) 客戶提到收入固定約四萬元，之前輪班工作收入較高，但目前已無輪班。

4. 健康食品使用心得
    1) 客戶曾購買過顧骨頭產品、牛樟芝產品、幹細胞產品（小瓶裝，價格約一萬多元）及華陀的龜鹿精產品，目前家中仍有多盒華陀的龜鹿精產品。
    2) 客戶對牛樟芝產品效果有一定了解，並表示以後會進行比價。
    3) 客戶曾購買過一組保健品，價格為一萬一百元，家中冰箱裡仍有一盒保健品。
    4) 客戶去年登記過信仰五路產品，了解其可預防肌少症。
    5) 客戶目前有在使用保健產品，專員建議其一天吃兩顆以快速代謝，第二個月可調整為一顆或持續吃兩顆。

5. 禁忌
    1) 客戶表示家中物品過多，不需要購買新的產品，對購物活動不太感興趣。
    2) 客戶提到衛生紙、牙膏等家庭用品僅在需要時才會購買。",1
24066155,"1. 家庭關係
    1) 客戶與丈夫結婚十年，丈夫負責大部分家中支出，並在她住院期間照顧女兒及支付醫療費用。
    2) 客戶有一名22歲的女兒，為家中獨生女，受到家人寵愛，個性懂事，偶爾會幫忙家務。
    3) 客戶的父母已過世，與其他家人聯繫不多，曾被家人欺騙金錢。
    4) 客戶的公公年齡在90至100歲之間，目前住在療養院，患有阿茲海默症。
    5) 客戶一家有吃水果的習慣，晚餐後會一起切水果分享。

2. 健康狀況
    1) 客戶患有糖尿病，血糖值不穩定，曾高達400多，並有糖尿病前期及相關併發症如神經病變、腳踝疼痛等。
    2) 客戶有胃食道逆流、胃部不適、胃酸過多、便秘、脹氣、食慾不佳等腸胃問題，並曾接受胃鏡和腸胃鏡檢查。
    3) 客戶有肌少症、脊椎側彎、骨折、肩膀疼痛等骨骼問題，正在進行復健。
    4) 客戶有憂鬱症和自律神經失調，影響睡眠和記憶力，並有胸痛、肩胛骨疼痛等症狀。
    5) 客戶體重偏低，約40公斤，身高162公分，近期體重下降，體力不佳。
    6) 客戶有牙齒問題，牙齦狀況不佳，曾因堅果塔斷牙，需植牙但認為費用昂貴。
    7) 客戶有膽結石和息肉，曾住院治療，並有膽固醇過高問題。
    8) 客戶有維生素D含量過低的問題，並有皮膚乾燥和免疫力低下的情況。

3. 職業背景
    1) 客戶是一名老師，已在學校工作二十多年，負責教學和管理學生。
    2) 客戶曾幫助特殊學生設計特別考卷，並面臨學生行為問題的挑戰。
    3) 客戶目前因摔跤受傷暫時休假，但工作壓力大，且即將退休。

4. 健康食品使用心得
    1) 客戶使用過氨基酸、幹細胞、UC-II補充劑、益生菌等健康食品，認為有助於健康改善。
    2) 客戶對健康食品的口感有不同感受，部分產品如氨基酸初期感覺苦，但後來習慣並感覺有效。
    3) 客戶每天服用營養品，並認為加入會員購買保健品較划算。
    4) 客戶對糖尿病配方健康食品和葉黃素產品感興趣，但認為價格昂貴。

5. 禁忌
    1) 客戶避免食用高糖分食物、油膩食物、牛奶、咖啡及刺激性食物。
    2) 客戶不能食用含白藜蘆醇的產品，擔心與雌激素相關。
    3) 客戶避免早上食用地瓜，並遵循醫生建議多吃原形食物，少吃加工品。",1
24074666,"1. 家庭關係
    1) 客戶有兩個小朋友，並提到小朋友需要請三天假，合計九天假期。
    2) 客戶的配偶有糖尿病，需服用降血糖和降血脂的藥物，且每日服用一次以控制血糖。
    3) 客戶提到家中沒有與父母同住。
    4) 客戶經常帶大嫂外出，大嫂有血糖問題並需要調節，且睡眠狀況有所改善。

2. 健康狀況
    1) 客戶表示自己沒有服用慢性病藥物，但有服用讓心跳變慢的藥物以穩定心跳，並每三個月抽血檢查健康狀況。
    2) 客戶的太太糖化血色素偏高，可能有血糖相關問題，每三個月回診檢查血糖數值。
    3) 客戶提到自己的睡眠狀況還好。
    4) 客戶今年沒有打疫苗。

3. 職業背景
    1) 客戶提到目前考慮換房子，正在等待新房交屋，交屋後才會進行裝潢。
    2) 客戶目前居住在中間樓層，樓下住戶不同意都更計畫。
    3) 客戶對投資房地產有興趣，但取決於具體狀況。

4. 健康食品使用心得
    1) 客戶有服用魚油、葉黃素和蔓越莓，並表示魚油可以與其他保健品一起服用。
    2) 客戶曾購買華陀人參片、人參條、魚油、益生菌、活泉保健品等，並提到幹細胞產品效果不錯。
    3) 客戶與配偶共同服用某款保健食品，配偶後來改為單獨服用醫療版產品。
    4) 客戶曾購買健康相關產品給長輩食用，並購買黑深藍產品給家長使用。
    5) 客戶表示最近使用的保健品效果還可以，但之前購買的產品吃了沒有什麼感覺。
    6) 客戶表示希望福袋中的商品集中於特定品項，例如葉黃素或活泉，避免過於多樣化。
    7) 客戶每天服用保健品的劑量為一顆，而非兩顆。

5. 禁忌
    1) 客戶的配偶不太喜歡吃藥，曾嘗試丹蔘等產品但效果不佳。
    2) 客戶認為營養品太多可能會造成負擔。
    3) 客戶的太太對美容講座和水光課程沒有興趣。
    4) 客戶對參觀健康中心和相關消費不感興趣。",1
24074795,"1. 家庭關係
    1) 客戶有一位妻子，與家人同住，並不定期與家人聚會。
    2) 客戶有一個小孩，並提到小孩的教育費用較高，且需要註冊和花費。
    3) 客戶提到家中有三個小孩，老三喜歡運動，尤其是籃球，老大比較疲憊，老二比較想念書。
    4) 客戶的媽媽年紀八十多歲，健康狀況不佳，曾經回購某產品。
    5) 客戶的父親年紀較大，曾因全身性衰竭去世，生前有心臟和癌症問題，並進行過化療。
    6) 客戶的家人中有多人確診，包括子女和小朋友，家人需要在台大醫院進行治療。
    7) 客戶提到她的阿公因糖尿病去世，媽媽有糖尿病並經常吃血壓藥。

2. 健康狀況
    1) 客戶有腎臟功能不佳、高血壓、高血脂、胃潰瘍、靜脈問題、坐骨神經疼痛、脊椎問題、老花眼、癌細胞問題等健康狀況。
    2) 客戶曾經摔倒，導致左手後背受傷，尾椎曾經摔斷，導致長時間無法運動。
    3) 客戶提到自己是無症狀感染者，並且身體容易發炎。
    4) 客戶提到剛動刀，並且目前每天花三四十分鐘進行復健。
    5) 客戶提到不想做化療或動刀，考慮其他治療方式。
    6) 客戶提到自己有癌細胞問題，並且有青光眼和血壓問題。

3. 職業背景
    1) 客戶提到自己做財務相關工作，並且在台灣有固定收入。
    2) 客戶提到過去有購買房產的經驗，並在年輕時開始投資房地產。
    3) 客戶提到有股票、黃金和融資投資經驗，但近期資金狀況不穩定。

4. 健康食品使用心得
    1) 客戶提到使用過幹細胞產品、氨基酸、魚油、玻尿酸、血清鈣維、白藜蘆醇、蚓激酶、滑精養生保健食品等，並表示有一定效果。
    2) 客戶提到曾購買過台大益生菌，但認為效果不佳。
    3) 客戶提到使用過南公升的磷蝦油、益泰藍產品、安麗產品、肝倍護產品等。
    4) 客戶提到每天吃兩顆蚓激酶，並且家中有七八罐魚油，且每天食用。
    5) 客戶提到曾經吞褐藻糖膠一天四顆，因腫瘤問題而停用。

5. 禁忌
    1) 客戶提到醫生建議不要使用幹細胞產品，因可能影響治療。
    2) 客戶提到不吃脂肪食物，並減少澱粉攝取。
    3) 客戶提到不喝酒，並且不習慣吃早餐，可能導致胃潰瘍。
    4) 客戶提到不想做化療或動刀，考慮其他治療方式。",1
24075759,"1. 家庭關係
    1) 未提及相關資訊。

2. 健康狀況
    1) 未提及具體健康狀況，但可能關注健康保養。

3. 職業背景
    1) 未提及相關資訊。

4. 健康食品使用心得
    1) 客戶訂購了即時燕窩，並再次訂購燕窩產品，顯示對該產品有一定的需求和信任。
    2) 客戶購買了倍護五盒及第三發泡錠兩組，可能對於保健品有較高的需求。
    3) 客戶訂購了葉黃素，顯示可能關注視力保健。
    4) 客戶確認訂購牛樟芝產品，可能對其健康功效有所期待。

5. 禁忌
    1) 未提及相關資訊。",1
24086774,"1. 家庭關係
    1) 客戶有一位丈夫，丈夫對家中囤積物品感到不滿，並認為某款氨基酸產品濃度太濃而不願食用。
    2) 客戶有一個兒子，兒子對家中購買過多物品有所抱怨。

2. 健康狀況
    1) 客戶有老花眼，並提到自己最近咳嗽和拉肚子。
    2) 客戶表示不想吃東西，並提到過年期間吃了很多東西，至今仍未完全消化。
    3) 客戶可能對某種內鍋過敏。

3. 職業背景
    1) 客戶曾住在杭州兩個月，未提及具體職業。
    2) 客戶提到有朋友從事直銷，並從朋友那裡獲得產品。

4. 健康食品使用心得
    1) 客戶曾購買過益生菌、膠原蛋白、玻尿酸、幹細胞相關產品及瑞士胜肽洗髮露，並表示家中有很多保健品和保養品。
    2) 客戶目前在喝玻尿酸，並曾收到朋友送的兩組玻尿酸，對保濕精華液和乳霜的效果表示滿意。
    3) 客戶的丈夫目前在食用朋友介紹的益生菌，但對效果不太滿意。

5. 禁忌
    1) 客戶不喜歡吃太多東西，並表示不會再購買任何東西。
    2) 客戶提到她沒有在吃燕窩。
    3) 客戶提到家中物品過多，感到難以整理，並表示不需要再推銷保養品和保健品。",1
24099316,"1. 家庭關係
    1) 客戶與先生及兩個孩子同住，女兒約三十幾歲，會幫忙上網購買保健品。
    2) 客戶的先生在外地工作，目前在醫院準備進行心導管手術，並有裝支架，醫生有開藥給他。
    3) 客戶的孫子們有敏感肌膚，防曬產品由其父母處理。
    4) 客戶的女朋友曾幫她購買蜂蜜和固力申。

2. 健康狀況
    1) 客戶患有慢性淋巴性白血病，去年確診，每兩到三個月進行追蹤檢查，白血球數值持續在兩萬多。
    2) 客戶有胃食道逆流問題，需定期回診腸胃科，每三個月回診一次，並服用醫生開的胃藥。
    3) 客戶有尿酸問題，但目前已恢復正常。
    4) 客戶免疫力較弱，容易感冒，醫生建議多休息、運動並增加免疫力。
    5) 客戶定期接種流感疫苗和肺炎疫苗，健康狀況目前穩定，無三高問題。
    6) 客戶偶爾運動，最近進行了三四天的超慢跑，並關注體重管理。

3. 職業背景
    1) 客戶目前已退休，無明確職業背景。
    2) 客戶提到正在處理稅務相關事宜，需與會計師溝通。

4. 健康食品使用心得
    1) 客戶有服用多種保健品，包括固力申、玻尿酸、幹細胞產品、蚓激酶、益生菌等，對華陀的益生菌產品效果滿意，特別是緩解胃脹氣。
    2) 客戶認為固力申對骨骼和膝蓋有幫助，玻尿酸對關節有益，粒線體產品效果不錯。
    3) 客戶對燕窩產品有使用經驗，認為白燕和燕盞效果不錯，並提到燕窩有潤肺和固氣管的效果。
    4) 客戶對美白產品有興趣，對藍鑽保養品和自然美產品的效果表示滿意，並有使用台酒青春露和時空膠囊的習慣。
    5) 客戶對華陀產品有信心，認為其益生菌效果好，並考慮更換益生菌產品。
    6) 客戶對玻尿酸產品有信任，但目前家中存貨充足，尚未使用完。

5. 禁忌
    1) 客戶不喜歡吃黑棗菌和蔓越莓乾，對粉光參和高麗蔘有顧慮。
    2) 客戶曾服用蚓激酶，但因燥熱和不適停止使用。
    3) 客戶認為任何保健品都無法取代醫生開的藥物。
    4) 客戶對於某些產品的價格感到不滿，認為VIP價格反而較高。
    5) 客戶認為一雙涼鞋三千塊和一套保養品八千多塊太貴。",1
24105395,"1. 家庭關係
    1) 客戶有兩個女兒，其中一個是高二學生，另一個是國中生，女兒比客戶更擅長料理，並會幫忙準備餐點。
    2) 客戶的女兒曾因隱形眼鏡使用不當導致眼睛問題，並且喜歡化妝，需慎選化妝品品牌以避免皮膚問題。
    3) 客戶的女兒有過敏問題，早上起床時會使用大量衛生紙，並且不太喜歡吃健康食品。
    4) 客戶的女兒曾因心臟不舒服請假，健康問題可能與壓力大和晚睡有關，目前檢查結果正常，等待甲狀腺報告。
    5) 客戶的女兒老二有胃食道逆流問題，老大目前沒有近視問題，老二近視度數約150度。
    6) 客戶的孩子爸爸會帶孩子出去玩兩天一夜，客戶曾與家人一起出國旅遊，並參加家族郵輪旅遊。

2. 健康狀況
    1) 客戶有高血壓、甲狀腺問題導致燥熱、胃食道逆流及舒張壓偏高，需靠運動和藥物控制血壓。
    2) 客戶服用降血壓藥、降血脂藥、胃藥及通血管藥物，效果不錯且健康維持良好。
    3) 客戶服用抗憂鬱劑和調節自律神經的藥物改善睡眠品質，曾因自律神經失調叫救護車送醫。
    4) 客戶乳糖不耐，無法喝牛奶，腸胃敏感，服用初乳蛋白需注意。
    5) 客戶有長期熬夜習慣，認為可能影響健康，並提到自己有一點小胖，減肥主要靠自己。

3. 職業背景
    1) 客戶目前從事行政職位，之前曾在郵局工作二十多年，熟悉郵局運作。
    2) 客戶表示最近接到一些新工作，工作忙碌，平日下班時間接近六點，假日通常在宿舍休息。

4. 健康食品使用心得
    1) 客戶曾購買魚油、B群、益生菌、葉黃素等健康食品，並表示醫生推薦魚油以調節自律神經。
    2) 客戶通常在早餐飯後服用葉黃素，午餐飯後服用益生菌，並提到白蘭氏葉黃素效果不錯。
    3) 客戶曾購買人蔘類產品，已全部使用完畢，並考慮購買牛樟芝產品。
    4) 客戶的女兒不太喜歡保健食品，但客戶仍固定服用相關產品以維持健康。

5. 禁忌
    1) 客戶乳糖不耐，無法喝牛奶。
    2) 客戶腸胃敏感，服用初乳蛋白需注意，避免空腹服用藥物導致胃脹氣。
    3) 客戶的女兒需慎選化妝品品牌以避免劣質產品對皮膚造成傷害。
",1
24112401,"1. 家庭關係
    1) 無相關資訊提供。

2. 健康狀況
    1) 客戶為56歲女性，可能需要適當的休息以維持健康。

3. 職業背景
    1) 無相關資訊提供。

4. 健康食品使用心得
    1) 無相關資訊提供。

5. 禁忌
    1) 無相關資訊提供。",1
24135524,"1. 家庭關係
    1) 客戶有配偶和孩子，過年期間可能會帶家人一起回台中。
    2) 孩子目前有在食用保健品，且是由客戶的配偶購買。
    3) 客戶的母親曾經使用過東森的保健食品。
    4) 家人有自己在吃葉黃素。

2. 健康狀況
    1) 客戶表示自己年紀大了，皮膚有皺紋，關節有時會卡卡的。
    2) 客戶目前未進行身體健康檢查，但沒有三高問題，也未服用相關處方藥物。
    3) 客戶目前沒有在食用人參。

3. 職業背景
    1) 客戶從事維修工作，包含現場維修，並且有時需要長期出差在外地工作。
    2) 客戶目前是在職狀態，但表示負擔很大，對分期付款不喜歡。
    3) 客戶提到自己忙碌加班，要求明天再聯繫。

4. 健康食品使用心得
    1) 客戶曾購買過東森的保健食品並試用過，也曾使用過日本妍美会的葉黃素，但表示效果沒有特別的感覺。
    2) 客戶每天服用葉黃素的方式是一天兩顆，但有時會忘記服用，且食用時間較長。
    3) 客戶家裡有很多乳酸菌產品，曾購買過十瓶乳酸菌給孩子食用。
    4) 客戶家裡有很多保健食品，但有時會忘記服用。
    5) 客戶提到已收到葉黃素產品，並可能會上網站查看保健品或其他商品。

5. 禁忌
    1) 客戶未提到特定健康食品的禁忌，但表示目前沒有在食用人參。
    2) 客戶對分期付款表示不喜歡。",1
24137439,"1. 家庭關係
    1) 客戶已婚，配偶是公司的負責人，兩人常一起運動和休閒。
    2) 客戶有一子一女，兒子目前在南港火車站附近工作，住在家中，未婚；女兒住在天母，已購房，尚未結婚但有意結婚並生小孩。
    3) 客戶家中有四十多戶的社區，擁有一百坪的農舍，內部有三層樓，包含三個房間和兩個套房。
    4) 客戶的家人中有移民美國的成員，並留下氣炸鍋給客戶使用。
    5) 客戶每週與家人聚會，並提到母親幫忙照顧小孩。

2. 健康狀況
    1) 客戶身體健康，無重大疾病，但有輕微白內障，尚未需要手術。
    2) 客戶每半年進行健康檢查，並每年領取慢性處方簽。
    3) 客戶提到年紀增長後排便需要用力，並使用幫助排便的保健食品，效果不錯。
    4) 客戶的父親在50歲時頭髮稀疏，因此客戶從30多歲開始注意頭髮保養，目前頭髮仍然是黑色。
    5) 客戶的朋友的妻子患有肝硬化、腎臟功能不佳及骨質疏鬆，骨密度低至負六點多，且已有骨折情況。

3. 職業背景
    1) 客戶目前尚未退休，計劃於明年八月退休，屆時年齡為65歲，並已申請勞保老人年金。
    2) 客戶的工作性質為朝九晚五，需在辦公室、實驗室和寄放物品的地方之間移動，每天行走約五公里。
    3) 客戶的兒子在電子工廠擔任專案經理，負責國外訂單及生產線管理，偏好穩定的工作。
    4) 客戶的女兒目前在台北工作，未來可能回到桃園工作。

4. 健康食品使用心得
    1) 客戶服用多種保健食品，包括幹細胞產品、氨基酸產品、黑枸杞原汁、膠原蛋白、褐藻糖膠等，並表示效果良好。
    2) 客戶每天規律飲用保健品，通常早晚各一次，並提到幹細胞產品一天服用兩顆，約一個月吃完一瓶。
    3) 客戶曾購買金箔燕窩、野山蔘、鱸魚精等養生產品，並對其效果表示滿意。
    4) 客戶認為氨基酸產品對皮膚膚色有改善效果，並提到膠原蛋白能緩解感冒症狀。

5. 禁忌
    1) 客戶不喜歡穿太厚的衣服，偏好輕薄保暖的衣物。
    2) 客戶不喜歡使用過於滋潤的保養品，偏好無色無味的產品。
    3) 客戶對數位貨幣的使用不放心，偏好使用現金。
    4) 客戶的女兒對面膜過敏，已停止使用，改用高檔乳液或乳霜。",1
24145132,"1. 家庭關係
    1) 客戶有孫子。
    2) 客戶沒有飼養寵物。

2. 健康狀況
    1) 客戶表示目前身體健康狀況良好，沒有不適或需要改善的地方。

3. 職業背景
    1) 客戶曾經參加過東森的旅遊活動。
    2) 客戶之前購買過東森的儲蓄產品。

4. 健康食品使用心得
    1) 客戶最近購買了顧眼睛的保健食品並有在服用。
    2) 客戶有服用維他命和善存。
    3) 客戶有購買石墨烯相關產品並有在使用。

5. 禁忌
    1) 客戶年紀較大，現在需要的東西較少，通常需要什麼會在網路上尋找。
    2) 客戶現在很少看電視購物，主要在網路平台如蝦皮和momo上進行比價。",1
24145498,"1. 家庭關係
    1) 未提及具體家庭關係。

2. 健康狀況
    1) 客戶年齡為78至80歲。
    2) 客戶不吃魚油。

3. 職業背景
    1) 客戶長期在國外居住，國內停留時間較少。

4. 健康食品使用心得
    1) 客戶曾購買並使用杏仁粉，並對鮮磨杏仁粉有使用經驗。
    2) 客戶曾購買過花旗蔘產品。
    3) 客戶目前有葉黃素，尚未吃完，因此暫不需要再購買。
    4) 客戶有喝養生茶的習慣。
    5) 客戶經常使用東森購物APP購買商品。

5. 禁忌
    1) 客戶不吃魚油。",1
24146002,"1. 家庭關係
    1) 無相關資訊。

2. 健康狀況
    1) 客戶表示不需要葉黃素等顧眼睛的保健食品。
    2) 客戶未提及其他健康狀況。

3. 職業背景
    1) 客戶為一位購物年資超過二十年的會員。

4. 健康食品使用心得
    1) 客戶表示沒有在吃燕窩。
    2) 客戶不需要葉黃素等顧眼睛的保健食品。

5. 禁忌
    1) 客戶平常沒有在晶華酒店住宿或者用餐的習慣。",1
24156383,"1. 家庭關係
    1) 客戶已婚，有兩個女兒，分別在美國和德國工作，女兒職業為電腦工程師和鋼琴師。
    2) 客戶有孫子，分別在加拿大、德國和美國生活，孫子中最長的特別受到疼愛。
    3) 客戶的家人回國時會與她聚餐，並有家人回國當義工。
    4) 客戶家裡有養貓，稱呼為“貓大王”。

2. 健康狀況
    1) 客戶有高血壓，每天服用半顆降血壓藥，血壓曾因勞累飆升至170以上。
    2) 客戶有糖尿病，血糖長期處於6.4左右，並有甲狀腺結節問題。
    3) 客戶有腰椎問題和脊椎側彎，曾接受復健治療，但因疫情暫停。
    4) 客戶有老花眼，曾接受白內障手術，視力保持良好。
    5) 客戶有過敏體質，對蚊蟲叮咬和鼻塞敏感，並曾因疫苗過敏反應而不再接種。
    6) 客戶有腸道問題，早上需多次上廁所，並有腳抽筋的情況。
    7) 客戶注重健康，保持每天步行六七千步，並認為睡眠對健康很重要。

3. 職業背景
    1) 客戶目前已退休，過去曾有朋友一起購物和參與活動。
    2) 客戶的女兒在美國和德國從事專業工作，分別是電腦工程師和鋼琴師。

4. 健康食品使用心得
    1) 客戶使用過益生菌、褐藻糖膠、蜂王漿膠丸、鱸魚精、葉黃素等保健品，對部分產品效果持懷疑態度。
    2) 客戶認為褐藻糖膠和葉黃素有助於健康，益生菌改善了腸道健康，但效果有限。
    3) 客戶對於保健品的使用量較為謹慎，擔心過量服用會中毒。
    4) 客戶認為食品安全重要，對於食品添加物和來源有顧慮，偏好真材實料的食材。

5. 禁忌
    1) 客戶不使用香水，避免影響他人。
    2) 客戶不喜歡中国大陆生产的食品，避免食用含有假糖的巧克力。
    3) 客戶不打疫苗，因過去曾出現嚴重過敏反應。
    4) 客戶對於加工食品和誇大效果的廣告持懷疑態度。
    5) 客戶避免在外用餐，偏好在家或購買熟食回家食用。",1
24162167,"1. 家庭關係
    1) 客戶與女兒關係密切，曾一起逛百貨公司，女兒目前住在台北。
    2) 客戶的母親住在單人房，每月費用為四萬五，並需額外支付尿布等耗材費用，客戶與另外兩人共同分擔母親的住院費用。

2. 健康狀況
    1) 客戶有糖尿病，血糖較高，糖化血色素為6.2，並有服用血糖藥和三高藥物。
    2) 客戶曾患乳癌，接受過化療、放療及乳房手術，並進行過靜脈雷射治療。
    3) 客戶有骨質疏鬆問題，定期檢查荷爾蒙，並每三個月進行一次抽血檢查。
    4) 客戶曾經小中風，血管和腦部功能受影響，並有子宮內膜增厚問題。
    5) 客戶的平衡感較差，容易跌倒，且有膝蓋疼痛和掉髮情況。
    6) 客戶的身體年齡超過80歲，行動不便，體力較差，並曾因熱衰竭感到不適。
    7) 客戶最近感冒持續三週，目前已好轉。

3. 職業背景
    1) 客戶有投資ETF，並利用利息支付醫療相關費用。
    2) 客戶有進行預防醫學相關的事情，並在醫生和營養師的指導下進行身體調養。

4. 健康食品使用心得
    1) 客戶目前服用魚油（注射方式）以降低膽固醇和三酸甘油酯，並預防小中風和心血管問題。
    2) 客戶有服用葉黃素、高單位維生素B、紅麴、蚓激酶及售美保健食品，對華陀產品有信任感。
    3) 客戶曾購買酵素產品，尚未使用完，並有在喝高峰品牌的玻尿酸產品。
    4) 客戶對五味子飲品的甜度不滿意，認為糖分過高。

5. 禁忌
    1) 客戶不能吃人蔘。
    2) 客戶避免食用高糖分飲品，並對血糖問題非常小心。",1
24169996,"1. 家庭關係
    1) 客戶目前沒有小孩，獨居，已經習慣一個人生活。
    2) 客戶的父母在她小時候去世，母親在她小學三年級時去世，父母分別在52歲和61歲時過世。
    3) 客戶的家族壽命較短，家族中有高血壓和三高問題，超過70歲的只有大姐。
    4) 客戶的姐姐曾有輕微失智症狀，二姐曾向她借錢並每月償還，三姐的女兒也曾借過一大筆錢但未償還。
    5) 客戶的侄女對她很好，但侄女個性有些怪，兩人之間有些不愉快。
    6) 客戶的外甥女有穩定給她錢，但未如期還款，影響了她的經濟狀況。

2. 健康狀況
    1) 客戶有高血壓、腎結石、胃病和冠心病，並曾服用降血壓藥，但有時會忘記服用。
    2) 客戶的排便狀況良好，但凌晨時容易拉肚子。
    3) 客戶的運動習慣包括跑步、走路、游泳和偶爾騎腳踏車。
    4) 客戶的視力有問題，左眼視力較弱，右眼視力約一百多度。
    5) 客戶的母親曾摔倒，雖無骨折但行動不便，且有遺傳白頭髮問題。
    6) 客戶的哥哥需要洗腎，大嫂曾中風但恢復良好，侄女有情緒問題需藥物控制。

3. 職業背景
    1) 客戶曾是教師，對教書經歷感到開心，退休後仍接課，主要是因學校找不到代課老師。
    2) 客戶每週有固定教學時間，並參加幼兒園講故事和日文課程。
    3) 客戶曾在學校擔任志工，帶學生參加戶外活動，並定期回學校講故事。

4. 健康食品使用心得
    1) 客戶每天服用蚓激酶、粒線體、氨基酸等保健品，並對其效果感到滿意。
    2) 客戶曾使用小欖鎮果凍、三色利買等產品，對控制體重有幫助，但三色利買導致排便不順。
    3) 客戶的母親使用森下仁丹益生菌改善啤酒肚，對幹細胞產品和骨頭保健品效果滿意。
    4) 客戶的朋友在化療期間使用氨基酸和保養品，氣色改善，體力恢復。

5. 禁忌
    1) 客戶不吃牛肉，對黏糊的米飯不喜歡，偏好QQ口感的米飯。
    2) 客戶的母親不喜歡果凍類產品，因為不喜歡其口感。",1
24181673,"1. 家庭關係
    1) 客戶有三個子女，每週六會與小朋友聚會。
    2) 客戶家中有小朋友，年齡分別是五歲和四歲，其中小朋友有過敏問題，但情況有所改善，目前不喝牛奶。
    3) 客戶的孫子有過敏問題，醫院開了益生菌給他使用，並且客戶給孫子食用扶元堂的液態產品和褐藻。
    4) 客戶的先生每天使用按摩椅。
    5) 客戶的姐姐住在彰化，身體狀況良好，能自行開車，曾經做過生意，現在組織了一個團體並照顧身邊的人。
    6) 客戶提到大哥最近韌帶斷掉，不能使用按摩椅，但有購買並持續服用幹細胞產品。
    7) 客戶提到家人有攝護腺問題，剛開完刀，並服用紫色錠狀保健品。

2. 健康狀況
    1) 客戶沒有糖尿病和三高問題，但血壓偏高，心跳通常在70左右，心臟有些問題，並服用心臟科和高血壓藥物。
    2) 客戶去年到今年胖了兩公斤，並提到自己開刀後體重增加，醫生建議不能太瘦。
    3) 客戶感冒後出現支氣管炎症狀，持續了一兩個月，並對肺部健康感到擔憂。
    4) 客戶的牙齦發炎已有十幾年，並有假牙發炎問題，目前服用抗生素，計劃進行牙齒治療。
    5) 客戶提到自己睡眠狀況不好，通常只能睡兩三個小時。
    6) 客戶提到自己很會流汗，運動後臉部毛孔會變粗大，曾因臉部問題接受雷射治療。
    7) 客戶提到自己目前身體狀況不佳，正在恢復中，並計劃再開一次刀。

3. 職業背景
    1) 客戶已經退休，但仍有自己的事業。
    2) 客戶的姐姐年輕時曾做過生意，賣化工原料，現在不做生意了。

4. 健康食品使用心得
    1) 客戶有服用幹細胞、粒線體保健品、益生菌、褐藻等，並表示排便情況良好，但對多種保健品的效果和副作用持懷疑態度。
    2) 客戶對減重產品效果持懷疑態度，認為減重需要其他手段。
    3) 客戶喜歡吃無調味堅果，但擔心吃太多會變胖。
    4) 客戶認為三得利產品對睡眠有幫助，褐藻能增強免疫力，並給孫子食用。
    5) 客戶對粒線體產品和幹細胞產品的效果持保留態度，認為價格昂貴，且擔心多種保健品同時服用可能有害。

5. 禁忌
    1) 客戶對於產品的副作用表示關注，並詢問是否有副作用。
    2) 客戶提到自己不會使用高端電子產品，對於高價產品持保留態度。
    3) 客戶提到自己有很多產品庫存，壓力很大，並表示不應該再購買東西。",1
24191319,"1. 家庭關係
    1) 客戶提到家中有小朋友，小朋友會吃萬歲牌的堅果。
    2) 客戶提到兒子不喜歡吃甜的食物。
    3) 客戶提到家中不需要管理員。

2. 健康狀況
    1) 客戶提到自己有鼻竇炎。
    2) 客戶提到自己有糖尿病，每天服用兩顆藥物。
    3) 客戶提到自己有心臟方面的問題，心血管有相關症狀。
    4) 客戶提到自己沒有高血壓和三高等問題。
    5) 客戶提到她的健康狀況很好，且每天都有排便。
    6) 客戶提到她有便秘的情況，並且喝安瓶時會加重便秘。
    7) 客戶提到她曾確診過一次，但症狀輕微，沒有發燒。
    8) 客戶提到白內障相關問題，但未明確表示自己患有此病。

3. 職業背景
    1) 無相關資訊。

4. 健康食品使用心得
    1) 客戶提到她有使用青春露，了解其介於化妝水與精華液之間的特性。
    2) 客戶提到她有使用果凍類產品，並認為果凍不錯。
    3) 客戶提到她有使用益生菌產品，並每天早上起來儘量補充益生菌，但目前沒有每天服用。
    4) 客戶提到她有購買膠原蛋白產品，但未持續服用。
    5) 客戶提到她有使用蜂膠牙膏，並已經習慣使用該產品。
    6) 客戶提到她曾購買磷蝦油，並表示該產品對血糖有幫助。
    7) 客戶提到她有使用苦瓜胜肽，認為該產品對血糖有幫助。
    8) 客戶提到她在飯前半小時服用安瓶，認為安瓶有幫助斷糖和斷油脂的作用，但她也提到自己沒有食用安瓶。
    9) 客戶提到使用綠蜂膠，認為其可以抗病毒、抗發炎，且對皰疹有幫助。
    10) 客戶提到她平時有吃萬歲牌的堅果。

5. 禁忌
    1) 客戶提到她很少吃澱粉類食物。
    2) 客戶提到她沒有使用防曬產品。
    3) 客戶提到她很少使用面膜。
    4) 客戶提到她沒有喝幫助消化的飲料。",1
24215054,"1. 家庭關係
    1) 客戶有一個兒子和一個女兒，兒子比女兒大三歲，兒子已婚並有一個六歲的孩子，與媳婦和孫子住在一起。
    2) 客戶的孫子經常生病，曾經得過流感，並有過敏問題，家人對其健康非常關心。
    3) 客戶的父親82歲，身體狀況不佳，曾遭遇車禍，母親已於五年前去世，享年86歲。
    4) 客戶的婆婆年紀很大，已經105歲，家族成員對其照顧責任分擔不均。
    5) 客戶的家庭經濟狀況較為辛苦，兒子和媳婦收入高但不給家用，女兒經常接送客戶，對母親的辛苦表示理解。

2. 健康狀況
    1) 客戶62歲，身體年齡比實際年齡年輕十幾歲，但有腰椎問題，曾接受治療效果不佳，並有乾眼症和老花眼。
    2) 客戶的支氣管敏感，感冒時會不舒服，並且有時感到頭暈。
    3) 客戶的母親可能患有阿茲海默症，家族中有糖尿病遺傳病史。
    4) 客戶的先生心臟狀況良好，但有禿頭問題，兒子擔心遺傳。
    5) 客戶的兒子和媳婦感冒嚴重，孫子也經常生病，媳婦體質較差。

3. 職業背景
    1) 客戶目前處於半退休狀態，曾從事財務會計工作，需獨立處理外帳。
    2) 客戶的兒子負責一家公司，從事業務工作，壓力大且工作繁忙，涉及藥證和財務問題。
    3) 客戶的女兒工作壓力大，生活不規律，早出晚歸，曾在東森中學就讀，現住高雄。
    4) 客戶的先生是一位在大陸知名的畫家。

4. 健康食品使用心得
    1) 客戶對健康食品有高度興趣，經常購買和使用多種保健品，包括龜鹿膠片、益生菌、燕窩、褐藻、激活產品等，並對華陀產品有信任。
    2) 客戶認為台酒生技和韓國進口的洗髮產品能改善白髮問題，對益生菌和酵素產品的效果表示滿意。
    3) 客戶每天空腹吃燕窩，認為不太甜但有點臭，並對產品價格和折扣有關注。
    4) 客戶對於健康食品的效果有一定要求，對某些產品的效果表示懷疑。

5. 禁忌
    1) 客戶不吃辣，不喜歡油脂類產品，偏好用清水清洗，不使用化學藥劑。
    2) 客戶不喜歡咖啡豆，偏好咖啡粉，但因年紀漸長，喝黑咖啡有時會感到不適。
    3) 客戶對某些化妝品成分過敏，對產品成分特別注意。
    4) 客戶不喜歡長途開車，尤其不喜歡塞車，並認為開車長途旅行對她來說太危險。",1
24218453,"1. 家庭關係
    1) 客戶有四個小朋友和四個孫子孫女，小朋友都已經結婚。
    2) 家人每一到兩個月會聚會一次。
    3) 客戶的母親最近過世。
    4) 客戶的女兒會購買益生菌，並使用長效床墊。
    5) 客戶的女婿有幫忙搬家。
    6) 客戶的老公有在吃益生菌，但對家中保養品和植牙產品的數量感到不滿。

2. 健康狀況
    1) 客戶表示自己血糖正常，沒有高血糖問題，且每年會進行健康檢查。
    2) 客戶沒有服用慢性處方藥。
    3) 客戶提到她會游泳，並且上班時一定會戴口罩，注重防護。
    4) 客戶提到幹細胞產品對頭髮有一定效果，並認為幹細胞有助於細胞活化和身體恢復。

3. 職業背景
    1) 客戶目前仍在職，工作環境為辦公室，位於北側，並會在不同地點之間移動工作。
    2) 客戶提到最近很忙，經常需要加班和開會，有時候電話不方便接聽。
    3) 客戶表示一到五可以收貨，週六日無法收貨。

4. 健康食品使用心得
    1) 客戶目前在服用幹細胞產品，並認為其有助於細胞活化和身體恢復，但價格較高。
    2) 客戶之前購買過益生菌、葉黃素、倍護膠囊、玻尿酸產品、氨基酸產品、蚓激酶等，對部分產品效果滿意，但因價格或其他原因未持續購買。
    3) 客戶目前在吃益生菌，效果不錯，家中還有存貨，並且家人也有在服用。
    4) 客戶家中有榨果汁的習慣，會加入蘋果和其他水果，偶爾也會購買現成水果食用。
    5) 客戶有喝杏仁粉，但因忙碌尚未喝完。
    6) 客戶對紫色盒子的保健食品針對睡眠和體質的效果表示滿意。
    7) 客戶對於保健品的使用有過多支出，曾被建議減少購買。

5. 禁忌
    1) 客戶對膠囊味道太重的產品無法接受。
    2) 客戶不使用面膜，因為常常用到過期。
    3) 客戶對於參加付費或免費的活動沒有興趣，因為地點太遠且出門不方便。
    4) 客戶對於B群產品不感興趣，因為已經有了。
    5) 客戶對於燕窩產品有興趣，但最終決定不購買。
    6) 客戶表示未來五年內沒有購物計劃，且目前不需要生活用品、吃的、喝的、用的等物品。",1
24228875,"1. 家庭關係
    1) 客戶表示她沒有養寵物，家人朋友也沒有養寵物。

2. 健康狀況
    1) 客戶目前年齡67歲。
    2) 客戶曾購買並使用過葉黃素，顯示她可能關注眼睛健康。

3. 職業背景
    1) 客戶目前仍在上班。

4. 健康食品使用心得
    1) 客戶曾在東森購物購買過葉黃素，並對其有一定的使用經驗。
    2) 客戶近期在其他地方購買了三盒葉黃素。

5. 禁忌
    1) 客戶提到她平時沒有使用保養品的習慣，但曾使用過自然美的去角質產品及康是美購買的便宜保養品。",1
24234773,"1. 家庭關係
    1) 未提及相關內容。

2. 健康狀況
    1) 未提及相關內容。

3. 職業背景
    1) 未提及相關內容。

4. 健康食品使用心得
    1) 未提及相關內容。

5. 禁忌
    1) 客戶很少使用LINE。
    2) 客戶未購買高爾夫球卡或飯店會員。",1
24272086,"1. 家庭關係
    1) 客戶與女兒和兒子同住，女兒20歲，性格單純，對保險等事務不太了解，兒子18歲，曾是國手，學業優異，考上大學。
    2) 女兒在台灣打工，賺的錢都交給客戶，曾在泰國和韓國工作，對直播和代購有興趣，計劃考取美人魚進階證照。
    3) 客戶的姐姐是東森的老會員，已有二十多年年資，關節退化需換人工關節，並有高血脂問題。
    4) 客戶的母親曾患癌症，已過世。

2. 健康狀況
    1) 客戶60歲，身體狀況不佳，近期有牙齦腫、腰部受傷、咳嗽等問題，並擔心血管阻塞。
    2) 客戶有高血壓，曾切除息肉並申請保險理賠，近期計劃進行體檢。
    3) 客戶的兒子曾患蜂窩性組織炎，並因韌帶斷裂需休養六個月。
    4) 女兒每年因過敏咳嗽，需吃藥打針兩三個月才能好轉，並曾做過雙眼皮手術，計劃進行重眼睛手術。

3. 職業背景
    1) 客戶曾在酒店工作，並有包裝設計經驗，現在在市場工作，但收入不穩定，感到疲憊。
    2) 客戶曾經是東森購物的VIP，對購物平台的退貨政策和東森幣使用限制有了解。
    3) 客戶曾經購買珠寶、保健品等，並有分期付款的習慣，目前經濟狀況緊張，每月支出約12萬，老公每月給她18萬。

4. 健康食品使用心得
    1) 客戶對健康食品效果持懷疑態度，曾購買過粒線體小紅瓶、幹細胞產品、褐藻、人蔘等，部分產品尚未使用或效果不明顯。
    2) 客戶每天早上空腹喝粒線體小紅瓶，並食用幹細胞產品，對褐藻效果表示滿意，曾每天空腹吃燕窩。

5. 禁忌
    1) 客戶不想吃西藥，對燙參萃和某些保健品味道不滿意。
    2) 客戶容易暈船，對郵輪旅行有顧慮。",1
24277208,"1. 家庭關係
    1) 未提及具體家庭關係。

2. 健康狀況
    1) 客戶今年已滿62歲，提到有腸躁的問題。
    2) 客戶平時有在服用人蔘、龜鹿膠及幹細胞產品，主要用於保養。
    3) 客戶覺得幹細胞產品效果一般，並提到吃幹細胞產品沒什麼特別效果。

3. 職業背景
    1) 客戶目前仍在上班，工作繁忙，無法長時間通話。
    2) 因工作忙碌，客戶沒有時間觀看直播，對參加直播活動不感興趣。
    3) 客戶對未來的投資理財專案暫時不需要邀請。

4. 健康食品使用心得
    1) 客戶平時有飲用華陀品牌的龜鹿膠，直接用熱水沖泡飲用。
    2) 客戶知道白蘭氏果凍狀的葉黃素，但未提及使用情況。
    3) 客戶曾使用過東森和活泉的幹細胞產品，對活泉的效果評價一般，並提到目前不考慮購買更多幹細胞產品。
    4) 客戶使用幹細胞產品的目的是單純保養，且只有自己使用。

5. 禁忌
    1) 客戶一週僅在交際場合喝一次茶。
    2) 客戶因腸躁問題無法參加直播活動。",1
24277235,"1. 家庭關係
    1) 客戶今年60歲，為男性會員。
    2) 客戶有兩個女兒和一個兒子，兒子在東森寵物雲擔任區經理，負責管理物流和家電，工作地點在高雄市區。
    3) 客戶的父母年齡接近90歲。
    4) 客戶的名下財產和房子都在其妻子名下。

2. 健康狀況
    1) 客戶有在吃保健品，包括B群、魚油和甘油，其中甘油是為了保健和養肝。
    2) 客戶表示益生菌還有很多存貨。
    3) 客戶不需要使用榮威進口的魚油產品和牛樟芝產品。

3. 職業背景
    1) 客戶目前從事電商相關工作，有時工作時間較長。
    2) 客戶的理財專員正在處理他的理財事務。

4. 健康食品使用心得
    1) 客戶去年曾購買過綜合B群產品，並提到去年在東森購物買過一個B群，之後就沒有再購買其他商品。
    2) 客戶選擇購買兩盒B群，並選擇貨到付款。
    3) 客戶提到一直有在吃魚油，但具體品牌是由其妻子購買的。
    4) 客戶提到目前還有牛樟芝存貨，但表示不需要使用牛樟芝產品。
    5) 客戶提到甘油是為了保健和養肝。

5. 禁忌
    1) 客戶表示不需要使用榮威進口的魚油產品。
    2) 客戶表示不需要使用牛樟芝產品。",1
24283136,"1. 家庭關係
    1) 無相關資訊提供。

2. 健康狀況
    1) 客戶曾接受過白內障手術，分兩次進行，每次開一隻眼睛。
    2) 手術後視力恢復良好，目前視力清晰。
    3) 客戶有時會定期進行眼科檢查。

3. 職業背景
    1) 無相關資訊提供。

4. 健康食品使用心得
    1) 無相關資訊提供。

5. 禁忌
    1) 無相關資訊提供。",1
24289893,"1. 家庭關係
    1) 客戶有一位先生，曾載她到台南。
    2) 客戶有一位兒子，患有嚴重的痛風問題，並且對她講話變得很客氣，會關心她是否有去看醫生。
    3) 客戶的媳婦認為她有時會亂買東西，並且今天有活動，客戶需要煮飯。
    4) 客戶有一位12歲的孫子，過年時已經比她高。
    5) 客戶有一位姐姐，姐姐每天服用安眠藥，導致無法正常睡覺，客戶考慮購買一台機器幫助姐姐改善睡眠。

2. 健康狀況
    1) 客戶患有糖尿病，空腹血糖每天測量在200多，糖化血色素為8點多，餐前血糖目前穩定在89到90之間。
    2) 客戶的血糖和糖化血色素在未服用西藥的情況下有所下降，但仍需服用糖尿病藥物控制血糖。
    3) 客戶的腎臟曾經不適，導致她一度擔心無法出國。
    4) 客戶的膝蓋曾經很痛，但現在感覺好多了。
    5) 客戶的睡眠狀況有所改善，通常睡眠時間為晚上11點到早上6點。
    6) 客戶的肌肉狀況有所改善，感覺肌肉變得更結實。
    7) 客戶的尿液中曾有泡泡，懷疑是因服用蚓激酶所致。
    8) 客戶曾在肩膀上有一顆硬塊，使用仙人掌進行外敷和內服後，硬塊消失。

3. 職業背景
    1) 客戶曾提到去台南是為了看工地。
    2) 客戶參與了一個宗教團體，並從中學到很多道理。

4. 健康食品使用心得
    1) 客戶曾購買多種保健食品，包括活泉、山苦瓜、乳酸菌、粒線體相關產品、可可產品等，部分產品尚未使用完。
    2) 客戶認為活泉產品對健康有幫助，但因腎臟不適曾停止服用，後來又重新開始服用。
    3) 客戶對降血糖產品沒有信心，因為之前購買的產品使用後無效果。
    4) 客戶曾購買東森的納豆，兒子認為價格昂貴。
    5) 客戶曾購買仙人掌產品，並認為其對健康有幫助，特別是對肩膀硬塊有改善效果。
    6) 客戶購買過永信制藥的保健品，認為其產品不錯。
    7) 客戶家中有乳酸菌產品，使用後感覺效果很好。
    8) 客戶的兒子通過飲用某種產品後，痛風症狀有所緩解。

5. 禁忌
    1) 客戶體質較為虛弱，可能不適合某些保健食品。
    2) 客戶對需要花錢的產品興趣不大。
    3) 客戶不需要購買高價雞蛋，認為價格適中的雞蛋即可。",1
24295656,"1. 家庭關係
    1) 客戶提到她的妹妹也有高血壓問題。
    2) 客戶表示需要兒子幫忙進行匯款，因為自己不會操作。

2. 健康狀況
    1) 客戶提到自己有三高問題，包括血糖、血壓和血脂。
    2) 客戶表示她有高血壓和三酸甘油酯問題。

3. 職業背景
    1) 客戶目前有在上班，從事腸道相關工作，且下班時間為六點。
    2) 客戶提到她最近上班很忙，沒有空查看簡訊。

4. 健康食品使用心得
    1) 客戶表示她沒有吃維他命或相關保健食品，但家裡有好幾盒葉黃素。
    2) 客戶提到家裡目前還有很多保健食品，暫時不需要購買新的魚油產品。
    3) 客戶提到她需要購買鈣片，並偏好顆粒狀的產品。

5. 禁忌
    1) 客戶表示她不喜歡刷卡，通常選擇貨到付款。
    2) 客戶表示她沒有購買葉黃素，也不打算花錢購買相關產品。",1
24312468,"1. 家庭關係
    1) 客戶已婚，太太是護理人員，對於健康和消費有一定的意見，認為客戶有時候會亂花錢。
    2) 客戶的母親曾住在安養院，費用由家中子女分擔，客戶負責管理母親的資金。母親目前已過世。
    3) 客戶有一位妹妹，目前居住在國外。
    4) 客戶的孩子是瘦型體型。

2. 健康狀況
    1) 客戶73歲，體重在65公斤以下，腰圍不超過35寸，屬於瘦型體型。
    2) 客戶血壓在127-130/75-90之間，屬於正常範圍，血糖穩定，無需服用降血糖藥物。
    3) 客戶有胃部問題，如胃潰瘍或胃食道逆流，並有骨頭痠痛的情況。
    4) 客戶不定期進行健康檢查，每三到四個月抽血一次，並有在高雄的中醫院進行保養，服用中藥調理身體。
    5) 客戶的腎臟健康狀況良好，骨骼狀況也很好。

3. 職業背景
    1) 客戶曾在證券公司工作，35歲之前賺錢養家，35歲後結婚。
    2) 客戶曾在大陸學習氣功，並參加過養生團。
    3) 客戶有學習歐美和大陸的線上課程，並提到大陸課程的收費較高。
    4) 客戶曾購買過國內房產，並在大陸煙臺地區購買了一百多平方米的房產。

4. 健康食品使用心得
    1) 客戶吃素，並有使用多種保健品，包括牛樟芝、B群、益生菌、葉黃素、氨基酸、褐藻糖膠等，對部分產品效果滿意。
    2) 客戶目前服用中藥進行調理，主要功能為排毒、解毒及清理血管系統，每月花費約7000元。
    3) 客戶對健康食品的價格敏感，對某些產品的價格感到昂貴，並對優惠價格感興趣。
    4) 客戶曾購買過燕窩、香檳茸、植物肉、漢方活菌等產品，並對未來食物的發展有興趣。
    5) 客戶對幹細胞療法和腎臟健康產品有興趣，但目前不考慮購買。

5. 禁忌
    1) 客戶吃素，不能吃葷食，包括魚肉和魚油。
    2) 客戶不能吃含有龜鹿的產品，並對某些大陸購買的飲品有禁忌。
    3) 客戶不敢吃太多蜂蜜，擔心品質問題。",1
24314488,"1. 家庭關係
    1) 客戶提到家人已經不在了。
    2) 客戶的子女已成年並已經工作。
    3) 客戶曾將購買的面膜送給親朋好友使用。

2. 健康狀況
    1) 客戶的皮膚比較敏感，使用面膜時曾出現泛紅和癢的情況。
    2) 客戶注重保濕、美白和修復的保養需求。
    3) 客戶有進行醫美相關的保養，並在自然美旗艦店做臉部水光課程。

3. 職業背景
    1) 客戶未提及具體職業，但表示最近比較忙，可能要出國回來後再看商品。
    2) 客戶曾出國到日本和韓國。

4. 健康食品使用心得
    1) 客戶對紅棗類產品比較有興趣，並希望用於泡麥片或搭配早餐。
    2) 客戶不喜歡使用喝的或打的保健品，偏好其他形式的產品。

5. 禁忌
    1) 客戶表示暫時不需要面膜或面霜產品。
    2) 客戶習慣使用固定品牌的保養品。
    3) 客戶的皮膚敏感，需避免使用可能引起泛紅和癢的產品。",1
24328097,"1. 家庭關係
    1) 客戶與兒子同住，兒子會為她準備三餐，並幫助她上網查詢相關資訊。
    2) 客戶目前在家裡生活，很少出門買菜。

2. 健康狀況
    1) 客戶患有糖尿病，需控制糖化血色素，目前控制在7點多，曾考慮使用胰島素治療以減少藥物對肝腎的影響。
    2) 客戶有腎臟問題，腎絲球過濾率約24，需每三個月回診檢查腎臟狀況，並定期抽血檢查。
    3) 客戶曾因視網膜病變接受過眼部手術，恢復視力，但有黃斑部病變及白內障手術史。
    4) 客戶有便秘問題，需服用軟便劑改善排便狀況。
    5) 客戶曾因牙齦問題長期服用止痛藥，導致腎臟問題。
    6) 客戶有腎虛問題，並且腳會抽筋。
    7) 客戶的腸胃狀況尚可。

3. 職業背景
    1) 客戶目前不工作，已經好幾年沒有工作。
    2) 客戶平時喜歡看電視新聞，並會看股票。

4. 健康食品使用心得
    1) 客戶曾食用華陀品牌膠囊保健品，但因腎臟問題改為定狀保健品，對保健食品使用非常謹慎，需經醫生確認後才會服用。
    2) 客戶目前服用葉黃素，劑量減少為每天一顆，並有在吃果凍形式的葉黃素，手邊還有一個月的存量。
    3) 客戶固定服用益生菌，但認為效果一般，並已決定購買一組益生菌產品。
    4) 客戶曾購買過紅麴膠囊、華陀龜鹿補品、陳美鳳代言的華陀高鼓勵產品、碧歐斯產品等，並有在服用苦瓜胜肽。
    5) 客戶曾嘗試多種益生菌產品，但認為效果不明顯。
    6) 客戶有服用鈣質補充品，並會持續補充鈣質。
    7) 客戶目前能食用的保養品種類有限，對未曾嘗試過的保健食品需經醫生建議。

5. 禁忌
    1) 客戶不能食用膠囊類保健品、中藥、堅果類、白米飯、五穀米、燕麥片、糙米和紅肉。
    2) 客戶對於喝的龜鹿精的葡萄糖胺飲不感興趣。",1
24339625,"1. 家庭關係
    1) 客戶家中有三人，分別喝不同種類的牛奶。
    2) 客戶的老公已經退休，曾設計過真空裝置，並對某款B群的味道不喜歡。
    3) 客戶的兒子目前住在板橋區，有購屋計劃，目標地區為台北或新北市，曾租住套房，租金為一萬二。客戶希望未來能靠近兒子以便照顧。
    4) 客戶的母親九十多歲，有尿酸問題和腎功能相關狀況，需家人協助安排藥物服用，並有高血壓和行走無力的情況。
    5) 客戶的父母每三個月打一次玻尿酸針，其中一次為健保給付，一次為自費。
    6) 客戶有兩個兄弟，其中一位弟弟在賣山苦瓜茶。
    7) 母親節時，家人會去阿公阿媽那裡聚餐。

2. 健康狀況
    1) 客戶早上會運動，包括慢跑五十分鐘和做健身操，並補充乳清蛋白。
    2) 客戶有補腎需求，並服用多種保健食品如B群、印加果油、葉黃素、鈣片等。
    3) 客戶的先生曾因神經相關問題被醫生開立B群。
    4) 客戶的母親有尿酸問題、腎功能相關狀況及高血壓，並服用養氣人參，效果不錯。

3. 職業背景
    1) 客戶已經退休。
    2) 客戶的老公也已經退休。

4. 健康食品使用心得
    1) 客戶曾購買台塑生醫的保健食品、葉黃素、鈣片、膠原蛋白粉、合利他命B群等，並對膠原蛋白粉的效果（改善皮膚細緻度和保濕）表示滿意。
    2) 客戶服用印加果油和葉黃素，通常在晚餐後服用，並計劃購買六盒B群作為半年用量。
    3) 客戶認為升級版產品含有牛磺酸、維他命B16、維生素A和E，具有舒緩效果。
    4) 客戶的母親服用養氣人參，效果不錯。

5. 禁忌
    1) 客戶沒有在吃魚油。
    2) 客戶的老公不喜歡某款B群的味道。
    3) 客戶詢問人蔘產品是否適合高血壓患者使用。",1
24361098,"1. 家庭關係
    1) 客戶提到家中有先生和兩個兒子，兒子分別就讀國中一年級和三年級。
    2) 客戶的孫子可以食用葉黃素，且孫女即將去住校。
    3) 客戶的母親有白內障，家族中有糖尿病和免疫力相關的健康問題。
    4) 客戶提到家人中有人曾因心臟問題住院開刀，並提到親戚因心臟問題去世。
    5) 客戶提到家人曾有胃癌，並在三年前去世。

2. 健康狀況
    1) 客戶71歲，身體狀況尚可，但有胃食道逆流、胃部不適、絞痛、牙齒有洞、牙床發炎等問題。
    2) 客戶提到自己有三酸甘油酯和膽固醇高的健康問題，並擔心肌少症。
    3) 客戶提到自己容易患消化道癌，並對健康狀況有所擔憂。
    4) 客戶提到自己體內缺失某些物質，並對健康保健食品的效果有所期待。

3. 職業背景
    1) 客戶和家人年紀較大，但仍在經營店鋪。
    2) 客戶提到兒子在店裡幫忙有限，讓她感到辛苦。
    3) 客戶提到自己目前忙碌，並且有學習相關的安排。

4. 健康食品使用心得
    1) 客戶曾使用多種保健食品，包括鴕鳥龜鹿精、玻尿酸、幹細胞產品、葉黃素、氨基酸、磷蝦油、褐藻糖膠、魚油、益生菌等，並對部分產品的效果表示滿意。
    2) 客戶認為鴕鳥龜鹿精對補元氣、骨頭健康、皮膚保養有幫助，且家中有使用此產品的習慣。
    3) 客戶認為玻尿酸對口腔黏膜、牙齦健康及傷口癒合有幫助，並提到糖尿病患者也有使用。
    4) 客戶認為氨基酸有助於改善肌肉萎縮，磷蝦油和魚油有助於清血管和抗發炎，葉黃素對眼睛健康有幫助。
    5) 客戶認為褐藻糖膠有助於減少腫瘤大小，並每天固定食用。
    6) 客戶對益生菌和奇異果酵素產品感興趣，認為益生菌有助於腸胃健康和改善便秘。
    7) 客戶對某款牙膏的效果表示滿意，認為其能有效減少牙齒酸痛。

5. 禁忌
    1) 客戶不喜歡吃太多保健食品，並提到吃某些產品會感到不舒服。
    2) 客戶提到自己吃素，無法吃肉，聞到肉味會感到不適，且對韭菜等特定食物過敏。
    3) 客戶提到自己胃部不適，曾因服用印加果油和龜鹿二仙膠產生不良反應，並停止使用。
    4) 客戶提到醫生建議其先生不要食用保健品，可能與健康狀況相關。",1
24364671,"1. 家庭關係
    1) 客戶有三個小孩，包括兒子和兩個女兒，兒子目前在台灣，女兒住在台南，另一個女兒住在新店，並有小孩。
    2) 客戶的先生已經過世兩年，生前曾在工廠工作，患有癌症並在一周內去世。
    3) 客戶的母親行動不便，需坐輪椅，去世前半年由客戶和妹妹共同負擔相關費用。
    4) 客戶的兒子和媳婦住在大陸，育有三個小孩，媳婦是大陸人，經常往返台灣和大陸。
    5) 客戶的家庭重男輕女，財產多分給兒子，但她私下有分現金給女兒。

2. 健康狀況
    1) 客戶72歲，身高163公分，體重約50公斤，近期體重減少了約5公斤。
    2) 客戶有高血壓，血壓控制在130左右，需長期服用降血壓藥物，並有慢性處方簽。
    3) 客戶有胃食道逆流問題，睡眠品質不佳，偶爾服用安眠藥，並有時喝牛奶助眠。
    4) 客戶的先生曾患青光眼，導致一隻眼睛失明，另一隻眼睛視力退化。
    5) 客戶的女兒有敏感體質，腰部和腳踝曾受傷，需貼貼布。
    6) 客戶的兒子患有糖尿病，另一個兒子有痛風問題。
    7) 客戶的媳婦正在進行人工受孕，並計劃下週進行。
    8) 客戶的母親晚年需服用多顆安眠藥助眠，父親曾有胃出血問題。

3. 職業背景
    1) 客戶已退休，曾從事與數字相關的工作長達三十多年。
    2) 客戶的兒子是業務，負責跑工廠的工作，最近回來幫忙處理事務。
    3) 客戶的女兒是玻璃相關工作的主管，另一個女兒會安排家庭旅遊。
    4) 客戶的家庭曾經經營公司和工廠，目前生意不佳，考慮逐步結束。

4. 健康食品使用心得
    1) 客戶長期服用蚓激酶、紅麴、人參等保健品，並認為褐藻糖膠和幹細胞產品對健康有幫助。
    2) 客戶曾購買果凍型眼睛保健產品、倍護精油、再生產品、葉黃素、燕窩等，對部分產品效果滿意。
    3) 客戶的飲食習慣包括早上吃吐司和降血壓藥，午餐吃牛肉或雞肉，晚上不吃飯只吃水果，並控制糖分攝取。
    4) 客戶的孩子和媳婦也有食用保健食品的習慣。

5. 禁忌
    1) 客戶不吃某些水果，認為會影響健康，並控制糖分攝取，不喝甜飲料。
    2) 客戶不喜歡低腰褲，認為會讓肚子凸出來。
    3) 客戶對過期食材有顧慮，並不喜歡過於滋潤的保健品。
    4) 客戶不太喜歡養動物，尤其是狗，認為照顧麻煩。",1
24373094,"1. 家庭關係
    1) 客戶與家人同住，經常往返兒子家，幫忙煮飯和照顧孫子。
    2) 客戶的兒子在美國，曾幫她購買營養品，並且有養寵物。
    3) 客戶的媳婦有做醫美，效果很好，並且要去台北考察，客戶會幫忙照顧孫女。
    4) 客戶的媽媽年近九十歲，患有糖尿病和白內障，視力模糊，客戶給媽媽使用葉黃素和鱸魚精。
    5) 客戶的先生有攝護腺問題，正在服用茄紅素和松樹皮等抗氧化產品，並因裝支架不能食用魚油。
    6) 客戶的姐姐身體健康，患有糖尿病，使用苦瓜胜肽效果良好。
    7) 客戶的哥哥和嫂子有痛風，因飲食調整後症狀改善。

2. 健康狀況
    1) 客戶曾有更年期貧血問題，現已恢復正常。
    2) 客戶的膽囊已被移除，影響肝臟代謝功能，需定期進行血液檢查。
    3) 客戶有糖尿病遺傳性，健康檢查顯示三酸甘油酯和膽固醇正常。
    4) 客戶近期血小板數值接近最低標準，醫生認為可能是自體免疫力過強。
    5) 客戶有尿道結石問題，並擔心腎臟健康。
    6) 客戶有老花眼問題，並對葉黃素產品感興趣。

3. 職業背景
    1) 客戶目前沒有在上班，但生活忙碌，經常處理家庭事務。
    2) 客戶的兒子是市醫院的顧問，媳婦從事醫美相關工作。

4. 健康食品使用心得
    1) 客戶每天服用多種保健食品，包括幹細胞、萬壽元、全效激酶、魚油、B群、鈣片、葉黃素、褐藻、苦瓜胜肽等，並對幹細胞、苦瓜胜肽等產品效果表示滿意。
    2) 客戶對台塑生醫產品的修復效果感到驚訝，對東森購物產品有興趣。
    3) 客戶每天早上空腹吃幹細胞，飯後服用B群、腎臟益生菌和葡萄糖胺，中午吃魚油和蝦紅素，晚上飯後吃萬壽元和蚓激酶。
    4) 客戶對日本保健食品有偏好，認為品質較好，並對大陸製保健食品持保留態度。
    5) 客戶有購買過萬壽元、華陀全效激酶、紅麴、Q片等產品，對萬壽元產品有疑慮，計劃先食用一段時間。
    6) 客戶每天喝激活再生安瓶，並對其效果表示滿意。

5. 禁忌
    1) 客戶不吃紅肉和牛肉。
    2) 客戶不喜歡甜的食物和白色防曬產品。
    3) 客戶不使用香水，因孫子對香水過敏。
    4) 客戶不吃安眠藥，擔心對腦部影響。
    5) 客戶的先生只相信醫生推薦的產品，不購買電視購物產品，且不食用魚油。",1
24374177,"1. 家庭關係
    1) 客戶未提及具體的家庭成員或關係，但提到她平時都待在家裡，只有有事情才會外出。

2. 健康狀況
    1) 客戶提到她每天會吃一點保健食品，但不會吃太多。
    2) 客戶表示她不吃魚油。
    3) 客戶提到她最近購買了顧肝的保健食品。
    4) 客戶提到她目前在服用固力申益生菌。
    5) 客戶提到她已經65歲，並已經退休。

3. 職業背景
    1) 客戶提到她已經退休，未提及具體職業背景。

4. 健康食品使用心得
    1) 客戶曾購買過宏基品牌的益生菌產品，但目前該產品已下架。
    2) 客戶曾從東森購物購買過百益乳鐵益生菌，並對該產品有需求，希望能再購買一組。
    3) 客戶提到她目前在服用固力申益生菌，並且有很多益生菌，不需要再購買。
    4) 客戶提到她最近購買了顧肝的保健食品。
    5) 客戶提到她上個月購買了韓國的野麥克產品，使用情況還好。
    6) 客戶提到她每天會吃一點保健食品，但不會吃太多。

5. 禁忌
    1) 客戶表示她不考慮購買保健食品，因為她已經有很多保健食品了。
    2) 客戶提到她的保養品還有很多，因此不會再購買新的保養品。
    3) 客戶表示她不使用面膜，因為用不習慣。
    4) 客戶提到她不吃魚油。",1
24393201,"1. 家庭關係
    1) 客戶未婚且沒有小孩。
    2) 客戶的父母年紀較大，母親體力較差，患有白內障和飛蚊症，但控制得不錯，父親願意為她購買東西。
    3) 客戶的父母有在使用保健產品，母親早中晚都會服用某種產品。

2. 健康狀況
    1) 客戶目前身體狀況尚可，但有輕微白內障和乾眼症，尚未開刀。
    2) 客戶體重很輕，僅十幾公斤，並表示自己不胖且不需要減肥產品。
    3) 客戶有掉髮問題，並害怕過敏，因此不敢嘗試某些治療方式。
    4) 客戶不喜歡曬太陽，擔心會長雀斑。
    5) 客戶目前壓力較大。

3. 職業背景
    1) 客戶目前在家上班，屬於責任制工作。
    2) 客戶曾提到自己在公司工作。

4. 健康食品使用心得
    1) 客戶有在使用葉黃素，並認為有效果，且全家人都有在服用。
    2) 客戶有在喝某種紅色飲品，兩天喝一個。
    3) 客戶有在吃維他命D和益生菌，並曾使用過山蔘逆齡產品，覺得不錯用。
    4) 客戶曾購買過燕窩產品，但覺得效果不明顯且價格昂貴。
    5) 客戶曾購買過德國氨基酸產品給家人，但母親覺得味道難以接受，後來就沒再購買。
    6) 客戶對於購買產品的優惠活動有興趣，並詢問葉黃素產品的促銷資訊。
    7) 客戶表示如果某產品沒有效果就不會再喝，且不喜歡一次購買太多保養品。
    8) 客戶有時候會忘記訂購產品，且家中還有一些未使用完的存貨。

5. 禁忌
    1) 客戶家人有糖尿病，專員建議不要喝太多某種飲品。
    2) 客戶害怕過敏，因此不敢嘗試某些治療方式。",1
24393383,"1. 家庭關係
    1) 客戶已婚，與家人同住，育有子女，並有孫子。
    2) 客戶的孩子在國外工作，其中一位孩子即將回台灣服兵役，且成績優異，曾獲得第一名。
    3) 客戶的孫子已上大學，會游泳，並有時與家人一起外出用餐。
    4) 客戶的太太有爬山的習慣，家裡沒有電梯。
    5) 客戶的家庭成員中有三高問題，但家人年紀大且健康狀況良好。
    6) 客戶的家庭有不打麻將的規定。

2. 健康狀況
    1) 客戶有高血壓，早上需服用藥物，血糖控制在正常範圍內但仍需服藥。
    2) 客戶曾進行過手術，裝了定製物，感到不適，並且上週剛做過白內障手術。
    3) 客戶提到有脊椎問題和腎結石，並曾經運動。
    4) 客戶提到有魚尾紋，並提到有人進行過多次手術。
    5) 客戶年紀大，不常出門，且不常進行健康檢查，但每三個月會進行一次健康檢查。

3. 職業背景
    1) 客戶已經退休，並將工廠交由小孩管理。
    2) 客戶的工廠位於中壢，身分證地址在台北。
    3) 客戶的孩子在德國工作，收入為美金。

4. 健康食品使用心得
    1) 客戶有服用加拿大魚油，每天兩顆，並會搭配飲食使用，如拌在青菜上。
    2) 客戶的家人曾送他兩三種魚油產品，家中有很多魚油。
    3) 客戶有使用幹細胞產品，曾一天服用四顆，對其效果有一定認識和興趣。
    4) 客戶曾購買過土龍產品和人蔘產品，但尚未使用或不確定效果。
    5) 客戶曾經購買並食用目魚肚、泰山桂圓黑木耳等健康食品，並常購買華陀朱董的產品。

5. 禁忌
    1) 客戶不打麻將，且家庭中有不打麻將的規定。
    2) 客戶不會去某些餐廳消費。",1
24410054,"1. 家庭關係
    1) 客戶有一位女兒，女兒參加了葡眾，並會幫她準備保健食品，例如葉黃素和B群。
    2) 客戶提到女兒囑咐她不用亂買東西，並已幫她準備了所需物品。
    3) 客戶家中有養寵物。

2. 健康狀況
    1) 客戶目前無明確提及健康問題，但有提到使用保健食品如益生菌、葉黃素和B群。

3. 職業背景
    1) 客戶是一位60歲的女性會員。
    2) 客戶提到已加入東森二十年，並曾購買過東森的內褲。

4. 健康食品使用心得
    1) 客戶目前家中有益生菌、B群和葉黃素的存貨，暫時不需要購買新的。
    2) 客戶提到最近都用點數換購物商品，未再購買其他商品。
    3) 客戶的女兒會幫她準備保健食品，因此她不需要自行購買。

5. 禁忌
    1) 客戶提到她不吃益生菌或葉黃素。
    2) 客戶表示家中已有苦茶油等物品，無需再購買。",1
24410529,"1. 家庭關係
    1) 無相關資訊。

2. 健康狀況
    1) 無相關資訊。

3. 職業背景
    1) 無相關資訊。

4. 健康食品使用心得
    1) 無相關資訊。

5. 禁忌
    1) 客戶表示她都不辦會員卡。",1
24414797,"1. 家庭關係
    1) 客戶目前一個人居住，家中有飼養寵物，包括一隻12歲的狗，並且對寵物的照顧非常用心。
    2) 客戶有七個兄弟姐妹，其中五個是女性，兩個是男性，部分兄弟姐妹已婚並有自己的家庭。
    3) 客戶的妹妹和部分家人目前居住在泰國，其他家人則在台灣。
    4) 客戶提到她有一個小孩與她和先生一起居住，另一個小孩在外地工作。
    5) 客戶提到家中有兩間房子在台北出租。

2. 健康狀況
    1) 客戶目前68歲，曾被診斷為初期心臟衰竭，已裝三支心臟支架，並進行過六次化療，左胸部接受過手術治療。
    2) 客戶有高血壓、糖尿病前期、脂肪肝（已從重度改善為中度）及高血脂問題，並服用相關藥物控制血糖和血壓。
    3) 客戶有膝蓋問題，運動過多會導致膝蓋疼痛，並且需要長期進行復健。
    4) 客戶有腳底筋膜炎和病故外翻的問題，需進行矯正動作。
    5) 客戶定期進行健康檢查，每半年或一年檢查一次，並定期檢查胸部健康狀況。
    6) 客戶已接種流感疫苗和新冠疫苗，並未確診過新冠肺炎。

3. 職業背景
    1) 客戶曾是公務人員，於56歲時退休，目前已退休十年。
    2) 客戶提到她在外面當職工，並提到他們現在有一千五百人。

4. 健康食品使用心得
    1) 客戶有使用多種保健食品，包括幹細胞產品、益生菌、時空膠囊、激活再生安瓶、魚油、褐藻糖膠、葉黃素等，並表示部分產品對健康有改善效果。
    2) 客戶每天早上服用兩顆幹細胞保健品，並感受到身體狀況有所改善。
    3) 客戶每天服用一顆粉紅色的保健食品，與泌尿相關。
    4) 客戶表示她有很多保健品尚未使用完，因此近期不考慮購買新產品。
    5) 客戶對激活再生安瓶產品不太滿意，並拒絕購買相關組合。

5. 禁忌
    1) 客戶不喜歡酸甜口感的食物，對酸的東西不太喜歡。
    2) 客戶不喜歡購買甜的東西，飲食偏淡，對湯品的味道要求較低。
    3) 客戶表示她沒有吃魚油的習慣，但最近開始服用魚油。
    4) 客戶提到她不會購買護腰產品或機能褲，並表示對保養品不太感興趣。",1
24418232,"1. 家庭關係
    1) 客戶的姐姐住在美國，獨居，配偶已過世，三個小孩中有兩個已定居美國。
    2) 客戶提到家族內部因財產分配問題產生爭議，部分房產已被設定抵押，且家族成員中有人在美國投資房產，金額達千萬。
    3) 客戶的父親相信石墨烯材質的產品，並曾使用相關物品。

2. 健康狀況
    1) 客戶有白內障問題，視力逐漸模糊，曾被建議進行手術，但尚未執行。
    2) 客戶心臟曾接受侵入式檢查，並裝了支架以改善心血管問題。
    3) 客戶有高血壓和糖化血色素偏高的問題，並曾因下巴不適進行心電圖檢查。
    4) 客戶有眼睛出血和角膜炎病史，並曾長期佩戴隱形眼鏡。
    5) 客戶提到頭髮因年紀增長變細，膝蓋偶爾感到卡卡，骨密度優於朋友。
    6) 客戶平時飲食清淡，少吃甜食，並有運動習慣，包括跑步和健身房運動。

3. 職業背景
    1) 客戶目前已退休，每月支出約四萬多元，主要用於保健品費用。
    2) 客戶對收藏品和藝術品有興趣，曾參加拍賣會並購買多幅畫作，對收藏品的價值和市場動態有一定了解。
    3) 客戶曾購買房地產和車位並獲利，對投資理財專案有興趣，但目前因財務壓力無法進行高額投資。

4. 健康食品使用心得
    1) 客戶每天服用龜鹿膠囊，認為其效果不錯，並提到頭髮長得較快。
    2) 客戶服用葉黃素改善視力，認為其對視力有幫助。
    3) 客戶服用蚓激酶，認為其有助於血管健康，但因服用抗凝血劑，擔心與魚油同時服用會影響健康。
    4) 客戶曾購買多種保健品，包括B群、玻尿酸、褐藻、葉黃素等，但部分尚未使用或已過期。
    5) 客戶認為保健品需要持續使用才能見效，並提到年輕時保養有助於老年健康。

5. 禁忌
    1) 客戶服用抗凝血劑，對同時服用魚油和蚓激酶有所顧慮。
    2) 客戶提到自己有糖化血色素偏高的問題，需注意飲食和健康管理。",1
24431282,"1. 家庭關係
    1) 客戶有一位女兒，曾在英國讀書，後來回到台灣，目前住在新竹。
    2) 客戶的房子是別墅，面積約100坪，沒有電梯，且有車庫，為了方便照顧自己而設。
    3) 客戶的家人不吃保健食品，導致她購買的保健食品經常過期。

2. 健康狀況
    1) 客戶表示自己沒有三高問題，身體狀況良好。
    2) 客戶最近因腸胃道發炎和發燒，醫生建議暫停食用所有保健品，並認為腸道發炎可能與長期食用過多保健品有關。
    3) 客戶目前已停止食用保健品兩個月，身體狀況有所改善。
    4) 客戶每天中午飯後會運動，認為自己的狀態良好。

3. 職業背景
    1) 客戶提到她在禮拜五需要上課，因此不希望在該日接到電話。

4. 健康食品使用心得
    1) 客戶曾長期食用龜鹿二仙膠，但因太甜且食用過久導致不適，目前已停止食用。
    2) 客戶有在服用益生菌，並表示效果很好，對漢方益生菌特別偏好，曾購買過華陀的漢方益生菌，並有意繼續購買。
    3) 客戶曾購買芝麻明E，認為效果不錯，改善了耳鳴問題，且其丈夫也有服用並覺得有效。
    4) 客戶每天服用鴕鳥精半瓶，表示非常喜歡，目前家中還有六盒存貨。
    5) 客戶每天會吃一顆奇異果，平常有吃堅果，喝黑木耳露，裡面含有枸杞和紅棗。
    6) 客戶曾購買過魚油，但因不適合自己而停止食用。
    7) 客戶對於玻璃瓶裝的保健品攜帶不便，偏好顆粒狀產品。
    8) 客戶不喜歡直接吞服膠囊，會將膠囊拆開後再服用。
    9) 客戶認為同樣的保健品不能吃太多，擔心消化不良。
    10) 客戶對東森購物的產品效果不滿意，考慮更換其他品牌的益生菌。

5. 禁忌
    1) 客戶不吃甜的食物，包括月餅，家人也不吃甜食。
    2) 客戶對山蔘過敏，會導致頭痛，因此不再食用。
    3) 客戶不使用市售保養品和面膜，因為她自己會製作相關產品。
    4) 客戶不喜歡陳美鳳，因此不會購買她代言的產品。
    5) 客戶對於產品的過度包裝感到不滿，認為浪費且不環保。",1
24439668,"1. 家庭關係
    1) 未提及具體家庭成員或關係。

2. 健康狀況
    1) 客戶有血管栓塞問題，但血壓不高，約為130/70。
    2) 客戶有三酸甘油酯偏高的問題，但尚未達到需要服藥的程度。
    3) 客戶睡眠狀況不佳，常在凌晨五點醒來，晚上睡覺時血管有時會收縮。
    4) 客戶膝蓋疼痛有所改善，但全身關節仍有問題，可能因撞擊或尿道問題引發，並曾進行體檢顯示骨密度不足。
    5) 客戶目前沒有大病，認為不需要額外保養品。

3. 職業背景
    1) 客戶目前正在上課，可能有學習相關活動。
    2) 未提及其他職業背景。

4. 健康食品使用心得
    1) 客戶早上空腹服用魚肝油作為保養品，並計劃將某款保健品的服用時間改為中午。
    2) 客戶目前服用顆粒狀的白藜蘆醇，並有時睡前服用益生菌。
    3) 客戶曾購買紅麴產品並表示回購，但認為每包的量太少，希望增加包裝容量。
    4) 客戶長期服用骨頭關節保健品，感覺膝蓋疼痛有所改善。
    5) 客戶可能會使用蟲草產品煮湯，並曾購買高麗蔘，但認為自己體質更適合花旗蔘。
    6) 客戶擁有喝的玻尿酸產品，認為價格昂貴。
    7) 客戶購買了妍美会的激活再生安瓶。

5. 禁忌
    1) 客戶對幹細胞相關資訊感到陌生，並表示不敢嘗試購買。
    2) 客戶對瘦瘦針不清楚，未表達購買意願。
    3) 客戶表示不需要高功能的保暖產品，對於推銷的產品不感興趣，並認為自己的狀況不需要昂貴的產品。
    4) 客戶對風水沒有特別興趣，且消費習慣是只購買自己需要的產品，不會因促銷或點數購買不需要的商品。",1
24446061,"1. 家庭關係
    1) 未提及相關內容。

2. 健康狀況
    1) 客戶目前仍在服用免疫科的藥物，指數已降下來，但醫生建議繼續維持服用。
    2) 客戶通常每三個月進行一次抽血檢查，以了解身體狀況。
    3) 客戶偶爾會有頭痛的情況。

3. 職業背景
    1) 客戶曾去澳洲一段時間，後於去年清潔過後回到台灣。

4. 健康食品使用心得
    1) 客戶曾使用粒線體保健品，早上空腹飲用，並認為其效果不錯。
    2) 客戶目前每天早上服用一顆幹細胞產品。
    3) 客戶曾經服用臺大的幹細胞產品。

5. 禁忌
    1) 未提及相關內容。",1
24446593,"1. 家庭關係
    1) 客戶未提及具體的家庭關係，但提到家裡東西很多，可能與家庭成員的生活習慣有關。

2. 健康狀況
    1) 客戶未提及具體的健康問題，但有使用健康食品的經驗，顯示對健康有一定的關注。

3. 職業背景
    1) 客戶目前有工作，因上班不方便參加活動。
    2) 客戶目前正在上課，顯示其可能在進修或學習新技能。

4. 健康食品使用心得
    1) 客戶之前購買過粒線體產品，並已使用一段時間。
    2) 客戶之前購買過蚓激酶產品，但目前已停止使用。
    3) 客戶對益生菌產品的價格和效果感興趣，但需要進一步考慮。
    4) 客戶購買的保健品數量較多，部分產品因過期未使用。

5. 禁忌
    1) 客戶不想要葉黃素產品，認為不能常吃，也不能吃太多。
    2) 客戶對於面膜的包裝有疑慮，認為一百片的包裝太占位置，且一般人不太可能每天使用。
    3) 客戶對於購買高額保健品有預算考量。",1
24475455,"1. 家庭關係
    1) 客戶有一個32歲的兒子，目前未婚。
    2) 客戶有一個34歲的女兒，目前未婚，現在由女兒代為購物並寄送物品。
    3) 客戶的母親已過世，之前曾為母親購買人蔘。
    4) 客戶與妻子共同生活，家庭收入合計約為八萬多元。

2. 健康狀況
    1) 客戶曾患過腸癌，目前正在接受皮膚科診療。
    2) 客戶有腎臟相關的健康問題。
    3) 客戶擔心保健食品的副作用，認為資訊不明確，且過量食用益生菌可能對健康不利。

3. 職業背景
    1) 客戶未提及具體職業，但提到與妻子合計收入約為八萬多元。
    2) 客戶對藝術品投資持保留態度，認為藝術品不容易變現，且無法負擔高價藝術品。

4. 健康食品使用心得
    1) 客戶喜歡食用妍美会的產品。
    2) 客戶曾購買杏仁粉，並提到曾購買12罐，近期又購買了一組。
    3) 客戶已持續食用日本的合利他命約七八年，認為日本的價格較便宜且品質穩定。

5. 禁忌
    1) 客戶不吃保健食品，認為副作用大且資訊不明確。
    2) 客戶不吃人蔘，認為味道不好且擔心會升火。
    3) 客戶不喜歡花旗蔘產品。
    4) 客戶認為吃太多益生菌可能對健康不利。",1
24494171,"1. 家庭關係
    1) 客戶有兩個兒子，其中一個住在台南，另一個與客戶同住，兒子年齡約22或23歲。
    2) 客戶有一個小孫子在美國，並提到小孫子曾回來探望。
    3) 客戶有一個小孫女，家中有媳婦，媳婦曾購買過昂貴物品。
    4) 客戶的太太曾是老師，且目前需要照顧，客戶經常帶她看醫生。
    5) 客戶的母親曾因癌症服用某產品，感覺有效果。
    6) 客戶的妹妹住在中壢，性格柔和，常與家人聯絡。
    7) 客戶的母親年輕時曾擔任媒人，現年老行動不便。
    8) 客戶家中有養狗和貓，並且有捐贈寵物糧食給流浪動物協會。

2. 健康狀況
    1) 客戶有黃斑部病變、乾眼症、攝護腺癌、高血壓、腎結石、膽結石等健康問題。
    2) 客戶曾摔跤，導致脊椎和頭部受傷，並有牙齒問題，進行過根管治療和牙套修復。
    3) 客戶有血脂問題，血壓曾達到178，平時血壓在130-140之間。
    4) 客戶提到自己有掉髮問題，並考慮使用防掉髮洗髮精。
    5) 客戶提到自己有攝護腺相關健康問題，並進行過切片檢查。
    6) 客戶提到自己有心臟不適，但未進行相關檢查。
    7) 客戶提到自己有乾燥症狀，手腳有時不適。
    8) 客戶提到自己有高保濕需求，認為水分對身體重要。

3. 職業背景
    1) 客戶曾在愛迪達從事研發工作，並在證券公司負責財務操作。
    2) 客戶曾在台中開工廠，並在大陸從事生意，參與應酬和管理公司。
    3) 客戶曾在大學擔任主席，並參與學校活動。
    4) 客戶曾在台塑工作過半年，並在高中畢業後進入工廠工作。
    5) 客戶曾參與直銷活動，並擁有直銷會員資格。

4. 健康食品使用心得
    1) 客戶使用葉黃素、玻尿酸、牛樟芝、氨基酸、益生菌、褐藻糖膠等保健食品，並認為對健康有幫助。
    2) 客戶提到葉黃素飯後服用效果較好，感覺眼睛濕潤。
    3) 客戶曾購買人蔘、燕窩、花旗蔘杏仁粉等產品，並送禮給親友。
    4) 客戶提到白松露產品對癌症有幫助，並每天食用兩包。
    5) 客戶提到魚油對大腦和心血管有幫助，並擁有多種魚油產品。

5. 禁忌
    1) 客戶不喜歡吃或喝保健食品，且不敢亂買或服用過多保健食品。
    2) 客戶提到牙齒不適，飲食以流質食物為主，避免硬食物。
    3) 客戶提到醫生建議暫時避免飛行。
    4) 客戶提到化療可能導致掉頭髮及免疫力下降。",1
24503814,"1. 家庭關係
    1) 客戶家中有四個人，包括兩個小孩和客戶的母親。
    2) 客戶提到女兒與他一起住。
    3) 客戶提到家裡有醫護人員。

2. 健康狀況
    1) 客戶有高血壓、高膽固醇和高血脂的健康問題。
    2) 客戶提到自己的血糖處於邊緣狀態，但目前沒有服用血糖藥物。
    3) 客戶有青光眼、老花眼和散光。
    4) 客戶目前腎臟檢查結果正常。
    5) 客戶目前沒有在服用慢性處方簽藥物。
    6) 客戶提到睡眠品質不佳。

3. 職業背景
    1) 客戶表示他有自己的保養品品牌，並有在服用保養品。
    2) 客戶提到現在很忙，沒有空與專員聊天。

4. 健康食品使用心得
    1) 客戶提到之前有購買過華陀的產品，但對華陀的土龍鴕鳥龜鹿精不感興趣。
    2) 客戶提到之前有與他人一起團購高群產品，並認為高群產品吃起來感覺比較有效。
    3) 客戶表示家中已有心血管保健相關產品。
    4) 客戶表示家裡還有葉黃素，不需要再購買。
    5) 客戶詢問華陀品牌的魚油價格和成分，並提到自己可能考慮購買。
    6) 客戶提到他知道幹細胞產品的存在，但目前對其效果持觀望態度，表示會等其他人使用後再考慮。

5. 禁忌
    1) 客戶表示對保健品和保養品不感興趣。
    2) 客戶表示對小家電、床墊和收藏藝術品沒有興趣。
    3) 客戶提到目前比較不會購買廣告推銷的產品。
    4) 客戶提到現在都不太想買東西了。
    5) 客戶提到家中有足夠的衛生紙，不需要再購買。
    6) 客戶表示對於東森購物提供的商品和服務不感興趣，並認為東森的商品很多來自中國，品質不佳。",1
24507549,"1. 家庭關係
    1) 客戶75歲，與老大及其媳婦住在一起，家中人口眾多。
    2) 客戶的先生曾在結婚後進修並獲得博士學位，客戶在此期間支持他完成學業。
    3) 客戶的兒子和媳婦有自己的養生觀念，媳婦經常幫忙購買保健食品，但有時會使用客戶的產品。
    4) 客戶的兒子和媳婦對某些保健食品持懷疑態度，並建議客戶丟掉不吃的膠囊。

2. 健康狀況
    1) 客戶目前有子宮內膜癌，正在定期追蹤，每三個月抽一次血檢查，醫生建議暫停保健品。
    2) 客戶有高血壓，早上飯後服用降壓藥，並有主動脈瓣膜問題，醫生建議手術。
    3) 客戶手術後有排便和排尿問題，需使用軟便劑和尿管，並進行健康檢查。
    4) 客戶體重58公斤，身高161公分，體脂肪率約30，平時有慢跑和運動習慣。
    5) 客戶感到胸悶，可能與主動脈瓣膜或工作壓力有關。
    6) 客戶有口乾舌燥的情況，可能與年齡相關。

3. 職業背景
    1) 客戶目前仍在工作，經常開會，並忙於翻譯、協作和其他相關工作。
    2) 客戶曾提到自己是團內的零食長，並參與周年慶大會。

4. 健康食品使用心得
    1) 客戶曾購買並使用多種保健食品，包括葉黃素、綠蜂膠、益生菌、龜鹿二仙膠囊、香檳茸、印加果油、魚油等，對部分產品效果滿意。
    2) 客戶對益生菌產品的使用有心得，認為適量食用效果較好，對胃不適有幫助。
    3) 客戶對於紅棗、葡萄乾等健康食品有需求，並偏好無糖產品。
    4) 客戶對於保健食品的保存期限和成分有疑慮，特別是擔心與西藥的相互作用。
    5) 客戶對於陳月卿代言的產品有信任，但擔心仿冒品，建議從官方渠道購買。

5. 禁忌
    1) 客戶對於保健食品的重複使用和過量食用表示擔憂，並擔心某些產品可能含有荷爾蒙成分。
    2) 客戶的醫生建議暫停所有保健品，避免影響癌細胞或與處方藥物相互作用。
    3) 客戶不敢隨便食用新產品，對直銷產品和含有雌激素的燕窩產品持懷疑態度。
    4) 客戶的先生對保健食品品牌挑剔，並對某些保健食品持懷疑態度。
    5) 客戶不喜歡電子票券，認為容易過期，導致浪費。",1
24508551,"1. 家庭關係
    1) 客戶家中有姐姐和媽媽一起居住。
    2) 客戶提到有一個女兒，並表示女兒缺鐵且腸胃較不好。
    3) 客戶提到妹妹明年將成年。
    4) 客戶已購買松江路的一處房產，作為子女未來的居住安排。

2. 健康狀況
    1) 客戶最近進行了心臟手術，手術後第二天已經出院，但傷口尚未完全恢復，需休息一個月後才能進行高爾夫運動。
    2) 客戶有進行健康檢查，醫生建議進行處理，因為流通率已經塞到七成。
    3) 客戶提到最近有看醫生，醫生建議健康食品先不要吃。
    4) 客戶有服用抗凝血劑，需與蚓激酶隔一小時服用。
    5) 客戶提到蚓激酶對她來說效果有限，僅有些微效果。
    6) 客戶表示目前沒有在服用醫生開的藥。

3. 職業背景
    1) 客戶目前在公司忙碌，並提到公司股票內部員工購買價格為40元，外部市場價格已達200元，且目前持有約600張股票，目標是累積至1000張。
    2) 客戶投資了一個位於雲南野生動物保護區旁的燕窩工廠。
    3) 客戶提到股票預計在2027年底上市，並希望在股票上市後退休，轉向休閒產業，可能在新北市從事相關工作。
    4) 客戶曾參加賽車比賽並拿過冠軍，目前擁有一台台灣僅有75台的限量版車款。

4. 健康食品使用心得
    1) 客戶購買了氨基酸產品和龜苓膏，表示會自己食用。
    2) 客戶曾購買過即食燕窩產品，並決定購買金箔即食燕窩產品，使用東森幣折抵，且已確認收到產品。
    3) 客戶每天睡前服用蚓激酶保健食品，但認為效果有限。
    4) 客戶表示保健食品的效果通常需要信任才能持續服用。

5. 禁忌
    1) 客戶提到醫生建議健康食品先不要吃。
    2) 客戶表示不希望因購買商品而產生壓力。
    3) 客戶對宗教相關產品、景泰藍作品及收藏品不感興趣。
    4) 客戶不喜歡濃醇風格的設計及玉山的雨傘設計。
    5) 客戶不適合使用長榮航空的信用卡累積里程。
    6) 客戶提到如果有長輩在場，不希望討論商品價格。",1
24515748,"1. 家庭關係
    1) 客戶有一位已過世的父親，曾全心全意照顧父親三年。
    2) 客戶與女兒同住，女兒已婚且有一對雙胞胎，孫子目前約七八個月大，客戶平時會幫忙照顧孫子。
    3) 客戶的兒子已婚並搬出去住。
    4) 客戶的妹妹從國外回來，與她同住並幫忙處理家務。
    5) 客戶的家人中有人吃素，有些人不相信醫學和科學機制，且不願意接受魚油等保健品。

2. 健康狀況
    1) 客戶有頸椎壓迫、骨質疏鬆、脊椎側彎、胃食道逆流、腸胃不適、乾眼症、老花眼、紫外線過敏、喉嚨發炎等健康問題。
    2) 客戶有地中海型貧血，並擔心老年痴呆和帕金森症。
    3) 客戶曾因舊傷開過刀，導致肌肉僵硬和萎縮，並有腸粘連問題。
    4) 客戶經常進行復健，每週固定一次，並有手部不適和發炎問題。
    5) 客戶對心血管健康關注，定期進行健康檢查，特別是大腸鏡檢查。

3. 職業背景
    1) 客戶曾在醫院擔任護士和管理階層，後來因工作時間長和家庭原因選擇離職。
    2) 客戶曾在安利工作，並有不錯的業績表現。
    3) 客戶是一名退休公務員，月收入穩定在三萬元，退休後每月開銷約五到六萬元。

4. 健康食品使用心得
    1) 客戶重視健康管理，使用多種保健品，包括氨基酸、蛋白素、魚油、益生菌、膠原蛋白、葉黃素、薑黃素、褐藻糖膠等，並認為這些產品對健康有幫助。
    2) 客戶每天早上空腹喝五cc油，並飲用安利蛋白素和紅石榴飲品。
    3) 客戶對於保健品的成分和來源有關注，偏好天然產品，對化學成分持保留態度。
    4) 客戶對於健康產品的價格敏感，會考慮性價比，並對折扣和優惠活動有興趣。

5. 禁忌
    1) 客戶不喝牛奶，因為會感到不適，且多年未喝牛奶。
    2) 客戶不吃便宜的湯圓和仁慈，並對膠囊使用過多食用色素表示不滿。
    3) 客戶對於冷飲和涼感食物無法接受，偏好喝溫水或熱飲。
    4) 客戶對牛肉和雞肉有過敏反應，並避免食用過敏源。
    5) 客戶不吃魚油，因為吃素，並對葵花油持保留態度。",1
24524587,"1. 家庭關係
    1) 客戶有一位先生，先生患有三高，且不使用信用卡，財務由客戶管理。
    2) 客戶有兩個兒子，其中一個兒子三十多歲，已成家並育有兩個孩子，另一個兒子十六歲。
    3) 客戶的兒子在台灣經營事業，擁有專利產品，並曾購買房產轉售獲利，且有房貸壓力。
    4) 客戶的媳婦有過敏體質，容易出現皮膚問題，並需照顧小孩。
    5) 客戶的母親曾患肝硬化並因肝癌去世，家族有肝癌遺傳史。
    6) 客戶家中養有兩隻貓和一隻狗，其中一隻貓已經16歲，另一隻貓18歲時自然死亡。

2. 健康狀況
    1) 客戶的先生有三高，家庭不打疫苗，注重自然健康的生活方式。
    2) 客戶的眼睛狀況良好，但服用葉黃素未感受到特別效果。
    3) 客戶曾出現手掌泛黃情況，後來透過益生菌改善。
    4) 客戶每天喝粒線體保健品，改善了睡眠品質。
    5) 客戶的兒子曾因神經活躍晚上頻繁起夜，後來透過服用蜂膠改善。

3. 職業背景
    1) 客戶目前64歲，已退休，但仍幫助兒子處理事業相關事務。
    2) 客戶的兒子在國家認證的實驗室工作，負責食品化驗。
    3) 客戶曾接觸直銷和各種保健品，並有投資股票和ETF的經驗，投資策略以穩健為主，追求被動收入。

4. 健康食品使用心得
    1) 客戶有服用葉黃素、褐藻糖膠、益生菌、靈芝王、葡萄糖胺、粒線體保健品等，部分產品效果顯著。
    2) 客戶曾購買燕窩、珍珠粉、六味地黃丸等，並偏好中藥，認為六味地黃丸效果顯著。
    3) 客戶會根據建議量服用保健食品，並逐漸減量。
    4) 客戶曾購買保健品和美容產品，包括遠紅外線產品、胜肽產品、養生茶等。

5. 禁忌
    1) 客戶家庭不打疫苗，認為疫苗是由病毒製成。
    2) 客戶家人不吃藥，注重天然食物的攝取。
    3) 客戶不喜歡做臉或按摩，因為不習慣被人接觸。",1
24536623,"1. 家庭關係
    1) 客戶有一位兒子，兒子已婚並與媳婦住在外面，經常幫助處理購物和帳號相關事宜，但客戶對其生活態度和理財方式感到不滿。
    2) 客戶的媽媽年逾八十，健康狀況一般，需定期服藥，偶爾需要灌腸和幫助進食，並有失智症和吞嚥困難的情況。
    3) 客戶的婆婆健康狀況不佳，患有心室肥大、肺積水和心臟衰竭，住在安養院，需使用尿片和尿褲，並接受鼻胃管進食。
    4) 客戶的哥哥經濟狀況不佳，妻子和女兒花費過多，導致家庭財務困難，哥哥有洗腎需求並曾接受脊椎手術。
    5) 客戶的姐姐有高血壓和糖尿病，長期服用相關藥物和保健食品，並有霉菌感染問題。
    6) 客戶的家庭成員之間有經濟支持，但對金錢使用有明確規範。

2. 健康狀況
    1) 客戶健康狀況良好，無慢性病，但有老花眼，對醫院有恐懼感，未進行定期健康檢查。
    2) 客戶的媽媽健康狀況一般，心臟退化，偶爾有高血壓和暈倒情況，曾摔倒但未就醫，現在主要依靠益生菌和保健食品維持健康。
    3) 客戶的婆婆健康狀況不佳，器官老化，需特別照顧，曾住院並接受搶救，現狀況稍有改善。
    4) 客戶的父親心臟功能僅剩22%，需洗腎並使用鼻胃管進食。
    5) 客戶的哥哥有糖尿病，需洗腎，曾接受脊椎手術，並考慮使用保健食品輔助健康。

3. 職業背景
    1) 客戶目前未上班，曾提到不建議合夥做生意，認為容易出問題。
    2) 客戶的兒子工作不穩定，經常換工作，對工作態度不夠認真。

4. 健康食品使用心得
    1) 客戶購買並使用多種保健食品，包括益生菌、氨基酸、白藜蘆醇、Q肽等，對產品效果有一定滿意度，但對價格有所不滿。
    2) 客戶的媽媽和婆婆對保健食品接受度不高，認為某些產品味道濃郁或酸，影響食用意願。
    3) 客戶的姐姐和姐夫也有使用保健食品，姐姐感覺服用鹿胎盤產品後有活力。
    4) 客戶的哥哥考慮使用氨基酸和香檳茸，認為對洗腎後的恢復有幫助。

5. 禁忌
    1) 客戶的婆婆無法飲用蜀葵，需與高血壓藥隔四小時服用氨基酸。
    2) 客戶的父親因心臟功能問題，醫生建議不要隨便使用保健食品。
    3) 客戶對於某些保健食品持謹慎態度，會先詢問醫生意見。
    4) 客戶不喜歡油膩食物和麻煩的商品，並避免食用會導致拉肚子的食物。",1
24543201,"1. 家庭關係
    1) 未提及具體家庭關係。

2. 健康狀況
    1) 客戶提到她的排便情況不見得每天都正常。
    2) 客戶表示她全身過敏，從臉開始紅到手臂、胸部，並逐漸往下延伸。
    3) 客戶提到她有在服用慢性疾病的藥物。
    4) 客戶曾在空腹食用苦瓜後出現蕁麻疹反應。
    5) 客戶提到她已經很瘦，不需要瘦身產品。

3. 職業背景
    1) 未提及具體職業背景。

4. 健康食品使用心得
    1) 客戶曾購買過多次益生菌產品，包括華陀的氏菌體益生菌和吃脂肪的益生菌，並表示效果不錯，但目前家中還有很多盒未吃完。
    2) 客戶每天早上空腹服用一顆藍瓶保健食品，並在睡前也有服用。
    3) 客戶曾購買過瘦身產品，但主要是為了排便需求，而非瘦身。
    4) 客戶曾食用過美白產品，未出現不良反應。
    5) 客戶對幹細胞產品的價格和效果感興趣，並表示會上網查看相關資訊。
    6) 客戶對縮小毛孔的產品感興趣，並提到目前使用便宜的面膜，覺得效果不錯。
    7) 客戶提到她使用的是專櫃的保養品。

5. 禁忌
    1) 客戶不想花太多錢，並表示最近手頭比較緊，暫時不想購買任何東西。
    2) 客戶提到她的保健品尚未吃完，暫時不需要購買新的產品。
    3) 客戶對於年費十萬元的會員服務興趣不大。
    4) 客戶在空腹食用苦瓜後曾出現蕁麻疹反應，可能對苦瓜過敏。",1
24572313,"1. 家庭關係
    1) 客戶有兩個孩子，其中一個22歲，另一個42歲。
    2) 客戶提到擔心未來會花光錢。
    3) 客戶的妹妹曾購買甘慄產品和東森活泉精華膠囊，部分產品交給客戶。

2. 健康狀況
    1) 客戶有高血壓、高血脂，血壓曾高達170，伴隨水腫問題，需服用相關藥物。
    2) 客戶腎功能不佳，曾因健康問題住院，腎臟發炎，肝臟代謝功能也需注意。
    3) 客戶有慢性過敏體質，皮膚容易過敏，手臂和頭皮癢，鼻翼和臉部乾癢，皮膚容易紅腫過敏且修復期較長。
    4) 客戶因免疫力問題服用類固醇，導致骨質疏鬆，並曾因壓迫性骨折導致脊椎神經發炎，後進行PRP修護。
    5) 客戶有退化性關節炎，走路多了膝蓋會痛，腳以前容易冰冷，近期感覺循環改善。
    6) 客戶每天早上起床時會疼痛，需一小時緩解，活動後疼痛有所減輕。
    7) 客戶心血管功能不佳，需服用藥物。
    8) 客戶有白頭髮且不染髮，皮膚有老人斑。
    9) 客戶目前使用高壓氧倉進行保養，每週使用兩次。

3. 職業背景
    1) 客戶已經不上班，並表示不希望給自己壓力。
    2) 客戶提到她的理專曾建議她購買微軟股票，並認為短期內應該沒有問題。

4. 健康食品使用心得
    1) 客戶每天飲用粒線體產品，但覺得味道太甜，且不加水稀釋，已喝完一盒，表示目前不想繼續購買。
    2) 客戶有服用某款紅色保健品，每天早上搭配300cc的水飲用，並觀察其效果。
    3) 客戶曾使用葡萄王健康食品，並有在服用銀保善存女性綜合維他命。
    4) 客戶給子女補充維他命，因子女常吃外食導致營養不均衡。
    5) 客戶對萬歲牌堅果和小魚干產品有興趣。
    6) 客戶認為甘慄產品方便攜帶，適合出門時使用。

5. 禁忌
    1) 客戶不吃人蔘，因醫生建議免疫力太強不適合食用。
    2) 客戶不希望增加保健食品，因已有很多未使用的產品，且不希望增加肝腎負擔。
    3) 客戶目前身體狀況不允許隨便吃東西，需避免增加心臟負擔。",1
24612139,"1. 家庭關係
    1) 客戶與家人同住。
    2) 客戶每個月回家一次。
    3) 客戶的太太積極關注家庭健康，經常購買健康食品，如葉黃素、山苦瓜、玻尿酸等，並有意為小朋友購買葉黃素和益生菌。

2. 健康狀況
    1) 客戶每兩年進行一次健康檢查。
    2) 客戶有服用三高的藥物，並曾購買顧血管相關產品。
    3) 客戶曾購買蚓激酶產品，可能與健康需求相關。

3. 職業背景
    1) 客戶每月開銷約五萬元，顯示其經濟狀況穩定。
    2) 客戶對付費演唱會和團體演出不感興趣。

4. 健康食品使用心得
    1) 客戶及其太太對健康食品有一定需求，曾購買葉黃素、山苦瓜、蚓激酶等產品。
    2) 客戶的太太對葉黃素、玻尿酸、益生菌等產品有購買意向，並曾使用東森幣折抵購買葉黃素。

5. 禁忌
    1) 客戶對付費演唱會和團體演出不感興趣。
    2) 客戶家中未養寵物。",1
24624665,"1. 家庭關係
    1) 無相關資訊。

2. 健康狀況
    1) 無相關資訊。

3. 職業背景
    1) 無相關資訊。

4. 健康食品使用心得
    1) 客戶平時有購買益生菌。
    2) 客戶對健康食品沒有興趣。

5. 禁忌
    1) 客戶目前沒有購買的意願。
    2) 客戶目前忙碌，無法立即回覆專員的提案。",1
24639110,"1. 家庭關係
    1) 客戶與先生、兒子同住，家中有四個人，兒子有腸躁症，早上常肚子痛，尤其在上學或有事情時會發作。
    2) 客戶的先生曾經購買保健食品，並有膽固醇高的問題。
    3) 客戶的女兒有抽菸習慣，常被女兒的老公責備。
    4) 客戶的先生的二哥和他的兒子在成都從事創業活動。
    5) 客戶提到家中有老人，可能會聽到對話。

2. 健康狀況
    1) 客戶提到脖子有細紋，懷疑與保健食品有關。
    2) 客戶的鼻子問題改善，感覺通了。
    3) 客戶以前有抽筋問題，現在很少發生。
    4) 客戶的體重在二三十歲時為48公斤，現在褲頭變緊，可能與飲食有關。
    5) 客戶的先生有膝蓋問題，曾使用骨關節產品。

3. 職業背景
    1) 客戶目前已退休，過去曾經營藥局。
    2) 客戶提到她的老闆是國民黨支持者，家人多數支持民進黨。
    3) 客戶對政治話題有一定看法，關注健保政策和財務管理。

4. 健康食品使用心得
    1) 客戶和兒子每天服用葉黃素，認為效果不錯，但已兩年未購買新產品。
    2) 客戶曾購買並食用蚓激酶、褐藻、芝麻糊、甘慄仁、幹細胞、益生菌等產品，對部分產品效果滿意。
    3) 客戶認為蚓激酶對血管健康有幫助，尤其對體脂肪較高者。
    4) 客戶對某些產品價格感到昂貴，並對部分產品效果表示懷疑。
    5) 客戶的先生使用葡眾產品，兒子也服用保健食品，但未分開食用。

5. 禁忌
    1) 客戶對紅麴類產品有擔憂，因塑化劑事件影響。
    2) 客戶不喜歡使用面膜，收到面膜會送人。
    3) 客戶不吃魚油，先生也不願意購買。
    4) 客戶不習慣吃燕窩，對某些保養品使用感受不佳。
    5) 客戶對某些產品無感，並表示不會再購買。",1
24641462,"1. 家庭關係
    1) 家中有三位老人需要照顧，包括中風的母親（腦出血導致，已中風20年）、退化三年的姑姑（無法自理生活），以及一位因車禍導致脊椎粉碎性骨折的親人。
    2) 母親和姑姑有便秘問題，家中有小孩即將升上國中。
    3) 客戶的母親是南投人，客戶自己也是南投人，後來搬到台北。
    4) 客戶的太太中風，行動不便，家中目前有兩人，並正在處理房產事宜。
    5) 客戶有一位乾兒子，會接待她出遊。

2. 健康狀況
    1) 客戶73歲，認為自己看起來比同齡人年輕，但提到年紀大了，消化和吸收能力變差。
    2) 客戶曾因攝護腺肥大開過兩次刀，最近一次手術使用雷射技術，術後曾感染附睪丸炎，持續了一年。
    3) 客戶血糖很高，需服用降血糖藥物。
    4) 客戶家族有遺傳性疾病，對此感到擔心。

3. 職業背景
    1) 客戶曾在百貨公司行銷策劃部門工作，負責商品促銷和活動規劃。
    2) 客戶曾經開過咖啡店，對咖啡有一定程度的了解，並對咖啡有興趣，目前每天飲用一到三杯咖啡。

4. 健康食品使用心得
    1) 客戶目前服用多種健康食品，包括花旗蔘、三多利的芝麻明E、魚油、維生素B群、葉黃素等，並認為花旗蔘和B群效果很好。
    2) 客戶曾試過華陀的龜鹿二仙膠和人蔘，但效果不佳，改為服用花旗蔘，並認為更適合自己。
    3) 客戶認為魚油對健康有幫助，並計劃嘗試搭配維他命E。
    4) 客戶提到家中有三人一起服用B群，且用量較大。
    5) 客戶曾使用幹細胞等級的面膜，認為價格昂貴。
    6) 客戶對綠蜂膠的葉黃素和華陀的果凍產品進行過成分比較，認為妍美会的綠蜂膠含量較高，效果更好。

5. 禁忌
    1) 客戶擔心紅參濃度過高可能引發過敏，且不喜歡紅參的味道，偏好韓國製作的茶包。
    2) 客戶曾試過華陀的龜鹿二仙膠，但感覺不適，已停止使用。",1
24645394,"1. 家庭關係
    1) 未提及具體家庭關係。

2. 健康狀況
    1) 客戶有高血壓，並有服用高血壓藥。
    2) 客戶有白頭髮。
    3) 客戶有睡眠問題，睡眠質量不佳，但未服用安眠藥。
    4) 客戶提到眼睛不會酸澀，可能與保健品使用有關。

3. 職業背景
    1) 客戶目前有工作，且工作繁忙。
    2) 客戶在工作時不方便接收資訊。

4. 健康食品使用心得
    1) 客戶購買過多種保健品，包括挺立鈣、綜合B群、銀保善存、和力他命的B群、台塑生醫的B群等。
    2) 客戶目前還有一罐B群尚未吃完，和力他命的B群產品也未吃完。
    3) 客戶曾購買過鈣片，並再次購買了兩組挺立鈣。
    4) 客戶提到保健品主要用於幫助睡眠和關節保養。
    5) 客戶不再服用葉黃素，因為其他保健品已改善眼睛酸澀問題。
    6) 客戶不使用維生素C發泡錠。
    7) 客戶對脂肪益生菌有聽聞，但未提及使用經驗。
    8) 客戶表示需要用完現有產品後才會考慮購買新產品，避免浪費。

5. 禁忌
    1) 客戶不使用維生素C發泡錠。
    2) 客戶目前不服用安眠藥。",1
24646031,"1. 家庭關係
    1) 無相關資訊提及。

2. 健康狀況
    1) 客戶表示目前身體狀況已有所改善。
    2) 客戶正在學習多喝水和少吃一點來維持健康。
    3) 客戶不想吃太多藥，選擇透過運動來保持健康。

3. 職業背景
    1) 無相關資訊提及。

4. 健康食品使用心得
    1) 客戶曾經購買過漢方益生菌，但目前已經停止食用。
    2) 客戶曾購買過華陀益生菌和葉黃素產品。
    3) 客戶有使用維骨力。
    4) 客戶提到已購買了足夠的健康產品，但部分產品尚未拆封。

5. 禁忌
    1) 客戶不敢看雙十一的促銷活動，因為擔心會花錢。",1
24663719,"1. 家庭關係
    1) 未提及具體家庭成員或關係。

2. 健康狀況
    1) 客戶為69歲男性，未提及具體健康狀況。

3. 職業背景
    1) 未提及具體職業背景。

4. 健康食品使用心得
    1) 未提及健康食品使用心得。

5. 禁忌
    1) 未提及具體禁忌。",1
24664045,"1. 家庭關係
    1) 未提及相關內容。

2. 健康狀況
    1) 未提及相關內容。

3. 職業背景
    1) 未提及相關內容。

4. 健康食品使用心得
    1) 客戶表示不瞭解東森的產品「眼睛不老丹」。
    2) 客戶詢問東森的網路上是否有相關產品訊息。

5. 禁忌
    1) 客戶未提及任何健康食品的使用禁忌。",1
24670163,"1. 家庭關係
    1) 未提及具體家庭關係。

2. 健康狀況
    1) 未提及具體健康狀況。

3. 職業背景
    1) 未提及具體職業背景。

4. 健康食品使用心得
    1) 未提及健康食品使用心得。

5. 禁忌
    1) 客戶認為距離專員提到的地點太遠，前往不方便。",1
24676116,"1. 家庭關係
    1) 未提及具體家庭成員或關係。

2. 健康狀況
    1) 客戶66歲，男性，身體狀況尚可，但有胃部不適、胃潰瘍、胃發炎、胃脹氣、腸胃炎、胃食道逆流等問題，並懷疑有幽門螺旋桿菌感染。
    2) 客戶有B肝帶原，肝指數穩定，並有肝臟纖維化問題。
    3) 客戶有骨質疏鬆症，骨密度為-2.6，並有腰椎退化問題。
    4) 客戶有攝護腺問題，計劃進行檢查。
    5) 客戶有乳腺增生問題，醫生建議觀察。
    6) 客戶提到腎臟功能退化是年齡增長的自然現象。
    7) 客戶有肺部纖維化問題，並有抽菸習慣。
    8) 客戶生活作息不規律，通常凌晨三四點才睡，記憶力明顯衰退。
    9) 客戶每三年進行一次全身健康檢查，最近也進行了健康檢查，結果無大異常。
    10) 客戶每天步行兩小時，並有胰島素分泌問題與血糖相關。

3. 職業背景
    1) 客戶目前處於退休狀態。
    2) 客戶考慮在未來五年內購買房產或進行投資。

4. 健康食品使用心得
    1) 客戶長期服用人蔘，已有20年經驗，認為人蔘對胃無負擔且不會造成燥熱，早上服用後精神充沛，持續到晚上才感到疲倦。
    2) 客戶主要服用龜鹿二仙膠，認為其含有膠原蛋白，對肺部健康有幫助，但夏天食用可能會燥熱。
    3) 客戶有服用益生菌（梳維康），但對其效果不確定。
    4) 客戶有服用鈣鎂和鈣加第三，主要為改善骨質疏鬆。
    5) 客戶曾服用幹細胞產品，認為其有助於免疫力和青春活力，但因價格昂貴且效果不明顯，目前已停止使用。
    6) 客戶對葉黃素、白藜蘆醇、褐藻、燕窩等產品有興趣，並有使用經驗。
    7) 客戶曾服用多種保健食品，包括高蛋白、氨基酸、保胃康、正幹著能肽等，並對某些產品效果存疑。
    8) 客戶認為健康食品應根據身體狀況調整攝取量，並在症狀時增加劑量。
    9) 客戶對華陀品牌產品有疑慮，認為其種類繁多且有些混亂。

5. 禁忌
    1) 客戶因胃部不適，減少了其他保健食品的攝取，主要服用對胃有幫助的產品。
    2) 客戶不常吃甜食，認為維生素C不宜空腹食用，且目前不吃任何維他命產品。
    3) 客戶不敢吃龜鹿產品，認為夏天食用會燥熱。
    4) 客戶不做臉部SPA按摩，也不敷面膜，認為保濕可通過其他方式進行。
    5) 客戶目前不需要玻尿酸產品，因為朋友還有存貨。",1
24685744,"1. 家庭關係
    1) 客戶有一個兒子和一個女兒，女兒和女婿住在家中，女婿隔天來一次，孩子由客戶幫忙照顧。
    2) 客戶有一個小寶寶需要照顧，還有一個孫子。
    3) 客戶的兒子因工作和學業繁忙，經常感到疲累，且有高血壓。
    4) 客戶的女兒目前在家中住，曾在產假期間領取薪水，現在已經開始上班。

2. 健康狀況
    1) 客戶頭皮容易出油，對洗髮精有特定需求，目前使用女兒購買的洗髮精，效果不錯。
    2) 客戶有時候會感冒，並已看醫生。
    3) 客戶有時候會忘記喝水或保健品，且不常使用保健食品。
    4) 客戶有時候會去運動，送孩子時會走路，偶爾開車接送孩子。

3. 職業背景
    1) 客戶大部分時間在外營業。
    2) 客戶表示目前很少出門，過去常出國旅遊，但現在因為有小孩需要照顧，出國需提前安排。

4. 健康食品使用心得
    1) 客戶曾購買過口服玻尿酸產品，對其效果表示滿意，但第二盒尚未開封。
    2) 客戶對淡斑和美白產品有興趣，覺得之前使用的產品效果不錯，但有時會忘記使用。
    3) 客戶對粒線體療法產品和褐藻糖膠產品有興趣，但使用不頻繁。
    4) 客戶目前食用日本的保健品，暫時不需要其他品牌的B群。
    5) 客戶最近購買的青春露效果不錯，臉色變亮，黃褐斑變淡，但對眼霜效果不滿意。
    6) 客戶曾購買過當代餐用的產品。

5. 禁忌
    1) 客戶不喝人蔘和燕窩類產品，對有藥性成分的產品持謹慎態度，認為不能隨便給兒子食用。
    2) 客戶不喜歡有重味道的產品，偏好無味或味道較淡的產品。
    3) 客戶的女兒不建議她頻繁使用染髮產品，認為偶爾使用即可。
    4) 客戶對於台灣製的產品不太敢使用，認為有些廣告和實際產品不一致。
    5) 客戶不喜歡橘子工坊的產品，曾經使用過但不喜歡。",1
24693647,"1. 家庭關係
    1) 客戶的老公負責處理家裡的飲品，並且通常白天不在家，下午較能配合收貨。
    2) 客戶有小孩，且小孩年紀尚小。
    3) 客戶的母親有時會感到不適。
    4) 客戶會與老公溝通相關事宜。

2. 健康狀況
    1) 客戶患有乳癌，並在健康檢查中發現病情，目前正在住院，明天將進行手術。
    2) 客戶的肝指數不正常，醫生建議暫時停止服用某些保健品，並開立保肝藥給她服用。
    3) 客戶提到體力和肝臟有問題，醫生建議她調整生活作息，目前她正在調整作息。
    4) 客戶有時候睡眠不好，最近喉嚨不舒服，偶爾會咳嗽。
    5) 客戶裝了人工血管，因此需要穿較軟的衣物。
    6) 客戶每年安排健康檢查，並由公司提供相關服務。

3. 職業背景
    1) 客戶目前沒有上班，但有提到她正在做微商。
    2) 客戶提到她住院期間仍出席了兩天工作，並表示今天有上班。
    3) 客戶提到假日需要上課，且晚一點也有課程。
    4) 客戶表示她的個人每月開銷超過兩萬五千元，包含房貸還款。

4. 健康食品使用心得
    1) 客戶曾購買過多種保健食品，包括萬歲牌堅果、荔枝產品、葉黃素果凍、紅色膠囊、粉紅色微米提膠囊、顧眼睛的保健產品等。
    2) 客戶表示她有時候會因為保健食品太多而吃到過期，並且最近丟掉了很多保健食品，暫時不再購買新的。
    3) 客戶提到她平常喝保健食品時會加熱水飲用，並考慮將保健食品作為送禮用途。
    4) 客戶曾使用過美白C安瓶，並表示效果不錯，且使用方式方便。
    5) 客戶表示她很少服用保健品，並不確定是否有身體上的改變。

5. 禁忌
    1) 客戶吃素，因此適合的商品有限，並偏好全素產品。
    2) 客戶的飲食禁忌包括不可以食用大豆異黃酮。
    3) 醫生建議客戶暫時不要服用保健品，因為可能會影響肝指數。",1
24696313,"1. 家庭關係
    1) 客戶目前獨居，住在雙河，兒子住在土城，女兒曾在輔仁大學就讀大眾傳播相關科系。
    2) 客戶的兒子是執行長，經常出差，曾在泰國出差時無法及時趕回來，但也會接送她並陪伴她，幫她慶祝80歲生日。
    3) 客戶的先生有退休金，金額約三萬到五萬元，家中房子已經給了兒子。
    4) 客戶的妹妹曾送她幹細胞產品和鈣片，妹妹也曾因白內障開刀。

2. 健康狀況
    1) 客戶目前81歲，體重不到60公斤，身材保持良好，但有乾眼症、膝蓋問題、肌少症、肝發炎、支氣管炎發炎及高血壓等健康問題。
    2) 客戶有心臟問題，需定期服用心臟藥和高血壓藥，並曾因肺部血管堵塞住院十天。
    3) 客戶的血壓正常，但仍感到頭暈，醫生建議每天量血壓，並需終身服用抗凝血劑。
    4) 客戶的睡眠狀況不佳，需依靠精神科開的放鬆藥物入睡。
    5) 客戶有膝蓋問題，天氣冷時會不適，並正在進行復健治療。
    6) 客戶有肌少症，目前情況有所改善，並參加社區肌耐力活動。
    7) 客戶有乾眼症，需使用眼藥水和眼藥膏，並在榮總接受治療。
    8) 客戶年輕時即有心臟問題，但非家族遺傳，心臟未裝支架。

3. 職業背景
    1) 客戶曾在板橋高中任教，後來在私立學校擔任教務主任，現已退休。
    2) 客戶是東森購物的VIP會員，已加入東森購物超過20年，對其服務表示滿意。

4. 健康食品使用心得
    1) 客戶非常注重保養，曾購買多種保健品，包括葉黃素、膠原蛋白、魚油、維他命、眼睛保健食品、心血管保健品、南極磷蝦油、降血脂產品、龜鹿二仙膠、土龍龜鹿精等。
    2) 客戶每天服用保健品，通常在飯後服用，並與西藥分開，對部分產品如華陀治骨頭產品感覺效果不錯，但對白冰冰代言的膠囊保健品效果不明顯。
    3) 客戶曾服用蚓激酶，但已停止使用，對幹細胞產品價格過高表示無法負擔。
    4) 客戶有在服用姜黃，並將其加入牛奶中飲用。

5. 禁忌
    1) 客戶不喜歡吃瓶瓶罐罐的保健食品，且不每天服用保健品，通常一週吃四到五天。
    2) 客戶不敢吃西藥，偏好中藥，並表示自己是熱性體質，不能吃熱性食物。",1
24698416,"1. 家庭關係
    1) 客戶是外婆，有一位兩歲多的外孫，外孫女的生日是九月五號。
    2) 客戶的兒子已結婚，女兒曾訂票未提前告知日期。
    3) 家中有小孩，會購買安利產品給他們使用。
    4) 客戶提到孫子尚未出生，且在母親肚子裡時曾確診新冠肺炎。

2. 健康狀況
    1) 客戶67歲，有退化性關節炎，膝蓋曾開過刀，偶爾會酸軟，上下樓梯時感到不適，並會做運動預防肌少症。
    2) 客戶有過敏體質，過敏時會流鼻涕，平時會戴口罩防止感染。
    3) 客戶表示自己沒有近視，但有輕微老花眼，頭髮多為白色。
    4) 客戶提到家族中有大腸癌病史，因此定期進行健康檢查。
    5) 客戶提到自己超過三個月未感冒，平常排便情況良好，早上出門前會排便。
    6) 客戶不敢打疫苗，並提到鼻炎相關問題，但未明確表示自己有鼻炎。

3. 職業背景
    1) 客戶已退休，目前沒有上班，消費較為謹慎，並表示不會再買房子。
    2) 客戶參加社區老人活動，包括心靈成長課和手作活動。
    3) 客戶現在較少關注股票，主要進行長期投資。

4. 健康食品使用心得
    1) 客戶早晚各吃一顆綠蜂膠，有時一天吃兩顆，並每天記得吃益生菌，但尚未開始服用益生菌產品，擔心可能導致腹瀉。
    2) 客戶早上喝一瓶保健品，曾購買大量特價維生素產品，目前尚未吃完。
    3) 客戶曾使用安利的維他命產品，並認為其產品健康。
    4) 客戶曾使用龜鹿膏，但認為價格太高；也曾購買素眼霜和台鹽保養品，因價格便宜。
    5) 客戶正在服用胜肽產品，效果還好，並提到家中有一瓶保健品但不敢喝。

5. 禁忌
    1) 客戶不吃牛肉，曾因吃牛肉麵不適，至今已有三十年不敢吃牛肉。
    2) 客戶不喝中藥，並提到不使用面膜，通常將面膜放在冰箱裡未使用。",1
24702255,"1. 家庭關係
    1) 客戶有一個女兒，目前在小學一年級。
    2) 客戶提到她的老公。
    3) 客戶的媽媽有血壓問題，且可能有內膜炎和癌症風險。
    4) 客戶家中有一位阿公，健康狀況未提及。
    5) 客戶提到她家裡只有她一個人。
    6) 客戶提到她的女兒在醫美那邊使用青春露。

2. 健康狀況
    1) 客戶有高血壓、高血糖、高血脂（三高）問題，血壓通常在120-130之間。
    2) 客戶有輕微脂肪肝、胃潰瘍、胃食道逆流、腸胃炎、腸躁症、糖尿病前兆、白內障、老花眼、眼壓高、鼻子過敏、皮膚過敏、骨質疏鬆、心臟病、糖尿病、地中海貧血、肌瘤、內膜炎、良性乳房囊腫等健康問題。
    3) 客戶曾動過兩次手術，包括白內障手術，並提到手術後傷口不易癒合。
    4) 客戶有慢性病，曾提到原位癌，需手術和放療，並擔心癌細胞擴散。
    5) 客戶提到自己有壓力，且每天感到勞累。
    6) 客戶每年進行健康檢查，免疫系統狀況不佳，曾在四月有問題。
    7) 客戶提到糖化血色素為6.6，並有冠心病。
    8) 客戶提到她的睡眠狀況很好。

3. 職業背景
    1) 客戶目前在快遞公司工作。
    2) 客戶提到自己曾在公司工作，涉及水光和貴婦產品。
    3) 客戶國小畢業。

4. 健康食品使用心得
    1) 客戶目前使用牛樟芝、蚓激酶、葉黃素、鈣片、魚油、益生菌、苦瓜胜肽、青春露、白藜蘆醇、蜂王乳、維他命C、綠蜂膠、褐藻、紅藜果膠、秋葵等健康食品。
    2) 客戶每天早晚各服用兩顆牛樟芝，早上吃苦瓜胜肽，晚上睡前吃蚓激酶，並表示牛樟芝和益生菌有助於健康。
    3) 客戶對葉黃素有興趣，並提到其含量達到30%，但不確定是否適合晚上使用。
    4) 客戶每天攝取500-1000毫克維他命C，並有服用鈣片和魚油的習慣。
    5) 客戶提到益生菌使用後有軟便情況，腸道狀況較正常。
    6) 客戶提到保健品對眼睛效果不錯。
    7) 客戶提到青春露的使用感受，但表示有便秘情況。
    8) 客戶提到酵素液體有瘦身和排便效果。
    9) 客戶提到普洱茶為養生茶，並有喝茶的習慣。

5. 禁忌
    1) 客戶提到不吃紅肉和肉類，可能有飲食禁忌。
    2) 客戶提到不吃含有荷爾蒙的食物。
    3) 客戶提到鈣不適合自己。
    4) 客戶提到不喝甜的飲品。
    5) 客戶提到手術前一週不要吃保健食品。
    6) 客戶提到罐頭類食品可能含致癌物，不建議食用。",1
24702925,"1. 家庭關係
    1) 客戶提到二兒子有忌口。
    2) 客戶提到要跟某人說不要抽菸。

2. 健康狀況
    1) 客戶提到小粉得了肺癌。
    2) 客戶提到過敏和肝癌的情況。
    3) 客戶提到血糖問題，但未明確表示血糖偏高。
    4) 客戶提到膝蓋問題，並表示需要某種藥物來緩解。
    5) 客戶提到全身麻醉的經歷。
    6) 客戶提到慢性病。
    7) 客戶提到薰衣草有助於某方面的效果。
    8) 客戶有游泳的習慣。

3. 職業背景
    1) 無具體職業背景提及。

4. 健康食品使用心得
    1) 客戶以前使用過山蔘安瓶產品。
    2) 客戶對果凍狀的產品有興趣，並詢問其評價。
    3) 客戶提到產品中含有較高的鈣。
    4) 客戶提到益生菌產品，並考慮使用折價購買，已訂購兩組，並計劃與專員各訂一組。
    5) 客戶以前購買過葉黃素產品，並詢問是否可以一次吃兩顆，且很久未食用，目前還有剩餘。
    6) 客戶提到每天服用六粒某種保健食品。
    7) 客戶晚上吃完產品後感覺精神比較好。
    8) 客戶以前每天早上空腹吃一顆產品。
    9) 客戶提到鹿茸精，對其效果有疑問，認為可能是假的或減齡的。
    10) 客戶提到蘆薈羅亞，並表示不再飲用。
    11) 客戶目前還有六包益生菌和一罐時空膠囊。
    12) 客戶曾使用過參萃的霜，金色的罐子。
    13) 客戶認為產品價格較高，但仍有購買意願。

5. 禁忌
    1) 客戶不想吃某種產品，並提到該產品一盒原價一萬多塊。
    2) 客戶提到二兒子有忌口。
    3) 客戶提到如果沒有L尺寸的褲子就不要了，XL尺寸的褲子對她來說太大，腰圍為27到32。",1
24703144,"1. 家庭關係
    1) 客戶與太太住在一起，家中有孫子和孫女，孫子目前就讀國小二年級，孫女的生日在六月二十幾號。
    2) 客戶提到會與太太商量相關事宜，並與太太一起飲用保健飲品。
    3) 客戶提到女兒有購買商品。

2. 健康狀況
    1) 客戶有心臟病、腸胃問題及泌尿科相關健康狀況，並每天服用醫院開的藥，包括血壓藥、心臟藥及抗凝血劑。
    2) 客戶表示目前沒有什麼毛病，但已在醫生建議下服用醫生開的藥。
    3) 客戶有服用益生菌，認為益生菌有助於腸胃道健康。

3. 職業背景
    1) 客戶提到自己是白班，但未明確表示工作型態。
    2) 客戶提到目前在上課。

4. 健康食品使用心得
    1) 客戶曾經購買葉黃素，但目前不再購買。
    2) 客戶家中有好幾瓶魚油，但目前不需要購買新的魚油，會等吃完再考慮。
    3) 客戶曾經服用過幹細胞相關產品，並使用過東森介紹的幹細胞產品。
    4) 客戶目前仍在服用東森的保健品，包括錄透骨頭，每天喝一瓶保健飲品並搭配一片相關產品。
    5) 客戶之前購買過益生菌，為一包一包的粉狀產品，且購買過多次。
    6) 客戶有在使用ulife產品，並曾服用粒線體相關產品，但表示對產品目前沒有感覺。

5. 禁忌
    1) 客戶目前不喝茶。
    2) 客戶表示粒線體產品是有錢人在喝的，自己不考慮購買。",1
24714263,"1. 家庭關係
    1) 客戶與配偶關係良好，保健食品由太太購買，並與配偶及長輩一起出國旅遊。
    2) 客戶需要與妻子溝通後再決定是否加入會員。

2. 健康狀況
    1) 客戶目前接近70歲，骨頭硬朗，健康狀況良好。
    2) 客戶現在主要靠運動來保持健康，較少食用保健食品。

3. 職業背景
    1) 客戶已經退休，過去曾經從事生意，並購買過凱悅酒店會員卡及黑卡。
    2) 退休後曾到美國和加拿大旅遊，現在經常去林口的長庚球場打高爾夫球。

4. 健康食品使用心得
    1) 客戶目前食用的保健食品由太太購買，包括美國的維他命和便宜的益生菌。
    2) 客戶之前未購買過南瓜籽產品，現在較少購買商品，並表示目前較少食用保健食品。

5. 禁忌
    1) 客戶希望購買台灣公司貨，而非日本公司貨。
    2) 客戶要求送貨地址為台北市松山區，並要求不要在星期六和星期天送貨。",1
24715594,"1. 家庭關係
    1) 客戶與父母同住，自己住樓上，父母住樓下，家裡很大，樓下有兩個房間，樓上有四個房間。
    2) 客戶的母親最近去世，去世前幾個月身體狀況不佳，胃口不好、不願進食，並有感冒、呼吸急促等情況。
    3) 客戶的父親身體狀況良好，視力很好，無高血壓、糖尿病等疾病。
    4) 客戶有一個身體不好的弟弟，未婚無小孩，弟弟因健康問題開過刀，需持續飲用某些產品。
    5) 客戶有一個兒子，曾因腸道問題進行腹部手術。
    6) 客戶的叔叔是銀行退休人員，經濟狀況良好，未婚無家庭負擔。
    7) 客戶的父親是鐵路局退休員工，母親年輕時經濟困難，需向家人借錢，現在需要客戶照顧。

2. 健康狀況
    1) 客戶有三高問題，定期服藥控制，每三到四個月進行健康檢查。
    2) 客戶提到過敏問題，並曾有過敏情況。
    3) 客戶不運動，認為補血補氣產品沒必要。
    4) 客戶提到家人中有一位需要坐輪椅，生活無法自理。
    5) 客戶提到家人從103年開始失智，後來無法自理，並每半年進行腦部和認知功能檢查。

3. 職業背景
    1) 客戶可能已經退休，提到自己不會賺錢，目前收入不高。
    2) 客戶曾從事教書工作，每年暑假會外出旅行。

4. 健康食品使用心得
    1) 客戶吃素，需購買純素產品，曾購買香檳茸、巴西蘑菇、葉黃素、納豆激酶、粒線體產品等。
    2) 客戶對產品的修復神經、提高免疫力、減少抽筋等效果感興趣，並對粒線體產品在預防帕金森氏症和阿茲海默症的效果表示關注。
    3) 客戶每天服用兩顆葉黃素，對納豆激酶產品效果有一定了解，但對部分產品效果感覺不明顯。
    4) 客戶家人也有服用保健食品，認為某些產品對健康有幫助，如補鈣產品減少抽筋、氨基酸產品減少肌少症風險。

5. 禁忌
    1) 客戶吃素，不能食用葷的產品。
    2) 客戶認為防疫站的產品不適合自己使用。
    3) 客戶對於產品價格較為敏感，認為部分產品價格過高，可能會影響購買意願。",1
24734341,"1. 家庭關係
    1) 客戶有小孩，並提到小孩已搬回家，現在全家住在一起。
    2) 客戶有兩個孫子，其中一位已經上高中，兩個孫子有過敏體質，鼻子常有問題。
    3) 客戶的女兒曾在健康食品公司工作，客戶曾幫忙照顧女兒的小孩。
    4) 客戶提到自己的阿姨快八十歲，視力很好，不用戴眼鏡且未曾開過刀。
    5) 客戶提到家族有心臟不好的遺傳問題。

2. 健康狀況
    1) 客戶有畏光、眼睛酸澀、白內障及低血壓問題，醫生曾提到血壓偏低。
    2) 客戶有胃食道逆流問題，最近症狀加重，並有泌尿道感染症狀（尿頻、尿量少及灼熱感）。
    3) 客戶曾跌倒導致骨裂，進行手術安裝鐵支架，目前仍在恢復中。
    4) 客戶有媽媽手問題，感到疼痛，並提到膝蓋不舒服時會服用某些產品，效果不錯。
    5) 客戶屬於燥熱體質，容易飆汗且肝火旺盛，最近走路或爬樓梯後感到喘和腳酸。
    6) 客戶最近有頭昏腦脹的症狀，懷疑可能與高血壓或中風相關。

3. 職業背景
    1) 客戶提到自己有在做志工活動，並參與佛教相關活動。
    2) 客戶表示她的家庭屬於一般的小康家庭，目前沒有投資店面，僅有住宅。

4. 健康食品使用心得
    1) 客戶有服用葉黃素、魚油、鈣片、維生素D、褐藻、芝麻素等保健品，認為鈣片和維生素D對健康有幫助。
    2) 客戶曾購買過牛樟芝、三倍綠蜂膠、靈芝膠囊、鴕鳥精、蚓激酶、黃金土龍等保健品，但部分尚未使用。
    3) 客戶提到喝粒線體口服安瓶後感覺不舒服，因此未再飲用。
    4) 客戶曾購買過台酒生技的精華液，但表示沒有特別感覺。
    5) 客戶提到去年曾購買過葉黃素十二盒，並連續購買某品牌葉黃素兩次，但目前僅服用一顆，家人不服用。
    6) 客戶曾購買白蘭氏益生菌給孫子食用，並送過保健品給曾中風的朋友。
    7) 客戶認為黃金土龍效果顯著，但覺得幹細胞產品價格偏高。

5. 禁忌
    1) 客戶提到家人不太吃保健食品，可能需要先體驗效果。
    2) 客戶表示她比較少吃某些產品，並提到家中有堆積未使用的保健食品。
    3) 客戶提到她的兒子可能以泡製方式服用保健品。
    4) 客戶提到她目前考慮是否購買保健品，但尚未決定。",1
24747180,"1. 家庭關係
    1) 未提及家庭相關資訊。

2. 健康狀況
    1) 客戶表示身體一直都很健康，未曾發生過任何問題。
    2) 客戶定期進行健康檢查，檢查結果幾乎沒有紅字，肝功能指數稍微超過但屬於正常範圍。
    3) 客戶每天睡眠品質很好，沒有睡眠問題。
    4) 客戶表示自己不會感冒、不會生病、不會累，且平常沒有運動習慣。

3. 職業背景
    1) 客戶目前正在工作。
    2) 公司有規定定期進行健康檢查。

4. 健康食品使用心得
    1) 客戶平常有在吃靈芝，品牌為雙特，已持續快十年，認為其產品有健康食品認證且經過科學驗證。
    2) 客戶偶爾購買保健食品，但認為效果不明顯，曾購買過奧荔枝產品及益生菌類產品，但未感受到特別效果。
    3) 客戶每天服用一顆B群保健食品，曾購買妍美会的B群，表示效果一般，未感受到特別改變。
    4) 客戶本來就在吃葉黃素保養眼睛，因此不需要購買新的品牌。
    5) 客戶曾使用幹細胞產品，但表示沒有任何感覺，不知道效果如何，且一天只服用兩顆而非建議的三顆。
    6) 客戶表示通常透過電視購物或網路看到明確商品才會決定購買，最近購買了石墨烯內褲。

5. 禁忌
    1) 客戶對幹細胞產品及保健食品如葉黃素、益生菌等瓶瓶罐罐的產品沒有興趣。
    2) 客戶表示對保養品類商品比較沒有興趣，認為用途不大。
    3) 客戶希望使用紅利點數扣除後不需額外支付金額購買產品，若需額外支付則完全沒有興趣。",1
24828455,"1. 家庭關係
    1) 客戶與老公、兒子及媽媽住在一起，家庭關係和睦。
    2) 客戶的兒子已婚，有兩個孩子，需養家，曾幫客戶從日本帶回兩瓶加強版產品。
    3) 客戶的老公心血管狀況良好，並每天服用兩顆葉黃素。
    4) 客戶的叔叔曾經使用葉黃素，但效果不明顯。
    5) 客戶的朋友和朋友的老公對某產品有好評，朋友有眼睛不適和飛蚊症。
    6) 客戶提到阿姨已收到葉黃素產品。
    7) 客戶提到寵物，但未明確表示是否養寵物。

2. 健康狀況
    1) 客戶67歲，曾在三年前接受白內障手術，左眼有飛蚊症，並感到焦慮。
    2) 客戶曾有乾眼症，目前每天早晚各服用一顆葉黃素。
    3) 客戶最近有神經痛，考慮增加褐藻攝取量到早晚各一顆。
    4) 客戶提到自己喜歡喝很燙的茶水。
    5) 客戶沒有飛蚊症，但提到葉黃素對乾眼症和視神經有幫助，並可延緩老化。

3. 職業背景
    1) 客戶目前未在上班。
    2) 客戶曾幫朋友購買葉黃素，朋友可能會購買保養品。

4. 健康食品使用心得
    1) 客戶每天早上固定吃三到四包保健品，並每天吃艾特。
    2) 客戶購買並使用氨基酸產品、PV賦活安瓶、褐藻產品及葉黃素，對升級版褐藻產品有興趣。
    3) 客戶對葉黃素產品的效果滿意，認為對乾眼症和視神經有幫助，並可延緩老化。
    4) 客戶對每日一物的豆油伯產品感到滿意，並希望在特價時購買。
    5) 客戶對萬歲牌綜合堅果產品有興趣。

5. 禁忌
    1) 客戶不會使用精華液。
    2) 客戶不希望專員再給她媽媽打電話。",1
24861380,"1. 家庭關係
    1) 客戶與太太共同生活，兩人年齡分別為74歲和73歲。
    2) 客戶有一名已婚的兒子和一名在國外的女兒，家中還有一名小女兒正在服用兒童口嚼錠。
    3) 客戶提到家中有小孩，但不敢讓小孩服用葉黃素。

2. 健康狀況
    1) 客戶提到自己年紀大了，身體狀況像八十歲，並有青光眼、輕微白內障及飛蚊症，眼睛狀況不佳。
    2) 客戶容易上火，天氣冷時才會服用保健品。

3. 職業背景
    1) 未提及具體職業背景。

4. 健康食品使用心得
    1) 客戶與太太每天早晚各服用兩顆葉黃素，主要用於眼睛保養，曾購買過妍美会品牌的葉黃素及三多葉黃素，後來改為專員推薦的葉黃素產品。
    2) 客戶經常購買葉黃素，家中目前還有一箱和兩盒葉黃素未使用，近期重新購買了葉黃素。
    3) 客戶曾購買過魚油、龜鹿二仙膠、鳳梨酵素及升級版的三倍綠蜂膠等保健品，但部分已過期。
    4) 客戶表示不喜歡粉末狀保健品，偏好膠囊形式的產品。
    5) 客戶提到自己有在吃和力他命，每次服用六顆。

5. 禁忌
    1) 客戶目前家中保健品存量過多，暫時不需要再購買新的保健品。
    2) 客戶不吃健康食品，偏好天然食物。
    3) 客戶太太曾建議不要再購買東森的產品，因為她常在國外購買類似產品。",1
24890635,"1. 家庭關係
    1) 客戶詢問是否可以讓家屬使用會員卡的設施。

2. 健康狀況
    1) 客戶未提及具體健康狀況，但表示未使用益生菌、葉黃素或魚油等健康食品。

3. 職業背景
    1) 客戶目前56歲，男性，身份為會員。
    2) 客戶提到需要開車，並表示目前正在開會，無法詳細討論。

4. 健康食品使用心得
    1) 客戶未使用益生菌、葉黃素或魚油，未提供相關心得。

5. 禁忌
    1) 客戶對東森購物的三層衛生紙品質表示不滿，認為質量很差。
    2) 客戶認為13萬元的價格太高，並詢問是否有更便宜的選項。",1
24891197,"1. 家庭關係
    1) 客戶已婚，與先生共同生活，並有一位已婚的兒子和一位未婚的女兒。
    2) 客戶的婆婆年紀較大，生活狀況良好，獨居於宜蘭，客戶會定期探望。
    3) 客戶有兄弟姐妹，家中有五位姑姑，並提到姐姐和姐夫在中山區的協會中擔任理事長和顧問。
    4) 客戶的家庭觀念較為傳統，家人中有人學佛並吃素。
    5) 客戶的母親和公公已過世，父母年紀較大時生下她。

2. 健康狀況
    1) 客戶有青光眼和白內障，近期進行了白內障手術，左眼已完成手術，右眼計劃進一步處理。
    2) 客戶有胃潰瘍、食道逆流、腸胃不適、便秘、膽固醇偏高等健康問題，並需注意膽固醇。
    3) 客戶的視力神經狀況不佳，眼壓需控制，視力有時模糊，眼睛健康對她很重要。
    4) 客戶有膝蓋不適、手麻、睡眠不穩定等問題，並曾經摔倒。
    5) 客戶的先生有腸躁症，通過服用益生菌有所改善，曾有頸椎問題。
    6) 客戶的婆婆腸道蠕動不佳，考慮使用益生菌改善排便問題。
    7) 客戶的兒子和兄弟有高血壓問題，兄弟需定期回診。
    8) 客戶的家人有健康問題，正在康復中。

3. 職業背景
    1) 客戶目前在工廠工作，從事相關工作已近30年，工作和生活緊密相連。
    2) 客戶的生活方式以工作為主，工作壓力大，年輕時忽略了家庭陪伴，對此感到後悔。
    3) 客戶的先生為下一代進行了財務布局，客戶對負債和銀行往來持保留態度。

4. 健康食品使用心得
    1) 客戶和家人有服用葉黃素、魚油、B群、腸胃康、褐藻糖膠等保健品，對部分產品效果有改善感。
    2) 客戶對於褐藻糖膠有壓制感冒的效果感到滿意，對黑木耳露和杏仁粉的口感表示喜愛。
    3) 客戶對於幹細胞產品、粒線體產品和水光產品有興趣，並對其效果表示關注。
    4) 客戶對於產品的價格和優惠活動有興趣，並考慮在促銷活動時購買。

5. 禁忌
    1) 客戶不吃牛肉，偏向素食，並不敢吃含有龜鹿成分的產品。
    2) 客戶不喜歡分期付款，偏好一次付清，並對高價產品持保留態度。
    3) 客戶不喜歡壓力大的生活，對於貸款和負債持保留態度。
    4) 客戶不敢吃馬來西亞的食物，並對某些產品的燥熱效果表示擔憂。",1
24902162,"1. 家庭關係
    1) 客戶與先生會共同討論購買相關事宜。
    2) 家庭成員共有四人，包括一位七十歲的長輩和兩個小朋友，其中一個小朋友12歲，另一個23歲。
    3) 暑假期間家中有小朋友。

2. 健康狀況
    1) 客戶平常生活壓力大，覺得自己蠻操的，並提到最近兩個禮拜情況不佳。
    2) 客戶曾使用某款眼罩，效果不錯，改善了眼睛酸澀的情況。
    3) 客戶提到感冒時服用中藥可能會受影響，需間隔一至兩小時再服用西藥。
    4) 客戶詢問產品是否適合糖尿病和腎臟病患者。

3. 職業背景
    1) 客戶提到她有上班，目前的辦公室地址已經更換。
    2) 客戶表示五點左右聯絡比較方便。

4. 健康食品使用心得
    1) 客戶曾訂購過小魚幹產品，但對魚腥味有所顧慮，並考量到有同學是吃素的。
    2) 客戶曾購買補充骨頭的保健品，但家中長輩不喜歡吃補品。
    3) 客戶曾購買過NMN產品，但未特別計算其內容量。
    4) 客戶曾購買褐藻產品，但尚未開始食用。
    5) 客戶曾購買過一家人的益生菌產品。
    6) 客戶提到之前有買過某種保健食品，但沒有規律地使用。

5. 禁忌
    1) 客戶提到感冒時服用中藥需間隔一至兩小時再服用西藥。
    2) 客戶提到有人是吃素，對小魚幹產品的選擇有所考量。",1
24915933,"1. 家庭關係
    1) 客戶的老公開車接送她。
    2) 客戶提到家裡有人在打麻將。
    3) 客戶的孩子不吃保健食品。

2. 健康狀況
    1) 客戶提到自己是燥熱體質，且不太會排汗，曾使用中藥調理，但因天氣冷已停止服用。
    2) 客戶有眼袋問題，並表示每天去做一個療程。
    3) 客戶對於買入卡產品的效果表示滿意，特別是對喉嚨和氣管炎有幫助。

3. 職業背景
    1) 客戶目前有在上班。
    2) 客戶每月開銷約為25.6萬。
    3) 客戶平常凌晨兩點起床。

4. 健康食品使用心得
    1) 客戶選擇購買了九百九的顧骨頭膠囊產品兩組。
    2) 客戶提到不再吃膠原蛋白，認為年輕人吃的產品不適合她的年齡。
    3) 客戶曾購買過華陀的燕窩產品，並對產品有一定了解。
    4) 客戶提到靈芝產品還沒喝完。
    5) 客戶曾購買每日一物的枸杞汁及澳洲玫瑰精油。

5. 禁忌
    1) 客戶不需要更多面膜，因為用不完，且已擁有美白產品。
    2) 客戶不願意購買價格為九千九的背心。
    3) 客戶對於藍鑽產品表示不需要，因為已經有很多。
    4) 客戶不喜歡電剪的款式。
    5) 客戶對退貨商品的材質不滿意，並提到外套太緊不舒服，考慮換成三L碼。",1
24939052,"1. 家庭關係
    1) 客戶家中有一位八十多歲的老人家，該老人家有骨質退化和關節退化的問題，目前正在接受玻尿酸治療。

2. 健康狀況
    1) 客戶是一位53歲的女性。
    2) 客戶關注骨骼與關節健康，並有服用相關保健品。

3. 職業背景
    1) 客戶目前從事小吃生意。
    2) 客戶提到她目前正在上班。

4. 健康食品使用心得
    1) 客戶曾購買並持續使用妍美会的葉黃素，對該品牌產品有一定信任。
    2) 客戶提到她在蝦皮購買過妍美会的葉黃素，價格約為每盒四百多元，最近一次購買價格為每盒三百五十元，產品為紫色盒裝，有效期限至2026年。
    3) 客戶有在服用台塑的保健食品。
    4) 客戶有在服用維骨力作為骨頭關節的保健品。

5. 禁忌
    1) 客戶希望找到價格在每月不超過一千元且能長期服用的保健品。",1
24946349,"1. 家庭關係
    1) 客戶有一位女兒，女兒會幫她購買化妝品、保養品及處理相關事宜，並可能在母親節送禮物。
    2) 客戶的兒子需要養一家五口，家庭壓力較大，其配偶不工作，且兒子和女兒都有過敏體質。
    3) 客戶的兒子曾因哮喘送急診並住過加護病房。
    4) 客戶提到女兒有上健身房，並且健身時會注意姿勢。
    5) 客戶提到她的女兒曾在台中讀書，當時過敏狀況較少。

2. 健康狀況
    1) 客戶有鼻子過敏問題，最近免疫系統下降，且有家族高血壓問題，自己在六十幾歲開始服用降血壓藥。
    2) 客戶曾進行過大手術，某些保健品成分不適合食用，需特別注意。
    3) 客戶提到她目前有在服用三天的藥物，並且恢復狀況不佳。
    4) 客戶有午睡習慣，通常睡一個小時，並有五歲的習慣，下午會進行休息。

3. 職業背景
    1) 客戶目前獨居，未提及具體職業背景。
    2) 客戶參加社區的敬老活動，每週三晚上至九點半參與，寒暑假期間休息。

4. 健康食品使用心得
    1) 客戶有服用多種保健食品，包括華陀龜鹿錠、善存、易佳人、金盞花葉黃素、靈芝、雲芝、葡萄籽油、玄米油等，並會輪流服用不同品牌以避免抗藥性。
    2) 客戶使用益生菌改善排便問題，早上或中午排便順暢，但曾因奇異果益生菌引起胃部不適而退貨。
    3) 客戶曾購買胡瓜代言的益生菌產品及曾國城代言的加強版保健食品，並認為後者適合家人食用。
    4) 客戶曾購買蜂王乳芝麻明E，但因影響睡眠而不再考慮購買。
    5) 客戶對華陀保健食品如龜鹿膠囊、鴕鳥相關產品、雪蛤燕窩等有使用經驗，但某些成分不適合她或家人食用。
    6) 客戶的女兒目前食用韓國品牌的益生菌，但因無法運動導致囤積脂肪，考慮更換品牌。
    7) 客戶的兒子一般使用保健食品進行基本保養，曾從粉狀改為顆粒狀。

5. 禁忌
    1) 客戶不喜歡服用B群膠囊，並提到她沒有在吃B群。
    2) 客戶曾因保健食品成分不適合而退貨，並需特別注意某些成分。
    3) 客戶曾因蜂王乳芝麻明E影響睡眠而不再考慮購買。",1
24947679,"1. 家庭關係
    1) 客戶與兒子同住，兒子身高180公分，體重偏重，且會使用洗衣精洗衣服。
    2) 客戶有一名小孩，目前在上小班。
    3) 客戶有孫子，並讓孫子幫忙收貨。
    4) 客戶家中有養寵物，目前剩下一隻，曾帶寵物打預防針。
    5) 客戶提到她最近回家與媽媽講話。

2. 健康狀況
    1) 客戶63歲，患有糖尿病，情況不嚴重，早晚服藥控制，糖化血色素偏高，且家中有遺傳性糖尿病。
    2) 客戶三十幾歲時已罹患糖尿病，可能是家族遺傳。
    3) 客戶有疲勞、血壓、血糖、尿酸等健康問題，並提到最近掉頭髮的情況加重。
    4) 客戶有定期健康檢查，並曾大病過，對保養品效果有所懷疑。
    5) 客戶提到視網膜相關內容，但未明確表示健康問題。

3. 職業背景
    1) 客戶目前仍在上班，假日休息，工作時間只需到中午兩點。
    2) 客戶提到明天早上還需要上班一天。

4. 健康食品使用心得
    1) 客戶曾購買過幹細胞產品，包括華陀品牌，並成為藍鑽貴賓會員，但對其效果感到不明顯，目前尚有剩餘未使用。
    2) 客戶每天服用兩顆保健食品，包括魚油、固腎產品及顧骨頭膠囊，並長期保養骨頭關節。
    3) 客戶曾購買益生菌，並每天服用一次，選擇午餐或晚餐飯後食用。
    4) 客戶曾購買南瓜籽膠囊、花青素補充產品及陳美鳳廣告的顧骨頭保健品，並表示幹細胞產品對健康有幫助。
    5) 客戶提到之前購買的保健食品還有剩餘，家中存有六至七盒保健食品，且認為促銷活動常有，因此不急於購買新產品。
    6) 客戶曾購買五盒幹細胞產品，價格為27600元，並曾送一盒保健食品給姑姑食用。

5. 禁忌
    1) 客戶表示目前不考慮購買更多保健食品，包括膠原蛋白及粒線體相關產品。
    2) 客戶沒有使用過精油，也沒有在喝燕窩。",1
24947777,"1. 家庭關係
    1) 無相關資訊提及。

2. 健康狀況
    1) 客戶提到胃部不適。
    2) 客戶為63歲女性。

3. 職業背景
    1) 無相關資訊提及。

4. 健康食品使用心得
    1) 客戶曾購買過自然美的外米提膠原產品，但認為效果不佳，因此不再使用。
    2) 客戶未曾食用益生菌。

5. 禁忌
    1) 客戶對購物網站及國外流行產品的廣告內容持懷疑態度，認為部分廣告誇大不實。
    2) 客戶認為東森幣及票券使用不便。
    3) 客戶很少觀看購物台及電視購物節目。",1
24983834,"1. 家庭關係
    1) 客戶與先生年齡均在八十多歲，先生需要她稍微照顧。
    2) 客戶提到小孩只有在禮拜天才會回家。
    3) 客戶的先生有固定看診，會去徵信和榮總就醫。

2. 健康狀況
    1) 客戶年齡81歲，三餐正常，飲食習慣良好，並有運動習慣。
    2) 客戶提到自己有眼袋和斑點問題，眼袋是今年才出現的。
    3) 客戶的腿比較粗，曾經購買過多種醫療襪，但都不適合。
    4) 客戶的先生有排便問題，正在服用益生菌，並有保養攝護腺的習慣。

3. 職業背景
    1) 客戶目前仍在上班，但主要靠退休金生活，經濟狀況有限。
    2) 客戶不再參與購買藝術品或收藏品相關活動，對藝術品不感興趣，並表示沒有相關修養。

4. 健康食品使用心得
    1) 客戶曾購買過葉黃素，但家中仍有存貨，目前她和先生都沒有在食用。
    2) 客戶曾使用過液態和膠囊型益生菌，之前購買的益生菌主要是給先生食用。
    3) 客戶目前已停止食用所有保健食品，認為保健食品對肝腎負擔過重，且未見效果。
    4) 客戶的生活方式以自然為主，不依賴過多的保健品。

5. 禁忌
    1) 客戶不吃保養品，包括維他命等，因為擔心年紀大了吃太多會對身體造成負擔。
    2) 客戶的先生不喜歡甜的東西。",1
25000441,"1. 家庭關係
    1) 客戶與先生同住，先生有健康問題，健走時上半身無法抬起來。
    2) 客戶的父母已去世，母親是家中長女，父親曾患白內障。
    3) 客戶的妹妹和妹夫結婚多年，無子女，生活健康，曾因子宮外孕導致生育困難。
    4) 客戶的兒子住在高雄醫學院附近，已購買房產。
    5) 客戶家中有一位92歲的阿嬤，家中長輩有糖尿病和三高問題。
    6) 客戶提到家人不吃牛肉和豬肉，因為是佛教徒。

2. 健康狀況
    1) 客戶目前正在進行復健，曾因摔倒導致膝蓋受傷，現在仍有痛感，可能是坐骨神經痛。
    2) 客戶有類風濕關節炎，左膝蓋有問題，可能有多發性神經病變。
    3) 客戶有肝炎、低血壓、眼壓問題、乳糖不耐症，並曾有大舌頭問題（可能因燙傷）。
    4) 客戶有高膽固醇和糖化血色素偏低的情況，並服用降膽固醇藥物。
    5) 客戶有灰指甲、牙齒問題（需拔牙和裝假牙），以及過敏問題，使用類固醇眼藥水。
    6) 客戶有癌症病史，具體情況不明。

3. 職業背景
    1) 客戶目前無工作，主要在家中處理事務，未來可能有第三規劃。
    2) 客戶曾在日本留學七年，現居台南，並考慮在台北市購房。

4. 健康食品使用心得
    1) 客戶有服用益生菌、葉黃素、維他命C、維他命E、維他命B群、蚓激酶、鳳梨酵素、氨基酸產品等，並認為部分產品有效。
    2) 客戶認為小欖鎮效果比益生菌快，氨基酸產品對身體有改善，橄欖油有助於控制膽固醇。
    3) 客戶提到鱸魚湯作為營養補充品，具有高蛋白、無腥味、無重金屬等特點。
    4) 客戶對某些保健品效果持懷疑態度，並提到葉黃素可能對肝臟有損傷。
    5) 客戶家中有多種保健品存貨，部分接近過期，擔心影響效果。

5. 禁忌
    1) 客戶對奇異果過敏，不能食用含有奇異果的產品。
    2) 客戶家人不隨便服用西藥和中藥，並擔心保健食品的副作用。
    3) 客戶有乳糖不耐症，飲用牛奶會導致拉肚子。",1
25024042,"1. 家庭關係
    1) 客戶有分享益生菌給家人使用。
    2) 客戶表示七點鐘以後比較方便接電話，可能與家庭作息有關。

2. 健康狀況
    1) 客戶表示每次吃益生菌都會拉肚子，曾因空腹服用益生菌或保健食品導致不適，後來改為飯後服用情況有所改善。
    2) 客戶提到減脂效果和改善排便效果不如預期。

3. 職業背景
    1) 客戶表示公司名稱為中醫企業有限公司，並提到會打統編提供公司的統一編號。
    2) 客戶可能從事與中醫或健康相關的工作。

4. 健康食品使用心得
    1) 客戶曾購買益生菌產品，並提到之前在六月份的活動中以買三送三的優惠購買益生菌，效果不錯，但最近比較沒吃益生菌，家中存貨還有好幾盒。
    2) 客戶每天服用益生菌，通常一天服用一顆，但有時候會忘記服用。她改為飯後服用氏菌體益生菌以避免空腹服用導致拉肚子，但飯後服用效果似乎不如預期。
    3) 客戶目前手上還有五盒保健食品，表示一天服用一顆，但效果不如預期，減脂和改善排便效果不明顯。

5. 禁忌
    1) 客戶曾因空腹服用益生菌或保健食品導致拉肚子，改變服用方式後情況有所改善。
    2) 客戶表示益生菌服用方式需注意，避免空腹服用以減少不適。",1
25034859,"1. 家庭關係
    1) 客戶有一個妹妹和一個弟弟，自己是家中最大的孩子。
    2) 客戶有孫子，與孫子感情很好。
    3) 客戶提到家裡有人可以接收貨物。
    4) 客戶的太太曾進行手術，目前慢慢恢復，並曾飲用保健食品但效果不理想。

2. 健康狀況
    1) 客戶目前沒有三高問題，但有白內障問題，並提到朋友因白內障開刀後需服用葉黃素。
    2) 客戶曾因椎間盤突出開過刀，目前偶爾進行復健，每週一次，並有尾椎部位不適及手臂移動時疼痛，可能與神經壓迫有關。
    3) 客戶膝蓋曾因不明原因不適，年輕時接受類固醇治療，後來膝蓋問題改善。
    4) 客戶曾進行攝護腺手術，並表示晚上通常會起來上廁所兩次。
    5) 客戶每年進行健康檢查，檢查結果通常在兩週內出爐。
    6) 客戶提到最近皮膚悶悶，曾購買一些產品但效果不確定。

3. 職業背景
    1) 客戶曾是教育班長，退休前工作壓力較大。
    2) 客戶提到退休後財力較為不足，現在精打細算，把錢花在刀口上。

4. 健康食品使用心得
    1) 客戶非常注意養生，會交替使用玄米油和橄欖油，並有運動習慣，每天運動三十分鐘，持續多年。
    2) 客戶曾購買芝麻粉作為保健食品，認為效果不錯，並曾使用三萬塊的儀器改善血液循環，效果良好。
    3) 客戶目前服用益生菌產品，了解其功能包括促進代謝和改善腸道健康，但平常吃得很少。
    4) 客戶曾購買南瓜籽膠囊、挺立鈣及修復神經的保健食品，並表示家中仍有存貨。
    5) 客戶曾使用過葡萄糖胺，但認為效果不佳，並曾購買維生素D3的發泡錠，了解其使用方式。
    6) 客戶目前使用直銷產品進行保養，並曾購買東森的保健食品。
    7) 客戶太太曾飲用迷惑之泉保健食品，並每天服用保健食品，但因感覺效果不佳而停止使用。

5. 禁忌
    1) 客戶不吃膽固醇高的食物，飲食上注意分量。
    2) 客戶表示平常沒有進行心血管保養。
    3) 客戶提到目前不需要益生菌產品。",1
25043502,"1. 家庭關係
    1) 客戶與家人同住，家中有兩個小孩。
    2) 客戶的太太平常會去做臉和身體放鬆。
    3) 客戶提到兩個孩子九月會回來。
    4) 客戶計劃與朋友和兒子一起進行自助旅行。

2. 健康狀況
    1) 客戶行動自如，但關節功能受限，無法進行激烈運動。
    2) 客戶有脊椎骨刺、椎間盤突出和神經痛問題，並每天進行復健。
    3) 客戶有甲狀腺問題，膽囊有7-8公分腫塊，醫生建議進一步檢查。
    4) 客戶的骨質密度檢查結果為-1.7，睪固酮水平較低，醫生表示這是年齡增長的正常現象。
    5) 客戶長期服用安眠藥，並有交感神經不平衡影響睡眠的問題。
    6) 客戶正在接受營養針療程，每週一次，共20次，關注其改善睡眠的效果。
    7) 客戶有感冒症狀，牙齒裂開且未修復，並提到有7公分的甘油水泡。
    8) 客戶已戒菸20多年，不吃冰，認為這樣有助於養生。

3. 職業背景
    1) 客戶已經退休。
    2) 客戶對投資理財有興趣，曾購買期貨和股票，並對短線操作和市場動態有一定了解。
    3) 客戶對藝術品收藏有興趣，尤其是景泰藍工藝品，並曾購買高價景泰藍作品。
    4) 客戶偏好店面和上班類型的投資，對興富發品牌有好感，並對未來的投資理財專案有興趣。

4. 健康食品使用心得
    1) 客戶早上空腹吃兩顆保健品，下午三點前再吃兩顆，並每天服用四顆幹細胞產品，但效果不明顯。
    2) 客戶對幹細胞產品、魚油、南瓜籽等保健品有一定了解，但對產品效果持懷疑態度，認為某些產品效果不佳。
    3) 客戶對幫助睡眠、減重和改善頭髮狀況的產品效果感興趣，並對營養針的效果表示關注。
    4) 客戶目前在服用需要冷藏的益生菌PS128，但有時會忘記服用。
    5) 客戶每天喝華陀龜鹿，認為對軟骨有幫助。
    6) 客戶曾購買過氨基酸保健食品，但抱怨產品結塊問題。
    7) 客戶對於贈送的保健食品和葉黃素產品不感興趣，並表示不喜歡吃太多種產品，偏好簡單有效的產品。

5. 禁忌
    1) 客戶不吃冰，認為這樣有助於養生。
    2) 客戶對推銷產品持保留態度，對某些產品效果表示懷疑，並不喜歡被推銷。
    3) 客戶對慢性病預防、糖尿病、高血壓管理、膳食營養與健康飲食不感興趣。
    4) 客戶不參加活動或演唱會，偏好不出門。
    5) 客戶家中不開火，對於吃不慣的保健食品不感興趣。",1
25044018,"1. 家庭關係
    1) 客戶有一個哥哥，並計劃送禮物給他，哥哥計劃買回彰化的房子，該房子已過戶到客戶名下。
    2) 客戶有一個女兒，住在雲南，兩人沒有聯絡。
    3) 客戶的父親曾中風並有老年痴呆症，母親因照顧父親過於勞累而去世，母親有氣喘病史，客戶遺傳了氣喘。
    4) 客戶的父親有兩個妻子，客戶有同父異母的兄弟姐妹，母親生了五個孩子。
    5) 客戶目前住在家裡，與家人同住，家人都住在台北。

2. 健康狀況
    1) 客戶有糖尿病、高血壓和高血脂，血糖和血壓偏高，飯後血糖超過140，並每天服用五到六顆藥物。
    2) 客戶有氣喘，曾使用氣喘噴霧，目前氣喘未發作，但冬天和空氣品質不佳時容易發作。
    3) 客戶有中耳炎，影響聽力，並有100度近視。
    4) 客戶有失眠問題，經常睡不著，晚上會起來上廁所一到兩次。
    5) 客戶最近因摔車導致腰部受傷，半身疼痛，睡覺翻身時也會痛，並使用護腰。
    6) 客戶的身高約150多公分，體重未明確提及，但提到體重影響捐血量。
    7) 客戶的氣血循環良好，手不會冷，且不太會感冒。

3. 職業背景
    1) 客戶已退休，退休經驗五六年，月收入主要來自退休金，約五萬多元。
    2) 客戶曾在郵局工作，退伍後考上郵差，工作了四十年。
    3) 客戶的家裡曾經開過雜貨店，自己也曾在雜貨店工作。
    4) 客戶提到以前上班後會和同事一起唱歌喝酒，感情很好。

4. 健康食品使用心得
    1) 客戶有在服用保健品，包括葉黃素、牛樟芝、蚓激酶、益生菌、幹細胞產品等，並認為保健品對健康有幫助。
    2) 客戶對保健品效果持肯定態度，認為有效果才會購買，但使用不太規律，通常想到才吃。
    3) 客戶每天早晚各吃兩顆蚓激酶，並有囤積過多保健品的情況。
    4) 客戶喜歡喝阿里山茶，平時喝溫水或熱飲，並有喝燕窩的習慣。

5. 禁忌
    1) 客戶不吃太甜的水果、牛肉、牛肉乾、乳化油和辣的食物，平常不吃零食，對飲食較為忌口。
    2) 客戶不喝酒、不喝含糖飲料、不喜歡喝冰的飲料，偏好溫水。
    3) 客戶不吃中藥，認為男孩子不需要調理。",1
25059459,"1. 家庭關係
    1) 客戶與丈夫的生肖相克，因此家中未購買相關商品。
    2) 客戶有一名女兒正在上班，還有一名小兒子。
    3) 客戶有一名孫子，目前正在選擇小學。
    4) 客戶家中有貓和狗，並由她親自處理美容與洗澡。
    5) 客戶與丈夫至今未曾確診新冠病毒，認為是因為免疫力較高。
    6) 客戶目前住在台北，房子約40坪，裝潢花費較多，桃園的住所目前無人居住。
    7) 客戶每週有四天在公司工作，三天回到山莊休息，山莊有許多動物並有請人照顧。

2. 健康狀況
    1) 客戶的皮膚較敏感且偏乾，需使用滋潤型保養品，並有一些斑點。
    2) 客戶每天早晚各喝一瓶修護細胞DNA的產品，感覺效果很好。
    3) 客戶一直有在食用人參，家中有多盒人參產品尚未使用。
    4) 客戶曾購買巴西蘑菇產品，但尚未完全使用完畢。
    5) 客戶目前吃素，並訂購了全素的年菜。

3. 職業背景
    1) 客戶是一名美容師，專注於臉部保養，並且自己處理保養事宜。
    2) 客戶的公司專業生產膠囊型葉黃素，產品價格昂貴，且公司在台灣有三十幾萬會員，包含海外市場。
    3) 客戶的公司位於台北，距離她的住所很近。

4. 健康食品使用心得
    1) 客戶固定服用自己公司生產的葉黃素膠囊。
    2) 客戶曾購買過華陀產品，但尚未喝完。
    3) 客戶有購買人參產品，但尚未使用，表示希望慢慢消耗現有存貨。
    4) 客戶曾購買過水光針產品和巴西蘑菇產品，但尚未完全使用完畢。
    5) 客戶關注橄欖油和葡萄籽油的純度與混合情況，購買的橄欖油品牌為奧利塔。

5. 禁忌
    1) 客戶不購買與龍鳳相關的商品，因與丈夫生肖相克。
    2) 客戶不需要型錄，認為型錄浪費且不環保。
    3) 客戶目前有許多保養品尚未使用完，暫時不考慮購買新產品。",1
25061741,"1. 家庭關係
    1) 客戶有一位丈夫，丈夫76歲，記憶力退化，夜間會起夜，且只剩一顆腎臟，對保健食品的攝取非常謹慎。
    2) 客戶有三個小孩，其中大兒子有睡眠問題，女兒目前沒有上班，正在帶小孩，並會幫助客戶處理一些事情。
    3) 客戶的父親在五十幾歲時過世，母親生病很久，家境曾經很窮。
    4) 客戶希望孩子能接受良好教育，並提到孩子現在收入不錯，可以自立。

2. 健康狀況
    1) 客戶有糖尿病，已持續16-17年，血糖值約為7.1-8.2，醫生建議控制在8以下。
    2) 客戶有高血壓，血壓值約為130-137/65，無需服用降壓藥。
    3) 客戶有腎結石，腎絲球過濾率為50G，腎功能指數偏低，需進一步檢查。
    4) 客戶有脂肪肝和三酸甘油酯偏高問題，數值曾達400多，近期回升至200多。
    5) 客戶有便秘、腸胃蠕動慢、胃食道逆流、陰道發炎、骨刺、腰痠背痛、膝蓋不適、頭暈、頭痛、失眠、記憶力下降、眼睛乾澀、右手背和手指頭不適等健康問題。
    6) 客戶的體重曾從52-53公斤降至47公斤，後來回升至49.6公斤。
    7) 客戶有高心率問題，運動時心率可達120-140。
    8) 客戶的飲食控制不嚴格，偶爾會吃甜點、香蕉、蛋糕等，水果攝取量減少，豬肉攝取量少，主要吃雞肉和魚肉。

3. 職業背景
    1) 客戶曾在證券公司工作約十年，後來開過工廠，但工廠倒閉。
    2) 客戶的老公在醫院工作，薪水不高，且需支援公婆和小姑。

4. 健康食品使用心得
    1) 客戶服用益生菌、氨基酸、香檳茸、幹細胞產品、葉黃素、三高保健品等，對益生菌、氨基酸和香檳茸的效果感到滿意。
    2) 客戶對保健品使用非常細心，會觀察效果，並認為健康是無價的。
    3) 客戶對紅麴產品的安全性有疑慮，對長秘書產品無興趣，認為其可能有副作用。
    4) 客戶對幹細胞產品有期待，但因感冒暫停使用，並擔心產品過期。
    5) 客戶認為氨基酸有助於改善睡眠，但太晚服用會影響睡眠。

5. 禁忌
    1) 客戶不喜歡吃紅肉、白肉和雞胸肉，幾乎不吃菠菜、巧克力等高草酸食物。
    2) 客戶不敢吃安眠藥，對紅麴產品的安全性有疑慮，並不喜歡自然美的保養品。
    3) 客戶不喜歡侵入性的美容方式，偏好使用擦的保養品。
    4) 客戶在感冒期間會停止所有保健品的使用。",1
25063389,"1. 家庭關係
    1) 客戶家中有三個小孩，都是女生。
    2) 客戶提到女兒目前還沒回來。
    3) 客戶表示家裡方便，並且已經有存量的物品如衛生紙。

2. 健康狀況
    1) 客戶提到可能有白內障，並表示眼睛有乾澀問題。
    2) 客戶提到糖尿病相關話題，但未明確表示是否患病。
    3) 客戶表示她目前沒有便秘問題。
    4) 客戶提到冬天腳會有很多尿，並表示不能喝太多水。
    5) 客戶已經戴假牙，並使用漱口水進行清潔。

3. 職業背景
    1) 客戶未明確提及職業背景，但提到她偏好自行開車作為交通方式，並暫時不考慮參加由免費接駁車提供的活動。
    2) 客戶表示她參加旅遊團隊活動，並曾去基隆港口旅遊，認為行程簡單且快速。

4. 健康食品使用心得
    1) 客戶每日服用不同的保健食品，包括挺立鈣片（每日兩顆）、葉黃素（一日兩顆）、深海魚油、白睫毛備件、蔓越莓錠、D3產品等。
    2) 客戶提到魚油對眼睛有幫助，但目前感覺效果減弱，並曾購買農會的魚油及龍輝深海魚油。
    3) 客戶使用過銀保善存，感覺眼睛比較不乾澀，並認為葉黃素比較適合她的體質。
    4) 客戶曾購買紅球藻產品及磷蝦油，但目前已停止使用磷蝦油。
    5) 客戶提到使用永玲農場的苦茶油及藍藻產品，但未詳細說明用途或效果。
    6) 客戶表示品牌很重要，對於購買保健食品有品牌考量。

5. 禁忌
    1) 客戶表示不能喝太多水，可能與冬天腳尿多的情況相關。
    2) 客戶提到她可能忙碌而未能確定是否服用葉黃素。",1
25066501,"1. 家庭關係
    1) 未提及相關內容。

2. 健康狀況
    1) 客戶目前在醫院。
    2) 客戶最近沒有心情參與活動。

3. 職業背景
    1) 未提及相關內容。

4. 健康食品使用心得
    1) 客戶表示不吃葉黃素和益生菌等保健食品。

5. 禁忌
    1) 客戶表示不需要保養品，且沒有使用保養品的習慣。",1
25067668,"1. 家庭關係
    1) 客戶有三個女兒和一個兒子，四個孩子都已成家，女兒負責管理財務。
    2) 客戶的孫子十五歲，孫女兩歲，孫子有過敏問題，孫女曾得腸病毒，最近感冒並有流鼻涕和紅屁股。
    3) 客戶的先生八十多歲，曾住院，患有高血壓、肌少症和骨骼問題，需補充營養品。
    4) 客戶的妹妹住在日本，經常往返台灣和上海，並送過葉黃素給客戶。
    5) 客戶的外公八十多歲，住在養護中心，由外籍看護照顧。

2. 健康狀況
    1) 客戶有甲狀腺問題，需服用甲狀腺藥物，並有骨質疏鬆、骨刺、肩頸痠痛、乾眼症、腸躁症和高血壓等健康問題。
    2) 客戶曾做過青光眼手術，眼壓過高導致視力問題，並有遺傳性高血壓。
    3) 客戶的先生有高血壓、心臟較大、不能裝心臟支架，且有睡眠問題。
    4) 客戶的孫女有時便秘，孫子不長肉但抽高，孫女有乳糖不耐症，孫子有過敏問題。

3. 職業背景
    1) 客戶目前在公司工作，午餐由外包公司提供。
    2) 客戶提到自己從事與高比相關的工作。

4. 健康食品使用心得
    1) 客戶有使用葉黃素、氨基酸、幹細胞、胎盤素、益生菌、龜鹿二維、香檳茸、花旗參、人參片等保健品，對幹細胞產品的效果感到滿意。
    2) 客戶對於保健品的使用有時不規律，家人不常幫忙食用，導致囤積過多產品。
    3) 客戶對於產品的成分和效果有興趣，特別是抗藍光、保濕和腸胃調理的功能。
    4) 客戶對於產品的價格和優惠活動有關注，並考慮產品的性價比。

5. 禁忌
    1) 客戶對膠囊產品有疑慮，認為膠囊由豬皮製成，對身體無益，偏好素食膠囊。
    2) 客戶對藻類產品和牛樟芝有顧慮，因為甲狀腺問題可能導致肝臟負擔。
    3) 客戶不能吃鳳梨酥等甜點，並對高糖分產品有排斥。
    4) 客戶在感冒或拉肚子時會暫停使用龜鹿二維產品。",1
25073668,"1. 家庭關係
    1) 客戶的太太不喜歡膠囊類產品，偏好液態產品。
    2) 客戶的兒子將於下個月7號結婚，近期忙於籌備婚禮。
    3) 客戶提到裝修了一間位於捷運站附近的套房，花費一千多萬，目的是幫兒子做貸款。

2. 健康狀況
    1) 客戶有糖尿病，血糖控制得不錯，但有時會因外出飲食導致血糖升高，並會服用相關產品控制。
    2) 客戶有低血糖情況，隨時準備糖分補充。
    3) 客戶提到最近感覺比較累，且生活緊張，並有減少糖分攝取，血糖接近正常水平。
    4) 客戶有胃潰瘍，可能因服用消炎止痛藥引起。
    5) 客戶對奶製品過敏，因毛囊炎不喝牛奶。
    6) 客戶提到最近皮膚有些小過敏。
    7) 客戶和太太經常性發炎。
    8) 客戶每三個月固定抽血檢查。

3. 職業背景
    1) 客戶未提及具體職業背景，但提到生活緊張，可能與工作相關。
    2) 客戶提到自己有一間套房，可能涉及房地產投資。

4. 健康食品使用心得
    1) 客戶每天飲用粒線體產品，家中有三盒存貨。
    2) 客戶曾購買過東森新時代活泉產品，對價格和數量有詳細了解。
    3) 客戶曾購買過葡萄王產品和日本紅居產品，對某些產品效果表示滿意。
    4) 客戶對幹細胞產品的使用方法熟悉，家中有多盒存貨。
    5) 客戶對健康食品效果無特別要求，主要是想嘗試。
    6) 客戶提到新購產品可顧血糖和腎臟，並對紫色盒子包裝的產品效果表示滿意。
    7) 客戶有飲用語音橄欖飲品，每週五固定配送。
    8) 客戶曾購買過玻尿酸飲品。
    9) 客戶對於需要飯後兩小時服用的產品感到麻煩，偏好早上空腹飲用。

5. 禁忌
    1) 客戶不喜歡越小支的圓滿產品。
    2) 客戶不感興趣於石墨烯產品。
    3) 客戶不再使用含糖分的產品，並減少糖分攝取。
    4) 客戶對奶製品過敏，因毛囊炎不喝牛奶。
    5) 客戶有時喝酒後不會服用保健品。",1
25076170,"1. 家庭關係
    1) 未提及家庭相關內容。

2. 健康狀況
    1) 客戶目前正在服用中藥，並表示服用中藥使她容易忘記服用其他產品。

3. 職業背景
    1) 客戶提到她目前正在上班，表示最近比較忙，沒有時間處理其他事情。

4. 健康食品使用心得
    1) 客戶提到逆齡膠囊的使用方式是早晚各一顆。
    2) 客戶幫別人購買過台鹽的醫之方益生菌，並非自己使用。
    3) 客戶確認購買一組展延五產品，價格為四千九百八十元，包含五大盒，每盒內有三罐，每罐含一百四十顆。

5. 禁忌
    1) 客戶表示不想再花錢購買面膜或其他保養品。
    2) 客戶提到她在東森網站購買過產品，但有些產品無法使用折價券。",1
25082287,"1. 家庭關係
    1) 客戶的父親在客戶五六歲時因車禍去世。
    2) 客戶有兩個妹妹，年齡相差兩歲，其中第二個妹妹與母親住在一起。
    3) 客戶每月或每兩個月會與家人一起吃飯。
    4) 客戶的媽媽有購買心血管保養產品，但目前不吃某些產品。
    5) 客戶希望健康檢查的優惠能開放給家屬使用，以便給媽媽使用。
    6) 客戶沒有與家人同住。

2. 健康狀況
    1) 客戶每年進行體檢，醫生表示其健康狀況良好。
    2) 客戶有輕度脂肪肝，並有外食習慣。
    3) 客戶提到記憶力尚可，眼睛未明確表示有問題。
    4) 客戶每兩年進行一次超音波檢查，並擁有一張兩千元的貴賓券可用於健康檢查。
    5) 客戶對骨頭關節保養較為注重，曾購買相關產品。
    6) 客戶表示目前沒有攝護腺方面的困擾。

3. 職業背景
    1) 客戶已退休，曾在公司工作25年，薪水從兩萬多漲到八萬多，但感覺薪水增長不如新進員工。
    2) 客戶提到汽車美容材料的投資失利，導致財務壓力，目前財務狀況緊張，強調需要節省開支。
    3) 客戶目前仍在上班，並表示每月個人開銷約六到七萬。

4. 健康食品使用心得
    1) 客戶每天食用七八顆保健品，曾購買過參條、褐藻糖膠、綠蜂膠、鹿胎盤、鴕鳥精、口服玻尿酸等產品。
    2) 客戶對果凍型葉黃素產品有興趣，認為果凍型較好吸收，並考慮買一送一的優惠。
    3) 客戶曾購買過果凍型產品，並享受六送十八的優惠。
    4) 客戶對肉乾類產品有興趣，但未購買過杏仁小魚乾。
    5) 客戶表示家中有很多未使用的產品，擔心過期浪費，因此不想再購買新產品。
    6) 客戶曾購買過京東及華陀的保養品，對華陀產品較為喜愛。
    7) 客戶對於健康產品的購買有考慮，但表示不常吃保健品，因為吃不下。

5. 禁忌
    1) 客戶不再有興趣購買益生菌產品，因家中已有很多菌類產品。
    2) 客戶對某些產品的價格感到懷疑，認為需要花費兩三萬。
    3) 客戶曾經有產品發霉的經驗，覺得浪費。
    4) 客戶表示目前沒有購買需求，並對年底購物持保留態度。
    5) 客戶表示目前沒有家用品需求，也不養狗或貓。
    6) 客戶對維生素C產品的價格感到太貴。
",1
25082333,"1. 家庭關係
    1) 客戶提到她有孫女，並需要接孫女放學。
    2) 客戶提到她剛到媳婦家裡，並提到媳婦曾推薦一款廚房紙巾。

2. 健康狀況
    1) 客戶身高155公分，體重目前約為47公斤，曾在一個多月內從50.5公斤減至47公斤，且體重下降後未能回升。
    2) 客戶血壓偏高，通常在161/65左右，心跳每分鐘50-60次，並有心臟瓣膜閉鎖不全的先天性問題及血管老化。
    3) 客戶曾在大腸檢查中發現0.5公分的息肉，已移除，並提到三酸甘油酯數值曾升高至282，後經調整飲食降至84。
    4) 客戶胃不好，對膳食纖維產品選擇較為謹慎，並提到胸口不舒服，醫生建議不要再喝某種飲品。
    5) 客戶接近70歲，體力和精神狀況良好，經常在外面走動，並開車去醫院檢查。

3. 職業背景
    1) 客戶提到整個暑假和假日都在加班，完全沒有出門。
    2) 客戶表示月初很忙，尚未查看資料，並提到最近都在忙，沒有時間外出消費。

4. 健康食品使用心得
    1) 客戶吃素已經24年，早餐包括水煮蛋、蛋白粉和車前子，午餐和晚餐以清淡素食為主，注重攝取五種顏色的蔬菜。
    2) 客戶曾服用氨基酸、益生菌、紅黃膠囊等保健品，但目前不再食用氨基酸，並對益生菌的排便效果不滿意。
    3) 客戶提到速蛋白粉和某款通血路產品效果不明顯，打算吃完後不再購買。
    4) 客戶有購買杏仁粉，偏好純杏仁粉，並認為杏仁容易引起燥熱。
    5) 客戶提到之前使用的膳食纖維產品不傷胃，並詢問是否可用膳食纖維產品代替青菜和水果。

5. 禁忌
    1) 客戶提到胃不好，因此對膳食纖維產品選擇較為謹慎。
    2) 客戶不太會吞服大顆膠囊，並提到醫生建議不要再喝某種飲品。",1
25095819,"1. 家庭關係
    1) 客戶目前與家人同住，並有三個子女。
    2) 客戶每個月與家人聚餐。
    3) 客戶的太太曾使用過防止掉髮的膠原蛋白產品，對定狀膠囊類型的產品較為接受。
    4) 客戶的女兒每天服用幹細胞產品，並表示生理期疼痛有所減少。
    5) 客戶的乾女兒有甲亢和輕微糖尿病。
    6) 客戶的姐姐有血糖問題，醫生建議她服用魚油。
    7) 家中有老人家因跌倒骨折，目前正在打石膏，未服用顧關節的保養品，但曾接受過龜鹿膠。

2. 健康狀況
    1) 客戶有高血壓，並有在領慢性處方簽。
    2) 客戶每兩年進行一次健康檢查。
    3) 客戶對於使用不合適的產品感到擔憂，擔心會造成健康問題。

3. 職業背景
    1) 客戶目前有在上班。
    2) 客戶家裡沒有養寵物，但公司有。

4. 健康食品使用心得
    1) 客戶和太太一起食用土龍鴕鳥精產品，但因擔心體重增加，食用頻率較低，每週約兩到三次，目前還有三盒存貨。
    2) 客戶對葉黃素產品有興趣，曾購買過多盒，目前手上還有兩盒。
    3) 客戶對魚油產品感興趣，特別關注小分子、好吸收的魚油，並對由美鳳姐代言的魚油產品感興趣。
    4) 客戶曾購買過臺大幹細胞活泉產品，目前還有兩盒存貨，計劃在需要時再購買。
    5) 客戶曾購買過牛樟芝產品，對其有興趣並考慮再次購買。
    6) 客戶曾購買過褐藻糖膠產品，供姐姐保養使用。
    7) 客戶曾購買過再生安瓶激活粒線體產品。
    8) 客戶曾購買過膠原蛋白產品，並詢問是否有優惠。
    9) 客戶提到食用含有QQ成分的產品對心臟有幫助。
    10) 客戶曾購買過營養液產品，但對其效果和價格無印象。
    11) 客戶曾購買過龜鹿膠，但因擔心體重增加，老婆不敢食用。
    12) 客戶家中有人每天食用一顆保健食品。

5. 禁忌
    1) 客戶的太太不敢食用龜鹿膠，認為會導致體重增加。
    2) 客戶對於使用不合適的產品感到擔憂，擔心會對健康造成問題。
    3) 客戶沒有在食用益生菌產品。",1
25100141,"1. 家庭關係
    1) 客戶有兩個女兒，女兒會幫她準備保健食品，並且平常由小孩煮飯給她吃。
    2) 客戶表示她的鱸魚精是由女兒購買。

2. 健康狀況
    1) 客戶有糖尿病，血糖控制不佳，並避免食用含糖的益生菌產品。
    2) 客戶有膽固醇問題，正在服用降血脂藥物，並搭配直樂清保健品，最近抽血結果顯示血脂有下降。
    3) 客戶表示自己沒有高血壓，但家族有低血壓的遺傳。
    4) 客戶曾患過帶狀皰疹，並持續服用相關保健品以防復發。
    5) 客戶最近感到全身無力，影響到運動計劃，並提到服用某保健品後有疲倦、心跳加速、喘不過氣及頭痛的症狀。
    6) 客戶偶爾喝酒後會有心悸情況，但未曾檢查相關健康問題。

3. 職業背景
    1) 客戶已退休，年齡六十三歲，曾從事房仲工作，認為該職業非常辛苦。
    2) 客戶表示一直以來工作都很忙碌，近期因過年而較忙碌。

4. 健康食品使用心得
    1) 客戶每天服用多種保健品，包括葉黃素、褐藻糖膠、益生菌、B群等，並且有慢性病需要服藥，服用保健品時會間隔兩小時以避免影響藥效。
    2) 客戶一天服用一顆葉黃素，並表示之前購買的葉黃素尚未吃完，感覺效果不明顯。
    3) 客戶曾購買褐藻糖膠，認為其有助於維持免疫系統健康，目前一天服用兩顆。
    4) 客戶曾使用降血脂產品（紅星配方），並搭配直樂清保健品，認為其對健康有幫助。
    5) 客戶表示她有囤積保健品的習慣，包括葉黃素和其他產品。

5. 禁忌
    1) 客戶避免食用含糖的益生菌產品，並詢問褐藻糖膠是否適合糖尿病患者使用。
    2) 客戶不喜歡魚油的味道，尤其是鮭魚味道。
    3) 客戶直接喝鱸魚精，不使用隔水加熱方式。",1
25109140,"1. 家庭關係
    1) 客戶與老公、媽媽及姐姐有互動，並提到兒子最近去姐姐那邊住。
    2) 客戶提到兒子曾拆過一包產品。
    3) 客戶陪媽媽玩麻將，認為這有助於老人避免痴呆。

2. 健康狀況
    1) 客戶表示老公目前身體正常，沒有三高問題，但有小肚子。
    2) 客戶提到老公曾患癌症，治療過程中服用幹細胞、牛樟芝和褐藻糖膠進行調養。
    3) 客戶有在吃中藥調理身體。

3. 職業背景
    1) 客戶提到老公目前從事警衛工作，認為這是一份輕鬆且快樂的職業。

4. 健康食品使用心得
    1) 客戶曾使用華陀保健食品，但認為效果有限，僅能幫助排便，無法減少腹部脂肪；老公也有相同感受。
    2) 客戶目前每天服用一顆XXX保健食品，並曾購買幹細胞、枸杞汁、益生菌、綠蜂膠葉黃素等保健品。
    3) 客戶提到幹細胞產品太貴，因此都給老公吃，並表示效果一般。
    4) 客戶和老公持續服用葉黃素和幹細胞，但感覺效果不明顯。
    5) 客戶曾購買美國保健產品如葡萄糖胺，並表示葉黃素效果還可以。
    6) 客戶曾購買益生菌產品，包括液態活菌膠囊，但感覺效果不明顯。

5. 禁忌
    1) 客戶表示目前沒有特別想要購買的商品。
    2) 客戶提到家中物品如衛生紙、洗衣精等都還有，不需要補貨。",1
25124839,"1. 家庭關係
    1) 客戶是一位74歲的女性，為家庭主婦，主要負責購買生活日用品。

2. 健康狀況
    1) 客戶目前健康狀況未提及具體問題，但有服用保健品的習慣。

3. 職業背景
    1) 客戶為家庭主婦，無其他職業背景提及。

4. 健康食品使用心得
    1) 客戶目前服用葉黃素，未提到具體效果。
    2) 客戶家中尚有許多膠囊類保健品，但尚未吃完。

5. 禁忌
    1) 客戶表示不吃益生菌。",1
25129667,"1. 家庭關係
    1) 客戶提到她的家人會一起食用葉黃素產品。
    2) 客戶曾在母親節與家人一起吃飯。
    3) 客戶的女兒曾購買視神經滋養物質及玻尿酸產品給她使用。
    4) 客戶的先生可能有肚子脂肪堆積的情況，並且在工地工作。

2. 健康狀況
    1) 客戶最近有開刀，目前正在休養，並服用止痛藥及抗發炎藥物，早晚各一次，睡覺時會服用安眠藥。
    2) 客戶每天走路超過一萬步作為運動方式。
    3) 客戶今年體重增加了五公斤，但體脂肪仍在正常範圍，約為23%。
    4) 客戶曾服用益生菌，但因為會拉肚子而停止使用。
    5) 客戶不吃零食和糖。

3. 職業背景
    1) 客戶目前在上班，提到她在大醫院工作，平時工作繁忙，住飯店的人特別多。
    2) 客戶的生意以前很好，曾有許多外國客戶。
    3) 客戶需要在過年和母親節等節假日上班，並提到今天需要回公司處理很多事情。

4. 健康食品使用心得
    1) 客戶每天服用葉黃素，一天一千毫克，並曾購買葉黃素給先生和女兒使用。
    2) 客戶目前正在服用幹細胞產品，一天服用兩顆，手邊還有五六瓶存貨，但也提到最近沒有在吃幹細胞相關的保健食品。
    3) 客戶提到她目前家裡還有六瓶保健食品，計劃吃完再購買新的。
    4) 客戶的女兒曾購買視神經滋養物質給她使用。
    5) 客戶提到她之前購買了其他品牌的葉黃素給女兒使用。

5. 禁忌
    1) 客戶不使用眼霜、面膜、保濕鎖水面膜及防曬產品。
    2) 客戶不吃零食和糖。
    3) 客戶對益生菌有不良反應，曾因服用益生菌而拉肚子，已停止使用。
    4) 客戶目前有其他藥物需要先服用完，之後再考慮購買新產品。",1
25131702,"1. 家庭關係
    1) 無相關資訊。

2. 健康狀況
    1) 無相關資訊。

3. 職業背景
    1) 無相關資訊。

4. 健康食品使用心得
    1) 客戶曾經在東森購物購買過益生菌。
    2) 客戶曾經收到過褐藻糖膠囊，並提到其具有抗癌抗病毒的效果。
    3) 客戶表示不喜歡保健食品，對保健食品和保養品沒有興趣。

5. 禁忌
    1) 客戶對保健食品和保養品沒有興趣。
    2) 客戶認為東森的商品價格偏高，包括苦茶油。",1
25134747,"1. 家庭關係
    1) 客戶家中有四個大人和兩隻小狗。
    2) 客戶提到顧骨頭關節的保健品是小孩幫她購買的。

2. 健康狀況
    1) 客戶有在使用顧骨頭關節的保健品。
    2) 客戶目前有在吃參片，且身邊還有人參片。

3. 職業背景
    1) 客戶未提及具體職業，但表示白天沒空，五六點或六七點在做飯，並提到自己正在煮菜。
    2) 客戶提到交通不方便，且近期沒有時間參與活動。

4. 健康食品使用心得
    1) 客戶有在使用其他品牌的顧骨頭保養品，並表示平常有在吃顧骨頭關節的保健品。
    2) 客戶之前購買過華陀的商品，包括華陀朱董的人蔘，但目前不需要購買華陀扶元堂的魚油產品。

5. 禁忌
    1) 客戶目前沒有需要購買保健品或保養品的需求。
    2) 客戶提到之前購買的洗衣精不好用，且尚未用完。",1
25137286,"1. 家庭關係
    1) 客戶與太太和女兒住在一起，女兒三十多歲，平時幫忙處理家務如回收事宜。
    2) 客戶的太太在貿易公司上班，對健康問題較為關注，曾幫助客戶繳納信用卡費用。
    3) 客戶的父親曾動過手術並突然去世，母親因肺腺癌去世，太太的姐姐中風過，家族健康史較為複雜。
    4) 客戶每週至少與家人聚會一次，家中有三個人一起使用日用品。

2. 健康狀況
    1) 客戶有心臟病、高血壓、腎功能不全（腎絲球過濾率約40）、三高問題（高血壓、膽固醇、三酸甘油酯）及血糖偏高，並曾中風。
    2) 客戶有攝護腺問題，夜尿情況有所改善，並有腰椎疼痛、膝關節退化、骨頭和關節不適。
    3) 客戶有頭暈、噁心、全身無力、睡眠問題及老花眼，並擔心中風和心肌梗塞。
    4) 客戶的腎臟和肝功能指數有所改善，但仍需注意蛋白尿和膽結石問題。
    5) 客戶有服用心臟藥、血壓藥、降膽固醇藥物及慢性病處方藥，並接受中醫針灸治療。

3. 職業背景
    1) 客戶已退休，曾在健保局工作四十多年，對健康產品有一定了解。
    2) 客戶對理財和投資有興趣，但不太會操作，對不動產投資有興趣。

4. 健康食品使用心得
    1) 客戶經常購買和服用保健食品，包括幹細胞、粒線體、牛樟芝、龜鹿膠、南瓜籽、魚油、紅藜果膠等，對幹細胞和粒線體產品的效果有正面評價。
    2) 客戶對健康食品的吸收效果和成分有關注，認為幹細胞和粒線體產品能改善健康數據。
    3) 客戶對台鹽的乳清蛋白粉、黃金皂、台糖雪晶蛋白、萬歲牌堅果、韓國參、野山蔘等產品感興趣。
    4) 客戶認為某些產品如南瓜籽、魚油、幹細胞等對健康有幫助，並對產品的使用時間和效果有疑問。
    5) 客戶對於健康食品的來源和食安問題感到擔憂，主要吃外食。

5. 禁忌
    1) 客戶因腎臟健康問題被建議減少蛋白質攝取，並避免過量食用紅參等燥熱食品。
    2) 客戶對某些產品價格敏感，經濟狀況不寬裕，對花費感到壓力，並有分期付款需求。",1
25147210,"1. 家庭關係
    1) 客戶有三個小孩，曾在八九年離婚後獨自撫養他們。
    2) 客戶的兒子在台中從事系統櫃安裝工作，平時會幫助她支付購物金額，並每月給她一萬塊生活費。
    3) 客戶的女兒負責養狗並帶狗去打疫苗，且會購買寵物的保健品或藥品。
    4) 客戶的兒子和女兒都很孝順，會帶她外出或回家陪伴她。
    5) 客戶目前一個人住，家中有三個房間，其中一間用來堆放東西。

2. 健康狀況
    1) 客戶有高血壓，需每天服用高血壓藥物，但有時因低血壓不敢服用。
    2) 客戶患有類風濕性關節炎，已持續十多年，並有肩頸痠痛、牙周病、骨質疏鬆、腎結石、胃痛等健康問題。
    3) 客戶有時感到頭暈，身體狀況不佳，需定期回診並服用自費藥物。
    4) 客戶的牙齒不好，喜歡吃軟的食物，並有牙齦腫脹的問題。
    5) 客戶有慢性病，每月醫療費用約兩三萬，但因健保實際支付較少。

3. 職業背景
    1) 客戶年輕時曾一人撫養三個小孩，並需負擔房貸，認為自己年輕時很拼命工作。
    2) 客戶提到她以前有賣過貼膠產品，並將其送給親家母使用。

4. 健康食品使用心得
    1) 客戶購買並服用多種保健食品，包括B群、蚓激酶、活泉、魚油、倍護、膠原蛋白、葉黃素等，但有時會忘記服用或未開封。
    2) 客戶認為粒線體產品口感不錯，並喜歡在麥片中加入蜂蜜或糖水。
    3) 客戶每天早上會吃麥片和活泉保健食品，並飲用膠原蛋白發泡錠。
    4) 客戶曾購買多種保健品，但有些已過期或未使用完，對於如何搭配服用感到困惑。
    5) 客戶認為喝的保健品效果比擦的保養品好，並偶爾使用時空膠囊護膚品。

5. 禁忌
    1) 客戶不喜歡分期付款，認為分期後總額會增加。
    2) 客戶不喜歡開冷氣，通常只開電風扇。
    3) 客戶不喜歡出門，喜歡待在家裡，偶爾會外出散步或參加活動。
    4) 客戶不喜歡麻煩，偏好簡單的服用方式，並表示不想再購買更多保健品。
    5) 客戶提到魚油和鈣片不應該一起服用，且蚓激酶需與醫生的藥物分開服用。",1
25156089,"1. 家庭關係
    1) 無相關資訊。

2. 健康狀況
    1) 無相關資訊。

3. 職業背景
    1) 無相關資訊。

4. 健康食品使用心得
    1) 無相關資訊。

5. 禁忌
    1) 客戶目前表示沒有那麼多錢。
    2) 客戶目前表示還沒有想那麼多。",1
25157562,"1. 家庭關係
    1) 客戶提到太太有在吃華陀的益生菌，且家中還有庫存。
    2) 客戶提到他的媽媽已經不在了。

2. 健康狀況
    1) 客戶曾經有小中風的病史，血管容易有血栓產生。
    2) 客戶提到血糖高，因此不需要吃太多含有澱粉的食物。
    3) 客戶表示自己年紀大了，平時感冒時會透過喝茶和多喝水來緩解症狀。

3. 職業背景
    1) 客戶提到假日會放假，可能已經退休。
    2) 客戶表示自己二十年內有買過房子，但目前不會再買房子。

4. 健康食品使用心得
    1) 客戶有在吃葉黃素、魚油、益生菌、綜合維他命及納豆激酶，並表示葉黃素有助於減少眼睛的不適感，納豆激酶效果不錯。
    2) 客戶提到每天中午吃一顆魚油，並認為目前的身體狀況適合使用番紅花魚油膠囊。
    3) 客戶提到他有購買過達力美和妍美会的葉黃素產品，並更喜歡日本品牌的葉黃素。
    4) 客戶提到家中還有益生菌和葉黃素的庫存，且經常在平台購買益生菌。
    5) 客戶提到他有很多B群，不需要再購買，且對提升免疫力的保養沒有特別需求。

5. 禁忌
    1) 客戶提到抗凝血劑不能與魚油一起服用。
    2) 客戶表示不吃太多含有澱粉的食物，並且平常不吃B群。",1
25158524,"1. 家庭關係
    1) 未提及相關內容。

2. 健康狀況
    1) 未提及相關內容。

3. 職業背景
    1) 客戶提到最近公司比較忙。
    2) 客戶表示今年比較少在國內，主要在日本和大陸工作。

4. 健康食品使用心得
    1) 客戶曾幫朋友購買過日本仁丹的益生菌。
    2) 客戶表示自己沒有在食用益生菌。

5. 禁忌
    1) 客戶目前沒有需要購買任何商品。",1
25167533,"1. 家庭關係
    1) 客戶表示她沒有小朋友。
    2) 客戶表示沒有養寵物。

2. 健康狀況
    1) 無相關健康狀況的具體描述。

3. 職業背景
    1) 無相關職業背景的具體描述。

4. 健康食品使用心得
    1) 客戶提到她之前吃過益生菌，但沒有吃完。

5. 禁忌
    1) 無相關禁忌的具體描述。",1
25177131,"1. 家庭關係
    1) 客戶未明確表示家庭成員情況，但提到居住情況與衛生紙使用期限，未透露是否一人居住。

2. 健康狀況
    1) 客戶表示自己容易脹氣，尤其飯後服用益生菌時感到不適，認為飯後半小時服用效果不佳。
    2) 客戶提到自己曾長痘痘，並表示目前沒有她需要的商品。
    3) 客戶目前有服用魚油和紅麴作為保養品，並曾購買德國品牌的保健食品。
    4) 客戶表示目前家中還有益生菌和B群，但最近沒有在吃。
    5) 客戶提到她已經退休，年齡為66歲。

3. 職業背景
    1) 客戶表示她目前正在努力打拼賺錢，但也提到自己已經退休。
    2) 客戶目前正在上班，下午三點方便聯絡。

4. 健康食品使用心得
    1) 客戶最近購買了葉黃素，存量足夠使用到明年，並曾購買過第一代葉黃素產品及妍美会的葉黃素。
    2) 客戶表示她有在吃保健品，但未具體提到葉黃素、益生菌或鈣片。
    3) 客戶曾訂購益生菌產品，但表示飯後服用益生菌感到脹氣，且覺得效果一般。
    4) 客戶曾購買魚油，但尚未完全消化完畢。
    5) 客戶剛購買了美安品牌的眼部保健產品，目前尚未使用完畢，因此暫時不需要其他眼部保健品。

5. 禁忌
    1) 客戶表示不需要益生菌、綠蜂膠、葉黃素、人蔘、自然美的時空膠囊以及石墨烯的杯子。
    2) 客戶提到家裡的庫存充足，包括洗碗精、舒酸定牙膏等，因此暫時不需要購買新的相關商品。",1
25220643,"1. 家庭關係
    1) 客戶與家人同住，家中有一個兒子和一個小女兒。
    2) 客戶的兒子因工作壓力大，常熬夜，且有消化問題，曾使用某些產品後感覺有效。
    3) 客戶的母親和兒子都有使用健康食品，兒子感冒時使用褐藻產品效果良好。
    4) 客戶提到她的父親和媳婦，但未提供具體資訊。
    5) 客戶的女兒使用石墨烯產品。

2. 健康狀況
    1) 客戶有高血壓、白內障、腰椎和髖關節問題、膝蓋問題、攝護腺問題、腎臟負擔、便秘、筋膜炎等健康狀況。
    2) 客戶提到自己有慢性病，並在服用相關藥物。
    3) 客戶每年安排一次健康檢查，目前沒有使用慢性處方簽。
    4) 客戶提到紅疹問題，可能與熬夜、睡眠不足或工作壓力大有關。

3. 職業背景
    1) 客戶曾住在國外，目前可能有改變工作的計劃，但對此猶豫不決。
    2) 客戶提到自己有宗教信仰。

4. 健康食品使用心得
    1) 客戶和兒子都有在使用幹細胞產品，並對其效果表示滿意，客戶每天早晚各服用兩顆幹細胞膠囊。
    2) 客戶曾使用益生菌產品，認為其對腸胃蠕動效果很好，並每天服用兩顆。
    3) 客戶長期使用褐藻產品，認為其有提升免疫力、抗過敏和抗發炎的效果，並提到其對兒子感冒有幫助。
    4) 客戶提到葉黃素產品，認為其對眼睛健康有幫助，特別是對白內障患者。
    5) 客戶提到燕窩對肺部和呼吸道有益，並具有養生效果。
    6) 客戶提到紅色產品對心血管健康有幫助，並認為牛樟芝適合晚上食用。
    7) 客戶對粒線體產品有長期使用意願，並對其效果感興趣。
    8) 客戶提到木鱉果，了解其特性，但認為可能對心臟有傷害。
    9) 客戶提到使用過的美國產品和日本褐藻產品，對美國產品的價格感到昂貴，認為日本產品不適合其膚色。
    10) 客戶提到使用過紅色安瓶、鴕鳥精、李紅美的菊蘆薈產品等，並對安瓶產品的價格和促銷活動有興趣。

5. 禁忌
    1) 客戶完全吃素，可能不方便接受含肉類成分的產品。
    2) 客戶不吃辛辣食物。
    3) 客戶對於某些產品的購買表達過拒絕，並表示家中已有足夠的保健品。",1
25239356,"1. 家庭關係
    1) 客戶已婚，與丈夫同住，並育有一男一女兩個小孩。
    2) 兩個小孩已成年並在工作，目前與客戶同住。
    3) 客戶的丈夫喜歡騎重機，但客戶本人不喜歡。

2. 健康狀況
    1) 客戶患有脂漏性皮膚炎已有十年，並有糖尿病，血糖控制比丈夫稍差，但情況不嚴重，每三個月會抽血檢查。
    2) 客戶腸道健康，無便秘問題，但有腸躁症狀，最近因抗生素影響導致陰道發炎，並可能接近更年期，月經不規律。
    3) 客戶的丈夫患有糖尿病，並因血糖控制不佳導致黃斑部病變，目前正在接受治療，包括打針和服用藥物，血糖控制良好，糖化血色素在6.3左右。

3. 職業背景
    1) 客戶已經退休，平時喜歡待在家裡，不愛出門。
    2) 客戶有健身房會員，但並未經常運動，空閒時喜歡看小說，對演唱會門票有興趣，但不會特意搶票。

4. 健康食品使用心得
    1) 客戶注重健康概念，購買保健食品主要是為了腸道健康和眼睛保養，曾購買過葉黃素和益生菌。
    2) 客戶從2021年開始服用葉黃素，曾購買過妍美会的葉黃素，覺得效果還不錯，但也提到吃完後沒有明顯感覺，目前考慮更換其他品牌。
    3) 客戶曾購買過華陀的漢方益生菌，黃色盒子，每天吃一包，七盒可吃七個月，保存期限三年，目前益生菌尚未吃完，表示吃完再買。
    4) 客戶認為保健食品的功效僅限於保養，無法達到治療效果，對能量帶等產品持懷疑態度。

5. 禁忌
    1) 客戶表示目前沒有購買保養品的需求，並不愛保養，保養品使用習慣簡單，僅用兩樣產品。
    2) 客戶認為某些產品價格過高且不必要，對折價商品也認為價格仍然過高，家中存放空間有限，因此不會隨意購買不需要的商品。
    3) 客戶不喜歡參加遊戲或邀請活動，對長期使用口服幹細胞產品持保留態度，並表示目前無此需求。",1
25251676,"1. 家庭關係
    1) 客戶家中沒有拜拜的習慣，也沒有參粥等相關物品。
    2) 客戶家裡健康一百鄰居槓五號。

2. 健康狀況
    1) 客戶有類風濕問題，可能影響免疫系統。
    2) 客戶提到新陳代謝問題，可能與類風濕藥物有關。
    3) 客戶曾經曬傷，專員建議不要使用美白產品，應該使用益生菌產品來修復皮膚。
    4) 客戶目前正在進行運動和減肥，並認為運動對健康有幫助。
    5) 客戶平時喝咖啡和茶，但很少喝白開水。

3. 職業背景
    1) 客戶提到有人三點半以後才會上班，但未明確提及自己的職業。

4. 健康食品使用心得
    1) 客戶之前有購買過魚油，但現在不再服用，因為家中還有很多存貨。
    2) 客戶目前正在食用燕窩，並計劃減少其他保健品的使用。
    3) 客戶曾經訂購過龜鹿精。
    4) 客戶使用過益生菌產品。
    5) 客戶使用過V8產品，但使用後皮膚會癢。
    6) 客戶不會每天吃眼睛保健品，只有在覺得眼睛不太好時才會吃。
    7) 客戶曾使用過瘦身果凍，但未持續食用。
    8) 客戶提到使用過一種美白產品，並覺得效果不錯。
    9) 客戶提到使用面膜，但未明確表示對面膜的效果滿意。
    10) 客戶提到使用音波和海捕撈產品。
    11) 客戶尚未開始食用粒線體相關的保健食品。

5. 禁忌
    1) 客戶不會長期食用保健品，只有在需要時才會吃。
    2) 客戶認為運動就好，不需要吃太多保健品。
    3) 客戶不想購買台北的產品。
    4) 客戶對於圓柱形的產品不喜歡。
    5) 客戶表示如果產品不行的話會退貨。",1
25272287,"1. 家庭關係
    1) 客戶有三個子女，包括兩個女兒和一個兒子，兒子是最小的，未婚，住在桃園，經濟壓力大，健康狀況不佳。
    2) 客戶的女兒在工業加工區上班，工作繁忙，另一個女兒不會煮飯，且女兒的婆婆曾中風。
    3) 客戶的母親住在醫院隔壁，父親曾患癌症，母親和父親感情不佳。
    4) 客戶的姐姐曾罹患乳癌，進行過手術和化療，並有復發情況。
    5) 客戶的家庭經濟條件尚可，夫妻薪水合計約五萬多元，能維持小家庭生活。

2. 健康狀況
    1) 客戶患有紅斑性狼瘡、類風濕性關節炎、心臟衰竭、脂肪肝和自律神經失調，並曾中風。
    2) 客戶有牙齦發炎、牙骨侵蝕、灰指甲、失眠、便秘、胃食道逆流等問題，並有血糖相關健康問題。
    3) 客戶的健康狀況近期有所改善，爬樓梯能力提升，身體痠痛減少，排便順暢。
    4) 客戶的兒子有重度脂肪肝、三酸甘油酯、膽固醇、血糖、血壓等數據超標，並有睡眠問題。
    5) 客戶的姐姐正在進行放療和標靶治療，並有乳癌擴散到淋巴的情況。

3. 職業背景
    1) 客戶目前在櫃檯工作，曾在工廠工作，並表示不打算退休。
    2) 客戶的兒子是工程師，月薪16萬，但有房貸壓力。
    3) 客戶的女兒在工業加工區上班，採輪班制，工作繁忙。

4. 健康食品使用心得
    1) 客戶對幹細胞產品、激活再生安瓶、德國基能營養液等保健食品有使用經驗，並對部分產品效果表示滿意。
    2) 客戶認為幹細胞產品對骨頭關節有幫助，幹細胞產品和激活再生安瓶對抗衰老、改善健康狀況有效。
    3) 客戶曾使用益生菌、芝麻素、德國基能營養液等產品，認為益生菌有助於腸胃吸收，德國基能營養液效果良好。
    4) 客戶對香檳茸產品有興趣，認為其有助於改善癌症術後健康狀況。
    5) 客戶對保健食品的使用量有一定要求，認為早晚空腹服用效果最佳。

5. 禁忌
    1) 客戶不吃檳榔、不喝酒、不吃皮蛋、不吃主食，並對枸杞味道不喜歡。
    2) 客戶不習慣使用漱口水，認為牙線清潔效果更好，並避免使用灌腸產品。
    3) 客戶的家人不吃拜拜過的食物，尤其是七月半過後。
    4) 客戶對某些產品的顏色和功能有疑慮，對粉紅色和淺色產品不感興趣。
    5) 客戶不適合空腹，並對某些高端產品和人蔘產品不感興趣。",1
25275682,"1. 家庭關係
    1) 無相關資訊。

2. 健康狀況
    1) 無相關資訊。

3. 職業背景
    1) 無相關資訊。

4. 健康食品使用心得
    1) 客戶曾經購買過華陀龜鹿膠，這是一種顧骨頭的保健食品。

5. 禁忌
    1) 無相關資訊。",1
25276068,"1. 家庭關係
    1) 客戶有一個兒子，已經結婚並搬出去住，偶爾會回來幫忙。
    2) 客戶提到兒子會對她購買高價產品表達不滿，並曾取消她的安排。
    3) 客戶提到女兒的生日是二月三號，但女兒不和她一起吃飯過生日。
    4) 客戶提到她的婆婆住在台中，並提到台中溫差大。

2. 健康狀況
    1) 客戶提到自己身體狀況良好，沒有胃食道逆流或脂肪肝等問題，但有癌細胞指數偏高，正在進行相關檢查。
    2) 客戶有乾眼症狀，眼睛感覺乾澀且有霧感，並且眼睛經常不舒服。
    3) 客戶提到醫生建議她控制血糖，並避免食用膽固醇高的食物及過多糖分。
    4) 客戶提到她的體重為70公斤，並表示自己很少在外面吃飯，主要在家裡用餐。
    5) 客戶提到她不喜歡熱的天氣，穿緊的衣物會感到不舒服，並擔心曬到太陽。
    6) 客戶提到她有植物過敏，並且提到自己吃了太多藥。

3. 職業背景
    1) 客戶未提及具體職業背景，但提到她住在台北，已經住了五六十年。
    2) 客戶提到她家後面有山，並表示自己擁有三片土地。

4. 健康食品使用心得
    1) 客戶長期服用葉黃素，選擇較昂貴的產品，但對其效果感到一般，目前家中還有很多存貨。
    2) 客戶每天早上空腹服用玻尿酸，並搭配白開水，考慮是否停止使用。
    3) 客戶曾服用幹細胞產品，但覺得效果不如預期，目前還有未使用完的產品。
    4) 客戶曾服用褐藻糖膠，效果不明顯，目前仍在服用，每天服用兩顆。
    5) 客戶曾購買金色罐子的膠囊產品，每天早上服用兩顆，但感覺精神和體力沒有明顯改善。
    6) 客戶有服用紫色盒子的眼睛保健食品，每天服用一到兩顆。
    7) 客戶有服用台鹽生技和東森交的蜂膠產品，對今年的產品效果感到滿意。
    8) 客戶有喝黑木耳露的習慣，並曾在東森購物購買相關產品。
    9) 客戶曾購買果凍型保健品，並認為效果不錯。
    10) 客戶提到她會將保健食品拿給醫生檢查，醫生建議不要購買或服用某些產品。

5. 禁忌
    1) 客戶醫生建議她避免食用膽固醇高的食物及過多糖分。
    2) 客戶對植物過敏，並提到醫生建議暫時不要服用粒線體相關產品。",1
25284421,"1. 家庭關係
    1) 客戶提到婆婆有在食用大紅麴，主要是為了血管保養和穩定膽固醇。
    2) 客戶表示目前婆婆仍在食用大紅麴，但改為從藥局購買，因為價格較便宜。

2. 健康狀況
    1) 客戶表示自己有在食用維他命C和益生菌。
    2) 客戶提到她之前購買的心血管保養類產品是給家人食用的，自己並沒有食用。

3. 職業背景
    1) 無相關資訊。

4. 健康食品使用心得
    1) 客戶提到之前在東森購物購買過橄欖油、魚油、紅麴、珍珠粉和葉黃素等保健品，但目前已經不再購買和食用葉黃素及其他保健品。
    2) 客戶表示她不喜歡吃人參。

5. 禁忌
    1) 客戶對衛生紙的質感有要求，偏好厚一點的三層衛生紙。
    2) 客戶表示沒有使用過東風的品牌衛生紙。",1
25297451,"1. 家庭關係
    1) 客戶與老公感情融洽，曾一起坐遊覽車和爬泰山。
    2) 客戶有一名女兒，女兒曾做過手術，術後使用鱸魚精補養。
    3) 客戶的孫子已高中，將去南部的義守大學就讀；孫女剛從研究所畢業，有男朋友但不想結婚。
    4) 客戶的小兒子過年會回家吃飯，家裡還有養寵物，寵物需要定期檢查和美容。
    5) 客戶的先生健康狀況不穩定，情緒容易波動，且因經濟原因無法請特別看護，需每日陪同就醫。

2. 健康狀況
    1) 客戶有慢性病，醫生開藥控制，並定期抽血檢查，健康狀況良好。
    2) 客戶有過敏性鼻竇炎，免疫力提高後症狀改善；血壓稍高，已開始每天快走運動，並減少高鹽、高膽固醇和加工食品的攝取。
    3) 客戶認為健康比金錢重要，並強調保持健康的重要性。
    4) 客戶感覺自己外表比實際年齡年輕，朋友和同學也有同感。

3. 職業背景
    1) 客戶目前沒有上班，過去曾參加登山社團，並在公司時期參與過大陸和越南的工廠設立。
    2) 客戶對股票有一定了解，曾在鑫富吧股票上賺過錢。

4. 健康食品使用心得
    1) 客戶長期使用保健品保養膝蓋，效果良好，曾使用龜鹿二仙膠、葉黃素、益生菌、玻尿酸等，並認為葉黃素有助於睡眠。
    2) 客戶每天早上食用發泡錠和保健食品，感覺體力和免疫力提升。
    3) 客戶對於維生素產品的口味接受度高，特別是橘子和檸檬口味。
    4) 客戶對激活再生安瓶的效果滿意，認為改善了小毛病，且親友認為她變年輕健康。

5. 禁忌
    1) 客戶不抽菸，飲酒會控制量，不過量。
    2) 客戶不信任非醫生開的保健品，認為不應隨便服用。
    3) 客戶避免過多有氧運動以保護膝蓋，並減少高鹽、高膽固醇和加工食品的攝取。",1
25314723,"1. 家庭關係
    1) 客戶已婚，育有一子一女，子女均已結婚並搬離家中，兒子從事房地產相關工作，育有兩個孩子，媳婦在機場工作；女兒已婚，育有兩個孩子，但與客戶關係疏遠，未曾探望或聯繫。
    2) 客戶的丈夫曾是軍人，退休後中風，行動不便，需外籍看護協助，家中僅有兩位老人與看護同住。
    3) 客戶的母親患有帕金森症，父母均有高血壓病史。
    4) 客戶的家庭經濟壓力大，需支付外籍看護費用及分期付款的產品費用。

2. 健康狀況
    1) 客戶患有恐慌症、自律神經失調、類風濕性關節炎、心臟問題及下肢水腫，並有頭暈、膝蓋痛、手部腫脹疼痛等症狀。
    2) 客戶曾患肌瘤，現已自然縮小；有膝蓋病毒病史，需定期追蹤。
    3) 客戶的丈夫中風七年，行動需拐杖輔助，並有血糖問題。
    4) 客戶定期服用中藥、西藥及保健品，並需定期進行健康檢查。

3. 職業背景
    1) 客戶曾在公賣局工作45年，現已退休，每月領取六至七萬元退休金。
    2) 客戶曾參與全國性志工活動，幫助九千多人，退休後積極參與教堂志工活動。

4. 健康食品使用心得
    1) 客戶長期服用蚓激酶、魚油、葉黃素、粒線體及幹細胞產品，認為部分產品對健康有幫助，但部分產品引發不適。
    2) 客戶對益生菌產品的效果有不同評價，部分產品改善腸胃問題，但部分產品效果過強或無效。
    3) 客戶對自然美品牌的保養品有一定好感，尤其是積雪草系列，但部分產品效果不如預期。
    4) 客戶對某些保健品的價格感到昂貴，並對部分產品的副作用表示擔憂。

5. 禁忌
    1) 客戶對白藜蘆醇、燥熱食物及某些保健品過敏，可能引發心悸、恐慌症及腸胃不適。
    2) 客戶體質虛弱，對新產品非常謹慎，避免使用可能引發不適的產品。",1
25319815,"1. 家庭關係
    1) 客戶提到家中空間有限，無法存放大容量物品。
    2) 客戶的老公最近半個月未上班，家庭經濟狀況不穩定。
    3) 客戶家中目前無人，擔心送貨時無人接收。

2. 健康狀況
    1) 客戶目前有老花眼，度數約300度，曾為改善老花眼問題購買葉黃素。
    2) 客戶提到負擔很重，可能影響其身心健康。

3. 職業背景
    1) 客戶目前在上班，工作採用輪班制，早班時間為早上8點到下午6點，晚班時間為下午2點到凌晨12點，每兩天工作後休息一天。
    2) 客戶提到工作時間包括早晚班，晚班到晚上12點。

4. 健康食品使用心得
    1) 客戶曾購買玻尿酸產品，目前尚有分期未繳清。
    2) 客戶家中有囤積的保健品，包括B群、葉黃素、益生菌、魚油、鈣片、維他命等，尚未使用完。
    3) 客戶曾購買葉黃素和白色安瓶，但感覺效果不明顯。
    4) 客戶之前購買過華陀的龜鹿二仙膏，並且是自己食用的，目前還剩下一盒。
    5) 客戶吃過木鱉果，認為其效果等同於葉黃素和B群。
    6) 客戶目前服用多種保健品，但已經搞不清楚效果。

5. 禁忌
    1) 客戶不喜歡一次購買大量保健品，因為不知道該如何使用。
    2) 客戶表示如果需要購買會選擇上網購買或再打電話購買。",1
25320094,"1. 家庭關係
    1) 客戶與先生共同生活，並提到先生有老毛病需要用藥，且剛出院。
    2) 客戶提到有一位大哥，最近剛出院由她照顧。
    3) 客戶的小孩會購買保健食品如葉黃素給她使用。
    4) 客戶的兒子開了一家店，她偶爾會幫忙維持運作。

2. 健康狀況
    1) 客戶表示健康狀況良好，並有定期看醫生。
    2) 客戶提到自己體重不到五十公斤，認為不需要減肥。
    3) 客戶有服用膽固醇藥，且已經服用十幾年。
    4) 客戶提到胃癌，但未詳細說明病情。
    5) 客戶目前有固定運動習慣。

3. 職業背景
    1) 客戶已經退休，偶爾幫忙兒子的店。

4. 健康食品使用心得
    1) 客戶曾經嘗試過多種保健食品，包括龜鹿精、粒線體安瓶、幹細胞相關產品、TL62益生菌及雙纖產品，但普遍認為效果不佳。
    2) 客戶目前服用三合一的保健食品，並有小孩購買葉黃素給她使用。
    3) 客戶表示東森合作的挺立鈣片價格較便宜，與其他品牌不同。
    4) 客戶提到家中還有兩組益生菌，僅需再購買一組。

5. 禁忌
    1) 客戶表示吃益生菌會導致便秘，因此不願意使用益生菌產品。
    2) 客戶認為保健食品效果不佳，浪費錢和時間，未來不打算再購買。",1
25322263,"1. 家庭關係
    1) 未提及相關內容。

2. 健康狀況
    1) 客戶固定每三個月進行一次健康檢查。
    2) 客戶虛歲六十歲，但實際年齡為75歲。

3. 職業背景
    1) 客戶提到自己年紀很大，對投資不感興趣。

4. 健康食品使用心得
    1) 客戶之前在東森購物購買過妍美会品牌的葉黃素。

5. 禁忌
    1) 客戶目前沒有特別想購買的商品，會考慮後再決定是否購買。
    2) 客戶提到已經好幾年未收到東森的型錄。",1
25326224,"1. 家庭關係
    1) 客戶與家人一起居住，並共同保養，購買的保養產品通常是兩份。
    2) 客戶的父親曾經發生過一次問題。
    3) 客戶提到台酒生技的青春露有時候是自己用，有時候是送人。

2. 健康狀況
    1) 客戶77歲，男性，曾經裝過支架，目前血壓控制良好。
    2) 客戶曾有青光眼問題，但後來未再發生相關問題。
    3) 客戶提到膝蓋問題，晚上看東西能力較弱，並有近視。
    4) 客戶提到自己經常跑來跑去，生活較為活躍。
    5) 客戶不希望追求激情或多餘的活力，只希望生活平順健康。

3. 職業背景
    1) 客戶未提及具體職業背景。

4. 健康食品使用心得
    1) 客戶曾購買過顧眼睛的產品，但效果不明顯。
    2) 客戶有購買膠原蛋白產品的經驗。
    3) 客戶每天只吃一顆新時代產品，後來改為每天吃兩顆幹細胞產品，並表示幹細胞產品有使用效果。
    4) 客戶曾購買過六盒幹細胞產品。
    5) 客戶收到紅棗脆片、枸杞和姜黃產品。
    6) 客戶使用玄米油和橄欖油，並提到橄欖油價格較高。
    7) 客戶提到台酒生技的青春露使用一個月感覺不錯，但稍微有點黏，主要用於淡斑。
    8) 客戶使用了一種照射設備促進頭髮生長，效果顯著，整片頭髮長出來了。

5. 禁忌
    1) 客戶對於產品的使用持謹慎態度，不希望購買大組合的產品，只想慢慢來。
    2) 客戶對購物活動不感興趣，不喜歡一直購買東西。
    3) 客戶對於貨到付款和不分期付款的方式較為偏好。
    4) 客戶不太會使用Line等通訊軟體，也不太喜歡看型錄。
    5) 客戶希望只針對特定產品寄送相關資料。
    6) 客戶表示未曾吃過類似亢疫情的益生菌。",1
25342447,"1. 家庭關係
    1) 客戶有兩個女兒，其中一位已婚并住在家中，另一位不住在家裡。
    2) 客戶有兩個孫子，分別是五歲和八歲。
    3) 客戶的先生身高約174公分，體重約74公斤，每天去健身房運動。

2. 健康狀況
    1) 客戶提到自己心臟有一點問題，胃不好，並且曾經開過刀。
    2) 客戶提到自己最近體重增加，並有排便困擾，考慮益生菌可能有幫助。
    3) 客戶表示目前身體健康，沒有骨頭問題。
    4) 客戶提到她個人沒有膝關節問題。
    5) 客戶習慣喝熱水，不喜歡喝飲料。

3. 職業背景
    1) 客戶主要從事金融投資工作，並有進行股票投資。
    2) 客戶最近有進行房地產投資。

4. 健康食品使用心得
    1) 客戶曾經購買過益生菌、葉黃素、維骨力、B群、牛樟芝等保健食品，但大多數未使用或已過期。
    2) 客戶對於保健食品和保養品的使用習慣不固定，並表示有些保養食品沒有用。
    3) 客戶對於褐藻產品不熟悉，對其效果未表達懷疑。
    4) 客戶對於燕窩產品的保存期限、防腐劑問題及送禮的適合性表示關注，並對其包裝和內容物感到失望。
    5) 客戶有固定使用面膜的習慣，並有固定的品牌，但認為有些面膜不好用。
    6) 客戶對於玻尿酸產品的功效表示懷疑，認為其功效被誇大。

5. 禁忌
    1) 客戶不喜歡退貨，除非對商品不滿意，否則不會退貨。
    2) 客戶不想進行侵入式醫美療程，例如去除法令紋或眼袋。
    3) 客戶不喜歡購物團，認為購物行程過多影響旅遊體驗。
    4) 客戶對於分期付款有時持保留態度，認為分期會讓人感覺花費太多。",1
25369989,"1. 家庭關係
    1) 客戶與家人一起居住，家中有兩個子女及小孫子。
    2) 客戶提到需要接小朋友，並提到小朋友曾有二次感染和發燒症狀，可能受到學校其他生病學生的影響。

2. 健康狀況
    1) 客戶表示目前身體狀況理想，沒有不好的情況。
    2) 客戶今年第一次做全身檢查，但未確定是否每年固定檢查。
    3) 客戶感冒了，並被傳染，提到很少開藥，通常過幾天就會好。
    4) 客戶沒有在吃安眠藥，也沒有打流感疫苗。
    5) 客戶平常不喝燕窩，但在呼吸道不舒服時會考慮使用。

3. 職業背景
    1) 客戶目前在林口工作，認為搭公車比捷運方便。
    2) 客戶表示目前經濟狀況不允許購買高價產品。

4. 健康食品使用心得
    1) 客戶每天晚上睡前固定吃兩顆某產品，並提到曾購買過益生菌、滴雞精、魚油、德國維生素D3膠囊等產品，但部分產品尚未食用完或效果不佳。
    2) 客戶對於植物性全能產品、南韓人蔘、幹細胞產品等不感興趣，但對石墨烯產品和滴雞精有一定興趣。
    3) 客戶對於產品的價格和優惠活動有關注，並對特價產品感興趣，曾參與過三盒送三盒的團購活動。
    4) 客戶對於某些產品的使用方式有疑問，例如燕窩的保存方式及是否需要添加其他東西。

5. 禁忌
    1) 客戶對回春、抗老、青春露、植物幹細胞等產品不感興趣，認為沒有用。
    2) 客戶不再購買高價人蔘產品，對於收藏人蔘持保留態度，並表示不需要購買太多。
    3) 客戶不再購買京東果凍給小朋友食用，家中也沒有人特別愛吃巧克力。
    4) 客戶對於藝術品、包包、翡翠、珍珠等奢侈品沒有興趣，認為沒有實際意義。
    5) 客戶不需要額外的石墨烯操刀能量被，對于房地產和搬家也沒有計劃。",1
25374021,"1. 家庭關係
    1) 客戶與家人住在一起，家中有兩個小朋友。
    2) 客戶每週與家人一起吃飯一到兩次。
    3) 客戶提到會與老公討論購買酵素產品的事情。
    4) 客戶可能會買衣服給兒子，兒子身高175公分，體重75公斤。
    5) 客戶提到她將於23號回台灣，且需要晚上才回到。

2. 健康狀況
    1) 客戶每年進行一次健康檢查，目前沒有在吃處方用藥。
    2) 客戶提到自己有感冒，喉嚨有痰，支氣管不適，並有靜脈瘤的問題。
    3) 客戶提到三天的味道感受都一樣，並對益生菌產品感到不適，導致軟便，已停止使用。
    4) 客戶的皮膚比較敏感，使用粉色面膜後臉上出現紅色疹子，感到癢癢的。
    5) 客戶提到自己不容易掉頭髮，且頭髮看起來很多。

3. 職業背景
    1) 客戶表示自己要上班。
    2) 客戶對於健康講座的參加時間偏好在星期四或星期五。

4. 健康食品使用心得
    1) 客戶目前每天早上服用粒線體、幹細胞和外泌體保健品，晚上服用粒線體產品。
    2) 客戶有在食用益生菌、葉黃素、血管保養產品及支氣管保養產品，並曾購買過激活再生粒線體、葉黃素果凍、蘇蘇通等產品。
    3) 客戶認為保養品需要長期服用才能見效，但表示食用後沒有明顯感覺，且不喜歡每天吃太多保健品。
    4) 客戶對於粒線體產品的效果有一定了解，知道其對身體代謝的影響，並習慣早上飲用。
    5) 客戶對於再生醫學的產品有興趣，認為這類產品有效果。
    6) 客戶對於健康食品的價格和優惠有興趣，並考慮使用生日金和點數折扣購買。
    7) 客戶習慣空腹吃保健食品，並已經習慣這種方式。

5. 禁忌
    1) 客戶目前不吃B群，因為家裡有很多保健品，不想吃太多種。
    2) 客戶對於中國製的產品不感興趣，偏好臺灣製的產品。
    3) 客戶對於高價產品表示猶豫，並提到可能會與同事分享。
    4) 客戶對於減肥產品的興趣不大，認為瘦身產品對體重沒有特別效果，但會減少食慾。
    5) 客戶不會使用瘦身針，認為飲食控制更重要。
    6) 客戶不喜歡囤積太多產品，表示目前有很多保健品，打算吃完再考慮購買新產品。
    7) 客戶對於紅麴產品有關注，但提到某品牌可能有中標。
    8) 客戶不喜歡某些顏色的產品設計，對於顏色的選擇有特定偏好。",1
25395513,"1. 家庭關係
    1) 客戶有三個女兒，其中一個女兒與男朋友一起經營獎金，另一個女兒住在北部，並有兩個孩子（一男一女）。
    2) 客戶與前妻離婚後賣掉了一間房子，並將所得分給三個女兒每人50萬。
    3) 客戶目前獨居，與女兒們未同住，但有時會幫忙照顧孫子。
    4) 客戶的孫子年紀尚小，女兒的配偶工作不穩定。

2. 健康狀況
    1) 客戶73歲，無三高問題，但有白內障、骨質疏鬆（特別是右腳踝）、尿道發炎、攝護腺問題及便秘等健康狀況。
    2) 客戶右眼有白內障，需定期檢查，並使用眼藥水延緩惡化，考慮進行手術。
    3) 客戶曾因憋尿導致尿道發炎，需定期回診，並服用藥物控制攝護腺擴大。
    4) 客戶有時感覺骨頭疼痛，可能與過度疲勞或使用過度有關，曾有五十肩問題，並持續抓痧15年。
    5) 客戶曾因尿道發炎出現排便問題，目前使用乳酸菌產品和膳食纖維補充劑改善便秘，並減少瀉藥用量。
    6) 客戶曾因塑膠粒噴入眼睛導致眼睛問題，並提到心臟相關問題但未提供細節。
    7) 客戶平時睡得較晚，睡眠品質有所改善，並使用記憶枕頭。

3. 職業背景
    1) 客戶目前已退休，無勞保，僅有健保，主要專注於身體健康。
    2) 客戶曾從事設計塑膠膜產品的工作，需出國並使用英文溝通，現偶爾幫忙處理客戶事務。
    3) 客戶目前在電子廠工作，並表示工作中每分鐘都很寶貴。

4. 健康食品使用心得
    1) 客戶長期使用美樂家保健品，包括植醇魚油、綜合維他命、隨身包（含魚油、B群、維生素C、維生素E、益生菌）、緊接能加強錠（含葡萄糖胺、軟骨素、MSM）、保肝產品及腎臟保健食品。
    2) 客戶每天服用葉黃素一顆，特定情況下會增加至兩顆，認為其有助於護眼。
    3) 客戶有使用乳酸菌產品，每月花費約三千元，並使用遠紅外線床墊和電毯緩解酸痛。
    4) 客戶曾使用龜鹿精，並提到其使用方法。
    5) 客戶有使用茶樹精油，認為其具有止血和抗菌效果。

5. 禁忌
    1) 客戶目前減少西藥使用，但仍服用優福利控制攝護腺問題，非每日服用，視情況而定。
    2) 客戶未曾嘗試過單價超過三千元的套餐，對高價餐廳興趣不大。",1
25411730,"1. 家庭關係
    1) 客戶與先生一起生活，家庭生活輕鬆愉快。
    2) 客戶有一子一女，兒子在美國從事裝潢工作，女兒與其丈夫生活富裕，女兒目前住在東莞和西安。
    3) 客戶的兒子已從國外大學畢業，媳婦今年冬天將回來探訪。
    4) 客戶的哥哥希望住在她家，但她不同意。
    5) 客戶每次家人來台灣探訪，住宿費由她支付。

2. 健康狀況
    1) 客戶78歲，身體抵抗力強，但患有糖尿病，血糖值約為7點多，需服用藥物並打胰島素控制血糖。
    2) 客戶不習慣吃藥，對某些保健品敏感，不能吃含糖產品，對魚油過敏，且不吃紅參和花旗蔘。
    3) 客戶提到自己不運動，走路後需要休息兩週才能恢復，並有睡眠品質不佳的問題，通常凌晨三四點才入睡。
    4) 客戶提到自己從小在農村長大，認為乾淨的環境對健康有幫助。

3. 職業背景
    1) 客戶曾是小學老師，現已退休，並有退休金。
    2) 客戶目前在部隊工作，無法攜帶和闐玉手鐲。

4. 健康食品使用心得
    1) 客戶長期食用燕窩，偏好老行家的品牌，認為燕窩對健康有幫助，但對某些品牌的品質不滿意。
    2) 客戶每天早上空腹喝一瓶燕窩，通常兩週內吃完一瓶，並會加入蜂蜜和肉毒改善口感。
    3) 客戶認為多喝溫開水有助於血液循環和排毒，每天喝1,000-2,000cc水，認為這是她不感冒的原因。
    4) 客戶使用橄欖油作為主要飲食油品，並提到苦茶油無味且無參味。
    5) 客戶曾購買保健品但未使用，最後丟掉多包。

5. 禁忌
    1) 客戶不吃紅參、花旗蔘及含糖產品，對魚油過敏，並認為紅參不適合高血壓患者。
    2) 客戶不聊和闐玉手鐲相關話題，可能有特定禁忌。",1
25420968,"1. 家庭關係
    1) 客戶目前一人居住，住在十五坪的房子裡，居住地為林口。
    2) 客戶有一個已婚的女兒，女兒育有一男一女，並會為她準備年菜和食物。
    3) 客戶的兒子經常需要出差，包括前往新加坡，目前未住在林口，但有時會與專員聯繫。
    4) 客戶提到她沒有孫子。

2. 健康狀況
    1) 客戶年齡為87歲，已經退休，並提到年紀較大，不敢去太遠的地方旅行。
    2) 客戶曾經接受過白內障手術，但眼睛並不乾澀。
    3) 客戶提到眼睛保養後反而變得容易疲勞，但並無其他特別的健康問題。

3. 職業背景
    1) 客戶已經退休，但目前仍有在上班，且上班時間不方便接電話，晚上比較有空。
    2) 客戶與東森購物往來已有十八年，平時喜歡購物，經常購買商品，且偏好高檔物品。

4. 健康食品使用心得
    1) 客戶每天服用一顆葉黃素進行日常保養，並主要從東森購物購買，目前家中還有超過三盒葉黃素未吃完。
    2) 客戶曾購買過益生菌、顧骨膠產品、綠蜂膠三倍葉黃素等保健食品，益生菌是朋友贈送的，並推薦過益生菌。
    3) 客戶平時購買了很多營養食品，包括顧眼睛、顧骨頭關節、腸胃益生菌等，但有時會吃不完而浪費。
    4) 客戶提到曾使用過任丹，但表示沒有用。

5. 禁忌
    1) 客戶表示她不隨便吃保健食品，會等到需要時或用完後再購買新的。
    2) 客戶目前預算有限，暫時無法購買產品。",1
25423609,"1. 家庭關係
    1) 客戶提到家中有小朋友，但未提及具體情境。
    2) 客戶表示今年的年菜由姐姐負責，她自己沒有參與。
    3) 客戶提到之前購買的保健食品是給家人使用的，但家人目前已不在，因此不再購買相關產品。
    4) 客戶提到她是一個人。

2. 健康狀況
    1) 客戶目前有腳部韌帶撕裂傷，正在慢慢恢復。
    2) 客戶會使用熱敷來緩解身體不適。
    3) 客戶曾經使用中藥進行身體調理，並認為效果不錯。

3. 職業背景
    1) 客戶表示自己已經退休，但目前仍在上班。
    2) 客戶提到最近很忙，可能無法專注於購物或聽取詳細介紹。

4. 健康食品使用心得
    1) 客戶每天都有服用幹細胞產品。
    2) 客戶曾經購買幹細胞產品給父親使用。
    3) 客戶表示之前購買的葉黃素保健品是給家人使用的，而非自己食用。

5. 禁忌
    1) 客戶表示目前暫時不需要葉黃素或幹細胞相關產品。
    2) 客戶表示目前沒有使用東森購物的會員券。",1
25426787,"1. 家庭關係
    1) 無相關資訊。

2. 健康狀況
    1) 客戶為66歲，健康狀況未提及具體問題。

3. 職業背景
    1) 無相關資訊。

4. 健康食品使用心得
    1) 客戶目前沒有在食用葉黃素或其他保健食品。

5. 禁忌
    1) 無相關資訊。",1
25427788,"1. 家庭關係
    1) 客戶的兒子目前負責為她購買葉黃素。

2. 健康狀況
    1) 客戶有洗腎的情況，每週進行三次洗腎。

3. 職業背景
    1) 無相關資訊。

4. 健康食品使用心得
    1) 客戶曾購買並服用過葉黃素，購買頻率約為一年一次或兩年一次，目前由兒子代為購買。
    2) 客戶曾購買過燕窩，但已停止食用，並認為市面上的燕窩可能不真實。

5. 禁忌
    1) 客戶目前沒有在使用保養品或進行保養。
    2) 客戶目前沒有在服用任何保健食品或藥物。
    3) 客戶目前沒有在看電視或東森的節目。",1
25439600,"1. 家庭關係
    1) 客戶有一名兒子，已經20歲，目前正在上大學。
    2) 客戶提到她的孩子已經出社會並在工作。

2. 健康狀況
    1) 客戶有時候會便秘，但情況不算嚴重。
    2) 客戶表示爬樓梯時會感到痠痛，懷疑自己可能有骨質疏鬆的問題。
    3) 客戶目前的工作都在室內，沒有什麼機會曬到太陽。

3. 職業背景
    1) 客戶目前的工作性質為室內工作，通常在下午五點半下班。
    2) 客戶平時下班後會去買便當。

4. 健康食品使用心得
    1) 客戶近期有購買B群紅利加強錠，目的是為了加強代謝，目前還在服用，尚未吃完，並表示願意再購買一盒。
    2) 客戶之前有購買過娘家的益生菌，但後來沒有再吃，認為價格較高且感覺糖分很多，不太滿意。
    3) 客戶對益生菌的價格敏感，偏好價格在一千到兩千之間的產品，並對全素可食用的益生菌感興趣。
    4) 客戶認為益生菌對健康有幫助，並提到益生菌可以給小孩子食用。
    5) 客戶目前還有益生菌存貨尚未吃完，並已確認購買六盒益生菌，選擇分六期付款。
    6) 客戶表示想要購買補鈣的保健食品，偏好藥丸或膠囊形式的產品。

5. 禁忌
    1) 客戶表示她不吃保健食品，但目前有在服用B群。
    2) 客戶詢問益生菌是否有副作用，並表示擔心可能會有副作用。",1
25451307,"1. 家庭關係
    1) 客戶與家人同住，並提到有兩個小孩，其中一個在大陸，另一個已嫁出去。
    2) 客戶有孫子，孫子目前是高中生，且會說日文。
    3) 客戶提到她的女兒不嫁。
    4) 客戶表示曾與家人一起旅遊。

2. 健康狀況
    1) 客戶有高血壓，並提到喝高粱酒後血壓會立即升高，認為高粱酒對健康無益。
    2) 客戶提到晚上起來上廁所的次數通常是兩到三次，最近感覺比較沒有力氣，腳也比較沒力。
    3) 客戶曾因健康問題住過台北的台大醫院一週，並提到肚子恢復了，且有拿掉某些東西。
    4) 客戶提到青光眼及重大疾病相關話題。
    5) 客戶提到她最近有健身。

3. 職業背景
    1) 客戶提到自己是開工廠的，從事生意相關工作，目前人在湖北工作，已在當地工作五天，暫時不打算回來。
    2) 客戶是東森的藍鑽頂級VIP會員，與東森往來已超過二十年。

4. 健康食品使用心得
    1) 客戶有服用幹細胞產品，已持續使用快半年，並提到鄰居說效果很好後才開始使用。
    2) 客戶曾使用過華陀的龜鹿產品、東森的活泉保健食品（早晚各服用兩顆但未感受到效果）、粒線體保健品（喝完後隔一週再喝，但未持續飲用），以及肌膚再生粒線體相關產品。
    3) 客戶固定食用燕窩，偏好即食型燕窩，目前還有五罐燕窩，但燕窩已吃完不打算再購買。
    4) 客戶飲用含高單位白藜蘆醇的飲料、高鈣產品及安瓶（一天一支，有時空腹飲用）。
    5) 客戶早上會打豆油並加零一，早餐通常吃豆漿搭配中式餐點，並有藍莓加入飲食中。
    6) 客戶每天喝水量約兩千毫升。
    7) 客戶提到紅藜和葉黃素，但未明確表示具體使用情況或效果。

5. 禁忌
    1) 客戶表示自己不能吃薑。
    2) 客戶不會購買調節案例的產品。
    3) 客戶不會分期付款，選擇一次付清。",1
25456083,"1. 家庭關係
    1) 客戶家裡不煮飯。
    2) 客戶櫃子裡有很多保健品需要消化。

2. 健康狀況
    1) 客戶目前每天早上刷牙後服用兩顆健康食品。
    2) 客戶曾經購買並使用過蚓激酶、臺大幹細胞、人蔘等健康食品。
    3) 客戶目前每天服用幹細胞產品兩到三顆，但對其效果持觀望態度，表示需先吃完現有存貨。
    4) 客戶近期試用台鹽產品，對產品效果表示需要有效才會考慮繼續購買。

3. 職業背景
    1) 客戶目前人在上海，從事藝術品收購工作，對剛硬、大氣風格的藝術作品有偏好。
    2) 客戶對不動產投資有興趣，偏好住宅類型，但沒有特定地點的偏好。

4. 健康食品使用心得
    1) 客戶曾購買過萬壽元蚓激酶產品，並提到蚓激酶可與牛樟芝或幹細胞產品一起食用，成分不衝突。
    2) 客戶曾使用臺大幹細胞產品，表示每天服用兩到三顆，但目前有存貨未用完，暫時不追加購買。
    3) 客戶曾購買過人蔘產品，但目前表示不需要使用。
    4) 客戶近期訂購台鹽產品並正在試用。

5. 禁忌
    1) 客戶對於購買多組產品表示不需要，僅需一組，並表示家中已有存貨，暫時不需要追加訂購。
    2) 客戶對產品效果有要求，需有效才會考慮購買。",1
25478975,"1. 家庭關係
    1) 客戶目前與家人一起居住，家中有三個小孩。
    2) 客戶的錢由女兒幫忙管理，並提到女兒生病了。
    3) 客戶提到家人可能會認為她購買商品是被騙，因此希望購買商品時不要讓家人知道。
    4) 客戶提到全家人曾確診新冠肺炎，但她本人未感染。

2. 健康狀況
    1) 客戶有三高問題（高血壓、高血糖、高血脂），血壓數值有時偏高，左右手血壓差異大，並有服用降血糖和降血壓的西藥。
    2) 客戶腎臟代謝功能較弱，曾有結石問題，目前定期檢查腎臟健康。
    3) 客戶有腸胃問題，曾進行相關檢查，並提到血液循環不佳，偶爾感到疼痛。
    4) 客戶膝蓋關節不適，走路時會感到痠痛。
    5) 客戶最近感冒，影響睡眠品質，並提到心跳有時達到八九十甚至一百。
    6) 客戶提到三酸甘油酯指數從130多降到100多，並有定期進行健康檢查。

3. 職業背景
    1) 客戶已經退休，目前沒有工作。
    2) 客戶每月個人開銷約為一萬塊。

4. 健康食品使用心得
    1) 客戶曾服用多種保健食品，包括苦瓜胜肽、活泉幹細胞、粒線體產品、蚓激酶、益生菌、葉黃素、魚油等，並表示部分產品對血壓、血糖、睡眠和體力有幫助。
    2) 客戶對石墨烯產品的興趣減少，家中已有多款相關產品，但對部分效果感到失望。
    3) 客戶提到使用床墊後，血液循環和疼痛有所改善，減少了使用按摩器的頻率。
    4) 客戶目前優先消耗現有的保健食品存貨，暫時不考慮購買新產品。

5. 禁忌
    1) 客戶避免食用甜食和精緻澱粉，並不吃冰的食物，尤其在冬天。
    2) 客戶擔心保健食品可能影響腎臟健康，並對長期服用某些產品的副作用有所顧慮。",1
25482946,"1. 家庭關係
    1) 客戶與老公、兒子、女兒、媳婦及孫子共同生活，家中有三代同堂。
    2) 客戶的婆婆已過世，曾需要坐輪椅並由家人照顧。
    3) 客戶有兩個兒子和一個女兒，兒子和媳婦住在不同地點，孫子有時會回家與家人團聚。
    4) 客戶的老公有兄弟姐妹，家庭成員間互動頻繁。
    5) 客戶的姐姐和妹妹也有聯繫，姐姐有健康問題需要保養。

2. 健康狀況
    1) 客戶有糖尿病、血壓問題及胃食道逆流，需服用相關藥物控制。
    2) 客戶的老公有高血壓、痛風及膽結石，需定期服藥。
    3) 客戶的孫子有異位性皮膚炎，需使用特定藥膏和保濕乳液。
    4) 客戶的兒子有氣喘、腸胃問題及過敏體質，需定期就醫。
    5) 客戶的家族有高血壓、糖尿病及中風的遺傳病史。

3. 職業背景
    1) 客戶曾在工廠工作，後來從事加工工作，目前已退休。
    2) 客戶的老公曾在中華電信工作，現已退休。
    3) 客戶的兒子和媳婦從事不同職業，包括酒店、律師事務所及企業工作。
    4) 客戶的女兒在律師事務所工作，薪水較高，經常加班。

4. 健康食品使用心得
    1) 客戶長期服用幹細胞產品、蚓激酶、葉黃素等保健食品，認為效果良好。
    2) 客戶的家人也有服用益生菌、魚油等保健食品，對健康有所幫助。
    3) 客戶認為健康食品對血糖、血壓及皮膚保養有幫助。

5. 禁忌
    1) 客戶避免食用過甜、過鹹及黏性食物，並限制高糖分飲料的攝取。
    2) 客戶不喜歡吃牛肉、納豆及某些有勾芡的食物。
    3) 客戶的老公因健康問題避免飲酒，尤其是高粱酒。
    4) 客戶的家人中有過敏體質者，需避免特定食物及環境。",1
25496318,"1. 家庭關係
    1) 客戶與妻子共同生活，家中有兩名子女，其中一名為國中生，年齡13歲。
    2) 客戶的母親年紀較大，身體狀況不佳，患有胃食道逆流，消化較差，醫生建議補充蛋白質和鈣質，並曾打過玻尿酸改善膝蓋問題。
    3) 客戶的岳父健康狀況不佳，曾有酗酒習慣，已過世。
    4) 家中老人家有時不願意吃保健品，但每天會與鄰居散步。
    5) 客戶提到家中開銷主要由他負責，並提到家中有存貨的保健食品。

2. 健康狀況
    1) 客戶目前體重74公斤，醫生建議標準體重為62公斤，並有輕微脂肪肝。
    2) 客戶患有脊髓疾病，最近得了結膜炎，眼睛紅腫未好轉，並提到皮膚有白斑。
    3) 客戶提到運動量不足，平時沒有運動習慣，且作息不規律，最近較晚睡。
    4) 客戶無抽菸喝酒習慣，三餐簡單，並每兩年進行一次健康檢查。
    5) 客戶提到家人有住院，病情反覆，肺部功能受損，需進行長期治療。

3. 職業背景
    1) 客戶在銀行工作，已工作滿25年，因經濟原因無法退休，目標是60歲退休。
    2) 客戶提到工作壓力大，經常加班到晚上七點半，年底特別忙碌。
    3) 客戶有投資股票和基金，並關注大股東籌碼比例，分散資金投資於ETF。
    4) 客戶曾進行黃金和原油投資，認為黃金價格過高，並採取分散風險策略。

4. 健康食品使用心得
    1) 客戶有服用葉黃素超過十年，並與妻子一起服用，認為葉黃素中已含有B群。
    2) 客戶有服用魚油、蚓激酶、幹細胞產品、褐藻、激活、B群等保健食品，並間歇性服用益生菌。
    3) 客戶認為氨基酸類保健品味道不佳，但自己覺得好喝，家人則不喜歡。
    4) 客戶家中有存貨的保健食品，包括亞培安素、補體素、魚油和蚓激酶。
    5) 客戶曾購買過萬歲牌堅果、船井產品、鈣片、綠蜂膠等健康食品，對幹細胞療法產品有興趣，但感覺效果不明顯。

5. 禁忌
    1) 客戶不吃松露類食物，家人不喜歡吃螃蟹。
    2) 客戶的母親對膠囊類保健品吸收效果不佳，偏好液態或膏狀保健品。
    3) 客戶的妻子不喜歡魚肉萃取的保健品。",1
25502019,"1. 家庭關係
    1) 客戶家中有三人，包括她自己、兒子和孫子，孫子目前國二，身高約172公分，喜歡打籃球。
    2) 客戶的兒子從事電子相關工作，採二休二輪班制，經濟上需要她的支援，並會陪她去醫院檢查。
    3) 客戶家中有一位103歲的長壽長輩需要照顧。
    4) 客戶提到她是客家人，家中會講客家話，娘家在新竹關西。

2. 健康狀況
    1) 客戶曾進行肺部手術，切除了部分肺葉，目前處於恢復期，需進行肺功能訓練，並注意營養補充和避免感冒。
    2) 客戶有甲狀腺水泡，需定期追蹤，並提到血糖偏高，肝功能和膽固醇數值較高，但其他健康指標尚可。
    3) 客戶提到膝蓋有不適，尚未進行骨密度檢查，並有腰疼和皮膚乾燥的情況。
    4) 客戶提到最近睡眠不佳，且有时会出现盗汗。
    5) 客戶曾接種流感疫苗和新冠疫苗，並考慮接種肺炎鏈球菌疫苗。

3. 職業背景
    1) 客戶目前暫時未工作，計劃過年後回去上班，之前曾停工一個多月。
    2) 客戶的工作需要大量體力，早上五點出門，午休時間為12:00至12:30。
    3) 客戶的月收入約為兩萬多元，經濟壓力較大，主要依靠保險理賠金作為經濟來源。

4. 健康食品使用心得
    1) 客戶每天服用褐藻糖膠，通常一天四顆，手術後身體狀況穩定，醫生建議繼續服用。
    2) 客戶有服用益生菌，認為有助於排便和免疫力，並感覺身體變得輕鬆，但常忘記服用。
    3) 客戶曾服用降膽固醇產品、苦瓜胜肽和顧骨頭保健品，並表示效果良好。
    4) 客戶每天喝杏仁粉，認為味道好且質地細緻，偶爾會忘記。
    5) 客戶曾購買代餐產品，感覺有飽足感，但認為味道偏甜。

5. 禁忌
    1) 客戶提到醫生建議她不能吃中藥。
    2) 客戶不敢吃太甜的食物，並避免食用甜食。",1
25524524,"1. 家庭關係
    1) 客戶有三個小孩，年齡分別為九個月、兩到三歲及其他年齡不明。
    2) 客戶的兒子在華邦電公司工作多年，擔任工程師職位，並不想當主管。
    3) 客戶的兒子和兒媳婦對購買某些產品有興趣，並且兒子有時會幫助處理網絡問題。
    4) 客戶的老大曾回家與家人團聚，老三有在使用幹細胞產品，老二腎臟功能不佳。
    5) 客戶的先生已於十年前去世，家中有一位大媳婦負責照顧家人。
    6) 客戶的孫女喜歡玩，性格活潑，兒子有養寵物。

2. 健康狀況
    1) 客戶有氣喘、糖尿病，曾提到脂肪瘤，並有眼袋問題，對非侵入性方法感興趣。
    2) 客戶提到膽固醇已降到28點多，沒有高血壓或其他健康問題，但處於亞健康狀態。
    3) 客戶提到自己有時忘記喝水，喝水量較少，並提到血液循環不佳可能需要開白內障手術。
    4) 客戶正在進行植牙，最近可能要看牙醫。
    5) 客戶提到自己每天注意飲食，並認為飲食習慣良好。

3. 職業背景
    1) 客戶曾經從事保險相關工作，目前已退休，偶爾一個人住。
    2) 客戶對股票投資有興趣，並有一定的經驗，最近一個月有五到六萬的收益。
    3) 客戶對藝術品收藏和拍賣有興趣，並有相關經驗。

4. 健康食品使用心得
    1) 客戶曾使用膠原蛋白、白藜蘆醇、幹細胞、氨基酸、粒線體產品等保健食品，對部分產品效果滿意，但對膠原蛋白效果有疑慮。
    2) 客戶對高纖高鈣杏仁粉、低溫烘焙堅果、參巧克力等健康食品有興趣，並考慮加入芝麻粉調味。
    3) 客戶曾使用過維康公司、金蘭算和德國的保健品，認為效果不錯。
    4) 客戶對於保健食品的成分和來源有關注，對鹿胎盤和幹細胞產品的成分有顧慮。

5. 禁忌
    1) 客戶不喜歡甜食，偏好80%以上的黑巧克力。
    2) 客戶不希望購買含有鹿胎盤的產品，對於蚓激酶產品的成分有疑慮。
    3) 客戶不喜歡安排的感覺，對購買產品有自己的想法，並不希望被要求購買。
    4) 客戶對於醫美產品和美容服務持保留態度，曾嘗試過但效果不佳。
    5) 客戶不喜歡太貴的產品，會根據需要和效果決定是否購買。",1
25527485,"1. 家庭關係
    1) 未提及相關資訊。

2. 健康狀況
    1) 客戶超過六十歲。
    2) 客戶有乾眼症和白內障。

3. 職業背景
    1) 未提及相關資訊。

4. 健康食品使用心得
    1) 客戶有服用葉黃素的習慣，一天一顆，但覺得效果不明顯。
    2) 客戶之前購買過其他品牌的葉黃素產品，但食用後效果不佳。
    3) 客戶有補充益生菌的習慣。

5. 禁忌
    1) 未提及相關資訊。",1
25528539,"1. 家庭關係
    1) 客戶有兩個兒子，其中一位兒子有吃泡麵的習慣。
    2) 客戶有一位女兒，目前在美國，曾提到女兒在台北，且女兒尚未成年，現在比較苗條。
    3) 客戶有一位孫女，曾帶孫女外出。
    4) 客戶的老公在河北省，並提到老公生日快樂。
    5) 客戶的媽媽有健康問題，曾患子宮癌。
    6) 客戶提到她的姐姐，兩人曾一起購買產品。
    7) 客戶提到她的婆婆擁有貴重物品。

2. 健康狀況
    1) 客戶有高血壓，並提到相關用藥情況，且投保二甲高血壓。
    2) 客戶有胰腺炎、心臟問題、肝病、鼻竇炎（感到不適）、老花眼、關節問題及膝蓋不適。
    3) 客戶提到膽固醇過高，需要進行管理。
    4) 客戶提到自己得了癌症，並有良性腫瘤，膝蓋後面有腫瘤，且提到開刀會很危險。
    5) 客戶提到白內障修補的問題，但未明確表示自己有白內障。
    6) 客戶每天排便正常，一天一到兩次，但皮膚很乾，且睡眠狀況不佳。
    7) 客戶每兩年會去衛生所進行檢查。
    8) 客戶沒有糖尿病。

3. 職業背景
    1) 客戶提到自己國小畢業。
    2) 未提及其他職業相關資訊。

4. 健康食品使用心得
    1) 客戶每天都有吃一包保健食品，有時候會吃到兩包，並表示膠囊產品蠻好用。
    2) 客戶有購買玻尿酸產品，並使用玻尿酸進行醫美保養。
    3) 客戶使用過北極雪蜜和晚霜，認為具有抗虧和補鈣效果。
    4) 客戶有使用黑醋栗產品、挺立鈣和珍珠鈣，並表示需要鈣片。
    5) 客戶家中有使用魚油產品。
    6) 客戶曾購買過時空膠囊產品。
    7) 客戶提到葉黃素，但未明確提及購買和使用情況。
    8) 客戶購買了興光、美美、momo及北醫的動力鑑別產品。

5. 禁忌
    1) 客戶不喜歡喝某種含維他命C的飲品。
    2) 客戶提到高血壓可能會有後果，需注意相關健康管理。",1
25532450,"1. 家庭關係
    1) 客戶家中有兩個人，包括她和她的孩子。
    2) 客戶的孩子31歲，身高174公分，體重約100公斤，晚餐會吃得比較多。
    
2. 健康狀況
    1) 客戶目前人不太舒服。
    2) 客戶的體重為69公斤，身高161公分，年齡57歲。

3. 職業背景
    1) 未提及具體職業背景。

4. 健康食品使用心得
    1) 客戶剛從日本回來，購買了一大袋的合利他命。
    2) 客戶平時沒有在吃任何保養品，但她和孩子會一起服用益生菌產品。

5. 禁忌
    1) 客戶表示沒有特別去了解過軟骨素。
    2) 客戶家中還有洗髮精的庫存，暫時不需要購買。",1
25533647,"1. 家庭關係
    1) 客戶家在高雄，平日住在宿舍，假日回高雄。
    2) 客戶有兩位子女，一位在讀大三，另一位是國小老師。
    3) 客戶的太太也使用保健產品，且每兩天使用一罐。
    4) 客戶的姐姐每天食用某種保健食品，效果不錯。
    5) 客戶的父親不希望再摔壞東西。

2. 健康狀況
    1) 客戶每兩年進行一次健康檢查，沒有使用慢性處方簽。
    2) 客戶骨頭狀況良好，近期有爬山和減重的習慣。
    3) 客戶有打網球的習慣，並提到以前打完球後會酸痛三到五天，但最近使用某產品後，隔天就不太會酸痛。
    4) 客戶提到可能會感冒，並表示太太的睡眠品質不好。

3. 職業背景
    1) 客戶是公務人員，目前仍在工作，尚未退休。
    2) 客戶經常往返高雄和台北，近期在台北出差，並參加研討會。
    3) 客戶提到自己比較不會做生意，對藝術品和收藏品的行情了解有限。

4. 健康食品使用心得
    1) 客戶有使用葉黃素、玻尿酸、益生菌、幹細胞、骨關節產品、魚油、印加果油等保健食品，並對葉黃素和玻尿酸的效果表示關注。
    2) 客戶每天服用兩顆幹細胞產品，並飲用粒線體產品。
    3) 客戶對於挺立鈣產品有興趣，剛開始使用鈣片，專員建議分早晚各吃一顆。
    4) 客戶曾購買泰山桂圓黑木耳露、玄米油、鴕鳥精、素龜鹿、萬歲牌堅果等產品，對鴕鳥精煮湯後的味道表示滿意。
    5) 客戶對於東森產品的包裝表示信任，認為包裝精美且有保障。
    6) 客戶對於吃的東西是否有效持懷疑態度，並提到目前還有很多保健食品尚未吃完。

5. 禁忌
    1) 客戶提到素食者不可以食用某產品。
    2) 客戶家裡沒有拜拜的習慣。
    3) 客戶對於在蝦皮購買食品持懷疑態度，認為不敢買吃的東西。",1
25536700,"1. 家庭關係
    1) 客戶的先生已經退休，曾使用過鴕鳥精產品，並與管理員溝通過送貨事宜。
    2) 客戶的兒子患有食道癌。
    3) 客戶的女兒曾幫忙訂購燕窩產品。
    4) 客戶的侄女從事團購業務，客戶也曾與侄女一起購買雅詩蘭黛產品。

2. 健康狀況
    1) 客戶有高血壓、膽固醇問題及心臟病，需每日服藥控制病情，並定期進行抽血檢查。
    2) 客戶心臟有人工瓣膜，需服用抗凝血劑，並在手術前需停藥改用注射方式。
    3) 客戶最近感冒，症狀持續超過十天，並傳染給先生。
    4) 客戶有白內障，醫生建議服用葉黃素。
    5) 客戶的右腳有些扁平，走路時容易感到酸痛，曾因跌倒導致手臂骨折，懷疑有骨質疏鬆但未檢查。
    6) 客戶最近腸胃不適，有拉肚子的情況。
    7) 客戶容易流汗，尤其是頭頂，並且怕冷，寒冷天氣會開暖氣保暖。

3. 職業背景
    1) 客戶目前無工作，過去曾與同事一起購買日霜。
    2) 客戶對品牌的加盟模式有所了解，提到台灣有加盟店。

4. 健康食品使用心得
    1) 客戶目前有服用葉黃素，考慮每天早晚各服用一顆以改善效果，並曾參加過買六送六的促銷活動。
    2) 客戶每天食用燕窩，並對燕窩的等級和甜度有要求，喜歡不太甜的口味，並曾購買過頂級燕窩。
    3) 客戶平時食用奧利塔橄欖油，對價格敏感，曾以特惠價購買，並與朋友討論過該品牌。
    4) 客戶曾購買過B群產品，但尚未開始服用，並提到兒子不喜歡吃顆粒狀的B群。
    5) 客戶對保健品的服用方式有一定了解，認為需隨餐或餐後服用，避免空腹，並需與藥物間隔時間。
    6) 客戶對膠原蛋白產品有興趣，但目前未使用相關產品。
    7) 客戶對華陀扶元堂的產品有興趣，特別是果凍條形式的產品。
    8) 客戶認為隆安產品對固氣管不錯，並提到氣候變化影響健康。
    9) 客戶曾購買過奧利塔橄欖油和自然美的保養品，對其效果表示滿意。

5. 禁忌
    1) 客戶不吃魚油、人參及滴雞精，認為不適合自己。
    2) 客戶因服用抗凝血劑，需避免含植物成分的中藥漢方產品，並需注意保健品的濃度分配。
    3) 客戶不喜歡太甜的產品，若燕窩產品過甜可能會退貨。
    4) 客戶不喜歡穿石墨烯褲子、發熱衣或發熱褲，認為不舒適。
    5) 客戶不太吃水果，對某些贈品如黑棗金不感興趣。",1
25544949,"1. 家庭關係
    1) 客戶提到自己是台東人，家在台東。
    2) 家裡有固定購買保健食品和保養品的習慣。

2. 健康狀況
    1) 客戶提到自己的膽固醇數值為180。
    2) 客戶每天都有在吃保健食品。

3. 職業背景
    1) 客戶未提及具體職業背景。

4. 健康食品使用心得
    1) 客戶家裡有吃保健食品的習慣，包括葉黃素、酵素、益生菌等。
    2) 客戶有購買紅麴產品，但尚未嘗試過娘家紅麴產品。

5. 禁忌
    1) 客戶表示目前沒有購買需求，因為剛買過相關產品。
    2) 客戶平日不太方便參加活動。",1
25579866,"1. 家庭關係
    1) 客戶的配偶曾罹患肺腺癌，接受標靶治療但無法承受，已去世，生前無不良生活習慣。
    2) 客戶的兒子住在新竹，女兒和兒子不喜歡她購買的物品。
    3) 客戶提到家中有很多東森的商品庫存，並表示家裡的小朋友年齡非常小，只有幾個月大。
    4) 客戶的先生是藥劑師，妹妹是醫生，家裡曾經開過藥局。
    5) 客戶的老公有八個兄弟姐妹。

2. 健康狀況
    1) 客戶目前72歲，即將滿73歲，患有白內障、糖尿病（服用控糖藥物）、脂肪肝及膽結石（從1公分增至4公分，無疼痛症狀，醫生建議無痛則不需手術）。
    2) 客戶有乾眼症，並有在服用葉黃素。
    3) 客戶表示自己不患有癌症，對癌症患者需要高劑量保健食品表示理解。

3. 職業背景
    1) 客戶曾從事餐飲行業，目前不工作，主要在家照顧家人。
    2) 客戶母親目前固定白班工作。

4. 健康食品使用心得
    1) 客戶有豐富的保健食品購買經驗，曾購買過多種產品，包括益生菌、魚油、燕窩飲、花旗蔘、氨基酸、葉黃素、諾麗果酵素飲品、枸杞原汁、珍珠鹿角鈣、蚓激酶等。
    2) 客戶對益生菌需求高，認為是每天需要的產品，但最近已購買多款益生菌，暫不需要再購買。
    3) 客戶對燕窩產品有興趣，考慮作為送禮用途。
    4) 客戶對無糖且純天然的保健食品有偏好，並表示對價格敏感，傾向購買便宜產品。
    5) 客戶表示氨基酸產品不太好喝，但已經喝了一瓶。
    6) 客戶對花旗蔘杏仁粉有興趣，並選擇分期付款購買。
    7) 客戶曾購買過華陀品牌的枸杞產品，並收到紅棗回饋。
    8) 客戶對防曬乳有興趣，認為其具有隔離、美白效果，且可省去使用粉底的步驟。
    9) 客戶表示自己有很多保健食品和保養品，擔心吃不完會過期，並減少使用面膜的頻率。

5. 禁忌
    1) 客戶不吃黑巧克力和杏仁粉。
    2) 客戶不需要膠原蛋白、幹細胞類產品、淡斑產品、面膜及多餘的保養品。
    3) 客戶不需要再購買魚油、益生菌、葉黃素及蚓激酶等保健食品。
    4) 客戶對於自然美的保養品認為價格過高，不願購買。",1
25598808,"1. 家庭關係
    1) 客戶是單身，沒有先生，但有一個小孩，小孩今年剛上大學。
    2) 客戶的父親今年86歲，喜歡運動和爬山，從年輕時就有打球的習慣。
    3) 客戶提到全家人都有低血壓，且是遺傳性的。
    4) 客戶的父親患有癌症已經二十年，目前膝蓋不好，並有輕微的肌少症，但不嚴重。

2. 健康狀況
    1) 客戶目前正在住院，並提到身體不舒服，感到很累，體力沒有改善。
    2) 客戶有睡眠困擾，睡眠品質很差。
    3) 客戶氣管不好，容易感冒且咳嗽不容易好，從17歲開始感冒後經常不容易痊癒，並喝燕窩改善氣管問題。
    4) 客戶表示自己不會過敏，皮膚也不會過敏。

3. 職業背景
    1) 客戶目前在科技公司上班，工作地點在竹科。
    2) 客戶的工作經常需要加班開會，且需要長時間盯著螢幕，假日也可能需要加班。
    3) 客戶提到最近很忙，這幾天和這個月都很忙。

4. 健康食品使用心得
    1) 客戶有在服用葉黃素、魚油和其他保健品，並提到全家人都有在吃葉黃素，家中還有其他葉黃素可以食用。
    2) 客戶之前購買過妍美会的三倍綠蜂膠囊，目前還有剩餘。
    3) 客戶提到每天早上喝某種飲品，並有訂購葉黃素且已收到貨品。
    4) 客戶最近購買了霧霾床包組、枕頭、葉黃素、巧克力健葉黃素、石墨烯產品、一箱B群、減重果膠、天使媽媽產品及龜鹿精（應是訂給父親食用）。
    5) 客戶提到她有膠原蛋白和很多面膜，但目前沒有使用膠原蛋白，保養品尚未用完，因此不考慮購買新的產品。

5. 禁忌
    1) 客戶目前使用其他品牌的排便相關產品。
    2) 客戶詢問小孩子是否可以食用保健品。
    3) 客戶表示如果有需要會主動聯繫專員。",1
25601309,"1. 家庭關係
    1) 客戶很少與家人一起外出用餐。

2. 健康狀況
    1) 客戶沒有健身的習慣。
    2) 客戶不會游泳，且因為怕水而不從事相關活動。

3. 職業背景
    1) 無相關資訊。

4. 健康食品使用心得
    1) 無相關資訊。

5. 禁忌
    1) 無相關資訊。",1
25635082,"1. 家庭關係
    1) 客戶提到自己是客家人。
    2) 客戶家中每年會很早訂購年菜，並且會輪流選擇幾家店。
    3) 客戶提到家裡的東西都很高檔。

2. 健康狀況
    1) 客戶提到自己有使用燕窩進行保養。
    2) 客戶有固定的保養品牌和保養方法，並有專屬的美容師提供保養建議。
    3) 客戶使用自製的手工皂進行日常護理。

3. 職業背景
    1) 客戶從事健康保養食品相關工作，並提到公司也有銷售健康食品。
    2) 客戶的公司曾在百貨公司設過櫃，但效果不佳，目前處於半退休狀態。
    3) 客戶從事眼睛相關的工作，並有朋友從事高生化科技相關工作，會送她保養品。

4. 健康食品使用心得
    1) 客戶非常注意飲食，不會隨便選擇食物。
    2) 客戶有使用燕窩進行保養，並經常使用美容師提供的產品。
    3) 客戶有固定的保養品牌，並有時候會在免稅店購買保養品。
    4) 客戶從未使用過幹細胞相關產品，並表示不會購買其他保健品，因為公司有生產相關產品。

5. 禁忌
    1) 客戶表示比較不喜歡來自大陸的商品。
    2) 客戶從未退過東森的商品，但最近半年幾乎沒有在東森購物購買東西。",1
25649610,"1. 家庭關係
    1) 未提及家庭關係相關內容。

2. 健康狀況
    1) 客戶目前健康狀況未明確提及，但有使用保健食品的習慣，可能重視健康管理。

3. 職業背景
    1) 未提及職業背景相關內容。

4. 健康食品使用心得
    1) 客戶去年曾購買過葉黃素，但尚未開始服用，目前已不再食用葉黃素。
    2) 客戶有接觸牛樟芝和靈芝類的保健食品。
    3) 客戶選擇兌換一組石墨烯能量貼布及一盒B群保健食品。
    4) 客戶吃素，對素食保健食品有需求。

5. 禁忌
    1) 客戶吃素，可能對非素食成分的保健食品有所禁忌。
    2) 客戶提到兌換券部分不需要全部用完，可能對兌換方式有特定偏好。",1
25651963,"1. 家庭關係
    1) 客戶提到家中購買的東森產品基本上都是太太的東西。
    2) 客戶的太太有在使用保健食品，包括顧骨頭的保健食品、葉黃素（非東森產品）及眼霜。
    3) 客戶表示會與太太討論是否購買東森購物的商品，並將產品資訊傳給太太，由太太決定是否購買。

2. 健康狀況
    1) 客戶提到之前大部分購買的是顧關節的保健食品，但現在不太吃了。
    2) 客戶目前家中仍有白蘭氏膠原蛋白產品，但他自己不吃葉黃素，僅提到葉黃素是純粹作為保養使用。
    3) 客戶對於綠蜂膠的用途不太了解，對挺立鈣產品表示目前沒有需求，但願意了解相關資訊。

3. 職業背景
    1) 客戶未提及具體職業背景，但提到自己有購物的習慣，並主要透過電視購物進行消費。
    2) 客戶表示平時使用信用卡進行支付，也可以接受貨到付款的方式。

4. 健康食品使用心得
    1) 客戶家中有顧骨頭的保健食品，但由太太食用，他自己沒有在吃。
    2) 客戶提到白蘭氏的保健食品，包括保捷膠原錠，家中仍有白蘭氏膠原蛋白產品。
    3) 客戶提到葉黃素是純粹作為保養使用，但他自己不吃，太太有在食用。

5. 禁忌
    1) 客戶表示目前沒有聽過幹細胞技術，並表示暫時不需要。
    2) 客戶對綠蜂膠的用途不太了解，對挺立鈣產品表示目前沒有需求。",1
25672888,"1. 家庭關係
    1) 客戶與老公一起生活，目前沒有小孩。
    2) 客戶提到家中有一位老頭，可能需要試試看某些東西。
    3) 客戶提到有一位患有肌少症且肌能狀況較差的長輩，需特別照顧。
    4) 客戶提到父親住在家中，且不喜歡吃便當，缺乏運動。
    5) 客戶提到有一位長輩每天飲用氨基酸飲品以補充營養。
    6) 客戶提到有一個孫子。
    7) 客戶提到禮拜六和禮拜天要留給家人，不能安排其他事情。

2. 健康狀況
    1) 客戶有心臟不好的問題。
    2) 客戶有輕微糖尿病，並有血糖問題，正在服用血糖藥，但尚未進行糖化血色素檢測。
    3) 客戶的糖化血色素指數為六點多。
    4) 客戶提到晚上睡不著。
    5) 客戶的臉部有一些黑斑，可能是遺傳的。
    6) 客戶曾經確診但無症狀，未接種疫苗。
    7) 客戶提到中秋節不能多吃食物，因為糖尿病的關係。

3. 職業背景
    1) 客戶目前有在上班，需看工作安排才能接電話。
    2) 客戶提到她目前正在學習新東西，包括股票投資，並每週三到台北上課。
    3) 客戶有投資股票，資金約為幾百萬，並認為投資股票比投資黃金更快。
    4) 客戶會觀察股票表現，根據感覺決定是否進場，並認為風險高時需快速撤出。
    5) 客戶通常保留一二十萬現金作為流動資金。

4. 健康食品使用心得
    1) 客戶有在服用幹細胞產品，每天空腹吃兩顆，感覺精神和體力有所改善。
    2) 客戶有購買粒線體產品，並被建議早上空腹或晚上睡前服用。
    3) 客戶有購買並食用降三酸甘油酯和血糖的產品。
    4) 客戶有在服用顧骨頭的保健食品，並表示效果很好。
    5) 客戶有購買魚油膠囊，認為其對心血管和健康有幫助。
    6) 客戶每天喝一瓶氨基酸飲品，吸收效果好。
    7) 客戶對苦茶油有興趣，並提到小朋友也會食用。
    8) 客戶有購買橄欖油，家中每天使用，消耗較快。
    9) 客戶有購買益生菌，提到腸道健康的重要性，並希望購買LP119品牌的益生菌。
    10) 客戶有購買高麗蔘、人蔘杏仁粉、花旗蔘杏仁粉等產品，並有使用經專員介紹的油產品。
    11) 客戶曾購買過玻尿酸產品和褐藻產品，但對其效果有疑問。
    12) 客戶曾購買過外米提和幹細胞產品，對幹細胞產品效果感覺不大。
    13) 客戶對牛樟芝產品持懷疑態度，但得知其為純素產品後詢問是否可以食用。

5. 禁忌
    1) 客戶對葉黃素、益生菌和玻尿酸產品不感興趣。
    2) 客戶不想更換目前使用的產品。
    3) 客戶對疫苗持懷疑態度，認為對人體不好，未接種疫苗。
    4) 客戶目前吃素，購買商品時希望是全素產品。",1
25674421,"1. 家庭關係
    1) 客戶有女兒和兒子，女兒負責購買保養品和保健品給她使用，兒子曾在上海上班。
    2) 客戶有媳婦，媳婦娘家從事橄欖油相關工作，並使用意大利進口橄欖油煎煮食物。
    3) 客戶有孫子孫女，年齡約三十多歲。
    4) 女兒和媳婦回來時會住在家裡並一起吃飯。

2. 健康狀況
    1) 客戶快八十歲，出生於1948年，曾提到腎臟有健康問題。
    2) 客戶有白內障，但尚未進行手術。
    3) 客戶表示她很少吃螃蟹，認為吃螃蟹很累且耗時。
    4) 客戶晚上通常很晚睡，約十二點以後才睡覺，早上九點多醒來，下午三點到六點會關機午睡。

3. 職業背景
    1) 客戶以前是老師，目前已退休。

4. 健康食品使用心得
    1) 客戶有固定在吃品牌挺立鈣，並未嘗試其他品牌。
    2) 客戶有吃膠原蛋白，選擇日本品牌。
    3) 客戶使用台酒的青春露作為保養品，且保養品由女兒購買。
    4) 客戶的益生菌是女兒買給她的，且已使用多年。

5. 禁忌
    1) 客戶不使用沙拉油，偏好橄欖油、葵花油和葡萄籽油，並提到意大利品牌奧利塔的橄欖油、葵花油和葡萄籽油都不錯。
    2) 客戶不接受、不使用任何補品或保健食品，並表示她沒有在吃B群或相關保健食品。",1
25694812,"1. 家庭關係
    1) 客戶有一個女兒，與女兒感情特別好。
    2) 客戶有七個兄弟姐妹，其中兩位從美國回來。
    3) 客戶的母親八十歲，與兄弟姐妹一起外出遊玩。
    4) 客戶目前單身已經十多年。
    5) 家中有一個小學一年級的孩子。
    6) 客戶提到家中小孩對明星相關活動沒有興趣。

2. 健康狀況
    1) 客戶有高血壓和高血脂的問題，對慢性病藥物有一定了解，知道不吃高血壓藥會導致血壓上升，但目前未服用藥物。
    2) 客戶提到腎臟有問題，尿液中有泡泡，可能與腎功能有關，並表示下週會去看醫生檢查報告。
    3) 客戶提到自己年紀大了，79歲，且平常沒有運動。
    4) 客戶視力狀況良好，沒有近視或老花，已持續二十年。
    5) 客戶表示自己沒有便秘問題。
    6) 客戶有服用安眠藥。

3. 職業背景
    1) 客戶曾經在銀行工作過。
    2) 客戶是退休老師，曾就讀於師範大學。
    3) 客戶的學生在深圳做生意。

4. 健康食品使用心得
    1) 客戶曾購買過葉黃素、蚓激酶、治療關節的產品等，但目前未表達對葉黃素的興趣，且表示家中還有很多蚓激酶產品。
    2) 客戶提到自己很少吃保健食品，並尚未開始服用保健食品。
    3) 客戶提到需要多喝水來幫助代謝毒素。
    4) 客戶提到牛樟芝一天要吃到五顆的產品，但未明確表示自己有服用。
    5) 客戶提到一五八是補氣的產品。
    6) 客戶提到他有使用洗衣精，並覺得效果很好。

5. 禁忌
    1) 客戶不吃某些食物，可能與腎臟問題有關。
    2) 客戶不敢購買黑胡椒豬。
    3) 客戶不需要舒酸定牙膏和太空能量棒。
    4) 客戶對某些產品或活動感到反感。",1
25702238,"1. 家庭關係
    1) 客戶是一位65歲女性，與大女兒住在一起，兒子和女兒分別住在對面不同棟的房子，兒子住八樓，女兒住六樓。
    2) 客戶的兩個孩子曾在新加坡生活五年，並且互相照顧，大女兒曾在新加坡讀書。
    3) 客戶的兒子曾在高雄中山大學醫學院畢業，並以第一名進入學校。
    4) 客戶的父親有重聽，需要陪同看醫生並協助溝通。
    5) 客戶的子女經常出差，有時候會從國外帶回物品。

2. 健康狀況
    1) 客戶目前沒有上班，健康狀況未提及重大疾病。
    2) 客戶每天固定服用保健食品，並有喝某種飲品。

3. 職業背景
    1) 客戶目前沒有上班，未提及過去的職業背景。

4. 健康食品使用心得
    1) 客戶曾購買美白安瓶，使用方式是分壓後七天內用完，並認為再生安瓶價格偏高。
    2) 客戶曾購買保健食品，包括顧血管、骨頭和眼睛的產品，並固定服用。
    3) 客戶的保健食品由小兒子購買，包括魚油、葉黃素等，有時從國外帶回不同品牌的產品。
    4) 客戶的女兒經常出差，會看到顧骨頭的保健食品並購買。
    5) 客戶的孩子會購買保健食品，例如杏仁小魚干，客戶自己很少購買，主要是孩子在吃。
    6) 客戶曾購買葉黃素產品，女兒也曾在美國購買葉黃素。
    7) 客戶有給孩子購買B群補充品。

5. 禁忌
    1) 客戶目前沒有提到特定的健康食品或飲食禁忌。",1
25719619,"1. 家庭關係
    1) 客戶已退休，丈夫已過世，丈夫曾患有肝硬化且已無法救治。
    2) 客戶有一位媳婦在葡萄王工作，固定提供益生菌給她。
    3) 客戶提到小孩子如果沒有幫忙，她自己無法負擔房子。

2. 健康狀況
    1) 客戶有青光眼和白內障，但目前白內障尚未需要開刀，眼睛狀況良好，視力良好但有老花眼需戴眼鏡。
    2) 客戶有高血壓，血壓值約在140左右，並且腸胃道不好，有胃食道逆流的情況。
    3) 客戶目前感冒，胃不舒服，但快要康復了。
    4) 客戶的體重為43公斤，身高為156公分，飲食習慣為少量多餐。
    5) 客戶每天早上五點多起床進行四十分鐘室內慢跑，並平時打桌球，每次一小時，定期檢查健康，檢查結果無異常。

3. 職業背景
    1) 客戶曾在財政科工作，目前已退休，退休時間約五年。
    2) 客戶參加老人會，年費約八百元，課程費用每學期約兩三百元。

4. 健康食品使用心得
    1) 客戶每天喝一支保健品，曾服用三得利保健食品，通常一次購買兩罐，並在台灣訂購。
    2) 客戶曾服用膠囊型保健食品，但因胃不舒服而停止服用。
    3) 客戶每天吃益生菌，曾購買過華陀品牌益生菌，並詢問益生菌是否能改善腸胃吸收問題。
    4) 客戶曾購買葉黃素和白藜蘆醇產品，葉黃素尚未吃完，並使用華陀品牌的葉黃素。
    5) 客戶的冰箱裡有挪威品牌保健食品，是朋友送的。
    6) 客戶曾收到膠原美妍珍珠粉，並曾去自然美做臉，頻率約一至兩個月一次。

5. 禁忌
    1) 客戶表示不喜歡吃到用過的東西。
    2) 客戶初一十五吃素。",1
25720604,"1. 家庭關係
    1) 客戶提到她的孩子都住得很遠。

2. 健康狀況
    1) 客戶目前正在進行腎臟治療，並表示聽不太清楚。
    2) 客戶提到醫生有開藥給她，並建議不要吃一大堆保健食品。
    3) 客戶表示現在都在看中醫調理身體。
    4) 客戶提到她現在什麼都不能亂吃。

3. 職業背景
    1) 客戶目前在醫美工作。
    2) 客戶提到她正在上班，表示很忙，沒有時間聊天。

4. 健康食品使用心得
    1) 客戶提到之前有吃過葉黃素，並認為效果很好。
    2) 客戶提到之前有吃過綜合維生素和維他命C，效果不錯。
    3) 客戶曾經購買過魚油。

5. 禁忌
    1) 客戶表示她不會購買電視廣告推薦的保健品，認為這樣是浪費錢。
    2) 客戶表示她不喜歡喝保養品。
    3) 客戶提到她不會使用防曬、眼霜或面膜等護膚產品。
    4) 客戶表示對某些產品感到害怕，因此不想購買。
    5) 客戶提到幹細胞產品太貴。
    6) 客戶表示她不想購買任何產品。",1
25733649,"1. 家庭關係
    1) 客戶有兩個兒子，其中一個在美國定居並擁有自己的事業，職業是會計師，且有兩個小孩。
    2) 客戶的父母曾住在彰化花壇，父親過世後，父親的房子由弟弟讓渡給她繼承。
    3) 客戶有兩個妹妹和一個弟弟，姐妹已婚且有小孩，與兄弟姐妹感情良好。
    4) 客戶的姐姐接近90歲，從美國回台灣探親。
    5) 客戶的家族成員普遍長壽，有人活到100歲以上。
    6) 客戶目前獨居，曾飼養寵物，但因年紀大了不再飼養。
    7) 客戶的家庭教育使家人對金錢不過於在意，家族成員普遍淡泊名利。

2. 健康狀況
    1) 客戶身體狀況良好，幾乎不生病，連感冒都很少，醫生表示她的身體狀況比實際年齡年輕好幾十歲。
    2) 客戶曾進行甲狀腺全切手術，需定期補充甲狀腺素，並服用小劑量的血壓藥。
    3) 客戶曾因免疫系統下降感染帶狀皰疹，並服用自費藥物治療。
    4) 客戶每半年進行一次體檢，每年進行一次全面健康檢查，報告結果正常。
    5) 客戶睡眠時間少，但仍保持活力，精神狀態良好。
    6) 客戶喉嚨有些不適，天冷時會喝溫水，偏好溫熱飲品。

3. 職業背景
    1) 客戶年輕時曾是空服員，需定期體檢且保持健康。
    2) 客戶已退休，生活壓力不大，並參與志工活動和教會事務。
    3) 客戶退休後參加了珠寶鑑定和藝術品相關課程，提升知識與技能。

4. 健康食品使用心得
    1) 客戶每天服用多種保健食品，包括氨基酸、魚油、葉黃素、黑燕窩、龜鹿膠等，並認為葉黃素和鯊魚軟骨粉效果不錯。
    2) 客戶曾購買幹細胞產品、活泉、石墨烯相關產品等，但因健康狀況良好，未感受到顯著效果。
    3) 客戶每天飲用一瓶液態保健食品，並服用兩顆顆粒狀保健食品。
    4) 客戶對保健食品的興趣減少，計劃先消耗現有存貨再考慮購買新產品。

5. 禁忌
    1) 客戶不吃牛肉，家中多使用豬肉或食用油烹飪。
    2) 客戶不習慣三溫暖環境，尤其是大家脫光光的情況。
    3) 客戶避免喝火鍋的湯底，偏好健康的飲食方式。
    4) 客戶不使用遠紅外線產品，雖然有購買但未使用。",1
25734439,"1. 家庭關係
    1) 客戶有一位妻子和一個女兒，女兒目前在國中，曾提到女兒喜歡吃佛跳牆，愛漂亮，並有喝膠原飲。
    2) 客戶的母親健康狀況不佳，曾住院觀察，需進行檢查，並有糖尿病、骨頭問題、肺積水等健康問題，目前需要看護照顧。
    3) 客戶提到家族信仰藏傳佛教，並強調是正宗的。
    4) 客戶提到家中有小朋友，並有鼓勵小朋友的習慣。
    5) 客戶提到家人有時候會便秘，可能是因為運動少和水果吃得少。

2. 健康狀況
    1) 客戶有高血壓和糖尿病，血壓控制穩定，需服用相關藥物。
    2) 客戶曾經有足底筋膜炎、脊椎壓迫、背痛等問題，並進行過復健。
    3) 客戶提到自己有老花眼，胸口有時會痛，血液循環功能變差。
    4) 客戶曾經患有嚴重肺炎，並了解其症狀和影響。
    5) 客戶提到自己有服用抗癲癇藥，藥量是一般人的三倍。
    6) 客戶提到自己有舊傷，曾經腳踝粉碎性骨折，目前走路正常。
    7) 客戶提到自己準備要動手術。

3. 職業背景
    1) 客戶目前從事服務業，自己開公司，屬於專業人士，過去曾做過廚師和酒店工作。
    2) 客戶的工作是輪班制，工作時間可能到晚上十點或更晚，且白天通常在工廠。
    3) 客戶曾在搬家公司工作，每月收入可達十幾萬。
    4) 客戶對藝術品和珠寶精品有興趣，偏好獨一無二的設計，並期待參加國際品牌藝術家聯名限量款的鑑賞會。

4. 健康食品使用心得
    1) 客戶每天服用B群，早上空腹吃兩顆保健品，並有服用益生菌、維生素B12、顧骨關節和固攝護腺的保健品。
    2) 客戶曾購買過益生菌、粒線體產品、山蔘產品、代餐產品等，對產品的修復和抗腫瘤效果有興趣。
    3) 客戶提到使用粉狀產品的習慣，並對產品的口味和包裝重量有了解。
    4) 客戶提到家中還有未開封的保健品，並曾購買過黑色和膚色盒裝的保健食品。

5. 禁忌
    1) 客戶不吃牛肉，並提到浪費糧食。
    2) 客戶對紅麴有顧慮，並表示虛不受補，不需要鴕鳥精。
    3) 客戶不喝酒，尤其是四十八度以上的酒。",1
25735557,"1. 家庭關係
    1) 客戶有兒子和女兒，他們會購買臉部保養品或保健品給她。
    2) 客戶的兒子和女兒是東森的會員，並會在東森購買商品。

2. 健康狀況
    1) 客戶72歲，身體狀況不佳，無法走太遠，也無法進行運動。
    2) 客戶的膝蓋曾經不適，接受過兩個療程的微創手術和針灸，花費約二十幾萬，目前膝蓋狀況已經改善。

3. 職業背景
    1) 無相關資訊。

4. 健康食品使用心得
    1) 客戶曾購買過挺立產品，認為其有助於補充鈣質和預防骨質疏鬆症。
    2) 客戶曾使用過善存和魚油等保健食品。

5. 禁忌
    1) 客戶提到身體不好，可能需要避免過度運動或長時間行走。
    2) 無其他明確禁忌提及。",1
25755358,"1. 家庭關係
    1) 客戶提到她的先生禮拜一會在家。

2. 健康狀況
    1) 客戶目前有未吃完的葉黃素，可能有在關注眼部健康。

3. 職業背景
    1) 無相關資訊。

4. 健康食品使用心得
    1) 客戶提到她有購買過萬歲牌堅果。

5. 禁忌
    1) 無相關資訊。",1
25766705,"1. 家庭關係
    1) 客戶已離婚，兩個小孩由前配偶照顧，並每月支付前配偶四萬塊贍養費。
    2) 客戶與母親同住，母親年齡約八十幾歲，心臟狀況良好但健康狀況不佳。
    3) 客戶家中有四個人一起居住，並飼養一隻紅貴賓犬。
    4) 客戶提到最近剛忙完兒子的婚禮，並提到很久沒見到小朋友。

2. 健康狀況
    1) 客戶患有糖尿病，血糖偏高（約6.5），需注意甜食攝取，並有服用降血糖藥。
    2) 客戶曾患蜂窩性組織炎，住院四天治療，並需注意傷口癒合。
    3) 客戶眼睛曾患白內障並已開刀，但有時視力模糊。
    4) 客戶有頻尿問題，半夜會起來上廁所一到兩次，並曾進行腎臟功能檢查。
    5) 客戶有注射胎盤素，並計劃完成療程。
    6) 客戶提到身體狀況還好，但有時感到頭痛，且平時喝水不多。
    7) 客戶有固定作息，早上六點起床，晚上十一點睡覺，但有時睡不著。

3. 職業背景
    1) 客戶曾參加收藏品展覽，對藝術品有興趣，尤其是千手觀音的作品，並考慮購買價值百萬的藝術品。
    2) 客戶曾購買畫作及頂級護膚品，並進行醫美項目如音波拉提。
    3) 客戶表示目前財務狀況不佳，考慮出售藝術作品以緩解經濟壓力。
    4) 客戶曾花費二三十萬購買商品，包括安瓶等產品。

4. 健康食品使用心得
    1) 客戶曾購買並食用葉黃素、魚油、薑黃、三色禮拜、鹿胎盤等保健品，並認為部分產品效果不錯。
    2) 客戶與家人固定食用魚油，並曾購買加拿大進口魚油。
    3) 客戶喜歡安瓶形式的保健品，認為膠囊服用麻煩。
    4) 客戶提到胎盤素即將過期，需加快使用進度，並認為胎盤素和粒線體安瓶效果不錯。
    5) 客戶提到喝活泉水後感覺精神變好，但命活泉可能導致頭痛。

5. 禁忌
    1) 客戶全家不吃辣椒或胡椒類食物。
    2) 客戶改變飲食習慣，減少糖分攝取以維持健康。
    3) 客戶儘量避免在晚上進行某些活動。",1
25770830,"1. 家庭關係
    1) 客戶有兩個兒子，大兒子已成家且住在桃園，二兒子尚未結婚，且大兒子與她同住，十分孝順。
    2) 客戶的兒子經常幫助她，例如幫她打開產品包裝，並且會自己購買需要的健康食品。
    3) 客戶提到兒子對林口地區很熟悉。

2. 健康狀況
    1) 客戶曾在疫情期間生病，之後身體狀況變差，目前正在修養中。
    2) 客戶年紀較大，76歲，皮膚偏乾，平時僅用溫熱水清潔皮膚。
    3) 客戶提到自己不吃素會發燒，且吃素多年，認為吃素有助於攝取纖維和蔬菜，但有時候蛋白質攝取不足。

3. 職業背景
    1) 客戶提到她有參與慈濟的志工活動。
    2) 客戶是佛教徒，生活中有一定的宗教信仰。

4. 健康食品使用心得
    1) 客戶有服用葉黃素、B群、氨基酸營養液及A純膠囊的習慣，並認為部分產品效果不錯。
    2) 客戶吃全素，不能吃魚油，但會選擇有同樣效果的素食產品。
    3) 客戶提到她每天吃一顆膠囊，但感覺一個月下來效果不明顯，計劃嘗試一次使用兩顆。
    4) 客戶的兒子也有食用紅麴等心血管保健產品，並認為膠囊形式的產品較方便。

5. 禁忌
    1) 客戶吃全素，不能吃魚油，且看到肉類或動物相關的食物會感到不適。
    2) 客戶目前不想吃太多健康食品，家中還有很多保健品未用完。",1
25771474,"1. 家庭關係
    1) 客戶有一位女兒，女兒從事保健品銷售，並提供客戶保健品食用。

2. 健康狀況
    1) 客戶71歲，女性。
    2) 客戶有高血壓問題，並正在服用高血壓藥物。
    3) 客戶最近事情較多，睡眠狀況不佳。
    4) 客戶現在很少出門。

3. 職業背景
    1) 客戶未提及具體職業背景，但表示不會開車。

4. 健康食品使用心得
    1) 客戶曾在東森購物購買益生菌。
    2) 客戶之前購買過B群和果凍類保健品，主要用於促進代謝。
    3) 客戶提到購物台購買的保健品數量較多，有些甚至已過期。

5. 禁忌
    1) 客戶不想參加生日加一塊錢的活動。",1
25776004,"1. 家庭關係
    1) 客戶有兒子和媳婦，兒子和媳婦會幫她準備日用品，並在母親節時送她化妝品或保養品。
    2) 客戶提到小孩子都在外地上班，平時很少與家人一起外出玩。
    3) 客戶與親戚合夥經營早餐店。
    4) 客戶的先生目前為重症患者，患有食道癌，已住院一個多月。

2. 健康狀況
    1) 客戶的腸胃狀況還算正常。
    2) 客戶曾經腳受傷，但目前已經痊癒。
    3) 客戶表示自己有固定使用的藥物。
    4) 客戶目前在醫院，無法回家。

3. 職業背景
    1) 客戶經營一家早餐店，已經開了十年，與親戚合夥經營，工作時間忙到中午十二點多。
    2) 客戶平時早上需要做早餐，白天不休息，只有過年才會休息。
    3) 客戶曾因配偶生病而暫停工作。
    4) 客戶目前處於半退休狀態，平時沒什麼事情做。

4. 健康食品使用心得
    1) 客戶不喜歡吃保健食品，認為吃新鮮的食物比較好，並表示保健食品吃起來像藥。
    2) 客戶曾購買過奇異果益生菌，但還沒吃完，並表示想換其他口味的益生菌。
    3) 客戶的B群是兒子從日本帶回來的。
    4) 客戶表示家裡沒有葉黃素或魚油等保健產品，且用不上這些東西。
    5) 客戶目前沒有在吃益生菌，且未曾吃過華陀牌益生菌。

5. 禁忌
    1) 客戶不敢隨便購買和食用保健品，擔心副作用。
    2) 客戶的皮膚不能每天使用洗面乳。",1
25794583,"1. 家庭關係
    1) 客戶與丈夫和46歲的兒子同住，女兒已出嫁，住在新竹，每週回家一次並幫忙購物。
    2) 客戶有一個高二的孫子和一個國三的孫子，孫子的母親負責照顧他們，客戶不干涉。
    3) 客戶的丈夫從事路邊攤賣爆米花的工作已有四十年，兒子目前待業，曾幫忙經營爆米花生意，並學過電子相關專業。
    4) 客戶的妹妹住在屏東，兩人平時會通電話聯絡。

2. 健康狀況
    1) 客戶有膝蓋問題，容易錯位，腿部肌肉較少，骨骼支撐力不足，醫生建議減重以減輕不適。
    2) 客戶體重偏重，穿三L的衣服，近期減重六斤，並有全身容易痠痛的問題。
    3) 客戶有老花眼和乾眼症，眼睛會流眼油，且有睡眠困擾，睡眠品質不佳。
    4) 客戶一天排便三次，情況良好，但偶爾有胃食道逆流的情況。
    5) 客戶的兒子患有牛皮癬三四十年，正在治療中，治療費用高昂，每月約需花費兩萬八。

3. 職業背景
    1) 客戶是家庭主婦，已經做了幾十年，過去曾經經營爆米花生意，但現在認為生意不好做。
    2) 客戶有玩股票作為投資方式，長期持有多支股票，並使用平板電腦查看股票行情。

4. 健康食品使用心得
    1) 客戶有服用葉黃素保護眼睛，並有服用善存綜合維他命和銀保善存。
    2) 客戶曾購買華陀速速兆耳，但因味道不好吃尚未吃完，對某些代餐的黏稠口感不喜歡。
    3) 客戶曾購買過苦茶油，剛開始不喜歡味道，但後來習慣，會在燙青菜時使用，目前家中還有兩瓶。
    4) 客戶曾購買益生菌果凍產品，但未曾食用益生菌。

5. 禁忌
    1) 客戶不喜歡運動，平時喜歡在家追劇，並儘量避免外出。
    2) 客戶不喜歡人參的味道，也不喜歡吃甜的零食。
    3) 客戶不喜歡使用面膜，覺得麻煩，且夏天不使用保養品。
    4) 客戶不喜歡沐浴乳的滑溜感，偏好使用肥皂洗澡。",1
25824231,"1. 家庭關係
    1) 無相關資訊。

2. 健康狀況
    1) 無相關資訊。

3. 職業背景
    1) 無相關資訊。

4. 健康食品使用心得
    1) 客戶提到曾購買過華陀的顧骨頭產品。
    2) 客戶表示目前沒有在食用葉黃素。
    3) 客戶提到自己雖然沒有吃素，但曾購買過素食產品。

5. 禁忌
    1) 客戶表示不需要回購東森的商品。",1
25828712,"1. 家庭關係
    1) 客戶住在南部，家裡空間有限，沒有地方放置大型物品。
    2) 客戶每天四點需要接小孩，顯示她有家庭責任。

2. 健康狀況
    1) 客戶曾經食用過B群，但因影響睡眠而停止使用。
    2) 客戶目前沒有在服用任何保健食品，包括B群、魚油、益生菌及葉黃素等。

3. 職業背景
    1) 客戶目前沒有工作。
    2) 客戶是東森購物的會員，已有18年購物經歷，信用良好，幾乎沒有退貨記錄。

4. 健康食品使用心得
    1) 客戶對保健食品不感興趣，認為用不到，且家裡已有很多保健品和保養品。
    2) 客戶認為東森回饋的產品價格過高，沒有必要購買。

5. 禁忌
    1) 客戶不喜歡三層的衛生紙，偏好兩層的。
    2) 客戶對幹細胞產品沒有興趣。",1
25836816,"1. 家庭關係
    1) 客戶提到會再跟媽媽聯繫，顯示她與母親之間有一定的互動。

2. 健康狀況
    1) 客戶感覺蠻累，可能有疲勞的情況。
    2) 客戶沒有飛蚊症。
    3) 客戶未曾接受過白內障手術。

3. 職業背景
    1) 無相關資訊。

4. 健康食品使用心得
    1) 無相關資訊。

5. 禁忌
    1) 無相關資訊。",1
25837699,"1. 家庭關係
    1) 客戶有一位婆婆，曾提到送過護腰及其他物品給婆婆。
    2) 客戶會購買產品作為回饋，送給自己的客戶。

2. 健康狀況
    1) 客戶提到自己很胖。
    2) 客戶目前沒有在吃保健食品。

3. 職業背景
    1) 客戶提到目前的生意不好做。
    2) 客戶會購買食品禮盒送給客戶，顯示其可能從事與客戶相關的工作。

4. 健康食品使用心得
    1) 客戶曾購買過京京工的杏仁粉，並選擇貨到付款的方式。
    2) 客戶可能有訂購益生菌，專員提到益生菌可能會先到，約三天左右。

5. 禁忌
    1) 客戶不喜歡上網購物，偏好使用型錄購物。
    2) 客戶目前沒有特別想要購買的商品，並表示近期很忙。",1
25848695,"1. 家庭關係
    1) 無相關資訊。

2. 健康狀況
    1) 無相關資訊。

3. 職業背景
    1) 無相關資訊。

4. 健康食品使用心得
    1) 無相關資訊。

5. 禁忌
    1) 無相關資訊。",1
25849332,"1. 家庭關係
    1) 客戶有女兒，且女兒已放假，並使用女兒的副卡購物。
    2) 客戶有小孫子，並提到將商品送給女兒。
    3) 客戶提到將與妹妹一起去馬來西亞和新加坡旅遊。

2. 健康狀況
    1) 客戶85歲，體重約49-50公斤，身材苗條，但肚子較大。
    2) 客戶表示自己沒有三高問題，但有蕁麻疹，可能與長期服用某些藥物有關。
    3) 客戶有運動習慣，主要是走路和爬山，並認為運動很重要。
    4) 客戶提到會出門戴口罩以防感染，並有定期看醫生。

3. 職業背景
    1) 客戶已退休多年，約在60歲時退休。
    2) 客戶提到打麻將作為消磨時間的方式。

4. 健康食品使用心得
    1) 客戶有服用葉黃素、鈣片、氨基酸、妍美会、萬壽園、人蔘膠囊、魚油、再生安瓶等保健食品，並表示醫生建議她服用益生菌。
    2) 客戶對燕窩產品不滿意，認為糖水比例高，固形物含量少。
    3) 客戶曾購買過台大的幹細胞膠囊、挪威魚肝油、褐藻、蚓激酶加強版等保健食品，但部分尚未使用完。
    4) 客戶認為吃太多保健品不好，且不敢亂吃保健食品。

5. 禁忌
    1) 客戶不需要購買銀杏、五味子飲品、牛樟芝、益生菌、牙膏、防曬乳等產品。
    2) 客戶從未使用過化妝品或保養品，認為不需要這些產品，且從年輕到現在只在冬天使用乳液。
    3) 客戶認為廣告內容可能誇張，對某些商品的包裝和效果不滿意。",1
25856018,"1. 家庭關係
    1) 客戶與先生同住，家中有三棟房子，正在進行都更計畫，房子為五層樓，裝修已超過十年，保持明亮和寬敞。
    2) 客戶有一個兒子和一個女兒，兩人都在國外念書，女兒在美國教書，兒子在教會參加唱詩班，音樂能力很好。
    3) 客戶有一個孫女，每週回來一次，兒子和小孫女曾回家與她一起吃飯。
    4) 客戶有四個妹妹和一個姐姐，家中共有六個女生，妹妹在美國，為兒童牙醫，快退休。
    5) 客戶的母親曾在美國住了二三十年，去世時九十多歲，無病痛。
    6) 客戶的小姑住在香港，與她同住，小姑的女兒曾是國泰航空空姐，現居日本。
    7) 客戶的家族經營小型工程公司，負責蓋房子等業務。

2. 健康狀況
    1) 客戶75歲，體重超過70公斤，想減重，患有心臟問題、青光眼、風濕性關節炎、腰痠背痛、肝炎、脂肪肝（已改善為輕度），並有白斑和腸胃緊張問題。
    2) 客戶的先生80歲，曾接受白內障手術，患有老花、散光和腸胃敏感。
    3) 客戶的家族有糖尿病遺傳史，哥哥曾因高血壓服用降壓藥，後來服用蚓激酶後恢復正常。
    4) 客戶的兒子曾因三酸甘油酯、總膽固醇和低密度脂蛋白過高，服用蚓激酶後恢復正常。
    5) 客戶的外甥女因長期彈鋼琴，頸椎出現問題。

3. 職業背景
    1) 客戶曾在餐飲業工作，50歲退休，回台灣已超過十年。
    2) 客戶的氣功老師和其先生共同經營推拿和氣功工作室，客戶每週會去進行身體調理。

4. 健康食品使用心得
    1) 客戶每天食用魚油、蚓激酶、活泉產品等保健食品，對魚油的抗發炎效果和對關節、頭腦的幫助表示滿意。
    2) 客戶曾購買過美樂家、瑞昇、東森等品牌的保健食品，對部分產品如活泉、激活安瓶、瑞昇防曬產品等表示滿意。
    3) 客戶對葉黃素果凍和華陀花旗蔘杏仁茶有興趣，認為喝茶有助於降低血糖。
    4) 客戶認為活泉產品能打通任督二脈，讓外表年輕漂亮。
    5) 客戶對於分期付款有興趣，考慮分24期付款。

5. 禁忌
    1) 客戶不適合食用鴕鳥精、土龍鴕鳥等產品，認為對身體太燥熱。
    2) 客戶對某些產品感到不適，可能影響呼吸或引起麻痺感，計劃退貨。
    3) 客戶不吃刺激性食物，對褐藻糖膠和纖維產品不感興趣。
    4) 客戶對於增加新的保養品持謹慎態度，認為身體負荷已重。",1
25858316,"1. 家庭關係
    1) 客戶與太太關係良好，偶爾會一起吃飯。
    2) 客戶的太太不喜歡嘗試新事物，對膏狀保健食品的味道不太習慣，且最近膝蓋會痛。
    3) 客戶提到家人不喜歡吃保健食品。

2. 健康狀況
    1) 客戶有三高，並有血糖和血壓問題，但目前未服用血糖藥或其他藥物。
    2) 客戶的骨關節狀況尚好。
    3) 客戶每半年進行一次健康檢查。
    4) 客戶的體重為76公斤。

3. 職業背景
    1) 客戶目前64歲，仍在上班，處於半天工作狀態。
    2) 客戶從事生意，並有進行股票和基金的投資。

4. 健康食品使用心得
    1) 客戶每天早上空腹喝一瓶補氣飲品，搭配300cc的水，並在早上飯後飲用五合一保健品。
    2) 客戶每天飲用兩瓶ashiya，並服用粒線體和幹細胞保健食品，每天早晚各服用兩顆。
    3) 客戶有服用核棗、葉黃素、褐藻等保健食品，並曾購買過華佗龜鹿保健品和鴕鳥精產品。
    4) 客戶對五合一保健品的味道接受度尚可，但不喜歡黃金土龍的味道，因此未食用。
    5) 客戶家中有存放過期的保健食品，且尚未使用完日本妍美会的葉黃素和龜鹿產品。
    6) 客戶表示如果妍美会產品效果好，會考慮再次購買。

5. 禁忌
    1) 客戶的太太不想嘗試專員推薦的產品，且不喜歡膏狀保健食品的味道。
    2) 客戶不喜歡黃金土龍的味道，因此未食用。",1
25880678,"1. 家庭關係
    1) 客戶提到他的老婆在家。

2. 健康狀況
    1) 客戶65歲，糖化血色素從8.2降到7.0，醫生有為其調整藥物。
    2) 客戶每三個月進行一次檢查，目前尚不清楚最新檢查結果。
    3) 客戶早上四點起來運動，但未明確提到運動距離。
    4) 客戶提到身體狀況尚可，仍能繼續工作。

3. 職業背景
    1) 客戶已經退休，但因身體狀況良好，選擇繼續開計程車服務社會。
    2) 客戶目前仍在開計程車，並提到自己正在忙於帶客人。

4. 健康食品使用心得
    1) 客戶提到飲食習慣為早上不吃飯，改吃燕麥和其他健康食品，並不吃澱粉類食物。
    2) 客戶有服用幹細胞和蚓激酶，但未明確提到每天的服用劑量，有時候會忘記服用。
    3) 客戶提到之前認真服用幹細胞產品，但檢查後需要改善的部分沒有變化，目前家中還有三盒幹細胞產品。
    4) 客戶每天服用葉黃素，但未明確提到數量。
    5) 客戶之前購買過江守山代言的益生菌，但表示服用後沒有明顯改善。
    6) 客戶提到健康食品對他來說不是錢的問題，但目前不需要購買，並表示想先消化現有存貨。

5. 禁忌
    1) 客戶提到不吃藥，但早晚服用糖尿病的血糖藥。
    2) 客戶不吃澱粉類食物。",1
25899964,"1. 家庭關係
    1) 未提及相關內容。

2. 健康狀況
    1) 客戶的血糖較高。

3. 職業背景
    1) 客戶目前正在上班。

4. 健康食品使用心得
    1) 客戶之前有購買華陀的龜鹿錠，並且目前還有在食用龜鹿膠相關產品。

5. 禁忌
    1) 客戶不吃葉黃素，並表示自理即可。",1
25914402,"1. 家庭關係
    1) 客戶與老公一起生活，老公從事家族事業。
    2) 客戶有兩個小孩，一個在大學一年級，另一個在大學三年級。
    3) 客戶的女兒需要一個包包和項鍊，並認為某品牌的洗髮精不錯。
    4) 客戶的母親有特定的飲食習慣，不吃辛辣食物。
    5) 客戶家中有一隻不到一歲的狗，會帶牠外出散步。

2. 健康狀況
    1) 客戶提到心臟狀況不太好，腎功能不全，並且膝蓋有問題。
    2) 客戶的老公最近膝蓋不適，家中有高血壓患者。
    3) 客戶提到她的皮膚不適合某些產品，並且目前仍會長斑。
    4) 客戶提到她最近都沒有去體檢。

3. 職業背景
    1) 客戶的事業與大貨車相關，薪水約五到六萬，且公司目前缺司機，薪水約五萬多，工作時間為每天八小時，周日休息。
    2) 客戶曾參與過拍賣相關事務，並表示之前的事是她辦的。
    3) 客戶提到她的兒子尚未決定是否接手她的事業。

4. 健康食品使用心得
    1) 客戶家中有大量保健食品存貨，包括萬壽元、益生菌、葉黃素、鴕鳥精、德國氨基酸、心血管相關產品、膠原蛋白、三得利魚油等，部分產品尚未使用或已過期。
    2) 客戶對燕窩產品的需求不高，家中已有存貨，並提到吃人蔘後不能吃辛辣食物。
    3) 客戶偏好單純的原材料，不喜歡加工過的產品，並認為燕窩和人蔘等高價產品不必要。
    4) 客戶對目前使用的保養品保濕和抗斑效果滿意，但仍有長斑情況，曾使用過黑繃帶產品，效果不錯。

5. 禁忌
    1) 客戶不吃燕窩和人蔘，認為不需要吃這些昂貴的產品。
    2) 客戶不喜歡吃油膩或軟的食物，偏好有嚼勁的食物。
    3) 客戶不喜歡使用含化學成分的香水，認為可能對身體有負擔。
    4) 客戶家人不喜歡喝燉補湯。",1
25920680,"1. 家庭關係
    1) 客戶與丈夫及兩個小孩（女兒和兒子）一起生活，女兒目前是高中生，正在準備考大學，並補習英文和數學；兒子喜歡打球，客戶有時會陪他一起打球。
    2) 客戶的丈夫喜歡吃原味堅果，主要服用魚油、鈣片和葉黃素等基本保健品，有時會吃中藥，並固定在中藥店購買。
    3) 客戶的家庭成員各自使用不同的牙膏，家中三人常一起用餐。

2. 健康狀況
    1) 客戶容易流汗，因此不需要特別滋潤的產品。
    2) 客戶固定進行醫美保養，曾參加臉部保養課程，近期也有參加醫美課程。
    3) 客戶提到自己常爬山和走路，並與家人一起進行戶外活動作為休閒方式。
    4) 客戶表示自己超愛吃水果，且不忌口。

3. 職業背景
    1) 客戶目前忙碌，沒有空閒時間，曾提到有理財相關的安排。
    2) 客戶曾購買課程，但因忙碌尚未安排，並計劃與朋友一起參加。
    3) 客戶曾在大陸訂購洗衣用品寄回台灣，並在雙十一購買面膜，部分送給朋友。

4. 健康食品使用心得
    1) 客戶喜歡使用橄欖油、玄米油和花生油等食用油，認為玄米油具有香味，且自己做的燕窩效果較好。
    2) 客戶喜歡用豬油燙青菜，認為方便且不需額外驗證。
    3) 客戶偶爾會喝紅色飲品，但覺得味道偏酸。
    4) 客戶的丈夫和女兒不喜歡吃魚油，兒子也不喜歡魚油的味道和質地。

5. 禁忌
    1) 客戶不喜歡人多的地方，過年期間未出國旅遊，選擇在臺東旅遊四天。
    2) 客戶提到乳液數量過多可能會過期，並建議可以送人使用。",1
25932670,"1. 家庭關係
    1) 客戶目前是一個人住。
    2) 客戶有一個國中生的孫子。
    3) 客戶曾提到有女兒，並給女兒一起服用益生菌。

2. 健康狀況
    1) 客戶提到可能有攝護腺的問題。
    2) 客戶平常不太運動，並表示自己沒有運動的習慣。
    3) 客戶目前重視健康，並有服用保健品的習慣。

3. 職業背景
    1) 客戶目前在外面釣魚，未提及具體職業。

4. 健康食品使用心得
    1) 客戶曾多次購買華陀的產品，包括金鑽梅、南瓜籽、鴕鳥精、藥證龜鹿產品等，並表示習慣使用該品牌。
    2) 客戶目前正在服用華陀的金鑽梅和魚油，家中還有南瓜籽。
    3) 客戶曾購買益生菌，並覺得效果不錯，考慮其對排便和體質的影響。
    4) 客戶曾經服用過葉黃素、魚油及金山美保健食品。
    5) 客戶提到保健食品主要是自己服用，家人不吃。

5. 禁忌
    1) 客戶對購買人蔘產品不清楚，未提及是否有使用相關產品。
    2) 客戶否認曾購買過益生菌，但也提到曾經服用過益生菌並覺得效果不錯。",1
25934944,"1. 家庭關係
    1) 無相關資訊。

2. 健康狀況
    1) 無明確提及健康狀況，但提到醫生曾介紹益生菌。

3. 職業背景
    1) 無相關資訊。

4. 健康食品使用心得
    1) 客戶提到已經有葉黃素，不需要再購買。
    2) 提到醫生介紹過益生菌，但未明確表示是否有在使用。

5. 禁忌
    1) 客戶表示目前不需要氨基酸產品。
    2) 客戶表示如果需要油會自行上網購買。",1
25946789,"1. 家庭關係
    1) 客戶有一個兒子和一個女兒，與兒子同住，女兒在宜城工作，通常開車上下班。
    2) 客戶的兒子和女兒每週會回家聚會，兒子會幫忙處理技術問題，並且工作時間不固定。
    3) 客戶的女兒接手了她的房子，計劃將小房子賣掉換成更大的房子，位於內湖園區，屬於有管理的小豪宅類型。
    4) 客戶的婆婆已經拿到某件物品，並提到曾借錢給女兒。
    5) 客戶的孫女經常食用家中購買的產品，並有時帶小孫女一起出門。

2. 健康狀況
    1) 客戶有高血壓，血壓控制在120到130之間，早上起床需服用降血壓藥，考慮停止服用但擔心血壓不穩。
    2) 客戶有退化性關節炎，膝蓋關節疼痛，曾抽過水，並有紅腫脹痛的症狀。
    3) 客戶有白內障、眼袋、眼壓過高、乾眼症、散光、畏光等眼部問題，並使用葉黃素、綠蜂膠、眼藥水和人工淚液。
    4) 客戶有胃食道逆流，胃酸過多，飲食需注意，不能空腹。
    5) 客戶有蕁麻疹，症狀包括臉部發癢、紅腫、皮膚脫落、黑色素沉澱，與免疫系統下降有關。
    6) 客戶有睡眠障礙，偶爾服用安眠藥，並對藥物劑量謹慎。
    7) 客戶有飛蚊症，容易蛀牙，並提到最近感冒和上呼吸道感染。
    8) 客戶的血管較脆，容易出血，並定期每三個月進行抽血檢查。

3. 職業背景
    1) 客戶曾在鐵路局工作，與同事保持聯繫，定期參加聚會。
    2) 客戶在六十多歲時退休。

4. 健康食品使用心得
    1) 客戶有使用幹細胞產品、粒線體產品、活泉產品、葉黃素、綠蜂膠、黑芝麻粉、燕麥粉、益生菌、蚓激酶等，並對部分產品效果表示滿意。
    2) 客戶對於天然產品持開放態度，認為可以用天然產品取代藥物，除非必要時才服用藥物。
    3) 客戶對於幹細胞產品效果有疑慮，認為吃了很多但肝臟狀況仍不佳。
    4) 客戶曾服用新七里保健食品，感覺膝蓋疼痛有所改善。
    5) 客戶對於普維康產品和德國維生素D3發泡錠的效果表示滿意。

5. 禁忌
    1) 客戶不喜歡吃魚油，並且不打算再購買。
    2) 客戶不打新冠疫苗，擔心副作用，並認為疫苗可能導致免疫力下降和蕁麻疹。
    3) 客戶不喜歡太多人，假日很少出門，並且不參與燒香等宗教儀式。
    4) 客戶認為什麼東西都不能吃太多，吃多了可能會有問題。",1
25960092,"1. 家庭關係
    1) 未提及具體家庭關係。

2. 健康狀況
    1) 客戶為69歲女性。
    2) 客戶吃素，不能食用含有魚油的產品。

3. 職業背景
    1) 客戶從事護膚相關工作。
    2) 客戶專注於植物天然類型的護膚產品。

4. 健康食品使用心得
    1) 客戶提到保健品還有很多未吃完。
    2) 客戶已經是東森會員17年，並有在東森購物購買商品。

5. 禁忌
    1) 客戶吃素，不能食用含有魚油的產品。",1
25984017,"1. 家庭關係
    1) 客戶有一位太太，曾因視網膜玻璃問題進行眼睛手術，客戶曾購買眼部保健產品給太太使用。
    2) 客戶有一位兒子，兒子有過敏問題，客戶給他服用核棗油，過敏較嚴重時會服用兩顆核棗油，並曾購買褐藻給兒子食用，但效果尚不確定。
    3) 客戶有一位孫子，孫子有過敏問題，早上起來會有不適情況，客戶計劃購買保健食品給孫子試吃，並會帶孫子參加活動，偏好在禮拜六或禮拜天出行。

2. 健康狀況
    1) 客戶表示心血管健康需要多加注意，但未特別檢查骨密度。
    2) 客戶每三個月檢查一次身體健康狀況。
    3) 客戶目前服用骨關節保健食品，工作日疼痛有所減輕。
    4) 客戶服用一款專門修復視神經的保健食品，但尚未感受到明顯效果。

3. 職業背景
    1) 客戶未提及具體職業背景，但提到通常是開車出行。

4. 健康食品使用心得
    1) 客戶去年在日本購買了一款骨關節保健食品，目前每週服用兩次，感覺疼痛減輕。
    2) 客戶每天服用補骨雙擊太，早晚各一顆作為保養。
    3) 客戶曾購買一家人益生菌，主要用於排便順暢，目前食用的是強效升級版，但有時會忘記食用，並注意使用期限。
    4) 客戶曾購買眼部保健產品給太太使用，並服用一款日本介紹的骨頭保健食品。
    5) 客戶家中有多種保養品，包括B群，且去年購買的益生菌尚未吃完。
    6) 客戶表示家裡還有很多保養品未吃完，因此暫時不需要購買新的產品。

5. 禁忌
    1) 客戶表示目前不需要男性保健產品，並提到東森的產品種類太多。
    2) 客戶目前尚未吃完現有的保健食品，暫時不需要購買新的產品。",1
26003134,"1. 家庭關係
    1) 客戶的父親年齡六十五歲，有退化性關節炎，已持續十幾年。
    2) 客戶的母親需要保養膝蓋，並有在喝某種需要舌下吸收的保健品。
    3) 客戶的家人有在使用二型膠原蛋白補軟骨的產品，效果不錯。
    4) 客戶提到假日需要帶兒子出門，覺得比較麻煩。

2. 健康狀況
    1) 客戶的父親使用某產品後，膝蓋狀況明顯改善，從走樓梯卡卡的感覺改善到膝蓋很舒服，每天服用兩顆，持續使用效果良好。

3. 職業背景
    1) 客戶目前比較忙，沒有時間查看購物點數可以折扣的商品。
    2) 客戶提到今天是她的休假日。

4. 健康食品使用心得
    1) 客戶的家人對二型膠原蛋白補軟骨產品的效果表示滿意。
    2) 客戶曾購買過龜鹿二型膠原蛋白產品。
    3) 客戶會購買益生菌產品，並認為該產品具有增肌減脂、降內臟脂肪、潤腸道保健等效果。

5. 禁忌
    1) 客戶對於專員推薦的護眼產品和幹細胞產品不感興趣，並表示不需要。
    2) 客戶目前對收藏藝術品或投資藝術品沒有興趣。",1
26020587,"1. 家庭關係
    1) 客戶與家人同住，家中有兩個已經長大的小孩。
    2) 客戶會和老公一起參加活動，並表示如果有可以帶家人的活動，請通知她。
    3) 客戶的女兒可能會和同事一起參加活動。
    4) 客戶家中有兩三個人也在食用葉黃素。

2. 健康狀況
    1) 客戶有糖尿病，並在國泰醫院定期看診，主要針對心臟等項目進行健康檢查。
    2) 客戶的內臟脂肪較多，醫生建議改善，因為內臟脂肪影響血糖和健康，但她表示自己懶得運動。
    3) 客戶有時爬樓梯時膝蓋會不舒服，但情況不嚴重，偶爾會吃保健品保養。
    4) 客戶擔心心臟和血管健康問題，並考慮增加粒線體產品的攝取量。
    5) 客戶的體力和精神狀況有所改善，掉髮情況減少。
    6) 客戶對糖尿病的控制和降低血糖有興趣，並使用相關產品管理健康。

3. 職業背景
    1) 客戶目前有工作，平日不想請假，且時間有限，無法每週進行多次療程。
    2) 客戶通常需要提前一個月預約才能安排時間。

4. 健康食品使用心得
    1) 客戶長期食用粒線體相關保健品，並認為效果不錯，特別是對改善掉髮、眼睛乾、關節等問題。
    2) 客戶每天喝一瓶粒線體產品，並覺得效果很好。
    3) 客戶有食用葉黃素、蚓激酶等保健品，並認為效果不錯，但目前存量足夠，暫時不需要購買更多。
    4) 客戶之前購買過褐藻產品，並持續食用，覺得效果不錯。
    5) 客戶對燕窩產品有興趣，認為對長輩的健康有益，特別是對肺部和皮膚。
    6) 客戶對保養品有興趣，特別是含有青春露和安瓶的產品，並考慮使用優惠購買。

5. 禁忌
    1) 客戶不能吃某些食物，並表示有飲食禁忌。
    2) 客戶不喜歡參加講座和上課活動，尤其是在上班日。
    3) 客戶對大型活動和人多的場合興趣不大。
    4) 客戶不太愛喝鱸魚精產品。
    5) 客戶對藝術品和珠寶興趣不大，但可能會因傳承給下一代的原因而購買。",1
26025215,"1. 家庭關係
    1) 客戶的兒子和女兒在店裡幫忙，兒子30歲，女兒有工作。
    2) 客戶的老公是公務員，曾經感冒。
    3) 客戶的父親患有腦癌。
    4) 客戶的母親曾花費兩萬六千多元購買產品。
    5) 客戶的老婆曾幫他進行匯款。
    6) 客戶的兒子在大陸比賽，需用微信支付費用。
    7) 客戶的兒子叫她不要給孫子某些東西。
    8) 客戶提到家中有拜拜，但不需要購買拜拜用品。

2. 健康狀況
    1) 客戶曾於民國一百年中風一次，右邊身體受影響，但目前狀況可自行處理。
    2) 客戶心臟有問題，裝有心臟支架，長期服用心臟藥物，並建議晚上喝含高濃度Q彈的產品以保護心臟。
    3) 客戶有慢性皮膚炎，對天氣變化會過敏。
    4) 客戶有近視和老花眼，老花眼已超過十年，需配戴眼鏡。
    5) 客戶的血壓和血糖正常，無阿茲海默症、胃食道逆流、神經退化、高血壓等症狀。
    6) 客戶膝蓋受傷，行動不便，醫生建議補充玻尿酸改善膝蓋功能。
    7) 客戶手臂不適，可能與肩膀或脊椎問題有關。
    8) 客戶有血虛問題，曾感冒流鼻血。
    9) 客戶不能做激烈運動，需多運動控制膽固醇。
    10) 客戶有時候會忘記吃醫生開的藥，醫生建議減少藥量。
    11) 客戶每天早上吃一顆心臟藥，晚上睡前吃兩顆蚓激酶。
    12) 客戶有時候會忘記晚上吃蚓激酶。
    13) 客戶每天早上起床後喝粒線體飲品，然後吃早餐和藥。
    14) 客戶有午睡習慣，平常一個人生活。

3. 職業背景
    1) 客戶的創業地點在台中，生意由兒子和太太接手，位於西門，生意穩定。
    2) 客戶提到他在台北工作，不會回去店裡。
    3) 客戶提到他有一個學生在高雄。

4. 健康食品使用心得
    1) 客戶有長期購買華陀產品的經驗，超過十二年，對產品效果有信任。
    2) 客戶有在使用龜鹿二仙膠、龜鹿飲品、鴕鳥龜鹿精、粒線體產品、葉黃素、魚油、維他命C、珍珠粉等保健食品，對部分產品效果滿意。
    3) 客戶每天中午前吃一顆葉黃素，認為眼睛狀況有所改善。
    4) 客戶對於保健和健康有一定關注，但表示懶得長期服用保健品。
    5) 客戶對於某些產品的價格變動有了解，認為部分產品價格昂貴。
    6) 客戶對於高山茶有興趣，並詢問是否有茶葉。

5. 禁忌
    1) 客戶不喝酒、不打牌，通常去朋友那邊聊天。
    2) 客戶不考慮使用南瓜籽、幹細胞、補骨胜肽等產品。
    3) 客戶不需要減重產品，因為不胖。
    4) 客戶不會購買男性保健食品。
    5) 客戶不符合打流感疫苗的條件。
    6) 客戶不會輕易接受別人的東西，對某些事情有自己的堅持。
    7) 客戶不希望活到七十歲以上。",1
26026885,"1. 家庭關係
    1) 客戶與家人同住，家中有三個子女（兩個兒子和一個女兒）。
    2) 客戶的先生身高163公分，目前在廣西。
    3) 客戶的女兒有送過燕窩給她，並且也在賣蘋果口味的產品。
    4) 客戶家中有三隻寵物，但沒有帶寵物去美容或健康檢查的習慣。
    5) 客戶的母親有三高。

2. 健康狀況
    1) 客戶有高血壓，每天服用兩顆梅託洛，家中還有兩盒存貨。
    2) 客戶有胃潰瘍，並提到肚子很大。
    3) 客戶每月需要看病兩次，並有領取慢性處方簽。
    4) 客戶提到脂肪肝，但未明確是否與其本人相關。
    5) 客戶於八月十九日進行了全身健康檢查，並將於十一月二十六日進行微創手術，預計住院一天。

3. 職業背景
    1) 客戶目前有在上班，並參加工業協會的活動。
    2) 客戶的月個人開銷約為一萬五千元。
    3) 客戶的公司和家裡都有存放物品。

4. 健康食品使用心得
    1) 客戶有購買並服用多種保健食品，包括益生菌、葉黃素、蚓激酶、心血管保健品、牛樟芝、酵素膠囊、海洋膠原飲、膠原蛋白產品、鹿胎盤膠囊等。
    2) 客戶認為蚓激酶對心血管非常好，並每天服用華陀的心血管保健品。
    3) 客戶提到益生菌的味道很好，並與女兒一起服用。
    4) 客戶對葉黃素果凍的口味不滿意，將其給了先生食用。
    5) 客戶曾購買過含褐藻糖膠的保健食品，認為其對三高和血糖有幫助。
    6) 客戶家中目前有大量保健食品存貨，部分尚未使用完。

5. 禁忌
    1) 客戶不喜歡三色利賣的酸味，並將其送給他人。
    2) 客戶表示不需要更多保健食品、燕窩、年菜及居家醫美產品。
    3) 客戶提到家中目前有很多東西，暫時不需要再購買。",1
26044309,"1. 家庭關係
    1) 客戶提到她家人很少。
    2) 客戶提到她的兒子回來。

2. 健康狀況
    1) 客戶提到自己有白內障。
    2) 客戶提到自己有肝病。
    3) 客戶提到自己有慢性病，包括糖尿病、高血壓和腎臟問題。
    4) 客戶提到便秘。
    5) 客戶提到她現在上年紀，想改善健康狀況。

3. 職業背景
    1) 客戶提到她已經退休了。

4. 健康食品使用心得
    1) 客戶提到她有購買燕窩產品，並使用過美人計燕窩和雪蛤產品。
    2) 客戶提到使用過膠原蛋白產品，並提到膠原蛋白的量和使用方式。
    3) 客戶提到膠原飲。
    4) 客戶提到她目前正在使用美白淡斑產品。
    5) 客戶提到魚油、印加果油和薑黃素相關產品，但未明確表示是否購買或使用。
    6) 客戶提到玻尿酸，但未明確說明是否使用或有其他相關資訊。

5. 禁忌
    1) 客戶提到益生菌有問題，需要與專員溝通。
    2) 客戶提到她有購物的需求，但需注意其健康狀況，包括慢性病和肝病。",1
26059505,"1. 家庭關係
    1) 未提及相關內容。

2. 健康狀況
    1) 未提及相關內容。

3. 職業背景
    1) 未提及相關內容。

4. 健康食品使用心得
    1) 客戶提到她平常不太吃保健食品。

5. 禁忌
    1) 客戶不太喜歡東森購物，因為購物經驗不是太好。
    2) 客戶目前沒有購物需求，尚未使用東森購物台的生日壽星三千塊點數。",1
26094098,"1. 家庭關係
    1) 客戶是一位72歲女性，丈夫於去年十一月過世，享年92歲，目前與未婚的兒子同住。
    2) 客戶的兒子負責安排她的醫療和生活，包括購買保健品、護具及生活用品。
    3) 客戶每週六會與兄弟姐妹聚餐，但父母已不在，且與住在附近的姐姐沒有來往。

2. 健康狀況
    1) 客戶有三高（高血壓、高血糖、高血脂），定期每三個月進行抽血和尿液檢查，並服用處方藥。
    2) 客戶有子宮肌瘤，不能吃含中藥材的補品，以免導致肌瘤增長。
    3) 客戶膝蓋半月板軟骨破裂，導致走路疼痛，並接受PRP療程，每月打一針，總共花費約七萬元。
    4) 客戶因骨刺退化導致肌肉發炎，目前正在進行復健，並由兒子安排每日復健。
    5) 客戶的臉部皮膚容易過敏，僅使用肥皂洗臉，不使用保養品或化妝品。

3. 職業背景
    1) 客戶未提及具體職業背景，但表示家庭財務狀況因丈夫過世受到影響。
    2) 客戶是東森的VIP會員，喜歡看購物台並根據商品進行購買。

4. 健康食品使用心得
    1) 客戶定期服用葉黃素、魚油及益生菌，並表示葉黃素效果不錯，這些保健品由兒子幫忙購買。
    2) 客戶曾使用葡萄糖胺、挺立及磷蝦油，但對磷蝦油效果不滿意，並要求退貨。

5. 禁忌
    1) 客戶不吃燕窩，並表示自己不注重養顏美容的產品。
    2) 客戶不使用美妝美容產品，例如洗面乳和保養品，僅使用進口的簡單清潔用品。
    3) 客戶不能吃含中藥材的補品，以免影響子宮肌瘤。",1
26101927,"1. 家庭關係
    1) 客戶提到她的妹妹從事洗衣精銷售，且妹妹很會比較商品。
    2) 客戶因家裡需要幫忙煮飯，現在較少出門。

2. 健康狀況
    1) 客戶有脂肪肝，但很少熬夜，通常在十一點前睡覺。
    2) 客戶有高血壓，血壓通常在120到130之間，但最近血壓偏高，需每天量血壓並服用保健品加強保養。
    3) 客戶的三酸甘油酯偏高，但血壓和其他指標在正常範圍內。
    4) 客戶曾患癌症，並已進行切除手術，且曾接受化療，目前已康復。
    5) 客戶提到身材瘦不下來，可能有體重管理的困擾。

3. 職業背景
    1) 客戶的健康檢查由公司安排，每年一次，最近一次安排在八月份。
    2) 客戶目前採用定期定額的方式進行投資，每月固定投入一定金額。

4. 健康食品使用心得
    1) 客戶目前固定服用白蘭氏保健品，並有服用魚油（韓國購買）、葉黃素、蚓激酶及定狀維他命C。
    2) 客戶曾購買胎盤素、益生菌、妍美会的褐藻糖膠、印加果油及蚓激酶等保健品，並用蚓激酶控制三酸甘油酯。
    3) 客戶提到冰箱裡還有營養品，並希望能吸收。
    4) 客戶不吃B群，並表示不會再購買此類產品。

5. 禁忌
    1) 客戶不喜歡東森品牌，認為其產品容易引起過敏。
    2) 客戶不喜歡購買昂貴的內衣，認為韓國的內衣價格較為合理。",1
26102949,"1. 家庭關係
    1) 未提及具體家庭關係。

2. 健康狀況
    1) 客戶目前沒有在食用保健食品。
    2) 客戶目前沒有在食用葉黃素。

3. 職業背景
    1) 未提及具體職業背景。

4. 健康食品使用心得
    1) 客戶目前未使用任何保健食品，無相關心得分享。

5. 禁忌
    1) 客戶暫時不需要加入會員。
    2) 客戶家中衛生紙尚未用完，因此不需要購買。",1
26106125,"1. 家庭關係
    1) 客戶有老公和孩子，孩子有七八百度的近視，家人都很瘦且健康。
    2) 客戶的老公不吃保健食品，但有吃特定品牌的益生菌，且每天運動。
    3) 客戶的女兒會購買昂貴的藥性洗髮精和潤髮乳，並使用網路購物。
    4) 客戶的家人不讓她在出遠門時開車，但全家人會一起開車出遊並輪流開車。

2. 健康狀況
    1) 客戶腸胃健康，從不需要補充益生菌，且沒有白內障和高膽固醇問題。
    2) 客戶目前腰部有酸痛不適的情況。
    3) 客戶認為良好的保健習慣對健康有幫助，並且有在家練太極，認為運動對身體有益。
    4) 客戶在土耳其旅行期間體重減少了兩公斤。

3. 職業背景
    1) 客戶有超過三十年的股票投資經驗，目前有購買基金和股票，但不會購買台積電股票。
    2) 客戶提到之前做生意時會幫忙送貨。

4. 健康食品使用心得
    1) 客戶服用安利保健品已超過二十年，並認為其保健習慣對健康有幫助。
    2) 客戶很少吃益生菌，因為腸胃健康，但老公有吃葡萄王益生菌。
    3) 客戶有購買過龜鹿二仙膏，家中冷凍庫還有存貨。
    4) 客戶會先試用產品，確認效果後再決定是否購買。

5. 禁忌
    1) 客戶不需要精油，因為家中已有很多且未使用。
    2) 客戶很少吃無花果，並將部分送人。
    3) 客戶不會使用網路購物。
    4) 客戶不需要大罐醬油，因為家中人少，使用量不大。",1
26106767,"1. 家庭關係
    1) 客戶提到她的老公曾詢問是否要將物品拿去守衛釋放。
    2) 客戶表示她幫女兒購買商品。
    3) 客戶提到她需要帶孫子去外婆家。
    4) 客戶提到床包是親戚要用的。

2. 健康狀況
    1) 客戶提到她的骨質檢查結果顯示骨質狀況良好，未有退化跡象。
    2) 客戶表示每天都會服用葉黃素和蚓激酶，但蚓激酶效果不明顯，未感受到改善。
    3) 客戶提到她有在吃B群，但尚未服用上次購買的合利他命B。
    4) 客戶表示她的下半身比較重，腿型屬於蘿蔔腿。
    5) 客戶提到她現在年紀大了，需要兩個產品一起使用才能達到效果。
    6) 客戶表示公司安排全家接種疫苗。

3. 職業背景
    1) 客戶表示她尚未退休，仍在上班，且上班時間多在假日，平日較忙碌。
    2) 客戶提到最近因工作調動而忙碌，需換工作，連下班時間也忙碌。
    3) 客戶提到她目前沒有工作。

4. 健康食品使用心得
    1) 客戶提到她每天會服用葉黃素和蚓激酶，但目前還有很多葉黃素產品未使用完。
    2) 客戶表示對益生菌產品沒什麼興趣，之前有購買過但未提到使用情況。
    3) 客戶提到她買了很多健康食品，但都還沒用完，因此不會再購買新的產品。
    4) 客戶提到公司贈送的臺塘葉黃素，並曾購買妍美会的葉黃素產品。
    5) 客戶表示太多東西要吃了，對某些產品興趣不大。

5. 禁忌
    1) 客戶表示不會購買專員提到的產品，並認為用不到背心，覺得太貴不需要購買。
    2) 客戶提到她不太懂高端保養品，並表示自己不需要使用相關產品。
    3) 客戶表示她很少看簡訊，部分原因是擔心詐騙，且平時忙碌無暇查看。",1
26119514,"1. 家庭關係
    1) 客戶有兒子和女兒，並提到家中有小朋友。
    2) 客戶的先生和家人有時會使用某些產品。
    3) 客戶的女兒對眼唇產品的成分有興趣，並想查詢其純度。
    4) 客戶的女兒因為缺乏運動而變胖。
    5) 客戶的父親曾表示想買東西給她。
    6) 客戶最近幫兒子買了一個房子。

2. 健康狀況
    1) 客戶有腎臟問題，正在服用藥物並進行檢查。
    2) 客戶有膽固醇過高的問題，正在服用降膽固醇藥物，並考慮減少對藥物的依賴。
    3) 客戶有血糖過高的問題，並提到小中風的情況。
    4) 客戶最近胃部不適，有胃食道逆流，正在服用中藥調理。
    5) 客戶提到自己有感冒，並每天服用某種產品。
    6) 客戶表示會忘記每天喝水，可能與腎臟健康有關。
    7) 客戶提到預防掉髮的需求。
    8) 客戶每兩年安排一次健康檢查。

3. 職業背景
    1) 客戶提到自己每天寫字和工作。
    2) 客戶表示有在進行投資。
    3) 客戶最近忙於整理房子，並計劃搬家。

4. 健康食品使用心得
    1) 客戶對燕窩產品有興趣，曾購買過多種燕窩產品，對其效果表示滿意，但對升級版的燕窩產品不感興趣。
    2) 客戶曾購買過益生菌，並表示效果不錯，但目前沒有在吃。
    3) 客戶對於魚油產品有興趣，購買高純度EPA魚油，並每天服用。
    4) 客戶曾購買過氨基酸產品，但部分已過期，且目前沒有飲用。
    5) 客戶對於產品的能量效果表示不錯，並提到喝某些產品會有苦味。
    6) 客戶曾購買過龜鹿膠，但因不習慣使用而回收。
    7) 客戶對於健康食品的廣告表示不滿，認為廣告會增加產品價格。
    8) 客戶對於化學物質和重金屬的排除感到擔憂。

5. 禁忌
    1) 客戶不喝人蔘茶。
    2) 客戶對於產品中是否含有重金屬表示關注，並希望產品中不含重金屬。
    3) 客戶對於藥證產品的使用不太習慣，並不喜歡泡在保溫杯裡的方式。",1
26133161,"1. 家庭關係
    1) 客戶目前與太太和兒子住在林口，家中有兩個兒子，且兩個兒子都在林口發展。
    2) 客戶家中有六個孫子，其中小孫子現在讀五年級。
    3) 客戶提到家中無人與其同住，且無人可以照顧他。
    4) 客戶提到女兒在家帶孩子，並給女兒一層樓居住。
    5) 客戶提到目前有三層樓房產，其中一層樓用於晾衣服。

2. 健康狀況
    1) 客戶73歲，曾患肝硬化，目前已康復，但需定期服藥，每三個月回診一次。
    2) 客戶有椎間盤突出問題，曾進行過三次脊椎手術，術後需要保養和傷口復原，並定期回診。
    3) 客戶曾切除過膽囊，需注意飲食，避免油膩食物，並有胃食道逆流問題。
    4) 客戶曾因滑倒導致大腿骨折，並有腰痠背痛的情況。
    5) 客戶曾接受過大腸鏡檢查，選擇無痛檢查方式，並提到胃裡曾有息肉，已解決且無痛。
    6) 客戶目前身體狀況已好轉，但仍需服用藥物控制，並有三個部位的傷口已癒合，但旁邊神經仍感不適。
    7) 客戶提到開刀後睡眠較差，並有時肚子痛，曾做過超音波檢查但未發現問題。
    8) 客戶表示沒有三高，體重約65至70公斤，水喝得還好。

3. 職業背景
    1) 客戶目前已退休，曾從事工程和倉庫相關工作。
    2) 客戶提到工廠位於林口，並曾在台南工作。

4. 健康食品使用心得
    1) 客戶目前服用幹細胞產品，包括台大幹細胞產品，並表示其味道不苦。
    2) 客戶曾購買過HA補骨胜肽、粒線體產品、活泉、黃金土龍、鴕鳥龜鹿精、陳美鳳代言的龜鹿精產品、益生菌、海豹油、德國進口氨基酸產品等。
    3) 客戶每天早上喝一支安瓶作為保養，家中剩下三盒安瓶。
    4) 客戶每天早上會走三公里，並每週五早上進行按摩。
    5) 客戶對益生菌和葉黃素產品效果不明顯，對德國新養護能氨基酸產品口感不滿意。
    6) 客戶提到褐藻糖膠，願意購買並詢問服用方式。

5. 禁忌
    1) 客戶避免食用過於油膩的食物，並不會喝路邊的冰塊水。
    2) 客戶曾有喝酒習慣，但因工作壓力大而每天飲酒，目前已無此習慣。",1
26146443,"1. 家庭關係
    1) 客戶有一個兒子和一個女兒，兒子已經在工作並從事小生意，女兒會陪同她去醫院並幫忙記錄健康檢查結果。
    2) 客戶的女婿對她很好，甚至比兒子還貼心。
    3) 客戶的老公有健康問題，需定期回診檢查，兩人通常分房睡，因為客戶會打呼。
    4) 客戶的公公是老人家，有慢性病和重大傷病卡，需定期配藥和檢查。
    5) 客戶的兒子每天晚上會煮飯給她吃，女兒曾為她購買空氣清淨機。

2. 健康狀況
    1) 客戶57歲，曾經住院，並有重大傷病卡，肺部有纖維化，曾進行肺部切片手術，術後胸腔有疼痛感。
    2) 客戶有夜尿、呼吸中止症、腰椎問題、飛蚊症、頭皮屑、皮膚敏感、眼睛紅腫、喉嚨發炎等健康問題，健康檢查顯示膽固醇和三酸甘油酯偏高。
    3) 客戶對健康檢查持懷疑態度，認為檢查後可能會發現更多問題。
    4) 客戶體重超過60公斤，身高162公分，正在通過運動控制體重。

3. 職業背景
    1) 客戶目前從事代辦工作，工作繁忙，並有參加投資理財課程，對市場趨勢感興趣。
    2) 客戶有時會幫助兒子處理小生意的出貨和顧店。

4. 健康食品使用心得
    1) 客戶固定服用氨基酸、幹細胞、褐藻糖膠、B群、葉黃素、益生菌、魚油和高蛋白等保健品，對保健品的有效期限非常重視。
    2) 客戶認為氨基酸和幹細胞產品有一定效果，但對幹細胞產品和其他保健品的高價格感到猶豫。
    3) 客戶曾購買過膠原蛋白產品，但因老公反對購買過多保健品，選擇錯開使用。
    4) 客戶對某些產品的味道和效果有疑慮，例如氨基酸和香檳茸的味道不佳，氨基酸空腹服用會引起不適。
    5) 客戶術後服用幹細胞產品促進肺部修復，並遵循醫生建議暫停服用紅麴等活血保健品。

5. 禁忌
    1) 客戶對刺激性食物和飲品敏感，住院後改為清淡飲食。
    2) 客戶術後需避免服用紅麴、魚油等活血保健品，並對手術前後的飲食和保健品使用有顧慮。
    3) 客戶不吃肉，對於燕窩和某些保健品的效果持懷疑態度。
    4) 客戶不太敢素顏，通常會戴墨鏡，並對面膜和美白產品的使用有疑慮。",1
26149267,"1. 家庭關係
    1) 客戶有一個先生，先生對她購買了很多產品但未使用完感到不高興。
    2) 客戶有一個妹妹。
    3) 客戶有一男一女的子女，子女每個禮拜都會回來。

2. 健康狀況
    1) 客戶有高血壓。
    2) 客戶提到眼睛比較霧霧的，並有飛蚊症。
    3) 客戶最近感冒了，並提到有再復發。
    4) 客戶有白頭髮。
    5) 客戶提到最近的身體狀況不錯。

3. 職業背景
    1) 客戶目前在公司工作，提到工作很忙。
    2) 客戶年齡約六十幾歲。

4. 健康食品使用心得
    1) 客戶有服用葉黃素，早晚各服用一顆，曾一天吃一盒，持續三個月後暫停，並表示葉黃素和激活產品對身體不錯。
    2) 客戶之前購買過很多保養品，包括燕窩、膠囊類產品及幹細胞產品，描述幹細胞產品為白色瓶身、粉紅色和灰紅色的蓋子，價值十幾萬。
    3) 客戶提到她的東西是輪流著吃，並沒有固定吃某一種東西。
    4) 客戶目前有在喝之前購買的一種一罐一罐的飲品。
    5) 客戶表示家中還有很多未使用完的產品，因此暫時不想再購買。

5. 禁忌
    1) 客戶不喜歡分期付款，偏好一次性付款。
    2) 客戶不太相信與運勢相關的活動。
    3) 客戶喜歡使用有香味的日本品牌洗衣球，不喜歡使用洗衣精。",1
26153801,"1. 家庭關係
    1) 客戶表示她是家庭主婦。
    2) 客戶提到她和先生都有在吃益生菌。
    3) 客戶表示她是家中唯一食用益生菌的人。

2. 健康狀況
    1) 客戶未提到具體健康問題，但表示自己有在服用益生菌。
    2) 客戶未服用其他保健食品，例如B群、鈣片或膠原蛋白。

3. 職業背景
    1) 客戶表示自己是家庭主婦。

4. 健康食品使用心得
    1) 客戶提到她之前購買過華陀漢方益生菌，價格約為三千多元，並使用加一元多送的優惠。
    2) 客戶表示她的益生菌是從蝦皮購買的，並提到家中目前還有存貨。
    3) 客戶提到她家裡只有酵素產品，並要求再送酵素產品。
    4) 客戶表示已收到益生菌產品，並剛購買回來。

5. 禁忌
    1) 客戶表示她不會擦保養品。
    2) 客戶未服用其他保健食品，例如B群、鈣片或膠原蛋白。",1
26162949,"1. 家庭關係
    1) 客戶提到她有一個女兒。

2. 健康狀況
    1) 客戶提到有人現在去中醫院看病。

3. 職業背景
    1) 無相關資訊。

4. 健康食品使用心得
    1) 客戶表示她不吃保養品。
    2) 客戶表示她不吃保健食品。

5. 禁忌
    1) 客戶家中日用品充足，特別是衛生紙，且無需購買更多。
    2) 客戶提到家裡衛生紙已經很多，且之前購買的也是特價商品。",1
26188075,"1. 家庭關係
    1) 無相關資訊。

2. 健康狀況
    1) 客戶血壓有點高，但未超過150。
    2) 目前不需要用藥，醫生建議注意飲食並進行追蹤。

3. 職業背景
    1) 無相關資訊。

4. 健康食品使用心得
    1) 客戶提到中旬政府提供的植物保健品還沒吃完。

5. 禁忌
    1) 客戶認為一萬塊的保健品太貴，表示自己沒有很多錢。",1
26206480,"1. 家庭關係
    1) 未提及具體家庭成員，但提到家中已有許多保健食品，可能與家人共同使用。

2. 健康狀況
    1) 未提及具體健康狀況，但年齡為67歲，可能需要注意老年人常見的健康問題。

3. 職業背景
    1) 未提及具體職業背景。

4. 健康食品使用心得
    1) 客戶表示家中已有許多保健食品，可能對保健食品有一定的了解或使用經驗。

5. 禁忌
    1) 客戶明確表示不需要再購買保健食品。",1
26217081,"1. 家庭關係
    1) 無相關資訊提供。

2. 健康狀況
    1) 無相關資訊提供。

3. 職業背景
    1) 無相關資訊提供。

4. 健康食品使用心得
    1) 客戶表示目前沒有需要膠原蛋白產品。

5. 禁忌
    1) 客戶提到目前沒有生活上需要折扣的商品。
    2) 客戶表示目前沒有需要民生用品如衛生紙或洗髮精。",1
26218350,"1. 家庭關係
    1) 客戶有一位先生，先生目前服用蚓激酶產品。
    2) 客戶有一位女兒，女兒曾在母親節從韓國購買保養品給她。
    3) 客戶的姐姐目前罹患癌症，正在住院治療。
    4) 客戶家中沒有養狗。

2. 健康狀況
    1) 客戶75歲以上，患有糖尿病和腎功能不佳，三酸甘油酯和低密度膽固醇數值偏高。
    2) 客戶容易中暑，體質容易出汗，胃腸功能不好，無法接受膠囊類產品。
    3) 客戶右腳有足底筋膜炎，持續兩三個月，正在接受中醫和復健治療。
    4) 客戶有時會感到頭暈，曾服用治療暈眩的藥物，目前暈眩情況未再復發。
    5) 客戶曾被中醫診斷為血液循環不良，膽固醇過高，並曾服用丹蔘改善心血管和血液循環。
    6) 客戶提到使用某種床墊後，手部不適減輕，血液循環有所改善。

3. 職業背景
    1) 客戶目前在家中，曾提到自己不會開車，平時來台北是搭火車。
    2) 客戶曾參與一個促進兩岸和平、反詐騙和禁毒品的組織活動，該組織去年成立，並舉辦了世界和平活動。

4. 健康食品使用心得
    1) 客戶曾購買過益生菌、印加果油、葉黃素、台鹽產品、小分子胜肽水、華陀古傳滴雞精等，對滴雞精的補充體力效果感到滿意。
    2) 客戶對紅寶保養品感到滿意，認為效果不錯，皮膚變得乾淨且不黏膩。
    3) 客戶對台酒青春露的無味特性表示喜歡，並對B群、褐藻糖膠產品有興趣，考慮增加攝取量以提升免疫力。
    4) 客戶對魚油的味道不滿意，並對粒線體產品的價格和效果表示擔憂。
    5) 客戶習慣在中午以前食用B群，避免影響睡眠，並提到維他命D發泡錠一天只需飯後服用一顆。
    6) 客戶不喜歡膠囊類產品，尤其是中藥味，曾嘗試服用但效果不佳，且不吃益生菌。

5. 禁忌
    1) 客戶不敢食用幹細胞、胎盤素和鹿胎盤產品，認為價格昂貴或成分不明。
    2) 客戶對空腹食用產品的吸收效果有疑問，擔心影響睡眠。
    3) 客戶對於購買的產品若無法試用會感到不安，對於非原裝產品或效果不確定的產品會選擇退貨。
    4) 客戶對內衣材質有要求，認為不透氣的材質不適合夏天穿著。
    5) 客戶對購物有衝動，但擔心商品效果不如預期，對購買新背心持保留態度。",1
26219117,"1. 家庭關係
    1) 未提及具體家庭關係。

2. 健康狀況
    1) 客戶提到有腰痠背痛及筋骨痠痛的情況。
    2) 客戶表示肚子有一圈肉，可能與內臟脂肪有關。
    3) 客戶目前食用益生菌是為了腸胃保養，並非治療便秘或拉肚子。

3. 職業背景
    1) 客戶提到目前在外工作，工作性質非使用電腦。
    2) 客戶表示最近工作較忙，不方便接電話。

4. 健康食品使用心得
    1) 客戶曾購買並使用多種保健食品，包括氨基酸產品、益生菌、葉黃素、磷蝦油、胎盤素、膠原蛋白、合利他命及魚油等。
    2) 客戶目前每天服用一顆保健食品，剛開始服用時有排便增加的情況，後來減少至一天一到兩次。
    3) 客戶表示持續飲用氨基酸產品，但未感受到效果，且尚未喝完。
    4) 客戶曾購買奇異果口味的益生菌，認為口感很好，並選擇幫助消除脹氣的益生菌。
    5) 客戶提到益生菌可以飯前或飯後服用，目前尚未開始服用。
    6) 客戶表示以前使用某些保健食品時感覺效果不明顯。
    7) 客戶目前不需要購買任何保健食品，家中仍有益生菌、麥片等存貨。

5. 禁忌
    1) 客戶不喜歡泡的產品，偏好方便服用的減肥產品，例如一顆一顆的形式。
    2) 客戶提到家中有巖油，因此不需要氨基酸洗面乳。
    3) 客戶表示目前不需要額外的水光課程，因為平常有做臉的習慣。",1
26226121,"1. 家庭關係
    1) 客戶有兩個小孩，分別是兩歲半和十個月大。
    2) 客戶有一個三歲的孫子，早上喝牛奶時會添加益生菌，但仍有便秘問題。
    3) 客戶的婆婆年近九十，水分攝取不足且時常便秘，排便困難。
    4) 客戶的丈夫有胃食道逆流問題，但不願意使用她購買的保健食品。
    5) 客戶家中有三個男生和一個女生，只有她一個人會吃保健食品。
    6) 客戶的媳婦目前懷孕，預產期在十月份。

2. 健康狀況
    1) 客戶表示身體狀況尚可，沒有三高問題。
    2) 客戶提到自己有膝蓋問題，並服用相關保健食品進行保養。
    3) 客戶提到腸胃不好，但表示自己不便秘。
    4) 客戶通常每兩到三年進行一次健康檢查。

3. 職業背景
    1) 客戶目前在家工作，表示工作忙碌且無法離開。

4. 健康食品使用心得
    1) 客戶有使用多種保健食品，包括蚓激酶、美託洛、葉黃素、苦瓜胜肽、膠原蛋白、維骨力、乳酸鈣、磷蝦油等。
    2) 客戶認為積雪草保養品效果很好，尤其是金色瓶子的產品。
    3) 客戶對鴕鳥精的效果感受不明顯，但認為其適合女性使用，溫補且不會有燥熱問題。
    4) 客戶提到膠原粉效果不錯，但覺得吃了很多保健品後沒有顯著效果。
    5) 客戶曾購買益生菌給小孩，但小孩不喜歡其口味，並曾退貨。
    6) 客戶曾給小朋友服用魚油，但不確定效果。
    7) 客戶對綠色奇異果產品感興趣，並希望在有優惠時購買。
    8) 客戶表示通常在有促銷活動時才會購買保健品。

5. 禁忌
    1) 客戶目前有多種保健食品尚未使用完，包括蚓激酶、鴕鳥精、葉黃素、苦瓜胜肽等，因此暫時不考慮購買新的保健食品。
    2) 客戶提到飯前飯後都可以服用產品。
    3) 客戶認為某些面膜價格過高，並表示之前購買的面膜尚未用完，因此不需要再購買新的面膜。
    4) 客戶表示不需要分期付款，直接購買兩套產品。",1
26233677,"1. 家庭關係
    1) 客戶有一個女兒和一個兒子，女兒已婚並住在國外，丈夫是外國人，身高接近兩百公分，育有一名十一歲的外孫。女兒性格不計較，對家人很好，經常請家人吃飯，負責家庭財務管理，並支付買菜費用。
    2) 客戶的兒子已婚，是一名老闆，曾陪同她看醫生。客戶的孫子有兩個，其中一個在國外，另一個七歲，可能會就讀美國學校。
    3) 客戶的丈夫曾患肝病，由她親自照顧多年。她家中目前只有她一人居住。
    4) 客戶家中養了三隻狗，包括貴賓犬和吉娃娃。

2. 健康狀況
    1) 客戶健康狀況良好，無三高，能進行運動並保持體力，但有便秘問題。
    2) 客戶近期進行了眼睛手術，恢復良好，但術後需避免搬重物、運動及使用熱的東西，並計劃於七月進行另一隻眼睛的手術。
    3) 客戶擔心血糖問題，並定期進行血糖檢查。
    4) 客戶的女兒有胃食道逆流問題，不能吃辣。

3. 職業背景
    1) 客戶曾在上海生活十年，期間家庭有投資，並雇用用人，生活輕鬆。
    2) 客戶目前有參加內科相關課程。
    3) 客戶的女兒在忠燕醫院工作。

4. 健康食品使用心得
    1) 客戶每天服用幹細胞膠囊、葉黃素、代謝果油等保健食品，通常早上空腹服用，幹細胞膠囊一天兩顆，葉黃素一天一顆。
    2) 客戶曾購買山蔘逆齡霜、藍鑽系列保養品、妍美会日本專利激活再生安瓶等，對部分產品效果滿意，但對萬歲牌堅果粉、木耳露等產品不滿意並退貨。
    3) 客戶喜歡韓國化妝品，曾購買雪花秀等品牌，認為保濕效果好，但對某些日本品牌的精華液不滿意。
    4) 客戶認為瘦身果凍有助於減少食量和分解油脂糖分，外米提對神經系統有幫助。

5. 禁忌
    1) 客戶不吸菸，平時很少吃外食，主要選擇自己煮飯，偏好日本食材，並儘量少吃多動。
    2) 客戶不做侵入式醫美，認為自然保養更適合自己，並捨不得花費在醫美上。
    3) 客戶的女兒不適合使用太油的保養品，因為會長痘痘。
    4) 客戶不喜歡紅色的玉石，認為偏紅的玉石不適合購買。",1
26253274,"1. 家庭關係
    1) 客戶的媽媽已經八十多歲，目前身體很好，但自己一個人住。
    2) 客戶會在母親節包紅包給媽媽，過年時會回嘉義陪媽媽。
    3) 客戶提到中秋節是否回家還不確定。
    4) 客戶曾購買保健品給家人使用，包括媽媽和老婆。

2. 健康狀況
    1) 客戶有高血壓，並正在服用藥物控制。
    2) 客戶有在吃醫生開的血糖藥來控制血糖。
    3) 客戶體重為76公斤。
    4) 客戶提到自己很少出國旅行。

3. 職業背景
    1) 客戶是一名59歲的男性上班族，並非自己做生意。
    2) 客戶提到他沒有享受過個人套餐超過三千元的餐飲，且對高檔餐廳不熟悉。

4. 健康食品使用心得
    1) 客戶曾購買過蚓激酶產品，並有持續服用，但偶爾會停下，感覺效果不明顯。
    2) 客戶曾購買含有Q肽、玻尿酸和膠原蛋白的保健品，主要是為媽媽使用。
    3) 客戶曾購買益生菌產品，並提到全家大小都可以食用，目前家中還有很多益生菌。
    4) 客戶曾購買過葉黃素，現在還有存貨，並提到葉黃素快吃完。
    5) 客戶曾購買過魚油，最近一次購買是在上個月。
    6) 客戶曾購買過德國進口的氨基酸產品，表示該產品是買給母親的。
    7) 客戶曾購買過人參，並記得是在2019年父親節時購買的。
    8) 客戶曾購買了一年份的B群，共四盒，每盒60顆，並會在大賣場購買B群。
    9) 客戶有時候早餐懶得準備時會泡纖果膠食用。
    10) 客戶曾購買台鹽產品給老婆使用，目的是加強代謝瘦身。
    11) 客戶目前還有洗髮精，並認為洗髮精很好用。
    12) 客戶選擇購買保濕面膜，並拒絕美白面膜。

5. 禁忌
    1) 客戶表示目前不需要購買任何商品，包括棉被、頭套、衛生紙、床包、堅果及鹿角鈣。
    2) 客戶對石墨烯內褲和能量褲沒有興趣。
    3) 客戶提到媽媽現在都不吃保健食品。",1
26267302,"1. 家庭關係
    1) 客戶的先生已過世，生前長期在國外工作，客戶經常一個人生活。
    2) 客戶有一個兒子，已經結婚，住在台南教會附近，並在科學園區工作。
    3) 客戶的兒子和媳婦會回家探望她，並會使用她購買的保健品。
    4) 客戶的哥哥的孫女在澳洲過世，客戶忙於關懷家人。

2. 健康狀況
    1) 客戶有膝蓋問題，曾多次跌倒導致膝蓋受傷，並有肩頸和身體痠痛，醫生建議進行復健。
    2) 客戶有骨質疏鬆問題，骨密度下降，身高縮水。
    3) 客戶的眼睛視力模糊，曾做過白內障手術，植入人工水晶體，但目前水晶體模糊，醫生建議更換。
    4) 客戶最近免疫力下降，感到疲累，並有流感症狀，已看過醫生。
    5) 客戶曾確診新冠肺炎，並接種過疫苗，但不再考慮接種新冠疫苗。
    6) 客戶有記憶力衰退的擔憂，並曾購買保健食品預防失智。
    7) 客戶提到身體狀況有進步，但希望能完全恢復。

3. 職業背景
    1) 客戶目前在學校工作，主要是教學，工作量大且吃力。
    2) 客戶曾在惠民學校工作，對當時的飲食情況有印象。
    3) 客戶目前在櫃檯工作，並有時需要幫忙課程相關事宜。

4. 健康食品使用心得
    1) 客戶服用多種保健食品，包括葉黃素、益生菌、幹細胞產品、魚油、倍護、白藜蘆醇、龜鹿精等，並對部分產品效果感到滿意。
    2) 客戶家中囤積了大量保健品，部分已暫停使用，並有時會忘記服用。
    3) 客戶對於保健品的促銷活動有興趣，並曾購買過多種促銷產品。
    4) 客戶對於保健品的效果有一定信任，特別是抗癌和提升免疫力的功效。

5. 禁忌
    1) 客戶不喜歡吃燕窩，對其效果感到不特別。
    2) 客戶對類固醇的使用有顧慮，了解其副作用。
    3) 客戶不再接種流感疫苗和新冠疫苗，對疫苗接種持保留態度。
    4) 客戶不喜歡通過電話處理事情，認為講不清楚。",1
26284876,"1. 家庭關係
    1) 客戶提到家裡需要用衛生紙，並表示家人會幫忙收貨。

2. 健康狀況
    1) 客戶提到自己剛剛過五十歲。

3. 職業背景
    1) 客戶未提及具體職業背景，但表示經濟狀況比較緊張。

4. 健康食品使用心得
    1) 客戶有在服用骨關節保養品、人蔘片（紅參）及葉黃素，並曾購買相關產品。
    2) 客戶表示閒暇時會服用保健品，並認為保健食品若無效果則不會繼續使用。
    3) 客戶剛購買了兩組新的葉黃素產品。

5. 禁忌
    1) 客戶表示購買保健品時會考量經濟能力。
    2) 客戶表示目前不需要再購買人蔘片。",1
26297315,"1. 家庭關係
    1) 客戶提到家族中有糖尿病遺傳的情況，阿公因糖尿病後來需要洗腎且眼睛看不到。
    2) 客戶的老公有胃癌，但情況還好，聲音洪亮。
    3) 客戶提到自己有一個姐姐，家裡有人量血壓，家裡的人不喝酒。
    4) 客戶提到家族每年過年後會舉行聚會，兄弟姐妹都會參加。
    5) 客戶提到他兒子今天會到家。
    6) 客戶提到她在家上班並照顧家人。

2. 健康狀況
    1) 客戶有糖尿病、高血壓、尿酸高、慢性腎炎、慢性胃炎、胃潰瘍、胃炎、膝蓋問題、骨裂、老年斑、乾眼症、流鼻涕體質、攝護腺問題、腹部疼痛、性功能問題、乙肝等健康問題。
    2) 客戶曾進行白內障手術，術後效果良好，但出現乾眼症和視力模糊問題。
    3) 客戶提到壓力可能是導致肥胖的原因之一，並有減重困難。
    4) 客戶提到自己有敏感肌膚，並對皮膚保養很在意。
    5) 客戶提到自己剛出院，因骨頭裂掉和退化。
    6) 客戶提到自己有便秘問題。

3. 職業背景
    1) 客戶目前在銀行工作。
    2) 客戶提到以前在大陸賣東西，並曾在東森購物買過產品。

4. 健康食品使用心得
    1) 客戶有服用葉黃素、益生菌、褐藻、牛樟芝、魚油、膠原蛋白、蚓激酶、益氣養神膏、磷蝦油等保健品，並表示益生菌能讓肚子不脹，葉黃素每天吃兩顆，魚油早上吞兩顆，褐藻每天吃兩顆。
    2) 客戶曾購買過白蘭氏產品、華陀產品、燕窩、龜鹿產品、膠原蛋白產品、葉黃素果凍、鞠偉葉黃素膠囊等，對燕窩的腥味有意見。
    3) 客戶提到每天吃一盒保健品，偶爾會喝氨基酸飲品。
    4) 客戶提到白藜蘆醇和薑黃，但未提及其抗癌效果。
    5) 客戶提到早上空腹吃鴕鳥精，並對膠原蛋白產品有使用經驗。

5. 禁忌
    1) 客戶不吃牛肉麵等面食，不喜歡刺激的東西。
    2) 客戶不忌口，但對某些產品因價格高而不敢購買。
    3) 客戶提到對產品成分和保質期有關注，對購買過多產品持保留態度。",1
26313187,"1. 家庭關係
    1) 客戶與家人同住，育有兩位子女，其中兒子有類風濕性關節炎和免疫系統問題，導致關節腫脹。
    2) 客戶的老婆有視網膜問題，手指關節會腫脹，可能與腎臟排水系統問題有關。
    3) 客戶的孫女曾感冒，客戶曾去台中探望兒子和孫女。
    4) 客戶提到他妹夫。
    5) 客戶與妻子曾一起去貴州旅遊。

2. 健康狀況
    1) 客戶有糖尿病（約一兩年前開始）、高血壓（已有二十多年）、自律神經問題（約十年）、異位性皮膚炎、高眼壓、胃脹氣、睡眠品質不佳（晚上會起來上廁所且不易入睡），以及憂鬱症。
    2) 客戶曾進行白內障手術，並計劃進行第二次手術。
    3) 客戶對某些保健食品（如神秘錠、玻尿酸）有過敏或不適反應。
    4) 客戶的兒子也有皮膚問題，可能與免疫力或環境因素有關。

3. 職業背景
    1) 客戶已退休，每月領取退休金，並考慮參加社區活動以改善退休後的生活壓力。
    2) 客戶目前沒有在上班，較少參與社交活動。

4. 健康食品使用心得
    1) 客戶目前服用的保健食品包括蚓激酶、苦瓜胜肽、褐藻糖膠（每天四顆）、葉黃素、益生菌、腸胃康、氨基酸、B群等，並曾服用過魚油、薑黃、玻尿酸、明治立等產品。
    2) 客戶對褐藻糖膠、活泉、薑黃等產品的效果有一定的正面反應，但對氨基酸和玻尿酸等產品效果不明顯，且對產品價格敏感，認為部分產品過於昂貴。
    3) 客戶對葉黃素產品有興趣，並關注其價格和優惠。
    4) 客戶曾嘗試多種保健食品，但部分產品效果不明顯，對某些產品價格感到不滿。

5. 禁忌
    1) 客戶服用神秘錠後會感到噁心、想吐，尤其是吃太飽時會嘔吐，停用三天後恢復正常。
    2) 客戶有時候服用玻尿酸會有過敏反應，導致皮膚發紅。
    3) 客戶的老婆早上吃兩顆某產品後手指關節會腫脹，改為吃一顆後稍微不舒服，但情況有所改善。",1
26316042,"1. 家庭關係
    1) 客戶有三個小孩，其中一個正在當兵，另一個已經在上班。
    2) 客戶曾在生小孩後在家帶小孩，直到小孩三歲時才開始跑外送工作。

2. 健康狀況
    1) 客戶提到她吞不下膠囊，對膠囊類產品有使用困難。
    2) 客戶表示她目前沒有要減重，也沒有在吃魚油或喝激活再生安瓶。
    3) 客戶最近沒有在喝粒線體相關產品，可能因為忙碌或忘記。

3. 職業背景
    1) 客戶目前從事外送工作，採用排班制，每天工作約五個小時。

4. 健康食品使用心得
    1) 客戶已經有固定使用的益生菌品牌。
    2) 客戶表示她有時候會喝之前購買的產品，但並非每天飲用。
    3) 客戶目前還有三盒葉黃素未使用。
    4) 客戶詢問產品是否飯前或飯後飲用效果較好。

5. 禁忌
    1) 客戶不習慣吞膠囊，膠囊類型的保健食品不適合她。
    2) 客戶表示她目前沒有購買其他保健食品的想法。",1
26333140,"1. 家庭關係
    1) 客戶的老公需要長期住院，因為肺部功能幾乎失效，需依賴高壓氧氣機呼吸，且可能有失智症前兆。
    2) 客戶的媽媽情緒容易受到影響，心情不好時不願意配合。
    3) 客戶的父親76歲，目前在台北處理事情，對保險觀念偏向彈性，認為一萬塊足夠生活。
    4) 客戶提到家中長輩曾經跌倒骨折。
    5) 客戶的男朋友對保險選擇偏向儲蓄型，曾投資基金但因虧損不再投資，對理財較為謹慎，並購買了大量鋼刀。

2. 健康狀況
    1) 客戶提到有遺傳性問題，並曾提及退化性關節炎。
    2) 客戶提到胃息肉和腸息肉屬於同一類型且常見。
    3) 客戶的親友因車禍需要金目鱸魚精恢復傷口，且有某些食物禁忌。
    4) 客戶提到抗病毒藥物沒有問題。

3. 職業背景
    1) 客戶提到課程安排會儘量讓參加者能持續上課，並提到課程表可能有臨時變動。
    2) 客戶提到課程偏向年紀較長的人，並提到假日需顧小孩，平日較方便參加活動。
    3) 客戶提到接下來的時間較忙，下午時間較方便安排。

4. 健康食品使用心得
    1) 客戶曾購買舒敏霜、葉黃素、心血管保養產品、華陀土龍金、再生醫學產品等，對心血管保養產品的第三代產品有興趣。
    2) 客戶對中秋節產品利魯谷精力的補氣效果表示接受，並對腎臟安全性表示理解。
    3) 客戶對含益生菌的面膜產品感興趣，並已收到益生菌和抗敏感益生菌。
    4) 客戶家中咖啡消耗量大，並在大餐前會食用某種產品。
    5) 客戶對美妝產品的安瓶活動感興趣，並決定購買醫美產品試用套裝。
    6) 客戶對於一組皮膚保養產品效果不佳表示不滿，但接受價格為八千五的產品組合。
    7) 客戶計劃購買兩罐體驗組，每天先吃兩顆觀察效果。

5. 禁忌
    1) 客戶不需要葡聚醣，可能因個人需求或健康原因。
    2) 客戶的親友因健康原因不能食用某些食物。",1
26336154,"1. 家庭關係
    1) 客戶提到她的媽媽88歲，健康狀況良好，每週會來看望她。
    2) 客戶提到她的阿嬤89歲，健康狀況良好，能夠自行行動。
    3) 客戶提到她的女兒五年前做過腫瘤手術，腫瘤是良性，但後來復發，並轉移到淋巴，目前正在接受檢查，需進行手術。
    4) 客戶提到她的孩子在外地。
    5) 客戶提到她和女兒都是奶素者，飲食中不吃紅肉和白肉。

2. 健康狀況
    1) 客戶有血壓升高、高血脂、三酸甘油酯過高的問題，並曾提到鼻咽癌。
    2) 客戶有頻尿問題，夜尿次數減少，但白天頻尿次數仍多，醫生檢查尿液後表示無發炎問題。
    3) 客戶有筋膜炎，手部狀況良好，仍能舉起雙手。
    4) 客戶的腳曾摔傷，大拇指下的手掌骨折。
    5) 客戶每兩年進行健康檢查，健康指數正常，並定期檢查腎功能，指數無變化。
    6) 客戶每天做兩次運動，體重為53公斤。
    7) 客戶曾中風，並提到手術後偶爾會感到疼痛。

3. 職業背景
    1) 客戶目前仍在工作中，尚未退休，從事日間照顧中心的工作，負責照顧老人，包括餵食水果和飯等。
    2) 客戶提到自己沒有在賺錢。

4. 健康食品使用心得
    1) 客戶每天飲用兩瓶某產品，並考慮增加到四顆以改善效果。
    2) 客戶對氨基酸產品有興趣，認為德國進口的品質較好，並考慮其抗癌效果。
    3) 客戶有使用香檳茸，並考慮其對免疫力和腫瘤的影響。
    4) 客戶有在使用白藜蘆醇產品，認為方便使用。
    5) 客戶有在吃葉黃素，並確認要訂購。
    6) 客戶曾購買過香檳茸和氨基酸產品，並認為氨基酸有效。
    7) 客戶對健康講座和健康美學中心的環境感到滿意，並參加泌尿系統保養講座。
    8) 客戶對素食餐廳評價很好，經常光顧，並提到朋友們會定期聚會，感情深厚。

5. 禁忌
    1) 客戶提到食用某種藻類產品會導致血壓升高。
    2) 客戶提到不會改變某些習慣或做法。
    3) 客戶不喜歡某些產品的味道，並提到藥物不合，不會使用某些產品。",1
26347818,"1. 家庭關係
    1) 客戶提到小孩會買東西送給她，顯示與小孩關係良好。

2. 健康狀況
    1) 未提及具體健康狀況。

3. 職業背景
    1) 未提及具體職業背景。

4. 健康食品使用心得
    1) 未提及健康食品使用心得。

5. 禁忌
    1) 未提及具體禁忌。",1
26357371,"1. 家庭關係
    1) 客戶有兩個兒子和兩個媳婦，其中一位媳婦是醫護人員，現已轉職到牙科工作。
    2) 客戶有孫子和一對三歲的龍鳳胎小孩，孫子和小孩有時會食用益生菌。
    3) 客戶的兒子和媳婦會購買葉黃素、紅麴等保健食品給她，面膜等保養品也有來自兒子、媳婦或朋友的贈送。
    4) 客戶的丈夫不喜歡出門，對保健食品和相關產品興趣不大，但客戶會準備液態保健食品給丈夫飲用。
    5) 客戶的妹妹膝蓋不好，客戶計劃給妹妹試用玻尿酸產品，並會幫妹妹購買面膜作為禮物。

2. 健康狀況
    1) 客戶有高血壓，並開始服用慢性病藥物，醫生建議不能吃太營養的食物。
    2) 客戶目前正在進行復健，並提到空腹飲用活泉產品對胃不太好。
    3) 客戶提到她的健康狀況需要注意飲食禁忌，不能亂吃東西。

3. 職業背景
    1) 客戶目前70歲，仍在菜市場工作，早上很早出門，下午才回家。
    2) 客戶提到她剛開了一家店，並有多筆分期付款正在繳款中。
    3) 客戶有多年東森購物的經驗，對健康食品的種類和定價策略有一定了解，並認為健康食品的推廣不應該定價過高。

4. 健康食品使用心得
    1) 客戶購買並使用多種保健食品，包括幹細胞膠囊、骨刺相關產品、葉黃素、鴕鳥精、玻尿酸口服安瓶、魚油、紅麴等，並認為石墨烯產品效果良好。
    2) 客戶幾乎每天服用保健食品，但有時會忘記服用或隔天補服，並認為保健食品已經足夠，不想囤積更多。
    3) 客戶認為液態形式的保健食品更適合男性，會準備液態保健品給丈夫飲用。
    4) 客戶對益生菌產品有一定了解，並會查看成分表，家中小孩也有食用益生菌。
    5) 客戶認為自然美的時空膠囊效果不錯，使用時間長，且目前還有存貨。

5. 禁忌
    1) 客戶提到醫生建議不能吃太營養的食物，並表示自己有飲食禁忌。
    2) 客戶認為空腹飲用活泉產品對胃不太好，因此需注意飲用方式。",1
26357592,"1. 家庭關係
    1) 客戶提到其太太可能已經處理了相關事宜，並表示太太喜歡看電視購物，看到喜歡的商品才會購買。
    2) 客戶提到過年時小孩子會回來。
    3) 客戶表示家中開診所。

2. 健康狀況
    1) 客戶目前有高血壓，並有在服用降血壓藥和降血脂藥物。
    2) 客戶表示自己平常沒有在吃燕窩。
    3) 客戶對健康食品的成分有疑問，尤其是紅麴相關產品。

3. 職業背景
    1) 客戶目前在工廠工作。
    2) 客戶表示家中開診所。

4. 健康食品使用心得
    1) 客戶提到他們不會隨便吃健康食品。
    2) 客戶曾購買合利他命EX金B群，但不是每天服用，通常隔兩三天才服用一次。
    3) 客戶表示未使用三離線的攝像葡萄產品。

5. 禁忌
    1) 客戶對紅麴相關產品的成分有疑問。
    2) 客戶不太喜歡囤貨，因為不喜歡退貨。",1
26370683,"1. 家庭關係
    1) 客戶提到可能與其配偶共同辦理會員卡。
    2) 客戶詢問是否可以與家人共同使用會員權益。

2. 健康狀況
    1) 客戶目前沒有在食用葉黃素和益生菌，也不太習慣吃保健品。
    2) 客戶表示他沒有在吃B群的習慣。

3. 職業背景
    1) 客戶是一位46歲的男性，創辦並經營一家投資顧問公司。

4. 健康食品使用心得
    1) 客戶之前在東森購物購買過紅藜果膠、PPLS綠蜂膠和葉黃素，但後來沒有再繼續食用。
    2) 客戶對健康食品的使用習慣較少，並不太習慣食用保健品。

5. 禁忌
    1) 無明確提及禁忌事項。",1
26399462,"1. 家庭關係
    1) 客戶目前一個人住，感覺不太好，認為人多住會比較舒適。
    2) 客戶過年期間會回高雄老家，老家位於鳳山，並會在老家吃年夜飯。
    3) 客戶計劃過年後將房子賣掉，並可能搬去苗栗，但尚未確定是否定居。

2. 健康狀況
    1) 客戶提到自己有病，可能與膠原相關問題影響健康。
    2) 客戶剛動過手術，目前身體狀況已好轉，但手腳容易發麻，可能與糖尿病有關。
    3) 客戶提到有時身體不舒服時會購買保健品，目前身體狀況好一些，但保健品太多吃不完，導致浪費。

3. 職業背景
    1) 客戶未提及具體職業背景，但提到自己正在忙於新房子的相關事宜，並計劃進行改造。
    2) 客戶表示新房子優先使用荷花池設計，尚未改紫鈦石設計。

4. 健康食品使用心得
    1) 客戶固定服用保健品，但認為效果一般，且不喜歡顆粒狀的保健食品，認為使用起來麻煩。
    2) 客戶曾購買過B群保健食品（包含B6和B12），並有意嘗試外米提保健食品以改善手麻腳麻問題。
    3) 客戶認為石墨烯相關產品很好用，已擁有多種相關產品，但認為類似產品效用差不多。

5. 禁忌
    1) 客戶表示不需要粒線體相關產品。
    2) 客戶不喜歡聽銷售相關話題，表示如果需要會自行購買相關產品。",1
26412998,"1. 家庭關係
    1) 客戶目前一人居住，家中有四個小孩，其中一個住在家附近，另一個兒子即將搬回與其同住。
    2) 客戶的太太於今年三月一日過世，生前長期臥床，患有失智症、糖尿病及血栓問題，健康狀況不佳。
    3) 客戶提到孫子年紀尚小，未提及具體年齡。

2. 健康狀況
    1) 客戶有糖尿病，血糖控制良好，但血糖指數偏高，糖化血色素約為6，需定期回診檢查並服用血糖藥物。
    2) 客戶有白內障問題，症狀逐漸加重，醫生建議等待更嚴重時再考慮手術。
    3) 客戶有乾眼症、眼壓高、鼻竇炎、攝護腺肥大、腸胃炎、蕁麻疹、胃疼、骨質疏鬆、貧血、老花眼及冠心病等健康問題。
    4) 客戶有睡眠品質不佳的情況，經常半夜起來尿尿，並感到疲勞。
    5) 客戶有時會抽筋，可能與糖尿病或天氣變化有關。
    6) 客戶曾經骨折，並有尿蛋白偏高的情況，但已控制良好。

3. 職業背景
    1) 客戶是一位退休老師，目前主要在家生活，並曾在店面工作。
    2) 客戶提到自己有退休金，並考慮分期付款購買商品。
    3) 客戶曾投資股票，但目前已賣掉，並表示不再進行股票投資。

4. 健康食品使用心得
    1) 客戶有服用多種健康食品，包括龜鹿精、牛樟芝、葉黃素、幹細胞產品、維他命B群、維他命C、植物固醇、氨基酸、六天參、人蔘片、苦瓜胜肽、清零膠囊、益生菌、黑木耳露、甘慄仁、南瓜籽等。
    2) 客戶認為龜鹿精對母親的痛風、拇指外翻和足底筋膜炎有改善效果，並對葉黃素的眼睛修護效果表示滿意。
    3) 客戶每天飲用粒線體相關保健飲品，並建議有慢性病者每天飲用兩瓶。
    4) 客戶喜歡燕窩和蜂蜜，並有飲用人蔘茶的習慣。
    5) 客戶認為燥熱的保健食品可能引發關節脹痛或痛風，對此較為擔憂。

5. 禁忌
    1) 客戶不吃豬肉和牛肉，並避免食用加工食品及過甜的食物。
    2) 客戶對某類藥物有忌口，並擔心胃出血問題。
    3) 客戶對浪費行為感到反感，並表示不需要增胖。",1
26423071,"1. 家庭關係
    1) 客戶是一位80歲的女性，目前獨居，兒子們不與她同住。
    2) 客戶的先生已去世25年，先生曾從事建築行業。
    3) 客戶有兩個兒子，大兒子在中國蘇州工作，每兩個月回來一次；第二個兒子在中國南方工作。
    4) 客戶的兒子們都很孝順，經常邀請她去家中住，並希望幫助她處理用藥事宜。
    5) 客戶過年時會將年菜送到兒子家，兒子也會請她吃母親節飯。
    6) 客戶的住處是一個山上的別墅，家中有管理員可以代收包裹。

2. 健康狀況
    1) 客戶有高血壓問題，並服用醫生開的三高藥物，通常在中午飯後服用，早上運動後會服用血壓藥。
    2) 客戶有細菌感染問題，雖然不再疼痛，但會結疤，且病情恢復較慢。
    3) 客戶的膝蓋軟骨退化，曾接受玻尿酸和PRP療程，感覺有效，但仍有筋骨痠痛，尤其上下樓梯時疼痛，走路速度較慢，醫生建議進行人工關節手術，但她不願開刀。
    4) 客戶的皮膚和頭髮乾燥，曾接受雷射治療和使用藥物改善皮膚狀況。
    5) 客戶有高血壓家族史，其父親曾患糖尿病，血糖值高於四百。
    6) 客戶的消化和排便情況良好，生活規律，但晚上睡眠斷斷續續，且有午睡習慣。
    7) 客戶曾接受白內障手術，並最近花費二十萬元進行牙齒治療。
    8) 醫生建議她儘量避免曬太陽。

3. 職業背景
    1) 客戶目前處於退休狀態，退休金來自公務員的退休金，並依靠此生活。
    2) 她的退休金大部分用於購買產品，並提到退休後的財務安排為一半領薪金、一半領退金，且用全退金部分購買房產。

4. 健康食品使用心得
    1) 客戶每天喝七日先，認為其口感好且有助於排便順暢。
    2) 客戶曾購買牛奶鈣、杏仁粉、海洋膠原飲（含膠原蛋白但不含玻尿酸）、日本B群、幹細胞產品（超過四次）等保健食品，並表示不會長期食用同樣的保健食品。
    3) 客戶目前主要服用中藥來緩解筋骨痠痛，但效果不完全，並不再使用激活粒線體等產品。
    4) 客戶購買保健產品時偏好選擇一年份的量。

5. 禁忌
    1) 客戶不敢吃魚，因為害怕魚腥味。
    2) 客戶不需要服用安眠藥。
    3) 客戶近期不打算購買新產品，並表示預算剛剛好，不想增加支出。
    4) 客戶不方便購買東西，因為目前住在兒子家。",1
26426402,"1. 家庭關係
    1) 客戶提到目前是她弟弟在負責購買衣服，有時弟弟會建議她在東森購買。

2. 健康狀況
    1) 客戶表示對於皺紋、斑點或肉芽的問題無所謂，並不在意。
    2) 客戶目前沒有提到其他具體的健康問題。

3. 職業背景
    1) 客戶提到她正在準備課程，可能與其職業或學習相關。

4. 健康食品使用心得
    1) 客戶之前購買過葉黃素，但很少食用。
    2) 客戶曾購買過自然美的蔘萃系列產品，並早晚使用，但目前已停止使用。
    3) 客戶之前在東森購買過台酒台研的保養品。
    4) 客戶提到她目前有很多保健品尚未吃完，因此暫時不考慮購買新的保健品。
    5) 客戶曾購買過一個九千元的產品，但認為效果不佳。

5. 禁忌
    1) 客戶表示目前沒有在吃中藥的清冠一號。
    2) 客戶不需要專員推薦的商品，並提到目前經濟狀況不允許購買相關商品。
    3) 客戶不需要購買粒線體相關產品。
    4) 客戶不使用洗面乳，僅用清水洗臉。
    5) 客戶表示不需要使用東森的折價券。
    6) 客戶目前很少在網路上購物，並提到最近購物需求減少。",1
26429069,"1. 家庭關係
    1) 客戶提到自己已經退休，現在負責家裡的烹飪。
    2) 客戶提到他的女兒曾經被騙了八萬多塊。
    3) 客戶住在透天厝，樓下有店面，並且樓下有一家日本料理店，經常在那裡吃飯。

2. 健康狀況
    1) 客戶提到自己有糖尿病和高血壓，並且曾經腦出血，目前身體狀況不佳。
    2) 客戶最近有就診腦神經外科，並且目前只服用醫生開的藥物，醫生建議他多休息、注意健康，只吃原型食物，避免加工食品及隨便服用保健食品。
    3) 客戶提到他今天打高爾夫球，家附近有游泳池和健身房，但一年用不到五次。

3. 職業背景
    1) 客戶已經退休，現年70歲。
    2) 客戶提到他是台灣人，經常往返美國和台灣。
    3) 客戶加入東森購物已經有16年，但不會主動聯絡東森購物。

4. 健康食品使用心得
    1) 客戶家中有許多保健食品，包括兔絨、鹿茸精、益生菌、葉黃素、花旗蔘粉、黑蒜相關產品等，並且曾購買過PA6保健品，但目前已停止使用，認為保健品太多，暫時不需要再購買。
    2) 客戶經常食用益生菌和葉黃素，並對醫療等級的葉黃素產品有好感。
    3) 客戶曾經購買過東森的六盒裝商品，對其印象不錯。
    4) 客戶對某品牌的葵花油有好感，家中有橄欖油、苦茶油和葡萄籽油，但認為價格較高。
    5) 客戶曾經購買過鮑魚雞腿面，並表示很喜歡該產品。

5. 禁忌
    1) 客戶表示不會購買直銷產品，特別是胎盤素類型的產品，並對直銷產品持有負面看法，認為產品成分和真實性很重要。
    2) 客戶對妍美会的產品標價感到不滿，認為價格過高且不合理，並質疑其真實性。
    3) 客戶不喜歡醫藥類產品，並表示家中已有很多藥品，不需要再購買。
    4) 客戶提到醫生建議他不能隨便吃健康食品，尤其是加工食品。",1
26436746,"1. 家庭關係
    1) 客戶提到有老公、女兒、兒子、媽媽、阿姨、婆婆、哥哥、公公和阿公。
    2) 客戶的父親健康狀況不佳，曾住加護病房，患有肝癌、心臟衰竭，可能僅剩半年壽命。
    3) 客戶的母親患有高血壓、糖尿病，曾在40歲時患有紅斑性狼瘡，近期感冒。
    4) 客戶的公公有糖尿病，糖化血色素有所改善，並有感冒和血糖問題。
    5) 客戶的哥哥負責照顧父親，但不處理財務問題，且不願意回來。
    6) 客戶與母親共同分擔部分費用，並與母親住在一起。

2. 健康狀況
    1) 客戶有糖尿病，需打胰島素，糖化血色素為7.3，血糖飯後穩定在200以內，早上血糖為165。
    2) 客戶有高血脂、三酸甘油酯偏高、總膽固醇220，並有膽固醇管理需求。
    3) 客戶有中度脂肪肝、體脂肪偏高、胃食道逆流、便秘、尿道感染、夜尿、骨質疏鬆（數值2.78）、血管硬化、頭暈、頭痛、掉髮、暈眩、偏頭痛、支氣管問題、慢性發炎、代謝不良、白內障、青光眼、嘴角破裂、睡眠不足和水腫等健康問題。
    4) 客戶有服用安眠藥的習慣，劑量較重，可能有依賴情況，並提到安眠藥的副作用如便秘和白天嗜睡。
    5) 客戶曾患紅斑性狼瘡，並提到母親也曾患此病。
    6) 客戶的父親曾中風，健康狀況不穩定，需住院治療。
    7) 客戶的兒子有痔瘡，體質燥熱，睡眠不好。

3. 職業背景
    1) 客戶目前未上班，經濟狀況不佳，每月開銷超過兩萬。
    2) 客戶曾經在衣服店工作，工作收入不穩定。

4. 健康食品使用心得
    1) 客戶有服用氨基酸、褐藻糖膠、益生菌、海豹油、幹細胞產品、萬壽元、印加果、茶素、紅麴、山苦瓜、納豆、抗皺霜、膠原蛋白等健康食品，並對部分產品效果表示滿意。
    2) 客戶認為氨基酸產品對血流和代謝有幫助，褐藻糖膠對支氣管、免疫力和胃黏膜修復有效，益生菌改善腸胃健康，海豹油有助於腦神經健康。
    3) 客戶提到粒線體產品對睡眠有幫助，並對葉黃素產品感興趣。
    4) 客戶提到使用過的產品中，有些效果不佳，並對某些產品價格較高表示關注。

5. 禁忌
    1) 客戶對紅色食物過敏，並提到過敏時會使用薑黃調和情況。
    2) 客戶不吃肉，吃素，並避免食用白木耳。
    3) 客戶提到胃食道逆流問題，某些產品可能加重症狀。
    4) 客戶提到安眠藥劑量過大可能導致成癮，並希望逐漸減少用量。",1
26451528,"1. 家庭關係
    1) 未提及相關內容。

2. 健康狀況
    1) 未提及相關內容。

3. 職業背景
    1) 客戶目前正在上班，但曾提到自己沒有時間，可能有時不方便通話。
    2) 客戶曾表示目前沒有在上班，可能存在時間安排上的變動。

4. 健康食品使用心得
    1) 客戶曾在東森購物購買過葉黃素，但目前不需要購買相關產品。

5. 禁忌
    1) 客戶目前對於加入會員沒有興趣。",1
26453853,"1. 家庭關係
    1) 客戶有一名女兒，目前是交換學生，正在外地進行交換計畫，曾因視網膜剝離接受治療，健康狀況已改善。
    2) 客戶有一名兒子，身高176公分，喜歡運動，包括跑步和散步。
    3) 客戶的丈夫建議不要重複購買益生菌，認為吃太多可能沒有效果。
    4) 客戶提到家人不常喝湯，尤其是人蔘湯，小孩擔心喝湯會變胖。

2. 健康狀況
    1) 客戶健康檢查結果正常，但膽固醇偏高，無大礙。
    2) 客戶每天跑步約十公里，花費一個多小時，並在家中進行運動。
    3) 客戶的肌膚屬於中性膚質，並固定進行美容保養。

3. 職業背景
    1) 客戶在長庚醫院工作，負責採購相關事務。

4. 健康食品使用心得
    1) 客戶每天飲用激活再生安瓶，但不是天天喝，目前家中還有存貨。
    2) 客戶和家人每天服用葉黃素，已持續四到五年。
    3) 客戶每天飲用牛初乳和鈣片。
    4) 客戶曾購買多種益生菌，每次購買量為十盒，但目前因丈夫建議未再重複購買。
    5) 客戶家中有膠原蛋白產品，並曾購買白蘭氏膠原蛋白，目前尚未食用完。
    6) 客戶曾在韓國購買價值六萬的高價人蔘參條，但尚未食用，存放於冰箱中。
    7) 客戶家庭每月在保健食品上的花費約三萬多元。

5. 禁忌
    1) 客戶的丈夫建議不要重複購買益生菌，認為吃太多可能無效。
    2) 客戶的家人不常喝湯，尤其是人蔘湯，小孩擔心喝湯會變胖。",1
26482948,"1. 家庭關係
    1) 未提及相關內容。

2. 健康狀況
    1) 未提及相關內容。

3. 職業背景
    1) 客戶因工作原因，近兩三年出國次數減少。

4. 健康食品使用心得
    1) 未提及相關內容。

5. 禁忌
    1) 未提及相關內容。",1
26489012,"1. 家庭關係
    1) 客戶家中有警衛室可幫忙收貨。
    2) 客戶表示目前沒有孫子。
    3) 客戶提到母親已經86歲，身體狀況還不錯。
    4) 客戶提到兒子很亂。
    5) 客戶家裡沒有請看護。

2. 健康狀況
    1) 客戶血糖和糖化血色素數值很高，心臟血管健康是他比較在意的項目。
    2) 客戶提到眼睛狀況不佳，可能需要協助查看資訊。
    3) 客戶有運動習慣，並聘請教練進行運動課程，認為運動有助於健康。

3. 職業背景
    1) 客戶是XXX公司的股東，該公司銷售人蔘皂苷產品，並使用韓國高科技工廠的幹細胞技術進行生產，產品通過空運和船運運輸。
    2) 客戶經常在國外洽談生意，增強代理商合作，對健康生技產品有一定了解。
    3) 客戶對幹細胞相關知識非常了解，並自稱是專業人士。

4. 健康食品使用心得
    1) 客戶目前有苦瓜胜肽，但尚未開始食用。
    2) 客戶有大量葉黃素存貨，估計可使用一年多，使用規格為一天一顆，但偶爾會增加至四顆，並曾嘗試一天早中晚各服用兩顆。
    3) 客戶每天都有在使用魚油，並常喝激活再生安瓶，有時一天喝到兩瓶。
    4) 客戶提到早上空腹喝產品時，需讓其在舌下停留以靜脈吸收，並間隔半小時到一小時再進食第一餐。

5. 禁忌
    1) 客戶吃素，但未明確提及原因或頻率。
    2) 客戶表示不希望浪費時間，拒絕去銀行櫃檯辦理相關事宜。",1
26516671,"1. 家庭關係
    1) 客戶提到其母親的攝護腺指數有些偏高。

2. 健康狀況
    1) 客戶提到自己有高血脂的健康問題。

3. 職業背景
    1) 客戶提到她在塑膠班工作。

4. 健康食品使用心得
    1) 客戶之前購買過B群產品、咕咕產品、華陀的鴕鳥精產品，並表示可能會再購買產品。
    2) 客戶提到家中有葉黃素和磷蝦油，並多次提到葉黃素和磷蝦油，顯示對此類產品有一定的需求。
    3) 客戶提到使用靈芝油和摩西紅，並長期服用蚓激酶，認為蚓激酶可以降低三高，且提到臺大有檢測過。
    4) 客戶提到玻尿酸和膠原蛋白，顯示對保健品的多樣化需求。
    5) 客戶提到購買了兩組商品，並已經加入VIP會員。

5. 禁忌
    1) 專員建議客戶可以吃鈣片來保養骨頭。",1
26518023,"1. 家庭關係
    1) 客戶家中有女兒，女兒經常購買營養品和保健品給她，並參與流浪狗協會的活動。
    2) 客戶家中有貓和狗，並提到狗可以和平共處。
    3) 客戶的兒子十歲。
    4) 客戶即將退休，並與女兒討論此事。
    5) 客戶的卡給了家裡的女兒使用，因為可以免費停車。

2. 健康狀況
    1) 客戶提到自己很瘦，穿M號或L號的褲子，對於選擇合適的尺寸感到不確定。
    2) 客戶提到最近眼睛不舒服，左眼有異物感，眼睛有時候會比較乾，並且有去看眼科。
    3) 客戶提到眼睛周圍有黑色的框，鼻梁旁邊的斑點很多，視力不好，老花眼，看不清楚。
    4) 客戶提到她的皮膚眼睛部分比較乾，抬頭紋比較嚴重，皺紋是主要的肌膚問題。
    5) 客戶提到她的左手舉起來時會感到酸，雖然不嚴重但感覺和以前不一樣。
    6) 客戶提到最近感覺膝蓋有些不適，並考慮穿改善膝蓋狀況的褲子。
    7) 客戶曾經有靜脈曲張的問題，會穿襪子睡覺以改善抽筋狀況。
    8) 客戶每年安排健康檢查，並提到自己不需要再瘦。
    9) 客戶不會胃食道逆流，因此可以空腹飲用安瓶產品。

3. 職業背景
    1) 客戶提到她是老師，目前還在上班。
    2) 客戶提到她在做工程相關工作。
    3) 客戶家裡沒有電腦，所以去學校使用電腦。

4. 健康食品使用心得
    1) 客戶提到她購買過保養品和營養品，但對於其效果表示懷疑，並擔心是否服用過多。
    2) 客戶提到她之前購買過維他命等保健品，並有規律地每天吃兩顆保健食品，雖然不確定效果，但認為至少沒有退化。
    3) 客戶提到她之前有吃過含有葉黃素的果凍，但感覺效果不明顯，已經半年沒有再吃葉黃素相關產品。
    4) 客戶目前正在服用某品牌的葉黃素，並對眼睛健康特別關注。
    5) 客戶對膠原蛋白產品和美白產品感興趣，並願意試用。
    6) 客戶曾經使用過一款兩萬多塊的魚油產品，覺得效果還可以，但考慮到價格，認為不一定需要繼續購買。
    7) 客戶提到她現在沒有開車，將永豐的信用卡給了家中的女兒使用。
    8) 客戶的保養方式是通過飲食，不會亂吃東西。

5. 禁忌
    1) 客戶對於產品的效果有疑問，提到產品強調五天就可以看到效果。
    2) 客戶對於產品的體驗不希望麻煩，希望能夠簡單直接。
    3) 客戶對於產品的購買有詢問東森幣的使用和回饋方式。
    4) 客戶對於產品的滋潤度感覺普通，對能量產品的品質感到還好，但目前可以接受。
    5) 客戶對於某品牌的衣服覺得經濟實惠，但沒有到非常滿意的程度。
    6) 客戶對顏色敏感，特別不喜歡鐵灰色。",1
26518222,"1. 家庭關係
    1) 客戶提到他的女兒會幫助他處理一些事情。
    2) 客戶目前已經有房子住，不會再考慮買房子。

2. 健康狀況
    1) 客戶提到自己有糖尿病。
    2) 客戶表示年紀大了，身體狀況不太好。

3. 職業背景
    1) 客戶曾經從事塑膠部門的業務工作，並且有外銷經驗。
    2) 客戶在1975年至1985年間擔任技術人員。
    3) 客戶曾與他人合夥做生意，並且有賺到錢。
    4) 客戶目前已經退休，現在比較節省。

4. 健康食品使用心得
    1) 客戶提到有在做固定的保健相關行為。
    2) 客戶提到魚油的價格賣一萬多塊。

5. 禁忌
    1) 客戶提到他很少購買東森的商品，之前只買過一次男士內褲，花費約1200元。
    2) 客戶提到他現在已經沒有能力買房子了。",1
26526483,"1. 家庭關係
    1) 客戶有一位女兒，女兒經常幫她購買保健品，並曾送她時空膠囊保養品。
    2) 客戶有兩個孫子，女兒有小孩。
    3) 客戶的姐姐患有糖尿病，血糖大多正常，無需服用處方藥，姐姐的女兒會幫忙購買保健品。
    4) 客戶目前與姐姐同住，姐姐經常來家裡住，姐姐家中有十人，負擔較重。
    5) 客戶的老公會幫她送東西。
    6) 客戶有兩個弟弟住在台北。

2. 健康狀況
    1) 客戶68歲，平時精神良好，無重大健康問題，偶爾感冒才會吃藥。
    2) 客戶有痛風、脊椎問題及退化性關節炎，並注重關節和腎功能的保養。
    3) 客戶有糖尿病家族史，母親和姐姐均患有糖尿病。
    4) 客戶曾感冒一個多月，後來使用植物幹細胞產品後感覺身體狀況有所改善。
    5) 客戶最近有發燒情況，醫生建議進行超音波檢查，白血球數量偏少。

3. 職業背景
    1) 客戶是東森的店主，曾在東森購物平台多次消費，並詢問是否有折扣。
    2) 客戶曾參加過醫學講座，了解粒線體相關知識。
    3) 客戶提到之前有投資房地產，但現在已經沒有了，並表示房子太貴買不起。

4. 健康食品使用心得
    1) 客戶長期使用幹細胞產品，認為其有助於提升免疫力，改善內分泌失調、肥胖、落髮、白髮、灰指甲等問題，並對免疫系統、帶狀皰疹、類風濕性關節炎、異位性皮膚炎等有幫助。
    2) 客戶提到幹細胞產品的使用方式為第一個月每天服用兩瓶，之後每月一瓶保養，並提到早晚各服用一顆效果較好。
    3) 客戶曾購買過蚓激酶產品，並表示每天早晚服用，認為其有助於健康。
    4) 客戶曾購買過能量水、能量飲品及能量錘產品，並將能量水與姐姐分享。
    5) 客戶曾購買過價值二十幾萬的蜂蜜產品及三十幾萬的保健產品。
    6) 客戶喜歡東森購物的一體成型瑞士產品，並希望再次購買。
    7) 客戶曾購買過葉黃素、膠原蛋白、鴕鳥精等保健品，並提到喜歡新鮮食物。

5. 禁忌
    1) 客戶家中有人不喜歡吃魚肉，並且吃素。
    2) 客戶不習慣使用香水，因為鼻子不適應。
    3) 客戶平常沒有吃西洋參的習慣。",1
26528194,"1. 家庭關係
    1) 客戶有兩個小孩，其中兩個大的為女兒，女兒已經嫁出去且不與她同住，另一個女兒目前住在高雄。
    2) 客戶的兒子和其他三個孩子都不住在家裡。
    3) 客戶的先生在台北上班，並有流眼淚的情況。

2. 健康狀況
    1) 客戶有子宮肌瘤，大小約五公分，需定期追蹤。
    2) 客戶有脂肪肝問題，並於上個月進行了超音波檢查和抽血。
    3) 客戶支氣管和肺部狀況不好，認為燕窩對此有幫助。
    4) 客戶曾喝口服玻尿酸後感到不適，需叫救護車。
    5) 客戶每天服用安眠藥。
    6) 客戶不抽菸，並提到自己平常有運動習慣。

3. 職業背景
    1) 客戶未提及具體職業，但提到她的先生在台北上班。

4. 健康食品使用心得
    1) 客戶曾使用田里的保養品近一年，但感覺效果一般。
    2) 客戶有魚油，但未明確用途。
    3) 客戶有吃燕窩，認為對支氣管和肺部健康有幫助。
    4) 客戶曾使用龜鹿精產品。
    5) 客戶提到鹿茸，但未明確用途。
    6) 客戶送了一盒時空膠囊給女兒使用。

5. 禁忌
    1) 客戶不喜歡廣告和中國工藝產品。
    2) 客戶不敢吃別人送的東西，因為害怕。
    3) 客戶不喜歡塞車，因此不常出門。
    4) 客戶曾對口服玻尿酸產生不適反應。",1
26535654,"1. 家庭關係
    1) 客戶有一個正在大學就讀的孩子。
    2) 客戶提到購買產品是為了女兒的心意，但不願提供女兒的出生年月日。
    3) 客戶和家人都吃素，對含有動物成分的產品持保留態度。

2. 健康狀況
    1) 客戶有過敏性肌膚，容易因季節變化或某些產品引發過敏，特別是台鹽產品。
    2) 客戶曾因過敏需要服用藥物，最近眼睛也有過敏問題。
    3) 客戶提到腸胃不太好，可能有便秘問題。
    4) 客戶曾經得過流感。
    5) 客戶對醫生和醫療系統不太信任。

3. 職業背景
    1) 客戶白天通常不在家，可能在工作或處理事務。
    2) 客戶目前在加班，感到有些疲累。
    3) 客戶提到可能涉及賣股票或其他事務。

4. 健康食品使用心得
    1) 客戶曾購買並飲用安瓶產品，對其效果表示滿意，並每天飲用。
    2) 客戶曾購買氨基酸產品，但覺得味道不好，偶爾會飲用，專員建議可加入飲料中。
    3) 客戶對於減重益生菌沒有興趣，認為自己目前狀況尚可。
    4) 客戶曾經食用葉黃素。
    5) 客戶對某些產品的味道感到不錯，並因此決定購買。
    6) 客戶對於產品的排毒效果表示擔憂，認為可能過於強效。

5. 禁忌
    1) 客戶對某些產品過敏，特別是台鹽產品，使用後會過敏。
    2) 客戶不喜歡魚類產品，特別是不敢吃鱸魚精。
    3) 客戶對於美容不太在意，對專員推薦的保養品不感興趣。
    4) 客戶不想購買雙十一的產品，也不打算購買新的保養品，因為舊的產品尚未用完。
    5) 客戶提到某些產品難以入口，因此未購買或飲用。",1
26538534,"1. 家庭關係
    1) 客戶與父母同住，父親90多歲，母親80多歲，母親記憶力退化，行動能力下降，父親行動不便需拐杖輔助。
    2) 客戶有一個31歲的兒子和一個34歲的女兒，兒子有身心障礙，女兒在小學時期就很懂事，曾幫忙照顧弟弟。
    3) 客戶家中有一個不到兩歲的小孩，最近感冒且不吃青菜。
    4) 客戶的母親住在桃園，需搭電梯下樓到餐廳用餐，平時會散步。
    5) 客戶的朋友有兩個女兒，其中一個在捷克工作，另一個已婚住在台灣。

2. 健康狀況
    1) 客戶身高168公分，體重64公斤，腸胃不好，蛋白質指數偏高，胃口不佳，偶爾有漏尿情況。
    2) 客戶感冒持續一個月，近期好轉，計劃接種流感疫苗，並需定期進行腹部超音波檢查。
    3) 客戶的父親有軟骨磨損、老人斑、行動不便，需使用拐杖，並定期到台北榮總看診。
    4) 客戶的母親有黑斑、老人斑，腿部肌肉力量不足，行動較慢，正在做復健。
    5) 客戶的兒子腳踝不適，腸胃不佳，容易拉肚子，不能吃太油的食物。

3. 職業背景
    1) 客戶目前工作薪資約為兩萬五，需扣除勞健保和管理費，個人每月開銷約一萬元。
    2) 客戶在目前公司工作五年，按小時計酬，四小時工資為八百元，曾有簽約工作，後更換工作。

4. 健康食品使用心得
    1) 客戶及家人有服用多種保健食品，如印加果油、牛樟芝、褐藻糖膠、葉黃素、德國氨基酸等，通常飯後服用。
    2) 客戶認為華陀的保健食品效果較好，但價格較高，部分保健食品未能吃完而過期。
    3) 客戶的母親對台鹽膠原蛋白產品感興趣，並有使用該產品進行保養。
    4) 客戶的父親曾服用綠茶咖啡和葉黃素，認為效果一般，對保健食品持懷疑態度。
    5) 客戶認為果凍產品需空腹食用，飯後效果不佳，並需搭配溫開水。

5. 禁忌
    1) 客戶腸胃不好，選擇飯後服用保健品，避免食用過於油膩的食物。
    2) 客戶不喜歡白色商品，認為容易髒，且不喜歡炸的食物。
    3) 客戶避免夜間喝太多水，以免頻繁起夜。
    4) 客戶的襪子不能太緊，且需手洗，避免曝曬。
    5) 客戶的母親和父親對某些產品有使用限制，父親不吃某些保健食品。",1
26560233,"1. 家庭關係
    1) 無相關資訊。

2. 健康狀況
    1) 無相關資訊。

3. 職業背景
    1) 無相關資訊。

4. 健康食品使用心得
    1) 客戶提到一陣子沒有吃魚油。
    2) 客戶表示目前不需要任何產品，包括葉黃素和魚油。

5. 禁忌
    1) 客戶表示沒有飲食忌口。",1
26568707,"1. 家庭關係
    1) 客戶提到家中目前只有一人居住，其他人已搬出去。
    2) 客戶提到家人有討論初乳蛋白胜肽產品，並認為其與肌少症有關。
    3) 客戶曾幫家人購買初乳蛋白胜肽產品，並再次訂購一組。
    4) 客戶提到家人訂購眼部精華液，並會在訂購後向她報備。
    5) 客戶提到紅參精和秘魯可納是她妹妹因為母親節訂購的。

2. 健康狀況
    1) 客戶表示她年紀大了，並提到有靜脈曲張的問題，長期累積導致無法處理。
    2) 客戶提到她有睡眠障礙，睡眠質量不佳，經常很晚才能入睡。
    3) 客戶提到她牙齒不好，因此不吃堅果類食品。
    4) 客戶表示她目前不能吃太鹹的食物，因此有許多東西不能吃。
    5) 客戶提到她的皮膚過敏，完全不能使用面膜。
    6) 客戶表示她不敢吃胎盤素類的產品，並認為這類產品不適合她的體質。
    7) 客戶提到醫生建議她暫時停止使用其他新產品，並保持肌膚淨白。
    8) 客戶表示她研究過肌少症相關資訊，並了解其成因及影響。

3. 職業背景
    1) 客戶未提及具體職業背景，但提到她平常都有在保養，並表示年輕時曾對活動感興趣，現在已無興趣參加活動。

4. 健康食品使用心得
    1) 客戶提到她平常一天服用一顆保健品，若需要加強則一天服用兩顆，通常在飯後服用。
    2) 客戶表示她有在服用葉黃素，並嘗試不同品牌，認為妍美会的葉黃素比較好喝。
    3) 客戶提到她有在服用激活再生粒線體產品，感覺精神狀況有所改善，較不容易感到疲累。
    4) 客戶表示她同時有在服用NMN保健品，但不確定是哪个产品对身体的具体效果。
    5) 客戶提到她有在吃褐藻，但不喜歡其味道，並認為價格昂貴。
    6) 客戶提到她之前訂購了葉黃素，但尚未開始使用，因為前一批尚未吃完。
    7) 客戶提到她目前手邊還有兩盒玻尿酸鈉產品，並擔心每天喝玻尿酸可能會有問題，考慮兩三天喝一次。
    8) 客戶提到她目前使用的蚓激酶產品是其他品牌的，尚未用完，並表示不敢隨意服用蚓激酶類產品。
    9) 客戶提到她已經有很多保健食品在使用，並表示不需要額外添加新的產品。
    10) 客戶提到她訂購了酵素產品，但不太在意具體的到貨時間。

5. 禁忌
    1) 客戶表示她不敢吃胎盤素類產品，認為不適合她的體質。
    2) 客戶提到她完全不能使用面膜，並選擇不容易過敏的面霜。
    3) 客戶提到她不喜歡氨基酸產品的味道，認為其對腸胃不適合空腹飲用。
    4) 客戶提到自己對小魚干煎鍋過敏，因此不能食用。
    5) 客戶表示她目前不想嘗試口服幹細胞產品。
    6) 客戶提到醫生交代不能亂吃蚓激酶類產品。",1
26601749,"1. 家庭關係
    1) 客戶有一個兒子，兒子與女朋友從事精品相關工作，且擁有兩個房子，經常與客戶的妹妹討論事情。
    2) 客戶的父母需要照顧，父親有膀胱問題，母親需要外籍看護，客戶在看護休假時會親自照顧母親。
    3) 客戶的父親身體狀況不佳，需看醫生，且有腸胃不適和便秘問題。
    4) 客戶每月給父母六萬多元，並要求父母幫她存起來。
    5) 客戶的家中有小朋友，且小朋友喜歡她的父親，父親曾幫忙照顧小朋友。

2. 健康狀況
    1) 客戶有睡眠困擾，夜間容易驚醒，尿頻影響睡眠，曾服用安眠藥和中藥改善睡眠。
    2) 客戶免疫力下降，身體虛弱，曾有剖腹產大失血經歷，近期有流血情況，需服用抗生素。
    3) 客戶有腸胃問題，包括食道逆流、胃酸過多和膽固醇過高，並曾因壓力導致腸胃不適。
    4) 客戶有接觸性皮膚炎，皮膚敏感，容易過敏，且皮膚乾燥問題嚴重。
    5) 客戶有乾眼症，症狀嚴重，需檢查但尚未進行。
    6) 客戶最近脖子腫塊，服用抗生素後腫塊消失，但尿液有異味。
    7) 客戶的體質改變，容易過敏，需適應新的飲食習慣，避免燥熱食物和刺激性物品。

3. 職業背景
    1) 客戶曾從事餐飲業，目前在銀行辦事，生活忙碌，平日需要工作，時間安排緊湊。
    2) 客戶提到她的客人主要做臉部課程，消費金額較高，且不需要保養品或保健品。

4. 健康食品使用心得
    1) 客戶長期使用某日本品牌保健食品，並曾購買袋裝保健食品裝在罐子裡使用。
    2) 客戶曾購買滴雞精和亞培安素營養品，對其味道和品質有正面評價。
    3) 客戶喜歡桂圓紅棗茶和冷泡茶，認為冷泡茶口感好且咖啡因含量低。
    4) 客戶有服用中藥，認為對改善失眠和壓力有幫助。
    5) 客戶曾使用漢方保健品如龜鹿產品，但尚未吃完。

5. 禁忌
    1) 客戶不喜歡健康食品和保養品，家中有許多過期產品。
    2) 客戶不敢吃膠囊類藥物，感冒時偏好中藥或喝酒緩解症狀。
    3) 客戶對化學成分敏感，避免使用非純金項鏈和刺激性物品。
    4) 客戶避免燥熱食物和太熱的飲品，改喝冷泡茶和溫水。",1
26606057,"1. 家庭關係
    1) 客戶提到他的太太即將住院，目前沒有時間處理其他事情。
    2) 客戶的女兒曾為他購買魚油。

2. 健康狀況
    1) 客戶曾進行過化療，距今已有十年，化療後遺症導致關節和骨頭不適。
    2) 客戶目前77歲，提到關節和骨頭的不適問題。

3. 職業背景
    1) 客戶目前每月收入約為一萬兩千多元，並有房屋貸款需要償還。
    2) 客戶提到三月份有出國計劃。

4. 健康食品使用心得
    1) 客戶曾購買過鴕鳥精、土龍金、龜鹿精、玻尿酸產品及魚油，但對關節和骨頭的效果感覺不明顯，部分產品因未使用完而丟棄。
    2) 客戶目前家中還有五六瓶葉黃素未吃完，並從美國帶回魚油尚未食用。

5. 禁忌
    1) 客戶認為產品價格過高，且目前沒有足夠的預算購買。
    2) 客戶對於收到過多訊息感到困擾，已刪除並封鎖東森的Line帳號。",1
26618296,"1. 家庭關係
    1) 客戶與家人同住，並每月與家人聚會一次。
    2) 客戶提到她的父親曾罹患咽喉癌，母親曾接受白內障手術，並服用魚肝油後眼睛狀況改善。
    3) 客戶提到她沒有小孩，也沒有飼養寵物。

2. 健康狀況
    1) 客戶非常注重養生，害怕生病，並定期每兩年進行健康檢查。
    2) 客戶目前沒有服用慢性病藥物，並表示使用的健康產品能改善痠痛、失眠和三高等健康問題。
    3) 客戶認為人會老，但希望能夠健康地老去，保持良好的健康和外貌。

3. 職業背景
    1) 客戶目前從事健康產業相關工作，專注於提供多功能健康產品，幫助人們進行健康管理，注重細胞活化和人體十大系統的保養。
    2) 客戶所在的公司已實現互聯網化，並擁有自己的工程師。
    3) 客戶目前忙於推廣一種健康產品，認為該產品能幫助改善健康問題。

4. 健康食品使用心得
    1) 客戶曾購買多種保健食品，包括新龍魚油、葉黃素、益生菌、決明子、濃縮產品、燕窩等，但對部分產品效果不滿意，例如妍美会的保健食品。
    2) 客戶目前偏好天然保健食品，認為其百分之百安全且無副作用，讓她感到安心。
    3) 客戶長期購買骨頭關節錠和東森的白藜蘆醇產品，並對其效果表示滿意。
    4) 客戶目前使用一種穿戴式健康產品，認為其能改善健康問題，如細胞活化、睡眠質量提升和膠原蛋白生成。

5. 禁忌
    1) 客戶不再購買高單價的保健食品或保養品，並避免使用生物科技類產品。
    2) 客戶對於效果不佳的產品，例如妍美会的保健食品和部分自然美產品，表示不再購買。",1
26618594,"1. 家庭關係
    1) 客戶有一位丈夫，丈夫已退休，曾在日本工作，並經營過店面，後因健康問題回台灣治療。
    2) 客戶有一個兒子和一個女兒，兒子已婚，女兒從事服務業，曾經經營過OK超商但經營不善。
    3) 客戶有四個孫子，其中一位孫子正在當兵，另一位孫子身高182公分，曾一天吃三盒食物。
    4) 客戶有四個幹女兒和兩個幹兒子，其中一位幹兒子是店長，另一位幹女兒從事與頭髮相關的工作。
    5) 客戶的父親曾經做生意，對她非常疼愛，家族有癌症遺傳史。

2. 健康狀況
    1) 客戶有三高（高血壓、高血糖、高膽固醇）問題，並服用相關藥物控制。
    2) 客戶患有糖尿病，服用糖尿病藥物，並有胃潰瘍，服用治療血糖、血壓和胃潰瘍的藥物。
    3) 客戶曾感染新冠病毒，並有癌症病史。
    4) 客戶的右腳有疼痛感，腸胃不適，不能吃油炸食物。
    5) 客戶曾在榮總進行復健，並接受過PRP治療，效果不錯。

3. 職業背景
    1) 客戶曾在日本生活多年，並在日本考取駕照，曾在日本公司工作，因車禍獲得保險金。
    2) 客戶曾在老年活動中心當過義工，負責櫃檯工作。
    3) 客戶目前有房貸，還有18年的貸款未還清，並有房產出租。

4. 健康食品使用心得
    1) 客戶有服用益生菌、酵素、膠原蛋白、紅麴、人參粉、軟骨素、龜鹿二仙膠等保健食品，並表示部分產品有效。
    2) 客戶使用日本酵素減重，體重從82公斤降至74公斤，目標是減至60公斤。
    3) 客戶每天早餐會吃健康食品如燕麥、益生菌、五穀類、蘋果、香蕉等。
    4) 客戶認為從日本購買的酵素效果較好，並有存放多盒益生菌和酵素。

5. 禁忌
    1) 客戶目前無法食用健康食品，因流感暫停食用保健品。
    2) 客戶不喝酒、不抽菸，認為這些行為浪費錢。
    3) 客戶對心血管保養產品無需求，並對某些保健品和減肥產品持懷疑態度。
    4) 客戶對油炸食物過敏，食用後會感到不適。",1
26621575,"1. 家庭關係
    1) 未提及具體家庭關係。

2. 健康狀況
    1) 客戶為78歲男性，可能需要注意年長者的健康需求。

3. 職業背景
    1) 未提及具體職業背景。

4. 健康食品使用心得
    1) 客戶曾購買羊肉爐，可能對此類健康食品有興趣。

5. 禁忌
    1) 未提及具體禁忌。",1
26640527,"1. 家庭關係
    1) 客戶與家人同住，家中有一名四五歲的孩子，能說英文、中文和台語，英文能力很好。
    2) 客戶的小孫女目前住在台灣，家中最小的孩子與第二小的孩子相差三十歲。
    3) 客戶的母親行動不便，身體狀況不好，因疫苗接種後中風，導致家族旅遊受到限制。
    4) 客戶的阿姨健康狀況很嚴重。
    5) 客戶表示家裡人目前都待在家裡，不想出門，醫生建議不要到處亂跑以免感染。

2. 健康狀況
    1) 客戶66歲，曾因子宮肌瘤在50歲時切除子宮，並有膽固醇超標的問題。
    2) 客戶代謝不好，頭髮容易掉髮，且目前有頸椎不適，曾進行脊椎手術，手術後十多年可能會有病變。
    3) 客戶每週進行三次復健，已持續一年。
    4) 客戶肝功能指數曾超標，停止健康食品後指數有所下降但仍超標。
    5) 客戶過年時曾感冒持續十天，並提到腸胃不適且服用多種藥物。

3. 職業背景
    1) 客戶已退休，但仍在北投從事日用品銷售生意，並一週去公司兩次工作。
    2) 客戶的公司主要從事小型建案，通常不超過兩百坪，完成後直接銷售，不依靠銀行貸款，建案多由中介介紹。

4. 健康食品使用心得
    1) 客戶曾固定食用葉黃素、膠原蛋白及褐藻糖膠，但目前已減少或停止食用，因為肝指數超標及腸胃不適。
    2) 客戶認為膠原蛋白對皮膚有修護效果，讓皮膚變漂亮，並主要用於牙齒健康及傷口護眼修復。
    3) 客戶曾試過膠原蛋白，初期有效但後來效果減弱，過敏時曾有幫助。
    4) 客戶偶爾會吃健康食品，但家人並未食用相關產品。
    5) 客戶對益生菌的消化效果有正面評價，但目前未食用益生菌。

5. 禁忌
    1) 客戶不愛吃藥，並且從不使用化妝品，包括化妝水、精華液、乳液、防曬及面膜。
    2) 客戶因肝指數超標及腸胃不適，停止食用健康食品如葉黃素和褐藻糖膠。
    3) 客戶懶得運動，且沒有定期進行健康檢查。",1
26644822,"1. 家庭關係
    1) 客戶提到有一位丈夫，尚未決定使用自己的卡或是丈夫的卡進行支付。

2. 健康狀況
    1) 客戶為63歲女性，未提及具體健康狀況。

3. 職業背景
    1) 未提及客戶的職業背景。

4. 健康食品使用心得
    1) 未提及健康食品的使用心得。

5. 禁忌
    1) 未提及任何禁忌事項。",1
26717996,"1. 家庭關係
    1) 客戶有一個兒子，曾經生病但恢復良好，習慣戴口罩，從三年級開始考英文鑑定，目前五年級，英文聽力和閱讀能力不錯，但中文口說能力較弱，客戶考慮將其送至康橋國際學校就讀，甚至未來送出國留學。
    2) 客戶與家人共用雙人床墊，床墊使用時間不長，尚未變形。
    3) 客戶有一位姐姐，固定飲用安瓶，能吞膠囊，可能會使用客戶的東森幣參加活動。
    4) 客戶的妹妹對產品味道敏感，不能吞膠囊，對飲料和食物的接受度有限。
    5) 客戶的父親曾服用護肝產品，可能有脂肪肝或肝纖維化問題。
    6) 客戶提到有一位阿姨有泌尿道發炎問題。

2. 健康狀況
    1) 客戶提到攝護腺有病著，剛開始需要特定飲食，但未明確說明具體內容。
    2) 客戶的父親可能有脂肪肝或肝纖維化問題。
    3) 客戶的阿姨有泌尿道發炎問題。
    4) 客戶每天洗頭，並提到天氣炎熱。

3. 職業背景
    1) 客戶目前在外，表示最近幾天較忙，無法查看專員傳送的資訊。
    2) 客戶提到八月份只剩下27號有空，但未明確表達是否有空。

4. 健康食品使用心得
    1) 客戶的兒子曾使用龜鹿精，恢復健康。
    2) 客戶曾購買萬壽元護肝產品，並考慮再次購買護肝產品。
    3) 客戶曾購買皇室燕窩產品，並考慮購買即食燕窩作為送禮，認為其方便食用。
    4) 客戶收到三色零，建議餐前30分鐘飲用，連續六天不間斷，並可用無糖豆漿或牛奶沖泡，避免使用熱水。
    5) 客戶收到咖啡色鈣產品，專員建議睡前食用以減緩抽筋問題，並將再收到駝鹿三膠原強鈣產品。
    6) 客戶曾購買石墨烯杯子及石墨烯褲，對能量褲折價券有印象。
    7) 客戶對醫護團購產品感興趣，並詢問產品名稱。
    8) 客戶曾使用增加免疫力的產品，但上次購買的產品尚未吃完。

5. 禁忌
    1) 客戶不需要購買褐藻產品。
    2) 客戶沒有喝發泡錠的習慣。
    3) 客戶的妹妹對產品味道敏感，不能吞膠囊，對飲料和食物接受度有限。
    4) 三色零不建議用熱水沖泡，以免破壞益菌。",1
26746478,"1. 家庭關係
    1) 客戶有三個小孩，其中一個兒子在北海道工作并每週三回家吃飯，另一個兒子在中壢與父母同住，還有一個兒子在美國生活。
    2) 客戶的兒子有三個小孩，其中一個小孩一歲半，兒子會幫忙支付家庭生活費，接送小孩，並參與家庭活動。
    3) 客戶的女兒畢業於台大，女婿目前無工作，從事寵物雜誌寫作。
    4) 客戶的孫子和孫女住在一起，客戶認為應該分開房間以改善生活品質。
    5) 客戶的姐姐曾因病接受化療，客戶在家中照顧她。
    6) 客戶的媽媽因肝硬化去世，爸爸因癌症去世，哥哥因心肌梗塞去世。
    7) 客戶的妹妹曾因卵巢癌進行手術。

2. 健康狀況
    1) 客戶有高血壓、糖尿病前期、脂肪肝、白內障、拇指外翻、膝蓋退化、腰椎問題、骨刺、椎間盤突出、心臟病、三高症、恐慌症等健康問題。
    2) 客戶曾進行過多次手術，包括子宮切除、微創手術、人工關節置換等，術後需要復健，並有腿部刺痛、行動不便等情況。
    3) 客戶有睡眠問題，需服用安眠藥，並有時感到頭暈。
    4) 客戶有過敏體質，容易流鼻水、皮膚過敏，並有腸胃不適和灰指甲問題。
    5) 客戶的骨密度檢查顯示腰椎和髖關節數據尚可，但左髖關節為人工關節。

3. 職業背景
    1) 客戶曾在台大經濟系就讀，退休金每月七萬元。
    2) 客戶曾參與投資理財課程，並投資股票、基金和房地產，目前主要投資股票。
    3) 客戶有收藏藝術品和高價家具的興趣，並參加過財產規劃演講。

4. 健康食品使用心得
    1) 客戶每天服用多種保健品，包括葉黃素、益生菌、小分子氨基酸、激活再生安瓶等，但認為服用過多保健品麻煩且浪費。
    2) 客戶對某些保健品效果無感，並希望減少購買量，注重從飲食中獲取營養。
    3) 客戶家中囤積大量保健品，部分已過期，對贈品和過多的保健品感到困擾。
    4) 客戶對天然保健品較有信心，對化學合成產品持保留態度。

5. 禁忌
    1) 客戶不能吃麵包、餅乾、糖類等甜食，並需控制血糖和膽固醇。
    2) 客戶不能同時服用鈣和魚油，擔心影響效果。
    3) 客戶對某些保健品和藥物的副作用感到擔憂，特別是對肝腎的負擔。",1
26778182,"1. 家庭關係
    1) 客戶有三個小孩，其中一個今年高中畢業，另一個小孩目前在讀高二，年齡在17至20歲之間。
    2) 客戶34歲時有了小孩，目前小孩都在外地。
    3) 客戶的父親84歲，母親78歲，父親有在服用幹細胞膠囊。
    4) 客戶的太太有時候會喝保健品，但不是每天喝。
    5) 客戶提到家裡有很多人。

2. 健康狀況
    1) 客戶目前沒有服用醫生開的處方藥。
    2) 客戶表示服用保健食品後，精神狀況有所改善，入睡時間縮短，睡眠品質提升。
    3) 客戶提到粒線體保健品對於提升免疫力和健康有幫助。
    4) 客戶提到他沒有在吃B群。

3. 職業背景
    1) 客戶目前從事網路技術相關工作，曾提到網路維護相關經驗。
    2) 客戶目前沒有上班，但有時週末會比較有空，需視是否有其他事情或加班。

4. 健康食品使用心得
    1) 客戶有服用幹細胞和粒線體相關的保健食品，對其效果表示滿意。
    2) 客戶提到紅藜麥是一種代餐，具有高蛋白和飽足感的特性。
    3) 客戶曾購買過幹細胞產品，並有分期購買的經驗，對幹細胞膠囊與安瓶的差異感興趣。
    4) 客戶曾購買過華陀的老參和龜鹿產品，但老參產品尚未使用。
    5) 客戶曾經有一段時間使用過理會的保健食品，主要為保養用途。
    6) 客戶提到粒線體保健品對健康有幫助，目前手邊還有兩盒，並考慮參加團購優惠。
    7) 客戶提到父親曾服用過三盒幹細胞膠囊。
    8) 客戶曾購買過鹿胎盤產品，最近一次購買時間為三月。

5. 禁忌
    1) 客戶提到他沒有在使用保養品或面膜。
    2) 客戶提到喝某些產品不習慣。
    3) 客戶有時候會吃葷，有時候不吃葷。",1
26780231,"1. 家庭關係
    1) 客戶的老公已經過世快五年，去世時年齡約七十歲，曾在外面進行細胞治療，並在榮總接受過多次治療。
    2) 客戶過年時會邀請家人來家裡一起過年，包括她的媳婦。
    3) 客戶家裡有時候會有一百多個人聚會。
    4) 客戶提到她的保養品和一些日用品是由她老公的朋友提供的。

2. 健康狀況
    1) 客戶年紀較大，提到需要放下工廠的事情。
    2) 客戶目前在吃醫生開的藥和其他保養品。
    3) 客戶一天只吃一餐，且每次只吃一顆保健食品。
    4) 客戶平常在初一十五以及每天早上吃素。

3. 職業背景
    1) 客戶提到年紀大了，工廠的事情需要放下，可能曾經從事與工廠相關的工作。

4. 健康食品使用心得
    1) 客戶主要使用妍美会的產品，並曾購買過該品牌的產品。
    2) 客戶有購買葉黃素，但尚未開始食用，因為有人從國外幫她帶回來；她提到家裡還有很多葉黃素，尚有12盒未開封。
    3) 客戶有在吃心血管相關的保健食品，包括納豆紅麴和魚油。
    4) 客戶喜歡冰涼的黑木耳飲品，尤其是含有紅棗的產品，對於歐典品牌的黑木耳飲品感興趣。
    5) 客戶提到她有很多朋友會寄保健品給她，目前不需要購買更多保健品，因為已經有足夠的產品可以吃到明年。

5. 禁忌
    1) 客戶詢問益生菌是否適合小孩和大人食用。
    2) 客戶表示目前不需要購買任何東西，會在需要的時候再聯絡。",1
26792418,"1. 家庭關係
    1) 客戶家中有妻子、兩個女兒、一個兒子和一個孫子，其中一個女兒已畢業，另一個還在讀書，且小女兒有男朋友，可能會去德國。
    2) 客戶的兒子在高雄，可能有房子，並且在基隆當兵，可能有女朋友在臺南。
    3) 客戶的妻子正在洗腎，腎功能因水泡問題受損，並且需要進行血液透析。
    4) 客戶的孫子正在當兵。
    5) 客戶的母親需要打針，家中有一位阿姨。
    6) 客戶提到家中有三個人使用某些產品，並且家中有人壓力大影響健康。

2. 健康狀況
    1) 客戶有骨質疏鬆、痛風、脂肪瘤、白內障、高血壓等健康問題，並曾進行白內障手術，醫生建議術後補充葉黃素。
    2) 客戶的血壓、血脂、血糖指數正常，無糖尿病，但有便秘問題，近期感到疲累，可能與季節變化有關。
    3) 客戶的妻子腎功能受損，需洗腎，老公需要特別注意營養補充。
    4) 客戶的女兒有輕微健康問題，家中有人因壓力大影響健康。
    5) 客戶的父親有食用益生菌、納豆和紅麴。

3. 職業背景
    1) 客戶目前仍在工作，並提到上班的情況。
    2) 客戶提到過年前有工作安排，但具體內容不明確。

4. 健康食品使用心得
    1) 客戶有使用幹細胞產品、蚓激酶、紅寶、葉黃素、益生菌、蜂王乳、褐藻、燕窩等保健食品，對部分產品效果滿意，但對某些產品效果不佳或無感。
    2) 客戶對美白產品、氨基酸產品、鱸魚精、樟芝產品等有興趣，但對價格有所顧慮。
    3) 客戶提到每天早晚各吃一顆話精養生產品，早上吃幹細胞產品，晚上吃幹細胞產品，並有控制飲食以避免痛風發作。
    4) 客戶家中有多人使用葉黃素、益生菌、燕窩等產品，部分產品有存貨，部分產品因效果不佳或無感而停止購買。
    5) 客戶對於人蔘的年份和價值有了解，認為年份越久的參越有價值。

5. 禁忌
    1) 客戶不喜歡吃藥，但因健康問題需服用抗生素、抗凝血藥物和西藥，並需定期注射。
    2) 客戶不能喝酒，對於吃太油膩的食物有顧慮，並避免食用干貝。
    3) 客戶對美白產品過敏，對某些產品效果不滿意，並對購買香水和面膜產品不感興趣。
    4) 客戶對於購買產品的價格和尺寸有考量，並表示本月支出已超標。",1
26840431,"1. 家庭關係
    1) 客戶提到自己有太太和小朋友，並曾購買後背包給他們使用。
    2) 客戶提到姐姐，並曾送香水給她。
    3) 客戶提到妹妹曾住院，為此購買氨基酸產品給她飲用。

2. 健康狀況
    1) 客戶目前血糖值在7.2到7.5之間，血壓和膽固醇值正常。
    2) 客戶有服用血糖藥，早晚各一次，並嘗試通過飲食和西藥控制血糖。
    3) 客戶血糖控制效果不佳，但血脂控制效果較為明顯。
    4) 客戶每天早晚各服用兩顆保健品，並服用醫院開的藥物。
    5) 客戶提到每三個月進行一次檢查，但目前改為一年一次。
    6) 客戶有定期體檢，並提到三個月抽一次血。

3. 職業背景
    1) 客戶從事工業相關工作。
    2) 客戶平日需要上班，六日休息。

4. 健康食品使用心得
    1) 客戶曾購買並食用多種保健食品，包括印加果油、薑黃產品、苦瓜胜肽、速速通、氨基酸產品、穩妥定等。
    2) 客戶對苦瓜胜肽有使用經驗，但中間曾停止使用，目前還有存貨，暫時不再購買。
    3) 客戶每天早上服用兩顆速速通，並提到每天三餐服用穩妥定和其他保健食品。
    4) 客戶對小欖鎮產品有了解，認為其適合血糖高的人群，能增加飽腹感並抑制食慾。
    5) 客戶對自然美的保養品和清糖素產品感興趣，並是自然美金卡會員。
    6) 客戶曾購買過華陀的保健品，包括速速通和苦瓜胜肽。
    7) 客戶對某些產品的安全性有疑慮，但對已使用的產品表示沒有問題，並會給朋友意見。

5. 禁忌
    1) 客戶是素食者，並提到自己吃蛋白和燕窩。
    2) 客戶對某些產品的安全性有疑慮，並認為某產品與血糖無關。",1
26870459,"1. 家庭關係
    1) 客戶提到他是一個人。
    2) 客戶提到之前有購買過華陀的益生菌，可能是買給家人吃的，但未明確表示是否自己也有食用。

2. 健康狀況
    1) 客戶提到自己的眼睛目前沒有問題，且非常健康。
    2) 客戶提到飲食不良。
    3) 客戶提到使用石墨烯肩頸產品是為了維護骨骼健康。
    4) 客戶目前有在吃其他顧骨頭的產品。

3. 職業背景
    1) 無相關資訊。

4. 健康食品使用心得
    1) 客戶曾購買過華陀的漢方益生菌，並提到之前有吃過益生菌和顧骨頭的產品。
    2) 客戶目前還有未吃完的保健食品，並表示之前有訂購過益生菌。
    3) 客戶考慮是否購買羅威的魚油產品，但認為兩盒魚油2360元的價格偏高。
    4) 客戶提到不購買葡萄糖胺產品。

5. 禁忌
    1) 客戶儘量避免購買，並表示如果需要會再打電話聯絡。
    2) 客戶表示以後再考慮是否申請會員卡。",1
26900743,"1. 家庭關係
    1) 客戶的父親有服用補鈣產品。
    2) 客戶的老公六十多歲，但不吃她購買的保健食品。
    3) 客戶的最小兒子在台積電擔任辦公室工程師，已工作三年，需輪班十二小時。
    4) 客戶的女兒有一個五個月大的小寶寶，並且由女兒自己照顧，坐月子期間也是自己帶孩子。
    5) 客戶今天不在家，請兒子幫忙接收貨物。

2. 健康狀況
    1) 客戶目前感冒。
    2) 客戶提到她工作繁忙，且最近工作很忙。
    3) 客戶表示她沒有在吃合利他命或其他B群相關保健食品。
    4) 客戶有服用加倍訂骨頭保健食品，並提到骨科醫生推薦的加倍訂產品效果很好。

3. 職業背景
    1) 客戶白天工作，工作內容與水果採收相關，需要人工操作，人工費用一天約三千元。
    2) 客戶目前住在生產期，工作繁忙，並提到她正在出差。
    3) 客戶表示她沒有空看電視，並等一下要出去工作。

4. 健康食品使用心得
    1) 客戶從2019年開始使用顧骨頭的保健食品，並曾購買珍珠鹿角鈣，使用多年。
    2) 客戶通常飯前服用鈣片，因為飯後需要出門。
    3) 客戶表示上次購買的骨科醫生推薦的加倍訂產品效果很好，並詢問是否有優惠。
    4) 客戶提到她上次購買的產品還有一盒未吃完，並表示會等目前的保健品吃完後再考慮購買新的產品。
    5) 客戶偏好小組合的保健品，不需要一次購買太多。

5. 禁忌
    1) 客戶表示她沒有使用過幹細胞相關產品。
    2) 客戶幾乎很少去百貨公司購物，並且沒有做臉的習慣。
    3) 客戶表示她不考慮購買新的床墊，因為最近才剛買了一張彈簧床，且即將出國。",1
26930477,"1. 家庭關係
    1) 客戶目前與家人同住，家中有兩位老人家。
    2) 客戶有兩個小孩，其中一個在外地當兵，兩個月才回來一次，另一個小孩也很忙，較少回家。
    3) 客戶的兒子會幫忙組裝一些東西。
    4) 客戶的丈夫對產品成分較為了解，尤其是攝護腺相關產品。
    5) 客戶提到她已經打了兩天電話給她的老爸。

2. 健康狀況
    1) 客戶表示胃不好，因此不吃某些食物，家中也不吃粽子。
    2) 客戶目前沒有安排健康檢查。
    3) 客戶提到家人有食用南瓜籽保健食品，但效果普通。
    4) 客戶對於健康食品和保健品有一定興趣，並有購買和食用經驗。

3. 職業背景
    1) 客戶目前已經退休。
    2) 客戶每月個人開銷約三萬多元。

4. 健康食品使用心得
    1) 客戶曾購買並食用龜鹿產品、B群保健食品、橄欖油、葡萄籽油等，對部分產品效果感到滿意。
    2) 客戶對玄米油感興趣，並購買了包含葡萄籽油、玄米油和葵花油的產品組合。
    3) 客戶認為鴕鳥精和萬歲牌小魚乾產品效果不錯，並推薦給朋友。
    4) 客戶曾購買華陀的蟲草全參飲和龜鹿葡萄糖胺飲作為送禮用途。
    5) 客戶對於和力他命等產品有興趣，並詢問其效果。

5. 禁忌
    1) 客戶因胃不好，避免食用某些食物。
    2) 客戶家中不吃粽子。
    3) 客戶對化妝品和保養品不感興趣，並未使用相關產品。",1
26954259,"1. 家庭關係
    1) 客戶有一位老婆，老婆會煮飯給他吃，並曾收到魚油產品。
    2) 客戶提到有一個兒子和一個24歲的女兒，但未明確表明是否為其子女。
    3) 客戶家中有養狗，狗在十歲左右會退休，通常可以活到二十歲左右，並給狗吃參農產品。

2. 健康狀況
    1) 客戶提到自己患有癌症，曾經轉為肝癌，目前身體狀況不好，壓力很大，並有時會有經濟壓力。
    2) 客戶提到最近骨頭不舒服，曾開過骨頭手術，目前需要再次開刀，並考慮術後修復的保健品使用。
    3) 客戶提到有時候會買東西排解壓力，並有些人群恐懼症。
    4) 客戶目前正在醫院，後天需要進行切片檢查，並提到身體需要一些輔助。
    5) 客戶表示每天服用降血脂藥物和B群，並詢問是否有高鈣的B群產品。
    6) 客戶提到曾每天服用幹細胞產品四顆，後來減少至一顆，並認為胎盤素效果很好。

3. 職業背景
    1) 客戶確認自己從事工程相關工作，但未提供更多細節。
    2) 客戶提到目前正在工作，並提到明天要過四百萬的資金，近期有資金需求。

4. 健康食品使用心得
    1) 客戶曾購買過顧骨頭產品，但目前對此類產品無需求。
    2) 客戶曾購買過龜鹿產品，但認為效果有限。
    3) 客戶曾購買過日本品牌的保健食品，但不是專員所提的品牌。
    4) 客戶提到曾購買一個三萬塊的產品，使用後全身感覺較舒適。
    5) 客戶提到她昨天訂購了一組粒線體產品，術前術後都可以使用。
    6) 客戶提到曾購買蜂蜜產品，並表示這些產品都已降價。
    7) 客戶對龍鳳系列的產品有較好的評價。
    8) 客戶表示有在吃保養品，並每天服用幹細胞產品。

5. 禁忌
    1) 客戶不喝酒，並表示不需要美容保養品或美容課程。
    2) 客戶不需要防掉髮或防白髮的洗髮精，因為頭髮很多。
    3) 客戶不需要保溫杯和衛生紙，因為家中已有很多。
    4) 客戶表示對產品沒興趣，並不想聽關於粒線體和身體健康的話題。
    5) 客戶表示不想參加專員邀請的活動。",1
27017823,"1. 家庭關係
    1) 客戶提到自己是單身。
    2) 客戶曾購買華陀十二味的龜鹿錠給父母食用。

2. 健康狀況
    1) 無明確提及健康狀況的相關資訊。

3. 職業背景
    1) 客戶提到自己是房東。

4. 健康食品使用心得
    1) 客戶曾購買過華陀十二味的龜鹿錠，並給父母食用。

5. 禁忌
    1) 客戶提到自己有很多面膜，目前不需要購買新的面膜。",1
28035399,"1. 家庭關係
    1) 客戶家中有一位媽媽，媽媽有時會外出，且因食用含有瀋陽素A的產品，精神體力較好。
    2) 客戶有一個小孩，尚未上學，並有一位兒子從事工藝相關工作。
    3) 客戶的婆婆年齡超過八十歲，吃素且在懷孕期間也吃素，認為對健康有益，無三高問題，但有關節疼痛。
    4) 客戶的兒子會開車，家中養有一隻貓，寵物用品由先生負責購買。

2. 健康狀況
    1) 客戶身體狀況不錯，很少感冒，但有胃酸和胃脹問題，血壓正常，血糖偏高，可能與食用過多芒果有關。
    2) 客戶不愛吃肉，僅少量食用，並不吃牛肉。
    3) 客戶曾有正臉成癮的問題，並提到癌症患者不能吃人蔘。
    4) 客戶有植牙，使用的是德國的植牙產品。

3. 職業背景
    1) 客戶目前仍在工作，但工作較輕鬆，主要在家上班，偶爾外出看牙醫。
    2) 客戶的公司從事洗店業務，已經經營二三十年，且有盈利。
    3) 客戶的朋友的先生曾在證券行工作。

4. 健康食品使用心得
    1) 客戶曾購買過多種保健食品，包括氨基酸、B群、鴕鳥精、龜鹿顧骨膠、土龍龜鹿精、口服玻尿酸、益生菌、牛樟芝等，對部分產品的效果有一定認識。
    2) 客戶對紅藜果膠產品及其升級版有興趣，並了解其效果。
    3) 客戶對燕窩產品有興趣，認為其有潤肺和顧支氣管的效果，但對價格和成分有疑慮。
    4) 客戶對葉黃素和關節保養產品有了解，並收到相關贈品。
    5) 客戶對保健食品的成分和吸收效果有關注，尤其是年長者的吸收率。
    6) 客戶對滴雞精和鱸魚精的營養成分有了解，並認為其效果不同。
    7) 客戶對人蔘的抗癌效果有疑慮，認為可能促進細胞生長。

5. 禁忌
    1) 客戶不愛吃肉，尤其不吃牛肉，並建議他人也不要食用。
    2) 客戶不喜歡喝養樂多，並提到癌症患者不能吃人蔘。
    3) 客戶對於保健食品中的添加物可能引起問題表示擔憂。",1
28092885,"1. 家庭關係
    1) 客戶與母親同住，母親身體較弱，患有高血壓和靜脈曲張，腿部有紫色和黑色的痕跡。
    2) 客戶的母親喜歡保養，使用某機器後皮膚變好，腿部顏色變淡。
    3) 客戶有一位姐姐，姐姐提到家中有兩箱產品暫時不需要。
    4) 客戶的朋友是其母親的幹女兒，年齡與客戶相仿，約五六十歲，且朋友看起來年輕並有保養習慣。

2. 健康狀況
    1) 客戶術後目前不能講話，並有乾眼症、慢性鼻炎及鼻子發炎等健康問題。
    2) 客戶對玻尿酸產品過敏，使用後感到緊繃不適。
    3) 客戶提到飲食禁忌，不能吃鳳凰露，因為會導致汗腺瘤變大，並擔心某些產品會影響肌瘤。
    4) 客戶的皮膚狀況良好，但不適合使用試用品。

3. 職業背景
    1) 客戶曾經是自然美的客戶，對其產品有了解。
    2) 客戶以前是做一對一的家教老師，剛從美國回來，並提到去美國後生活變得很辛苦。
    3) 客戶每週一至五都有課，只有星期四沒有課，並提到目前學校太遠，無法過去上課。
    4) 客戶每週會去教會一次，通常是禮拜天。

4. 健康食品使用心得
    1) 客戶購買滴雞精給母親補充體力，並提到母親有在服用高血壓藥物。
    2) 客戶有使用葡萄籽、白藜蘆醇、美樂家的抗發炎產品及膠原蛋白，認為美樂家的家庭用品很好用。
    3) 客戶曾購買激活再生安瓶，雖然效果不明顯，但無不適，仍繼續飲用，目前還有三盒存貨。
    4) 客戶對於產品的抗發炎效果感興趣，並希望產品能改善乾眼症問題。
    5) 客戶提到家中已有許多保健品，包括中藥和美樂家產品，並每天服用。

5. 禁忌
    1) 客戶不能吃鳳凰露，因為會導致汗腺瘤變大。
    2) 客戶擔心某些產品會影響肌瘤，並詢問產品是否會使肌瘤變嚴重。
    3) 客戶對玻尿酸產品過敏，使用後感到緊繃不適。
    4) 客戶提到吃某些東西會對鼻子發炎的情況不利。",1
28095253,"1. 家庭關係
    1) 客戶有兩個女兒和一個小兒子，其中大女兒28歲，小女兒25歲，小女兒負責家務，且很瘦像父親。
    2) 客戶的兒子在管理中國的工商公眾號，並從事大陸的貨櫃業務，兒媳婦是美容師。
    3) 客戶有五六個兄弟姐妹，最大的姐姐在台北從事面食相關生意，生活辛苦且行動不便。
    4) 客戶家中有一隻貴賓犬，並有八十幾歲的老人，小孩都在北部工作。
    5) 客戶提到媽媽曾經帶她去日本旅遊，但現在媽媽已經不在了。

2. 健康狀況
    1) 客戶有高血壓，並持有慢性處方簽，且定期進行健康檢查。
    2) 客戶目前血糖狀況穩定，使用大陸生產的血糖監測貼片來控制血糖。
    3) 客戶沒有運動習慣，對運動設備興趣不高，且外食較多。
    4) 客戶擔心過多保健品可能對腎臟造成負擔。
    5) 客戶對海鮮不過敏，且表示自己怕熱，不喜歡保暖類產品。

3. 職業背景
    1) 客戶目前在新疆工作，曾在雲南工作並送過很多東西。
    2) 客戶在北京有投資，對股票投資有經驗，但目前被套住近兩年。
    3) 客戶提到以前因工作無法出國，僅能利用年假旅遊。

4. 健康食品使用心得
    1) 客戶目前食用東森的葉黃素產品，並被建議飯後食用以獲得更好效果。
    2) 客戶每天早上空腹飲用紅色粒線體飲品，並搭配膠囊服用。
    3) 客戶曾購買過華陀產品，但還有五六盒未使用完。
    4) 客戶曾購買過攝護腺保養產品及降油脂產品（已購買一百份）。
    5) 客戶認為某些保健品效果被誇大，對新產品缺乏信心，且家中已有大量未使用的保健品。
    6) 客戶對益生菌和幹細胞產品不感興趣，曾食用臺大的幹細胞產品但已停止。
    7) 客戶表示如果產品有效，即使價格昂貴也能接受。

5. 禁忌
    1) 客戶未接種疫苗，且不會購買旅平險。
    2) 客戶不使用臉部保養品或乳液，對保健品興趣不高。
    3) 客戶不吃人蔘（包括北寒參和南韓參），尚未食用黃金土龍產品。
    4) 客戶不喜歡保暖類產品，因為怕熱。",1
28104518,"1. 家庭關係
    1) 客戶提到太太負責煮飯。
    2) 客戶表示家中沒有人需要大量米。
    3) 客戶提到她的兒子幫忙轉帳。
    4) 客戶提到妹妹以後要做某些事情，但未明確說明內容。
    5) 客戶同意專員提到過年期間與親朋好友聚會的描述。

2. 健康狀況
    1) 客戶提到自己有心血管問題，因此不能亂吃藥品。
    2) 客戶表示自己目前定期看醫生。
    3) 客戶提到自己有心臟病。
    4) 客戶表示醫生建議手術後不要服用任何保健品。
    5) 客戶提到石墨烯可能對血液循環無益。

3. 職業背景
    1) 客戶未提及具體職業背景，但提到有時候會去看畫展。
    2) 客戶表示住在台中，目前住越野。

4. 健康食品使用心得
    1) 客戶表示以前有吃過葉黃素保健品，但目前不能服用。
    2) 客戶曾經購買過猴頭菇產品，但目前沒有再購買。
    3) 客戶提到家中有食用苦茶油，但之前購買的苦茶油品質不好。
    4) 客戶表示不需要挪威原裝進口的深海魚油產品。

5. 禁忌
    1) 客戶表示不喜歡石墨烯材質的機能褲，並提到醫生說石墨烯可能對血液循環無益。
    2) 客戶提到她不能吃葉黃素，因為醫生建議手術後不要服用任何保健品。
    3) 客戶表示不需要石墨烯的太極石貼片。
    4) 客戶表示不需要使用萬一米提的洗髮乳或相關產品。
",1
28124205,"1. 家庭關係
    1) 客戶有三個女兒，最小的女兒住在家裡，老大已婚，老二有男朋友但未結婚。
    2) 客戶與家人同住，家中有孫子和外孫女，孫子約三歲，外孫女很聰明，孫子有時會吃益生菌。
    3) 客戶的外甥女住在潮濕的地方，曾因肺炎住院，另一位外甥女有脊椎問題。
    4) 客戶的先生目前住院，健康狀況不佳，需檢查大腸癌。
    5) 客戶的父親曾住院手術，母親過世後父親抽菸更兇。
    6) 客戶的家人不喜歡吃她買的保健品，認為難吃。
    7) 客戶的家中正在裝修，並有老人卡用於搭乘公車。

2. 健康狀況
    1) 客戶有高血壓，血壓曾高達180，並有三高病史、心臟問題、腸胃不適、胃食道逆流、腰痠背痛、筋骨問題及膝關節和髖關節問題。
    2) 客戶有時感到胸悶、情緒緊繃、壓力大，並且晚上睡不著，偶爾會忘東忘西。
    3) 客戶有血糖濃度高的問題，家族有糖尿病遺傳史。
    4) 客戶體重74公斤，身高155公分，想減重，並希望改善法令紋和眼袋。
    5) 客戶有時感到脖子癢，尤其天熱時情況較嚴重，冬天較輕微。
    6) 客戶曾經發生車禍，左手骨頭有後遺症，關節有時咔咔響，並曾跌倒撞到額頭。
    7) 客戶有腸胃不適，吃飯後有時會上廁所，並有便秘情況。

3. 職業背景
    1) 客戶是24小時看護，住在被照顧者家中，需照顧兩人，老闆娘需要洗腎。
    2) 客戶的工作時間較忙，特別是禮拜一和禮拜五。

4. 健康食品使用心得
    1) 客戶使用過多種保健品，包括幹細胞、粒線體飲品、龜鹿精、蚓激酶、明日葉、氨基酸產品等，對部分產品效果不滿意，認為有些產品味道不好或效果不明顯。
    2) 客戶對幹細胞產品和粒線體飲品有一定的好感，但因需吞服的產品太多，未能每天服用。
    3) 客戶認為明日葉效果不錯，能降血糖、保護心血管和抗氧化。
    4) 客戶對於健康食品的使用方式有疑問，並表示網站上有相關資訊。
    5) 客戶對於健康食品的味道和使用方式有時不適應，部分產品如氨基酸產品和蚓激酶速膠囊因味道或濃度問題未能接受。

5. 禁忌
    1) 客戶不敢亂吃鈣片，因為有時會感到不舒服，並提到不能吃太多東西。
    2) 客戶不敢吃血壓藥，認為吃的東西太多。
    3) 客戶對膠囊類保健食品持懷疑態度，認為效果不明顯。
    4) 客戶不喜歡菠菜和白色衣服，並不感興趣於某些贈品。
    5) 客戶對於股票投資不感興趣，認為不適合自己。",1
28125535,"1. 家庭關係
    1) 客戶有一位28歲的兒子，與她同住。
    2) 客戶的兒子目前在外工作，平時以外食為主。
    3) 客戶的兒子會幫她購買保健食品並查看成分。

2. 健康狀況
    1) 客戶表示自己沒有便秘的問題。
    2) 客戶偶爾會服用醫生開的助眠藥物。
    3) 客戶曾服用過三得利的魚油，但認為效果不佳。

3. 職業背景
    1) 客戶未提及具體職業，但提到工作還好。

4. 健康食品使用心得
    1) 客戶曾購買過紅色膠囊益生菌、加強代謝的酵素產品及三得利魚油，但均認為效果不明顯。
    2) 客戶平時有在吃益生菌，但品牌不同，並曾購買益生菌給兒子食用。
    3) 客戶曾於三月份以優惠價格購買了六盒益生菌，每盒價格為830元，總價為4981元，該益生菌具有減肥和腸胃保健功能。
    4) 客戶曾購買過葉黃素產品。

5. 禁忌
    1) 客戶對益生菌產品的效果感受不明顯，對某些品牌的益生菌不感興趣。
    2) 客戶對妙管家品牌的洗衣精不熟悉，並表示如果是其他品牌的產品，她就不需要。",1
28229577,"1. 家庭關係
    1) 客戶有三個女兒和一個兒子，兒子目前在美國工作，收入不錯，但腎臟功能不佳，需定期檢查，並有飲食控制。
    2) 客戶的女兒住在台北，曾在英國申請學校，目前在英國，計劃8月回國。女兒有三個小孩，經濟壓力大，因為買房子有貸款。
    3) 客戶的孫女在英國上學，學費和生活費由客戶支付，孫女節儉且孝順。
    4) 客戶的妹妹住在台大附近，身體不好，有心臟和肝膽問題，最近住院，家中只有她一人。
    5) 客戶的配偶已退休，並有穩定的股票投資收入。

2. 健康狀況
    1) 客戶85歲，有高血壓、骨質疏鬆、腰椎問題、脂肪肝、靜脈曲張、飛蚊症、皮膚乾燥等健康問題。
    2) 客戶的肺部健康不佳，心臟有動脈硬化和纖維化現象，需定期檢查。
    3) 客戶有腎臟功能問題，腎絲球過濾率曾下降到68%，目前有改善。
    4) 客戶有三高，並且腸胃不適，經常需要上廁所。
    5) 客戶曾摔跤多次，膝蓋受傷，並有背痛和肩膀不平衡的問題。

3. 職業背景
    1) 客戶已退休，曾經購買儲蓄險和終身壽險，並有每月四萬五千元的退休金。
    2) 客戶的家庭成員多從事公職，工作有保障。

4. 健康食品使用心得
    1) 客戶每天服用多種保健食品，包括褐藻糖膠、葉黃素、益生菌、魚油、龜鹿二仙膠、蚓激酶、牛樟芝等，並認為對健康有幫助。
    2) 客戶認為褐藻糖膠有助於增強免疫力，牛樟芝對肝臟和脂肪肝有改善效果，益生菌對腸胃和腎臟健康有幫助。
    3) 客戶對於保健食品的服用時間和劑量有一定的規律，但有時會忘記服用。
    4) 客戶對於中藥治療持信任態度，目前正在使用中藥治療脊椎和骨密度問題。

5. 禁忌
    1) 客戶不吃牛肉，因為會引起胃抽筋。
    2) 客戶腸胃不適時不會亂吃營養品，並避免高纖維食物。
    3) 客戶對某些產品有過敏反應，並曾因使用某些產品出現全身抽筋情況。
    4) 客戶不喜歡人多的場合，也不參加健康講座。",1
28252376,"1. 家庭關係
    1) 客戶提到她的媽媽三酸甘油酯偏高。

2. 健康狀況
    1) 客戶表示她有膽固醇過高的問題，因此需要保養。
    2) 客戶目前主要使用紅麴來調整膽固醇，並計劃服用兩個月後再去檢查血液數值。
    3) 客戶詢問高血壓患者是否能吃紅麴。
    4) 客戶提到她目前還在吃保養品，但尚未去抽血檢查效果。

3. 職業背景
    1) 未提及具體職業背景。

4. 健康食品使用心得
    1) 客戶表示她有很多魚油，並認為魚油是固定的一種保健品，但價格昂貴，目前尚未使用完。
    2) 客戶提到她吃紅麴，但效果未改善，並計劃一盒服用一個月。
    3) 客戶曾購買幹細胞相關產品，但認為效果不算非常滿意。
    4) 客戶提到她有購買大江生技的粉末狀保健品。
    5) 客戶表示她最近購買了價值兩萬六千多元的保健品，並提到花了好幾萬塊在健康食品上，目前在慢慢調整與整理方案。
    6) 客戶提到她曾購買紅麴產品，但目前不需要再購買，因為她已經有其他自然健康食品。
    7) 客戶表示家裡有庫存的保健品，因此目前不需要購買新的產品。
    8) 客戶提到她不喜歡吃膠原蛋白產品。

5. 禁忌
    1) 客戶表示吃太多東西可能不適合。",1
28382408,"1. 家庭關係
    1) 客戶提到她的女兒已經生了三個小孩，其中包括一對雙胞胎。

2. 健康狀況
    1) 客戶提到她有白內障並已經進行了手術。
    2) 客戶提到她平常有在做臉，一次花費約一千五百元，並且早上有進行醫美療程。
    3) 客戶提到她中午吃飯，並習慣飯後服用保健品。
    4) 客戶提到她平常保養一天服用一顆保健品，若睡不好則下午三四點服用。

3. 職業背景
    1) 未提及具體職業背景。

4. 健康食品使用心得
    1) 客戶提到她有訂購彈力蛋白青春Q彈組並已收到商品，但未明確表示是否自己食用。
    2) 客戶提到上次購買的高麗蔘參片還沒吃完。
    3) 客戶提到她曾購買過紅麴產品、黑棗精、益生菌、蜂蜜和燕窩產品作為保健食品。
    4) 客戶提到她有喝安瓶，前一兩週每天喝一罐，後續調整為兩天喝一次以保養身體狀況。
    5) 客戶提到她每天早上喝某種產品，第一盒每天喝，第二盒開始可以兩天喝一次。
    6) 客戶提到她每天都會喝一種含有玻尿酸的保健品。
    7) 客戶提到她曾購買過華陀的頂級產品，並詢問華陀膠原蛋白的效果。
    8) 客戶提到使用溫水或冷水沖泡某種產品。
    9) 客戶表示有購買某產品並計劃送人。
    10) 客戶提到她前幾天購買了一個保肝的保健食品。
    11) 客戶提到她訂購了部屬羊鞭印加產品，並直接扣款。

5. 禁忌
    1) 客戶表示她不需要粒線體相關的保養品。
    2) 客戶表示不想購買產品，也不想參加活動。",1
28394234,"1. 家庭關係
    1) 客戶家中有六個人，兒子休假時曾陪她去做復健，並幫兒子代收網購商品。
    2) 客戶提到她的弟媳在健康中心工作，曾幫她以員工價購買高單位保健品。
    3) 客戶表示她比較喜歡女生，認為女生比較貼心，男生結婚後就像是別人家的。
    4) 客戶的老公不會使用提款卡，所有相關事務由她處理。

2. 健康狀況
    1) 客戶曾進行人工關節置換手術，原因是關節磨損退化，並表示變天時容易感到關節疼痛，目前正在進行修復。
    2) 客戶目前在做復健，腳因小時候發燒受損，每週二和週五不在家因為要去復健。
    3) 客戶睡眠品質不好，經常胡思亂想導致難以入睡，曾服用安眠藥但已成功戒掉，改為看中醫調理。
    4) 客戶有時腸胃道排便不正常，通常一兩天排便一次，並在未排便時服用益生菌。
    5) 客戶已接種流感疫苗，最近因感冒服用西藥而暫停服用葉黃素。

3. 職業背景
    1) 客戶曾從事婚紗和晚禮服相關工作，對色彩搭配有深入研究。
    2) 客戶表示她每週日會去教會，通常是上午的時間。

4. 健康食品使用心得
    1) 客戶目前服用葉黃素，一天一顆，但有時會忘記服用，並表示葉黃素尚未吃完，因此暫時不考慮購買新產品。
    2) 客戶曾服用益生菌，但不記得品牌，通常在兩天未排便時才服用，並表示益生菌存貨充足。
    3) 客戶曾服用白蘭氏保健食品和B群，但B群已兩年未吃。
    4) 客戶目前正在服用中藥調理身體，已持續兩個月。
    5) 客戶曾購買過東森購物的葉黃素、全能青春霜和益生菌，但因葉黃素讓她胃不舒服而不再食用，並表示不再購買任何吃的產品。

5. 禁忌
    1) 客戶不方便使用ATM轉帳或網路操作，偏好貨到付款方式完成交易，並多次強調不希望刷卡支付。
    2) 客戶對於提供卡號給他人感到擔心，偏好親自刷卡購物或以現金交易。
    3) 客戶表示不需要益生菌，並不再購買任何吃的產品。",1
28397845,"1. 家庭關係
    1) 客戶與先生已分居三個月，先生目前在銀行工作，情緒不穩定且有精神健康問題，曾將客戶名下的錢全部領走，並不讓她知道家裡的財務狀況。
    2) 客戶有一名37歲的兒子，已婚且有一名女兒，兒子目前在國外工作，曾因尿路感染住院，且有腦部受傷的後遺症，無法完全恢復。
    3) 客戶有三個媳婦，婆婆年齡八九十歲，曾因膝關節問題住院，現已回鄉下居住。
    4) 客戶的母親84歲，仍在工作，且不與客戶同住。
    5) 客戶是獨生女，與兄弟姐妹關係不和，已兩年未聯絡。

2. 健康狀況
    1) 客戶患有免疫風濕、自體免疫疾病、肌少症、創傷後壓力症候群，並檢查出腦炎，免疫系統較弱，身體狀況不佳，經常感到疲累。
    2) 客戶目前正在接受門診治療，需配合醫生指示，並計劃進行六個月的雷射治療。
    3) 客戶每天需服用20-30顆藥物，包含慢性病處方藥，並有時會感冒、頭痛、盜汗等症狀。
    4) 客戶曾因摔倒導致腳部受傷，並提到脊椎或組織壓迫到神經，需進一步檢查。
    5) 客戶的健康狀況導致她無法正常工作，經濟狀況困難。

3. 職業背景
    1) 客戶目前未工作，專注於照顧長輩和小孩。
    2) 客戶的先生在銀行工作，曾提到公司不允許帶家屬參加活動。

4. 健康食品使用心得
    1) 客戶有服用多種保健食品，包括膠原蛋白、益生菌、葉黃素、氨基酸、粒線體產品、幹細胞產品等，部分產品由朋友從美國寄來。
    2) 客戶表示氨基酸對她有感覺，但部分產品未感受到明顯效果，醫生建議她不要隨便食用某些保健品。
    3) 客戶每天服用20-30顆藥物和營養品，並表示飲用果汁和水過多感到厭倦。
    4) 客戶曾購買東森、華陀等品牌的保健品，並有分期付款購買的經驗。

5. 禁忌
    1) 客戶虛不受補，無法食用人蔘，醫生建議她不要隨便亂吃藥或高檔食物。
    2) 客戶對某些成分敏感，醫生建議她不要食用可能影響健康的產品。",1
28417210,"1. 家庭關係
    1) 客戶有一位女兒，女兒也是東森購物平台的會員。
    2) 女兒經常幫助客戶處理東森購物平台的消費相關事宜，包括操作點數、購物及討論購物相關事宜。

2. 健康狀況
    1) 客戶為75歲女性，健康狀況未提及具體問題。

3. 職業背景
    1) 未提及客戶的職業背景。

4. 健康食品使用心得
    1) 客戶提到她使用日本的產品，但未具體說明使用心得。

5. 禁忌
    1) 客戶目前表示不需要任何產品。",1
28485100,"1. 家庭關係
    1) 客戶目前獨居，先生已於八年前過世，並有一個女兒。
    2) 女兒未婚，性格內向且不擅長社交，從事生物科技相關工作，年薪三四百萬，並曾在行天宮當志工多年。
    3) 女兒目前與客戶同住，但經常出差或在國外工作，且對健康非常注重，會幫客戶購買健康食品。
    4) 客戶的姐姐腎臟狀況不好，需花費大量金錢治療，且姐姐的兒子在德國公司工作，負責亞洲業務。

2. 健康狀況
    1) 客戶已80歲，健康狀況良好，定期健康檢查，糖化血色素已從6.1降至5.7，並成功減重3公斤。
    2) 客戶牙齒需根管治療，疫情期間未能看診導致牙齒問題加重。
    3) 客戶非常注重飲食健康，避免高糖、高鹽及油炸食物，並每天至少吃四種水果，主要攝取蛋白質和清淡飲食。
    4) 客戶害怕老人痴呆，經常外出走路以保持活力。

3. 職業背景
    1) 客戶曾開珠寶店，專注於鑽石和紅寶石品質檢查，並以低利潤快速銷售。
    2) 客戶曾在上海居住並進行房地產投資，獲得良好回報，並曾合夥經營工程項目。
    3) 客戶年輕時曾開牧場，但因財務問題破產，並曾擁有多處房產。

4. 健康食品使用心得
    1) 客戶購買並使用多種保健食品，包括德國品牌的葉黃素、益生菌、冬蟲夏草、藏紅花等，並認為德國產品品質高。
    2) 客戶每天記錄保健品使用情況，避免重複或過量服用，並曾購買大量保健食品送給親戚和牙科護士。
    3) 客戶偏好使用苦茶油炒菜，並對油品品質要求高，家中存有多種油品。
    4) 客戶曾購買高麗蔘、西洋蔘及有機食品，並認為西洋蔘較溫補。

5. 禁忌
    1) 客戶不吃紅肉、牛肉、豬肉及芒果，並避免吃太甜的水果和食品。
    2) 客戶不吃雞皮和魚皮，擔心海洋污染，並避免購買日本食品。
    3) 客戶不喜歡吃外面的食物，認為品質不佳且不健康。
    4) 客戶不喜歡使用行動電話和網路，並避免參加公司聚會或活動。",1
28488434,"1. 家庭關係
    1) 客戶有三個子女，其中一個兒子與她同住，另一個兒子已搬出去，從事裝潢相關工作，女兒則已婚並定居美國，有小孩，目前在美國讀書即將畢業，計劃在美國實習並進入醫院工作。
    2) 客戶提到子女從小被教育要獨立並學會賺錢，家庭經濟壓力已減輕，現在只需照顧自己。

2. 健康狀況
    1) 客戶有焦慮症，可能與長期壓力有關。
    2) 客戶有甲狀腺低下的問題，導致體重增加。
    3) 客戶的皮膚狀況良好，皮膚白皙且雀斑變淡。

3. 職業背景
    1) 客戶曾經在市場工作，從早上六點工作到晚上七點。
    2) 客戶的兒子在統一超商擔任送貨司機，收入約十萬元。

4. 健康食品使用心得
    1) 客戶曾購買過多種保健食品，包括六年參、紅參、黑參、鴕鳥精、蚓激酶及褐藻糖膠，並曾在韓國購買保健食品，花費約19萬多元。
    2) 客戶目前還有保健品存貨，表示會用完再購買，並認為某些產品價格過高，因此不打算購買。

5. 禁忌
    1) 客戶目前已經不再服用藥物，改用手工皂清潔。
    2) 客戶提到現在較少購買保健品，因為家中存貨尚未用完。",1
28507799,"1. 家庭關係
    1) 未提及具體家庭關係。

2. 健康狀況
    1) 未提及具體健康狀況。

3. 職業背景
    1) 未提及具體職業背景。

4. 健康食品使用心得
    1) 客戶對於兌換保健品或相關商品表示沒有興趣。

5. 禁忌
    1) 未提及具體禁忌。",1
28562566,"1. 家庭關係
    1) 客戶目前一人居住，未婚無子女，家中兄弟姐妹感情良好，彼此不計較，並曾合力幫助她償還銀行貸款。
    2) 客戶的父親目前健康狀況不佳，住在安寧病房，選擇不再接受治療，並交代了錢的用法及不舉辦告別式。
    3) 客戶的母親已過世，曾住過安寧病房，客戶陪伴母親度過最後的日子。
    4) 客戶的大哥因糖尿病去世，妹妹忙於做義工，身體狀況不佳，並需照顧公婆。
    5) 客戶的家庭成員對財產分配有共識，並根據貢獻公平分配，弟弟負責處理家族財產事務，妹妹的丈夫是代書。
    6) 客戶的父親年輕時從事醫療物資運輸及管理多個廠房，花費許多錢在交際應酬上。
    7) 客戶的父親有三個兒子，牙口不好，不能吃硬食物，曾教導客戶股票投資。
    8) 客戶的母親患有糖尿病，需注射胰島素，曾因跌倒導致髖關節骨裂。
    9) 客戶的家庭成員中有患帕金森症、阿茲海默症、大腸直腸癌及尿道問題的親屬。

2. 健康狀況
    1) 客戶有糖尿病，對碳水化合物敏感，血壓122/74，腎絲球過濾率41，患有白內障、青光眼、黃斑部病變及乾眼症。
    2) 客戶有過敏問題，對海鮮、牛肉過敏，早上易打噴嚏，並不吃葷食、油炸食物、甜食及果凍類產品。
    3) 客戶有高血壓問題，體質偏涼，容易忘記喝水，並有胃黏膜不適。
    4) 客戶曾因糖尿病影響腎臟，對保健食品成分重複使用及食安問題表示關注。
    5) 客戶認為心態年輕有助於健康，並提到身體調節系統良好，能適應氣候變化。

3. 職業背景
    1) 客戶曾在台北工作，具有會計背景，並曾在中日合作公司任職。
    2) 客戶小時候需幫忙家計，二十幾歲開始工作，家境貧困，曾經貸款償還高額利息。

4. 健康食品使用心得
    1) 客戶目前服用健康食品，曾使用過降三高產品、葉黃素、山竹果、綠藻、茶樹精油等，對部分產品效果滿意。
    2) 客戶對膠囊類產品接受度不高，認為會引起胃不適，對葉黃素效果存疑，且家中存有大量未使用的保健品。
    3) 客戶對植物成分健康食品感興趣，並使用植物調節血糖，選擇中藥行產品。
    4) 客戶對紅麴產品成分影響腎臟表示擔憂，並認為天然產品過量也可能有害。

5. 禁忌
    1) 客戶不吃牛肉、海鮮、葷食、油炸食物、甜食、果凍類產品及納豆，對草莓和葡萄口味產品不喜歡。
    2) 客戶不喜歡被問及金錢相關問題，對於產品價格及成分重複使用特別關注。",1
28566366,"1. 家庭關係
    1) 客戶有一個十歲的小孩和一個年紀不到五歲的小孩。
    2) 客戶會在母親節時給老婆五千到一萬塊作為禮物。
    3) 家中沒有養寵物。

2. 健康狀況
    1) 客戶有血糖和血壓問題，並且患有糖尿病，定期看西醫。
    2) 客戶的糖化血色素曾經是6點多，但最近一次檢查結果是8.0，可能與去大陸期間飲食較好有關。
    3) 客戶目前血糖控制得還可以，主要依靠運動和服用醫生開的藥物來控制。
    4) 客戶晚上有時候會起來一次夜尿。

3. 職業背景
    1) 客戶已經退休，目前沒有工作。
    2) 客戶年輕時以賺錢為主，現在對金錢的要求不高，認為夠用就好。

4. 健康食品使用心得
    1) 客戶之前購買過B群，自己和家人一起服用，但服用頻率不固定，有時一天一顆，有時一天兩顆，目前家中還有八盒存貨。
    2) 客戶曾購買苦瓜胜肽，但感覺效果不佳，因此不再購買。
    3) 客戶之前在韓國購買了幾萬元的人蔘，至今尚未吃完。
    4) 客戶目前沒有在服用任何保健食品。

5. 禁忌
    1) 客戶表示目前沒有購買的需求，若點數過期也無所謂。
    2) 客戶通常是有需要時才會購買商品，沒有特別的消費習慣。
    3) 客戶購買東森的產品是基於臨時需求，沒有特別的購買計劃。
    4) 客戶最近比較少看購物頻道，也較少注意相關產品。",1
28579521,"1. 家庭關係
    1) 客戶未婚，家人都住在一起，有兩個子女，女兒已成年20年，兒子曾貸款買摩托車。
    2) 客戶的母親已去世，生前患有老年痴呆症和腎臟功能不佳，曾在雙和醫院去世。
    3) 客戶的弟弟未工作近20年，主要照顧母親，且是一位孝順的人。
    4) 客戶的妹妹有異位性皮膚炎，血紅素低，並曾因飲食導致皮膚變黃。
    5) 客戶的姐姐有肺部問題，曾住院，並提到姐姐的老公曾生病多年。
    6) 客戶的婆婆和老公花錢大手大腳，婆婆曾給老公三百萬買房。
    7) 客戶的家人有遺傳性膽固醇過高的問題。

2. 健康狀況
    1) 客戶有糖尿病、高血壓（血壓數值在121/120到134/135之間）、三酸甘油酯過高、甲狀腺結節、膝蓋退化、腰痠背痛、自律神經失調、耳鳴、乾眼症、缺鐵性貧血等健康問題。
    2) 客戶曾有胃痛和更年期症狀，並提到行動不便。
    3) 客戶的免疫力較強，但有時感冒流鼻涕，並曾經眼睛發炎。
    4) 客戶的皮膚容易過敏，且皮膚乾燥，使用不適合的產品會導致過敏。
    5) 客戶的牙齒狀況不佳，考慮拔牙，並提到牙齦老化問題。
    6) 客戶的母親曾有靜脈曲張和心臟衰竭，依靠心臟裝置的電池運作。

3. 職業背景
    1) 客戶目前退休，曾經從事過清潔工和加工工作，收入不高，工作壓力大。
    2) 客戶提到她的工作讓她感到很累，並需要適應。

4. 健康食品使用心得
    1) 客戶有使用多種保健食品，包括益生菌、蚓激酶、幹細胞產品、氨基酸、葉黃素、魚油、褐藻糖膠等，並認為保健食品有助於健康，但不應過量食用。
    2) 客戶對幹細胞產品的效果感到不明顯，並認為價格昂貴。
    3) 客戶認為益生菌對腸道健康有幫助，但效果不如預期。
    4) 客戶對保健食品的成分和價格非常關注，認為植物性產品較好，並對某些產品的副作用和安全性有疑慮。
    5) 客戶認為保健食品應該在早上固定時間服用，以免忘記。

5. 禁忌
    1) 客戶不吃苦瓜、芋頭、香菜、烏魚子，並不喜歡人蔘和中藥味的產品。
    2) 客戶對阿莫西林和潘明過敏，並對某些產品的氣味和口感不滿意。
    3) 客戶不喜歡使用黏膩的防曬產品和化妝水，對化妝品和保養品選擇謹慎，避免使用便宜或化學成分過多的產品。
    4) 客戶不喜歡紋眉，認為不自然，並不習慣穿黑色衣服。",1
28621082,"1. 家庭關係
    1) 客戶家中有一位大女兒，兩人都屬龍。
    2) 客戶有一位小女兒，曾因盲腸炎破裂住院，接受三週抗生素治療，目前腸子已恢復蠕動功能，但免疫力下降，精神狀況不佳。
    3) 客戶的母親有高血壓和血糖問題，需服用消炎藥，客戶擔心某些產品可能影響母親的血糖。
    4) 客戶的老公有膽固醇稍微高的問題，有時會偷偷吃小零食，客戶擔心他可能會有糖尿病。

2. 健康狀況
    1) 客戶提到自己容易感到疲憊，睡眠狀況不佳，常感到睡不飽，並且最近尿酸偏高，容易有泌尿道發炎問題。
    2) 客戶曾經有糖尿病，但已是多年前的事。
    3) 客戶提到自己尿蛋白較高，並表示脂肪肝通常會改善。
    4) 客戶每年安排健康檢查，包括乳房檢查和婦科檢查，並提到公司有補助。
    5) 客戶上週六曾發高燒至39度，伴隨全身痠痛，經服用退燒藥後症狀有所改善，但仍感到疲軟。

3. 職業背景
    1) 客戶提到工作比較辛苦，工作模式不固定，可在家或到公司上班，但下班時間不明確，容易被認為隨時可以工作。
    2) 客戶提到她目前沒有工作，最近剛去公司，在實驗室做事。

4. 健康食品使用心得
    1) 客戶曾購買褐藻產品，但尚未食用，認為其對健康有幫助，如減少感冒和疲憊的機會。
    2) 客戶每天服用白蘭氏膠原蛋白，但表示之前購買的產品快過期，且有其他膠原蛋白產品，因此不需要天天喝新產品。
    3) 客戶曾購買幹細胞產品，但認為效果不明顯，前一代產品仍有十幾罐未開封。
    4) 客戶給小孩食用益生菌和葉黃素果凍，但小孩不一定會吃，且對某些品牌不滿意。
    5) 客戶曾購買黃金養生產品，並詢問是否可分期付款。
    6) 客戶提到她有食用魚油，並曾服用過蚓激酶，但未持續使用。
    7) 客戶表示之前購買的益生菌完全沒用，越吃越胖。

5. 禁忌
    1) 客戶不吃零食，但很愛吃澱粉，尤其是白米飯。
    2) 客戶提到小朋友不能吃某產品，因為產品上有標示。
    3) 客戶不喜歡購買大組產品，偏好小組購買方式。
    4) 客戶不喜歡大眾化的品牌，如LV和華陀。
    5) 客戶不習慣使用昂貴的保養品，且不喜歡自然美的保養品。",1
28648623,"1. 家庭關係
    1) 客戶的弟弟傳了一張照片，顯示二樓變成了一樓，這讓客戶感到很可怕。
    2) 客戶的媽媽曾經有人介紹她使用某產品，並覺得效果不錯，但價格很貴。
    3) 客戶的父母在吃藥，可能有用藥禁忌。

2. 健康狀況
    1) 客戶曾考慮給父親吃某種產品，但擔心不能吃。
    2) 客戶提到如果感到不舒服，一天至少要吃兩顆產品。

3. 職業背景
    1) 客戶目前正在上班。
    2) 客戶提到公司有點壞掉了，並且需要一兩年就換一組設備。

4. 健康食品使用心得
    1) 客戶曾經購買過一次產品，使用效果還不錯。
    2) 客戶對於極地雪玫瑰產品的效果表示懷疑，不知道好不好用。
    3) 客戶以前有吃過魚油，價格大約是幾百塊。

5. 禁忌
    1) 客戶的父母在吃藥，可能有用藥禁忌。
    2) 客戶曾經被盜刷過信用卡，對於在公開場合講信用卡資訊感到不安。",1
28650058,"1. 家庭關係
    1) 客戶的父親住在台北，祖母住在高雄。
    2) 客戶以前常住台北，但疫情後定居高雄，並表示更喜歡南部的生活節奏。
    3) 客戶家中有兩隻寵物，分別為13歲和14歲，體重約4到5公斤，其中一隻有心臟問題。
    4) 客戶的兒子曾經去銀行處理事宜。

2. 健康狀況
    1) 客戶提到視力有問題，無法完全看清楚。
    2) 客戶最近腸胃炎不舒服，並提到轉換營養師看診。
    3) 客戶提到韌帶問題，並去看神經科醫生。
    4) 客戶提到骨質相關問題。
    5) 客戶提到感冒，但已經康復。
    6) 客戶提到目前有在服用萬壽元、維骨力、再生安瓶和葉黃素等保健食品。
    7) 客戶提到在服用抗生素期間不能吃保健食品。
    8) 客戶提到皮膚對過於滋潤的保養品會長痘痘。

3. 職業背景
    1) 客戶曾經經營過東森直銷，但已經停止經營約三年，目前是東森的商品消費者。
    2) 客戶對直銷體系的獎金制度和公司政策有意見。
    3) 客戶目前在國壽工作，並提到目前的公司名稱是木易。
    4) 客戶對大健康相關服務和不動產投資有興趣，並願意參加相關活動。

4. 健康食品使用心得
    1) 客戶對葉黃素產品有興趣，並多次購買，認為效果不錯，但對價格和扣款比例有疑問。
    2) 客戶曾購買過多種保健食品，包括華陀益生菌、牛樟芝、鴕鳥精、玻尿酸、南瓜籽油、苦瓜胜肽、龜鹿精、糖維康、腸胃康、千日釀黑鑽酵素等，並對部分產品效果表示滿意。
    3) 客戶對妍美会的產品有興趣，曾購買過安瓶、玻尿酸、日夜塑等產品，並對其活動和價格表示關注。
    4) 客戶對自然美的產品有印象，曾是自然美門市的鑽石卡會員，喜歡水光霜和水光明膠等產品。
    5) 客戶對東森幣的使用熟悉，經常使用其進行扣款。
    6) 客戶表示購買的保健品對其健康有效，並對產品成分表和檢驗報告表示關注。

5. 禁忌
    1) 客戶提到懷孕期間不建議使用某些產品。
    2) 客戶提到在服用抗生素期間不能吃保健食品。
    3) 客戶不太喜歡不能分期的支付方式。",1
28689346,"1. 家庭關係
    1) 客戶表示有家庭負擔，包括養育小孩。
    2) 客戶提到小孩年齡在十幾歲，並提到小孩正在睡覺。
    3) 客戶提到太太已經購買了很多葉黃素產品，因此自己不再購買。

2. 健康狀況
    1) 客戶表示自己有抽菸的習慣。
    2) 客戶提到目前沒有在服用葉黃素，並表示現在慢慢減少健康食品的使用。
    3) 客戶提到家裡有自己的東西來增加免疫力。
    4) 客戶偶爾服用善存，並擁有B群，但未明確提到是否正在服用。

3. 職業背景
    1) 客戶提到自己是上班族，工作性質屬於金融業外勤。
    2) 客戶表示在證券公司擔任負責人職位。

4. 健康食品使用心得
    1) 客戶曾服用漢方益生菌，認為這是一種自然的保健食品，並對益生菌有興趣，詢問種類和價格。
    2) 客戶有服用維他命C，可能是為了抗發炎及提升免疫力。
    3) 客戶曾購買綠蜂膠和葉黃素，目前仍有在使用這些保健品，並表示購買葉黃素是為了眼睛保養，但效果不明顯。
    4) 客戶之前購買過妍美会的葉黃素和白蘭氏果凍型葉黃素，但目前已停止使用。
    5) 客戶表示已經購買過其他品牌的保健品來保養攝護腺。

5. 禁忌
    1) 客戶表示目前不需要葉黃素、益生菌或魚油等產品。
    2) 客戶表示目前不需要增加男性功能的產品。
    3) 客戶提到不喜歡東森的行銷方式，認為話術具有欺騙性，並對公司自動行銷方式感到不舒服。
    4) 客戶表示對藝術品投資及其他投資相關產品沒有興趣。",1
28771862,"1. 家庭關係
    1) 客戶有一位兒子，目前正在學測量，可能進入相關政府部門或區政府工作，曾確診新冠病毒，目前已痊癒。
    2) 客戶的老公去年因投資損失三百六十萬，目前已半年沒有工作。
    3) 客戶的母親九十歲，處於末期病況，客戶回台灣照顧母親。
    4) 客戶的父親曾經腦震盪，目前狀況穩定。
    5) 客戶的老公的姐姐目前在台灣接受化療。
    6) 客戶的哥哥的二兒子三十多歲，正在進行手術。
    7) 客戶目前住在宿舍，每週與家人聚會一次。

2. 健康狀況
    1) 客戶有高血壓，需服用慢性處方藥，肝指數曾高達七百，需門診追蹤。
    2) 曾被診斷心肌炎，目前在門診觀察；有坐骨神經問題，可能由姿勢不良導致。
    3) 客戶年輕時曾進行脊椎手術，現在脊椎第五節有骨刺，膝蓋疼痛與軟骨磨損、韌帶受傷相關，曾進行復位治療，狀況有所改善。
    4) 客戶提到腳趾頭會痛，可能與關節或神經問題相關。
    5) 客戶提到肚子偶爾會痛，並有頭痛和腸胃不適的情況。
    6) 客戶提到血壓高，並擔心健康問題，計劃進一步檢查。

3. 職業背景
    1) 客戶是組長，工作特殊且需要輪班，過年期間也需協助工人輪班，無法長時間休息或回家。
    2) 客戶的工作需要重複處理系統資料，因系統問題導致工作量增加。
    3) 客戶提到她的工作無法經常出門，且總務主任不干涉她的工作。

4. 健康食品使用心得
    1) 客戶使用多種保健食品，包括幹細胞產品、蚓激酶、益生菌、氨基酸、加倍訂、薑黃膠囊、星星果油等，認為幹細胞產品和蚓激酶對體力和健康有幫助。
    2) 客戶認為薑黃膠囊對肝臟有幫助，星星果油有助於代謝，益生菌對腸胃道健康有幫助。
    3) 客戶提到膝蓋疼痛在服用保健食品後有所緩解，但停止服用後疼痛會復發。
    4) 客戶認為魚油效果比葉黃素好，並提到蚓激酶有助於清血管和改善睡眠品質。
    5) 客戶提到她的膝蓋疼痛可能與軟骨磨損有關，並希望幹細胞產品能改善膝蓋狀況。

5. 禁忌
    1) 客戶曾因空腹服用氨基酸導致腸胃不適和腹瀉。
    2) 客戶認為某些保健食品價格昂貴且效果不佳，例如安瓶產品和抗過敏益生菌。",1
28860951,"1. 家庭關係
    1) 客戶與兒子住在一起，並提到兒子與北海市有關聯。
    2) 客戶的女兒曾為她購買面膜，但她自己沒有使用面膜的習慣。
    3) 客戶提到媳婦曾幫助她。
    4) 客戶的兒子經常帶物品到苗栗。

2. 健康狀況
    1) 客戶提到自己有膽結石。
    2) 客戶有骨質疏鬆的問題，並每天補充鈣質，睡前也會補充鈣質。
    3) 客戶提到她服用降壓藥，並認為藥效很好。
    4) 客戶提到醫生已經為她開了鈣片和鈣鎂，因此不需要再購買鈣片。

3. 職業背景
    1) 未提及具體職業背景。

4. 健康食品使用心得
    1) 客戶有在服用B群等保健食品，並提到維他命C和發泡錠。
    2) 客戶曾購買苦瓜胜肽，但尚未吃完。
    3) 客戶最近購買了葉黃素，但尚未開始食用，並表示需要再購買兩罐。
    4) 客戶有購買珍珠粉，但認為效果不明顯。
    5) 客戶有喝白咖啡，並會加一點點糖。
    6) 客戶有購買燕窩來飲用。
    7) 客戶願意嘗試芝麻素產品，認為可能有助於睡眠。
    8) 客戶提到納豆萃取產品和天然鈣類產品。
    9) 客戶表示不喜歡吃綜合堅果。
    10) 客戶提到她有很多健康食品尚未吃完，因此不想再購買更多產品。

5. 禁忌
    1) 客戶不喜歡吃綜合堅果。
    2) 客戶認為部分健康食品價格過高，例如麥片。",1
28899034,"1. 家庭關係
    1) 客戶家中有三個小孩，其中兒子有穩定工作，女兒有多份工作，但目前不確定具體職位。
    2) 客戶的婆婆曾需要照顧，先生需要打胰島素，可能需要洗腎。
    3) 客戶的母親曾住院，家中沒有長輩，客戶是家中最大的。
    4) 客戶的兒子名下有三間房子，可能未婚，客戶擔心其未來生活保障。
    5) 客戶的女兒會陪她一起去韓國旅遊，並建議她等回國後再訂購商品。
    6) 客戶的公婆之前有保險，現在已經領到一大筆錢。

2. 健康狀況
    1) 客戶患有白內障，曾做過眼睛手術，並有類風濕關節炎，骨頭變形，寫字和穿鞋會痛。
    2) 客戶提到自己體質較差，曾一年內體重減少二三十公斤，後來恢復。
    3) 客戶提到自己沒有糖尿病，健康狀況良好，但有血壓問題。
    4) 客戶的兒子有血糖問題，醫生建議使用苦瓜胜肽，並每半年檢查健康狀況。
    5) 客戶的婆婆未洗腎，可能因為食用營養品和保健食品。
    6) 客戶擔心年紀大後行動不便，經常騎腳踏車保持活動能力。

3. 職業背景
    1) 客戶目前沒有工作，過去曾打零工，現在主要依靠小孩工作。
    2) 客戶曾經參與基金投資，但對匯率和收益不太了解。
    3) 客戶提到她的生活中有經濟壓力，需自己處理很多事情。

4. 健康食品使用心得
    1) 客戶及家人使用過多種保健食品，包括苦瓜胜肽、益生菌、白藜蘆醇、葉黃素、葡萄糖胺飲品、人參相關產品、NAD+補充劑（NMN）、魚油等，對部分產品效果滿意。
    2) 客戶提到激活安瓶效果很好，早晚各喝一次，有時一天喝兩支。
    3) 客戶認為華陀品牌產品值得信賴，考慮購買滑精養生膠囊。
    4) 客戶提到曾購買過鈣質產品，但覺得不適用。
    5) 客戶提到曾購買過保健食品，但家人不吃，最後由她自己吃完。

5. 禁忌
    1) 客戶不喜歡人多擁擠的地方，偏好獨自或少數人同行。
    2) 客戶不喜歡穿太合身的衣服，尤其是夏天，偏好寬鬆衣物。
    3) 客戶不喜歡喝白開水，經常購買咖啡飲用。
    4) 客戶對甜食較為謹慎，因為甜粉瘤較高。
    5) 客戶不希望老了之後被送到機構。",1
29079014,"1. 家庭關係
    1) 客戶提到她有女兒、女婿和兒子，女兒是上班族，女婿孝順，兒子目前在家看電視和玩玩具。
    2) 客戶的女兒和女婿會購買商品，女兒曾幫她購買保健品和其他物品，但有些被她的母親拿走。
    3) 客戶的先生有固定檢查腎功能，腎功能指數穩定，並服用保健品「你轉身」約一個多月，但醫生建議他不要吃其他保健食品。
    4) 客戶提到她的媳婦住院了，並提到家裡曾製作民生用品，現在由兒子負責。

2. 健康狀況
    1) 客戶表示注重健康，定期進行體檢，並對健康管理有一定重視。
    2) 客戶提到她目前正在看醫生，並準備開刀，但尚未確定時間。
    3) 客戶曾提到腎臟方面的問題，但未明確表示對腎臟保養產品的關注。
    4) 客戶表示目前沒有骨頭關節方面的問題。

3. 職業背景
    1) 客戶未提及具體職業背景，但提到她的女兒是上班族，每年都有體檢。
    2) 客戶提到家裡曾經製作民生用品，現在已交由兒子負責。

4. 健康食品使用心得
    1) 客戶表示家中有很多保健食品尚未使用完，包括玻尿酸、鈣片等，並提到每月都吃不完保健食品。
    2) 客戶定期使用玻尿酸進行保養，並曾購買過龜鹿二仙膠產品，但認為價格昂貴。
    3) 客戶提到燕窩產品可以提升免疫力並顧及支氣管健康，但尚未吃完。
    4) 客戶曾購買骨關節保健品，並提到果酵素粉和魚油。
    5) 客戶表示有在服用益氣養神膏，但目前暫時停用，因為服用後會有拉肚子的情況。
    6) 客戶提到她先生很少吃之前購買的保健食品。

5. 禁忌
    1) 客戶表示目前不需要幹細胞產品，並提到家裡已有兩箱相關產品。
    2) 客戶提到她的女兒建議不要吃太多種類的保健品，只吃一種即可。
    3) 客戶表示醫生建議她先生不要吃其他保健食品，因為已經服用很多藥物。
    4) 客戶表示對演唱會、戲劇表演等娛樂活動以及藝術品投資和理財活動沒有興趣。
    5) 客戶不喜歡忙碌的過年時候，並要求節假日不要送貨。",1
29247466,"1. 家庭關係
    1) 客戶有三個子女，其中一名小孩目前就讀小六。
    2) 客戶的先生曾在大公司上班，後來自己創業，客戶協助經營業務。
    3) 客戶和媽媽住在不同地方，會分開使用燕窩產品。
    4) 客戶的孩子偶爾會與她一起睡。
    5) 客戶提到家人聚餐的費用每次超過三千元，一年大約有三次。

2. 健康狀況
    1) 客戶目前體重43公斤，屬於偏瘦，最佳體重為45公斤，無減重需求。
    2) 客戶提到肝臟不好，臉色偏黃，並希望改善健康狀況。
    3) 客戶有敏感肌膚，某些美容油會引起不適反應，例如長肉芽。
    4) 客戶曾有痘痘和粉刺的困擾，並考慮使用修復性產品。
    5) 客戶的兒子目前身體不適，正在看皮膚科，醫生建議暫停某些產品以找出過敏源。

3. 職業背景
    1) 客戶從事與科技公司相關的器材銷售，主要客戶包括台積電等大型公司。
    2) 客戶的公司使用國外原廠設備，並從台灣分公司購買。
    3) 客戶的公司在創業初期經歷了三到五年的艱難時期，後來逐漸穩定發展。
    4) 客戶提到公司需要技術型人才，但年輕人不願意吃苦，導致人才缺口。
    5) 客戶需要兼顧家庭和公司，長期壓力較大。

4. 健康食品使用心得
    1) 客戶有服用幹細胞活泉產品，每天早上飯後服用一顆，感覺效果不錯。
    2) 客戶有服用葉黃素膠囊，每天一顆，並提到小孩也有食用葉黃素。
    3) 客戶曾使用果膠膠囊長達五年，認為其對體重維持效果良好。
    4) 客戶每天早晚各吃一次燕窩，認為適合保養需求，並提到金箔燕窩在壓力大時能改善睡眠品質。
    5) 客戶每天早上飲用膠原蛋白產品，感受到活力效果，但晚上飲用會有利尿現象。
    6) 客戶有使用益生菌，家中尚有存貨，並提到益生菌對腸胃有幫助。
    7) 客戶曾購買牛樟芝、鱸魚精、花旗蔘等保健品，對其功效有所了解。
    8) 客戶認為健康食品能提升免疫力，對肝臟有保養效果。
    9) 客戶不喜歡粉狀保健食品，偏好膠囊類產品。

5. 禁忌
    1) 客戶擔心保健品影響睡眠，認為過中午服用可能導致失眠，建議早上飯後服用。
    2) 客戶的小孩不喜歡粉狀的葉黃素，且不敢吞膠囊。
    3) 客戶不喜歡大罐的燕窩產品，認為開封後容易不新鮮。
    4) 客戶的肌膚對某些美容油和保養品吸收不良，可能引起不適。",1
29355324,"1. 家庭關係
    1) 客戶提到家裡有人加班時不在家。

2. 健康狀況
    1) 客戶提到自己有敏感肌。
    2) 客戶提到自己膝蓋有問題，並有摔倒過。
    3) 客戶提到自己容易勞累。
    4) 客戶提到自己感冒過。
    5) 客戶提到腸道不習慣桿菌，可能需要一到三個月的適應期。

3. 職業背景
    1) 未提及具體職業背景。

4. 健康食品使用心得
    1) 客戶提到有補充鹿茸心。
    2) 客戶曾購買過華陀品牌的葉黃素膠囊三次，表示非常喜歡該產品，並提到葉黃素的價格和優惠。
    3) 客戶提到購買過華陀品牌的益生菌產品，並提到益生菌是為了排便，且需要兩到三天吃一次，已經到貨。
    4) 客戶提到之前購買過廖家儀的膠原珍珠粉和益生菌。
    5) 客戶提到上次購買了益生菌和高鼓勵，分別花費了四千多和兩千多元。
    6) 客戶提到自己吃完飯後有在吃倍护关節產品。
    7) 客戶提到華陀龜鹿補膠囊經常缺貨。
    8) 客戶對美白產品妍美会感到非常滿意。

5. 禁忌
    1) 客戶表示不喜歡使用很多瓶瓶罐罐的產品。",1
29374716,"1. 家庭關係
    1) 客戶有三個小孩，其中一個孩子即將上高中。
    2) 客戶的先生已過世兩年，過去曾陪她喝酒，但只沾一點點酒。
    3) 現在家裡大部分事情由小孩處理，家庭生活安全，颱風天不會外出。

2. 健康狀況
    1) 客戶肝功能不好，吸收能力較差，醫生建議她避免食用某些產品。
    2) 去年進行了一次心臟小手術，目前健康狀況穩定。
    3) 客戶每天在床上進行適合自己的運動，並且上了年紀後注重多跑多走。
    4) 客戶現在比較不敢喝酒，偶爾喝一點紅酒，並已戒酒。

3. 職業背景
    1) 客戶未提及具體職業背景，但表示自己通常在家附近的利仁品牌店購買商品，因為距離較近。
    2) 客戶提到自己有一個好朋友，與資生堂相關。

4. 健康食品使用心得
    1) 客戶保持每天吃蘋果的習慣好幾年，喜歡小顆蘋果，認為容易吃完，並直接啃蘋果不使用工具。
    2) 客戶常以水果作為早餐，並每天固定吃青菜，會慢慢吃木瓜。
    3) 家裡有很多杏仁粉和芝麻粉，但吃不完。
    4) 客戶不吃魚油，並且吃任何東西前都會先詢問醫生意見。

5. 禁忌
    1) 客戶不隨便喝酒，並已戒酒。
    2) 客戶避免食用某些產品，遵循醫生建議。",1
29399482,"1. 家庭關係
    1) 客戶有一個兒子和兩個女兒，其中兒子已經結婚。
    2) 客戶的兩個小孩不與她同住，一個在台南，另一個在澳洲。
    3) 客戶的兒子曾協助她掛號，媳婦會陪同她前往台北進行體檢。

2. 健康狀況
    1) 客戶目前體重60公斤，身高160公分，曾最胖時達65公斤。
    2) 客戶目前沒有三高問題，身體狀況尚可，但肺部指數偏高，醫生建議進一步檢查。
    3) 客戶曾檢查出子宮肌瘤，胸部狀況不佳，並曾掛婦科檢查。
    4) 客戶有風濕關節炎，並提到過程中不能常用類固醇。
    5) 客戶曾有胃食道逆流問題，但透過保健食品改善。
    6) 客戶每年進行健康檢查，包括抽血檢查，結果通常正常。
    7) 客戶將於9月22日和10月20日回醫院檢查，並計劃進行大腸癌檢測和乳房攝影檢查。
    8) 客戶表示身體狀況很差，但每天認真服用保健品。

3. 職業背景
    1) 客戶從事服務業，類似餐飲或蔬果相關工作，營業時間為早上7點到中午12點，下午5點到晚上9點，工作時間彈性。
    2) 客戶六日工作較忙，平日有時休息到下午。

4. 健康食品使用心得
    1) 客戶購買過多種保健食品，包括蚓激酶、倍護、龜鹿膏、幹細胞產品、粒線體安瓶、顧骨頭產品等，部分尚未使用完。
    2) 客戶認為幹細胞與粒線體產品不能一起食用，曾因幹細胞產品出現皮膚泛紅不適。
    3) 客戶每天早上起床後會喝一瓶保健品，並提到目前喝到一半。
    4) 客戶對高價保健食品興趣減少，偏好素食相關的大瓶產品。
    5) 客戶曾購買過華陀品牌產品，對某品牌玻璃瓶飲品效果良好，但對東森化妝品不適應，使用後皮膚會爆掉。

5. 禁忌
    1) 客戶不喜歡台灣分裝商品，偏好原裝進口。
    2) 客戶未曾食用膠囊類型保健食品。
    3) 客戶不會搭捷運，選擇搭計程車出行。
    4) 客戶認為頭髮和頭皮不需要每天清洗，現在不再每天洗頭。
    5) 客戶避免常用類固醇，認為可能對健康有影響。",1
29580366,"1. 家庭關係
    1) 客戶有兩個小孩，其中一個女兒在台北上班，另一個女兒目前就讀大三。
    2) 客戶曾為女兒購買葉黃素，但目前家中有三盒葉黃素未使用，且她和家人都不使用。

2. 健康狀況
    1) 客戶平時沒有吃保健食品的習慣。
    2) 客戶喜歡小酌。

3. 職業背景
    1) 客戶目前55歲，從事照顧腎臟有問題的小孩的工作。
    2) 客戶一天的工作時間約為八到九個小時，目前仍在上班。

4. 健康食品使用心得
    1) 客戶曾購買並使用過多種膠原蛋白產品，包括大江生醫的液態膠原蛋白、海洋膠原飲及其他針對關節保養的膠原蛋白產品，並表示使用後有感，且對大江生醫的液態膠原蛋白口感表示滿意。
    2) 客戶曾購買過葉黃素產品，包括妍美会的葉黃素，但尚未吃完，且葉黃素主要是為女兒購買，自己並未食用。

5. 禁忌
    1) 客戶表示購買東西會比較謹慎。
    2) 客戶平時不化妝，也不使用保養品。",1
29635578,"1. 家庭關係
    1) 未提及相關內容。

2. 健康狀況
    1) 客戶已滿56歲，並提到自己有飛蚊症。
    2) 客戶目前有葉黃素需求，但尚未持有相關產品。

3. 職業背景
    1) 客戶從事保健食品銷售事業。
    2) 客戶也從事美容相關工作，並提到自己製作保養品。

4. 健康食品使用心得
    1) 客戶有習慣使用特定品牌的保健食品，並提到其保健食品為日本進口。
    2) 客戶有在食用葉黃素、B群及維生素D3，並已收到12盒葉黃素產品。
    3) 客戶曾購買一套葉黃素產品，對其有需求。

5. 禁忌
    1) 客戶表示目前沒有購物需求，且不需要再購買保養品。
    2) 客戶對生活中使用優惠券折抵的物品不感興趣。",1
29693467,"1. 家庭關係
    1) 客戶目前與家人沒有住在一起，但經常回去看望女兒。
    2) 客戶有一位女兒，二十多歲，身高156公分，體重41公斤，注重保持身材，對美容產品和醫美感興趣，曾打過玻尿酸和割雙眼皮。
    3) 客戶的先生是工程師，現為管理職，壓力不大，生活輕鬆，常去看望父母，並不急於退休。
    4) 客戶的母親已往生，父母曾有高血壓，家人體質偏瘦。
    5) 客戶有兩個哥哥，其中一位已退休，平日與客戶同住，週末回其他地方，另一位的配偶因癌症已往生。

2. 健康狀況
    1) 客戶有子宮肌瘤，腸胃不佳，曾有燥熱、盜汗、拉肚子等更年期症狀，並對荷爾蒙療法持謹慎態度，選擇看中醫。
    2) 客戶骨密度下降，從負0.5降至負1.1，鈣質流失較快，且有白頭髮、視力退化、血糖偏高等問題。
    3) 客戶不喜歡使用西藥，尤其是強效藥物，擔心副作用，並對安眠藥持排斥態度。
    4) 客戶有時候會吃素，並多吃蔬菜水果，避免過量攝取肉類和植物性荷爾蒙食物。
    5) 客戶最近感冒，懷疑是否為流感，並有拉肚子情況。

3. 職業背景
    1) 客戶以前是一般辦公室行政人員，目前沒有在上班。
    2) 客戶的先生是工程師，現為管理職，壓力不大，生活較為輕鬆。

4. 健康食品使用心得
    1) 客戶每天服用芝麻明E、葉黃素、綜合維他命、鈣片等保健食品，對發泡錠效果滿意，但對粒線體產品效果存疑。
    2) 客戶曾使用白藜蘆醇、鹿胎盤、蚓激酶、燕窩等產品，對部分產品效果不明顯，對華陀產品效果持懷疑態度。
    3) 客戶對時空膠囊產品效果滿意，認為臉頰和脖子使用效果不錯，且不需使用多種產品。
    4) 客戶對產品的甜度和建議劑量有疑慮，擔心過量或含糖量過高。
    5) 客戶對珍珠鹿角鈣的功效感興趣，並詢問保存方式。

5. 禁忌
    1) 客戶不喜歡空腹服用保健食品，對藥物較為敏感，且不喜歡使用西藥。
    2) 客戶對於侵入性醫美和荷爾蒙療法持保留態度，選擇中醫調理。",1
29725112,"1. 家庭關係
    1) 客戶與家人同住，家中有小朋友和年長者需要照顧。
    2) 客戶有兩個孩子，一個住在南部，一個住在北部，兒子會回來探望。
    3) 客戶有一對雙胞胎孫子，一男一女。
    4) 客戶的妹妹和妹婿曾幫她帶商品，媳婦的媽媽也有保健需求。
    5) 客戶提到她的阿姨可能很忙。

2. 健康狀況
    1) 客戶年齡超過65歲，患有三高（高血壓、高血糖、高血脂）及胃炎，並有膝蓋需要調理。
    2) 客戶長期使用拐杖，並有骨頭和關節保養需求。
    3) 客戶不太習慣西醫的治療方式，健康檢查頻率不定期。
    4) 客戶提到感冒不容易發生，可能與保健食品的使用有關。

3. 職業背景
    1) 客戶目前沒有在上班，曾提到有進行理財。
    2) 客戶表示手頭較緊，每月個人開銷約在5000到10000元之間。

4. 健康食品使用心得
    1) 客戶長期食用鴕鳥龜鹿精，感覺效果不錯，認為有助於保養骨頭和關節，並提到感冒不容易發生。
    2) 客戶每天食用鴕鳥龜鹿精，有時一天一瓶，有時一瓶分兩天喝。
    3) 客戶早晚各服用兩顆幹細胞產品，有時因時間問題改為下午空腹服用。
    4) 客戶使用葉黃素、B群、台鹽生技膠原產品及珍珠鹿角鈣等保健食品。
    5) 客戶曾購買台酒青春露及自然美安瓶產品，但對後者效果不明顯。

5. 禁忌
    1) 客戶不太習慣西醫治療方式，偏好使用保健食品。
    2) 客戶提到某些產品的味道不太適合。",1
29736086,"1. 家庭關係
    1) 客戶提到家中有看護協助，並申請了長照服務，認為這樣比較輕鬆方便。
    2) 客戶的先生是醫生，但不喜歡她喝某些產品或吃太多保健食品。
    3) 客戶提到兒子在某地，但未明確提及是否與其同住。
    4) 客戶曾回高雄，家人接她回去住了幾天。

2. 健康狀況
    1) 客戶因受傷導致行動不便，目前使用助行器輔助行走，並提到骨頭斷裂後需要時間恢復。
    2) 客戶提到骨質流失，骨頭較脆弱，且膠原蛋白流失了全身的三分之一。
    3) 客戶的傷口癒合狀況不佳，醫生建議目前什麼都不要吃，因為骨頭尚未完全癒合。
    4) 客戶有乾眼症，並提到體重有波動，最近胖了15公斤，但也曾減少1到2公斤。
    5) 客戶運動量較少，但有固定運動。
    6) 客戶有服用醫院開的藥物。

3. 職業背景
    1) 客戶未提及具體職業背景，但提到有購買美國公債和台積電股票，並計劃長期持有。

4. 健康食品使用心得
    1) 客戶有服用多種保健食品，包括日華保健食品、三紅類型保健食品、萬歲牌的血信保產品、紐西蘭魚油、膠原蛋白（自製）、秘魯可納、華陀的枸杞汁等，並認為部分產品效果不錯。
    2) 客戶早上起床後會喝一瓶飲品，如菩提書或補體素，並搭配半杯牛奶和兩顆白蘭氏雞精錠。
    3) 客戶提到使用玻尿酸飲品和鱸魚、鮭魚來補充營養。
    4) 客戶認為秘魯可納產品效果顯著，早上起來會直接倒入口中後喝水。
    5) 客戶提到華齊堂的燕窩產品，並已購買多盒作為送禮用途。

5. 禁忌
    1) 客戶提到不能天天吃某些保健品，可能是擔心對身體的影響。
    2) 客戶不吃牛肉，並對純亞麻材質的衣物有顧慮，認為容易起皺且較重。
    3) 客戶不喜歡穿太緊的衣服，並表示目前不能穿太緊的衣物。
    4) 客戶不出門時不使用防曬產品，且不喜歡追逐潮流。
    5) 客戶提到家中有參片，但不吃參片。",1
29755279,"1. 家庭關係
    1) 客戶有一位先生，目前有感冒，並曾接受人工膝關節手術和PRP治療，現自行進行復健。
    2) 客戶與大哥關係密切，經常一起食用保健品。
    3) 客戶家中沒有養寵物，曾將不需要的寵物用品送給朋友。
    4) 客戶表示只有一個小孩。

2. 健康狀況
    1) 客戶健康狀況良好，體檢結果顯示身體年齡比實際年齡年輕十歲。
    2) 客戶每天服用多種保健品，包括褐藻、葉黃素、幹細胞、粒線體產品等，並認為目前的攝取量已經足夠。
    3) 客戶不打流感疫苗，因為身體不適，曾因接種疫苗感到不適而停止。
    4) 客戶不太愛喝水，並且不喜歡喝鱸魚精、人參精等產品。
    5) 客戶有進行普通健康檢查。

3. 職業背景
    1) 客戶目前從事施工服務工作。
    2) 客戶有參與志工活動，因而無法參加部分活動。

4. 健康食品使用心得
    1) 客戶持續食用褐藻、葉黃素、綠蜂膠等保健食品，認為葉黃素對眼睛不容易乾澀和疲勞有幫助，並提到褐藻和葉黃素具有抗氧化效果。
    2) 客戶對於幹細胞產品的效果沒有特別感受，並且家中仍有存貨。
    3) 客戶曾經食用過固力申、三色利賣等產品，但效果不明顯，部分產品未食用完。
    4) 客戶對於保健食品的食用方式有疑問，專員建議果凍狀產品飯後食用，米錯胜肽產品飯後幫助吸收，益生菌產品避免用熱水沖泡。
    5) 客戶不再食用魚油，認為攝取的保健品已經足夠。

5. 禁忌
    1) 客戶不喜歡鱸魚精、人參精等產品，並表示不需要這些作為禮物。
    2) 客戶對於面膜產品不感興趣，通常是別人送的，並表示不需要使用。
    3) 客戶對於參加演唱會、做臉活動、房產類型直播等活動不感興趣。
    4) 客戶對於禮物偏好實用性，認為家樂福現金券更實用。
    5) 客戶不喜歡參加父親節活動，對高檔餐廳用餐也不感興趣。",1
29781313,"1. 家庭關係
    1) 客戶住在苗栗，家中房子是父母購買後交給他，已有十年以上的歷史。
    2) 客戶的哥哥仍住在同一地區，且有聯絡。
    3) 客戶提到朋友在外面，並計劃與朋友一起前往日本東北旅遊。

2. 健康狀況
    1) 客戶71歲，曾罹患大腸癌第三期，接受過化療，期間曾掉頭髮。
    2) 客戶患有糖尿病，需注意飲食控制，並有血糖問題，但血糖控制良好。
    3) 客戶提到有胃腸狀況，但表示還好，肝腎狀況良好，每三個月檢查一次。
    4) 客戶表示目前健康狀況良好，抽血報告正常，並未檢查腎絲球指數。
    5) 客戶每年接種流感疫苗，並接種過肺炎鏈球菌疫苗。

3. 職業背景
    1) 客戶表示自己在57歲時退休。
    2) 客戶提到目前在家中，平時吃東西多為自己煮，日用品主要在好市多購買。

4. 健康食品使用心得
    1) 客戶目前服用多種保健食品，包括香檳茸（每三天一瓶，味道濃郁，家中尚有兩盒存量）、褐藻糖膠（尚未感受到明顯效果，疫情期間曾購買，血糖控制良好無需過多服用，計劃旅遊時攜帶備用）、葉黃素、B群錠（計劃購買六瓶，會慢慢服用）、益生菌（感興趣，詢問相關資訊）、山苦瓜（降血糖）、粒線體保健食品（持續服用一年）、魚油（曾服用但不常用，目前不打算再購買）及蚓激酶（目前有五盒存量，下午服用，但不再每天服用）。
    2) 客戶曾購買白蘭氏保健食品及自然美產品，對白蘭氏魚油的配送時間有過不滿。

5. 禁忌
    1) 客戶不喝酒、不抽菸、不吃辣，無法接受重慶的辣味飲食。
    2) 客戶不喜歡喝咖啡，認為越南咖啡普通。",1
29792799,"1. 家庭關係
    1) 客戶未提及家庭成員相關資訊。
    2) 客戶提到自己沒有養寵物。

2. 健康狀況
    1) 未提供相關健康狀況資訊。

3. 職業背景
    1) 未提供相關職業背景資訊。

4. 健康食品使用心得
    1) 未提供相關健康食品使用心得。

5. 禁忌
    1) 未提供相關禁忌資訊。",1
29802018,"1. 家庭關係
    1) 客戶提到她的妹妹與新泰有關係。

2. 健康狀況
    1) 客戶提到她壓力很大。
    2) 客戶提到有靜脈曲張的問題。
    3) 客戶提到醫生，可能與健康狀況相關。

3. 職業背景
    1) 未提及具體職業背景。

4. 健康食品使用心得
    1) 客戶每天食用兩顆膠囊，可能為健康食品。

5. 禁忌
    1) 客戶不愛用洗髮露和洗衣球，認為不乾淨。",1
29807936,"1. 家庭關係
    1) 未提及具體家庭成員或關係。

2. 健康狀況
    1) 客戶提到自己本來就睡不夠，但很喜歡睡覺，認為睡覺是一種享受。
    2) 客戶表示沒有腳痛或骨頭痛的問題。

3. 職業背景
    1) 客戶是東森的VIP客戶，退貨率很低。
    2) 客戶曾透過語音購物購買產品，對購物活動的服務感到不滿，認為自己符合條件卻被告知不符合。

4. 健康食品使用心得
    1) 客戶目前擁有多種保健食品，包括綜合維他命、維他命B群、華陀產品、人蔘產品、龜鹿二仙膠、鹿胎盤產品及日安完美保健食品，但有些已過期或尚未食用。
    2) 客戶曾使用過幹細胞保健食品，但感覺效果不明顯，因此不再使用。
    3) 客戶認為吃太多保健食品對健康不好，並且目前兩到三天才服用一次保健品，且交換著吃以減少肝腎負擔。
    4) 客戶偏好自然食物，對保健品興趣不大，認為食用保健品麻煩。
    5) 客戶曾購買過醇萃飲，喝後會感到想睡覺，並表示兩三天喝一次。

5. 禁忌
    1) 客戶不會再花錢購買化妝品，因為之前購買的化妝品都被放到壞掉。
    2) 客戶不需要額外購買B群，因為手邊已有足夠存量。
    3) 客戶不會主動購買保健品，認為自然食物更好。
    4) 客戶不需要購買新的洗髮精，因為家中存量充足。
    5) 客戶偏好簡單的購物方式，不喜歡繁瑣的操作，並習慣選擇貨到付款。",1
29810623,"1. 家庭關係
    1) 客戶與家人同住，但未與小孩同住。
    2) 客戶的孩子能自給自足，兒子是消防人員，屬於公務人員，且每天運動健身兩小時。
    3) 客戶的兒子有玩股票，金額達到幾百萬，並且最近每月出國旅遊。
    4) 客戶的孫子目前三年級，有時需要她照顧。
    5) 客戶計劃下個月與兒子和媳婦一同前往韓國自由行。

2. 健康狀況
    1) 客戶有胃食道逆流問題，脖子常常痠痛，且有便秘情況，通常需要四到五天才排便。
    2) 客戶的骨密度檢查結果正常，腰圍約七十公分以上，對體態不滿意。
    3) 客戶挑食，不吃牛肉和海鮮，不喝牛奶，且不喜歡含奶類甜點。
    4) 客戶不能喝咖啡，因為會導致胃不舒服和頭暈。
    5) 客戶有白頭髮，並表示毛病仍然存在。
    6) 客戶每年會安排全身健康檢查。

3. 職業背景
    1) 客戶目前沒有固定工作，但偶爾上班。
    2) 客戶曾提到郵局人員的職業。

4. 健康食品使用心得
    1) 客戶每天服用益生菌，改善腸道健康，排便時間縮短至兩到三天一次。
    2) 客戶曾服用紅麴膠囊以降低膽固醇，效果良好。
    3) 客戶目前服用幹細胞產品，每天一顆，認為其功能相當於三顆的效果，但曾出現頭暈及臉紅等不適反應。
    4) 客戶曾購買葉黃素，認為對長時間使用電腦或觀看螢幕的人是必要的保健品。
    5) 客戶使用酵素產品後，排便情況有所改善。
    6) 客戶曾購買氨基酸產品，但覺得難喝，且使用兩個月後未感到效果。
    7) 客戶曾購買幹細胞膠囊和激活再生安瓶，但未感受到明顯效果。
    8) 客戶認為某些保健品價格昂貴且效果不佳。

5. 禁忌
    1) 客戶不喜歡吞膠囊，且認為膠囊效果不顯著。
    2) 客戶不喜歡甜點，尤其是含奶類的甜點，並且不敢吃奶類食品。
    3) 客戶不能喝咖啡，因為會導致胃不舒服和頭暈。
    4) 客戶對調和油過敏，曾出現皮膚紅腫和癢的情況。
    5) 客戶不喜歡超過保健品的有效期限使用，偏好在期限內消耗完畢。",1
29822700,"1. 家庭關係
    1) 客戶目前是單身，未婚且無子女，形容自己為孤單老人。
    2) 客戶的二哥即將出院，曾在亞東醫院接受微創手術，家族中有心血管疾病的遺傳問題。
    3) 客戶的姐姐最近需要進行心臟手術，姐姐的兒子是醫生。
    4) 客戶的妹妹曾因心肌梗塞住院。
    5) 客戶的兒子目前住在大陸，每月回來一次，最近在看房子，考慮換大一點的房子。
    6) 客戶提到家中兄弟姐妹多數支持國民黨，家中有公務員。

2. 健康狀況
    1) 客戶有高血壓，糖化血色素偏高（6.0左右），空腹血糖偏高（110），三酸甘油酯（107），尿酸（5.0），低密度膽固醇（70），腎絲球過濾率（72）。
    2) 客戶提到髖關節狀況差不多，沒有改善，並且年紀大了體力下降，較少進行激烈運動。
    3) 客戶每天抽一包菸，幾乎每餐吃兩碗飯，但不會吃太油膩的食物。
    4) 客戶否認有心率不斷的問題，對安排看權威醫生的綠色通道不感興趣，認為自己的狀況還好。

3. 職業背景
    1) 客戶目前已退休，曾經購買過房產，但已經賣掉。
    2) 客戶提到自己是71歲的男性，形容自己為孤單老人。

4. 健康食品使用心得
    1) 客戶有服用多種保健品，包括蚓激酶、酵素、益生菌、褐藻產品、丹蔘產品、氨基酸產品、粒線體產品、龜鹿產品、活泉幹細胞產品、華陀產品等。
    2) 客戶每天服用完美體粉色膠囊，原本一天吃兩次，現在改為一天一次。
    3) 客戶對律動儀的效果表示認可，偶爾每天使用。
    4) 客戶對保健品的態度是覺得不需要購買太多，認為有些產品用量少，甚至過期未使用。
    5) 客戶對保健品的味道沒有特別偏好，但不喜歡靈芝產品，認為其硬度高且不服貼。
    6) 客戶對於粒線體激活產品有一定了解，但尚未開始使用。
    7) 客戶每天大約吃兩次益生菌，使用兩種不同的益生菌產品。
    8) 客戶對於健康講座和伴手禮表示滿意，並有參加心血管健康講座的經驗。

5. 禁忌
    1) 客戶不喜歡出國旅遊，覺得出國太麻煩，較喜歡待在台灣。
    2) 客戶對於購買商品的興趣減少，認為購買的東西對自己沒有太大用處。
    3) 客戶對於護膚產品不太感興趣，買了也懶得使用。
    4) 客戶對於捐贈活動持保留態度，對動物協會的信任度不高。
    5) 客戶對於購買高價背心持保留態度，認為一般市面上便宜的背心已經足夠好用。
    6) 客戶不常使用ATM，並且已經很久沒用。
    7) 客戶不太注重生日，隨便過就好。",1
29849631,"1. 家庭關係
    1) 客戶與女兒一起居住。

2. 健康狀況
    1) 客戶未提及具體健康問題。
    2) 客戶表示她沒有吃保健品的習慣。

3. 職業背景
    1) 未提及具體職業背景。

4. 健康食品使用心得
    1) 客戶表示之前購買參片是用來送人，並非自用。
    2) 客戶提到她沒有食用保健品的習慣。

5. 禁忌
    1) 客戶未提及具體禁忌。",1
29875551,"1. 家庭關係
    1) 客戶的兒子目前居住在美國。
    2) 客戶提到家裡很忙。

2. 健康狀況
    1) 客戶年齡為77歲。
    2) 客戶平時的活動僅限於在住家附近走路。

3. 職業背景
    1) 無相關資訊提及。

4. 健康食品使用心得
    1) 客戶有在食用澳洲品牌的葉黃素，但並非每天服用，而是想到時才會服用。
    2) 客戶目前還有四到五瓶葉黃素存貨。
    3) 客戶提到保健品是由他的兒子從美國購買回來。

5. 禁忌
    1) 客戶提到他沒有在吃其他保健保養品。
    2) 客戶目前沒有計劃使用專案紅利點數購買商品。",1
29905623,"1. 家庭關係
    1) 客戶與丈夫結婚多年，感情穩定，丈夫每月有兩萬多元退休金，且很顧家，會將出國費用省給客戶使用。
    2) 客戶有四個小孩，兒子和女兒都已成年，兒子每月收入約四萬五千元，女兒在北部醫院工作，準備考取麻醉專科護理師執照，女兒性格獨立，住在宿舍，喜歡自己一個人住。
    3) 客戶的兒子和女兒會給她每月三千六百元，兒子有女朋友，女兒目前沒有男朋友。
    4) 客戶的家庭成員生活簡樸，家人之間關係和睦，偶爾會一起吃飯或旅行。

2. 健康狀況
    1) 客戶有心臟問題、腎結石、靜脈曲張、低血壓、頭暈、胃腸不適、白內障和膝蓋不適等健康問題，並有大腸息肉已切除。
    2) 客戶體重過重，曾被建議減重，但對減肥效果感到無奈，並提到自己不忌口。
    3) 客戶有服用安眠藥和其他藥物，並計劃進行健康檢查，對結果感到擔憂。
    4) 客戶家族有癌症病史，女兒每週進行健康檢查，特別關注大腸癌。

3. 職業背景
    1) 客戶曾在小型醫院和中醫診所擔任掛號和配藥工作。
    2) 客戶的兒子在技術行業工作，收入穩定，女兒則從事醫療行業，工作壓力大，考慮轉換醫院。

4. 健康食品使用心得
    1) 客戶每天服用紅景天，認為對心臟有幫助，但覺得價格昂貴，會節省使用。
    2) 客戶曾服用B群、鈣片、玻尿酸等保健品，但對效果持懷疑態度，並表示不會再購買。
    3) 客戶不喜歡益生菌、發泡錠、魚油等產品，認為效果不明顯或不適合自己。
    4) 客戶目前減少保健品的消費，儘量減少服用藥物和健康食品。

5. 禁忌
    1) 客戶不吃牛肉、羊肉、螃蟹、燒烤、油膩食物及某些零食，認為這些食物不健康或不合口味。
    2) 客戶不喜歡敷面膜、使用防曬產品和膠原蛋白產品，認為這些產品黏膩或效果不佳。
    3) 客戶不喜歡長時間飛行、寒冷的地方和自由行，偏好規劃好的行程。
    4) 客戶不喜歡與陌生人同住，對於退貨和購買昂貴物品持謹慎態度。",1
29913448,"1. 家庭關係
    1) 客戶目前與母親同住，房子為母親所有，母親因車禍導致腦部受傷，影響記憶力及行動能力，並有高血壓、肌少症及吞咽困難等健康問題。
    2) 客戶有一位妹妹，妹妹的女兒住在家中，妹妹的女兒皮膚乾燥且容易癢，需使用保濕產品。
    3) 客戶的姐姐長期吃素，導致肌少症和吞咽困難，並面臨金錢壓力。
    4) 客戶的弟弟從事物流相關工作，需開車，並有過敏、鼻息肉及扁桃腺問題。
    5) 客戶的女兒目前住外面，已習慣住宿生活，每兩週回家一次，學校注重國學和國際化教育。
    6) 客戶的阿姨曾患胃癌，因年紀大未能開刀，後續進行化療，並有財產繼承問題。

2. 健康狀況
    1) 客戶有高度近視及飛蚊症，並每天服用葉黃素保養眼睛。
    2) 客戶的胃不好，容易胃食道逆流，曾使用中藥調理，並調整飲食習慣以減少胃部負擔。
    3) 客戶表示自己沒有三高問題，但有骨頭相關不適。
    4) 客戶的皮膚和眼睛乾燥，會使用玻尿酸和膠原蛋白產品補充水分。
    5) 客戶的母親有肺部痰多、高血壓及代謝問題，且不喜歡油膩飲品。

3. 職業背景
    1) 客戶目前從事科技相關工作，工作型態為夜班，經常加班，工作時間長達12小時，屬於責任制。
    2) 客戶的公司正在進行新廠建設，並可能調派員工至高雄工作。

4. 健康食品使用心得
    1) 客戶每天服用葉黃素、幹細胞產品及粒線體產品，認為有助於健康。
    2) 客戶曾服用胎盤素、三加一酵素、蚓激酶、褐藻糖膠、再生安瓶等保健食品，並對其效果表示滿意。
    3) 客戶的母親和妹妹有飲用粒線體產品，並認為效果良好。
    4) 客戶在旅遊時會攜帶益生菌以幫助腸胃健康。

5. 禁忌
    1) 客戶不喜歡吃軟的食物，且平常不愛喝水。
    2) 客戶的姐姐因宗教原因只吃素食，並避免含有動物膠囊或葷食成分的食品。
    3) 客戶的母親不喜歡油膩感的飲品。
    4) 客戶曾因攜帶充電寶被海關沒收，對此需注意。",1
29921738,"1. 家庭關係
    1) 客戶有太太和小孩，女兒目前在新加坡，過年期間曾回國進行三天兩夜的國內旅遊。
    2) 客戶提到太太喜歡港式飲茶，並表示太太感冒兩個禮拜，擔心傳染給自己。
    3) 客戶提到太太因手臂五十肩抬不起來，需由客戶負責炒菜。
    4) 客戶每月固定給太太一定金額，避免太太開口向他拿錢，並會與太太討論購買保健品的事宜。

2. 健康狀況
    1) 客戶曾動過腸道手術處理癌細胞，目前在追蹤治療，並表示醫生建議不要亂吃中藥，例如當歸，避免補充癌細胞。
    2) 客戶有青光眼、白內障及飛蚊症，並考慮服用葉黃素改善症狀。
    3) 客戶曾有三高問題，但透過運動已改善，檢查結果顯示指數正常。
    4) 客戶血壓稍微偏高，並有膝蓋周邊緊繃及筋膜緊張的情況。
    5) 客戶提到喉嚨癢癢的症狀已接近痊癒，並表示年紀大了有眼睛的毛病。

3. 職業背景
    1) 客戶目前仍在工作，曾擔任財務主管，工作地點在南區，並表示工作非常忙碌，早上和下午都人員爆滿。
    2) 客戶曾連續工作八個月，晚上回家時間為十點或十一點，且週末也工作，影響家庭生活。
    3) 客戶預計約十八個月後退休，期待退休後能過簡單的生活，例如買菜、做飯。
    4) 客戶表示公司換了新董事長，工作量增加，並需搬辦公室。

4. 健康食品使用心得
    1) 客戶目前服用葉黃素，每天服用兩顆，並表示眼睛變得比較亮，白內障問題有所改善。
    2) 客戶曾購買益生菌，主要由太太食用，並表示益生菌口感像糖果粉，成分中含有寡醣。
    3) 客戶曾購買東森的保健食品，但因口感太甜且效果不佳，後來丟棄未再使用。
    4) 客戶提到服用B群後小便顏色變黃，並了解保健品需與西藥間隔一個半小時服用。

5. 禁忌
    1) 客戶避免亂吃中藥，例如當歸，因醫生建議避免補充癌細胞。
    2) 客戶目前很少吃甜食，少吃辣椒醬、胡椒醬、沙茶醬等調味品，並早睡以維持健康。",1
29980127,"1. 家庭關係
    1) 客戶有三個子女，其中一位小兒子需要加班，客戶偶爾會幫忙照顧小孩。
    2) 客戶家中有孫子，且孫子已經開始學走路。
    3) 客戶的太太平日會購買正官庄的保健品，並且負責帶小孩，家庭沒有保姆。
    4) 客戶的父母通常去台大醫院處理健康相關事宜，且父母沒有吃保養品的需求。
    5) 客戶家中有寵物狗，平時餵食雞腿肉作為晚餐，並固定給寵物吃特定產品。

2. 健康狀況
    1) 客戶63歲，已購買醫療險，並提到銀行有提供健康檢查服務。
    2) 客戶表示睡眠品質有所提升，晚上較少起床上廁所。
    3) 客戶提到最近比較忙，未進行健康檢查，健康檢查的安排不一定，可能每年一次。
    4) 客戶表示自己沒有在健身運動，並提到不會吃太多食物。
    5) 客戶認為不管怎樣都需要看醫生。

3. 職業背景
    1) 客戶目前正在工作，工作範圍不大，屬於個人工作性質。
    2) 客戶提到自己即將退休，並有勞保年金。
    3) 客戶目前在工廠工作，並提到曾購買一台價值十八萬的機器，使用至今已有四十多年。

4. 健康食品使用心得
    1) 客戶曾購買過多種保健品，包括葉黃素、枸杞汁、鴕鳥精、華陀保健品、B群、益生菌、甲魚蛋白粉等，部分尚未吃完。
    2) 客戶每天睡前服用兩顆蚓激酶，並表示枸杞汁和甲魚蛋白粉效果不錯，但對華陀人蔘精的口感不滿意。
    3) 客戶提到葉黃素效果一般，目前存量充足，暫時不需要再購買。
    4) 客戶認為吃保養品只是為了心安，並對某些品牌的產品持保留態度。

5. 禁忌
    1) 客戶不敢亂吃保健品，對部分品牌的產品持保留態度。
    2) 客戶家中老人家挑食，不吃某些食物。
    3) 客戶不喜歡毛，對部分產品標示不清楚或產地不符的情況感到不滿，認為有欺騙的感覺。",1
30048883,"1. 家庭關係
    1) 客戶有兒子和媳婦，兒子經常從國外帶面膜回來並幫她購買保健品和日用品。
    2) 客戶的媳婦負責購買家中長輩用品，並處理大部分家務事。
    3) 客戶需要照顧先生，無法經常外出。

2. 健康狀況
    1) 客戶年紀已經八十幾歲，身體狀況尚可。
    2) 客戶每天會進行半小時的步行運動。

3. 職業背景
    1) 客戶提到自己已經在東森購物消費了十年。

4. 健康食品使用心得
    1) 客戶不吃保健品，日常食品由兒子和媳婦購買。
    2) 客戶表示目前不缺物品，對健康食品需求不高。

5. 禁忌
    1) 客戶不會購買再生醫學或幹細胞相關產品。",1
30074337,"1. 家庭關係
    1) 客戶的母親82歲，與大哥和二哥同住，行動不便，患有慢性風濕關節炎、骨骼退化、肌少症、營養不良等健康問題，目前住在醫院接受治療，需康復人員照顧。
    2) 客戶有兩個兒子，其中一位兒子正在當兵，另一位兒子已退伍並在家中，兩人身高均超過170公分。
    3) 客戶家中有兩個小孩，其中一位是高中生，另一位是國小六年級生。
    4) 客戶與家人同住，家中有四人，包含小朋友。
    5) 客戶的丈夫可能有便秘問題，家中有三個男生。

2. 健康狀況
    1) 客戶有胃潰瘍、胃酸問題、輕微胃食道逆流、腸胃道問題，並曾有急性腸胃炎、上吐下瀉等症狀。
    2) 客戶有心臟問題，但未固定服用心臟病藥物，並提到血管脆化。
    3) 客戶有偏頭痛，每月發作1-2次，並有神經痛、蕁麻疹、免疫系統發炎、自律神經失調等問題。
    4) 客戶的皮膚有敏感性，曾因雷射治療出現黑色素沉澱，並有局部癢、臉部紅癢等情況。
    5) 客戶的母親有肺部發炎、腎衰竭、尿多等問題，需住院治療，並有康復需求。

3. 職業背景
    1) 客戶提到她的公司是有限公司且是工程行。
    2) 客戶提到會計事務所，但未明確表示是否在該處工作。

4. 健康食品使用心得
    1) 客戶有服用幹細胞產品、益生菌、氨基酸、B群、葉黃素、維他命C、高蛋白、外米提、褐藻糖膠、蚓激酶等保健食品，並認為部分產品對健康有幫助。
    2) 客戶每天早晚服用幹細胞產品，並提到眉毛重新生長、皮膚改善等效果。
    3) 客戶每天早晚服用益生菌，認為對腸胃有幫助，並曾用益生菌緩解喉嚨癢。
    4) 客戶每天早晚服用外米提，認為對神經痛有改善效果。
    5) 客戶每天早晚服用蚓激酶，認為對痠痛有改善效果。
    6) 客戶曾服用瘦身果凍，減重2公斤，並有飲用氨基酸和B群產品。
    7) 客戶曾購買多種保健食品和保養品，包括金箔燕窩、紅寶石保養品、自然美產品等。

5. 禁忌
    1) 客戶不吃牛肉，食用牛肉後會感到頭暈。
    2) 客戶感冒期間不會食用含人蔘的幹細胞產品。
    3) 客戶的母親無法吞膠囊，需將褐藻膠囊打開混水服用，且因不喜歡苦味而不願服用醫院藥物。
    4) 客戶需避免刺激性食物，並注意胃酸和胃潰瘍問題。",1
30166615,"1. 家庭關係
    1) 客戶的女兒目前在美國。
    2) 客戶的兒子想用保險的方式來保健頭髮。
    3) 客戶提到自己有朋友在美國。
    4) 客戶提到對父母的看法是不要有太多的需求和回報。
    5) 客戶提到自己沒有養寵物。

2. 健康狀況
    1) 客戶剛從醫院出來，進行了手術，目前正在修養，聲音正在恢復，喉嚨有受損且會痛。
    2) 客戶提到住院時曾插管，導致喉嚨受損。
    3) 客戶提到自己現在很瘦，血壓和血脂都沒有問題。
    4) 客戶不定期安排健康檢查。
    5) 客戶提到打疫苗後手臂稍微有一點疼痛，但一兩天就好了。
    6) 客戶提到目前不太適合想太多。
    7) 客戶表示有白頭髮的問題，並詢問產品是否能改善。
    8) 客戶提到自己很少吃肉。

3. 職業背景
    1) 客戶提到辦公室有管理員，隨時可以上來收貨。
    2) 客戶提到目前很忙碌，中午以後比較有空，可以使用網路進行相關操作。

4. 健康食品使用心得
    1) 客戶以前購買過護眼產品，包括喝的和果凍形式的產品，並且對喝的產品比較喜歡。
    2) 客戶已經購買了亞培產品。
    3) 客戶對收到的益生菌產品表示滿意，但目前益生菌和葉黃素好像都沒有在吃。
    4) 客戶目前在飲用含多酚成分的飲料，並對其效果表示滿意。
    5) 客戶曾購買過東森活泉精華膠囊，並對其效果表示滿意。
    6) 客戶提到使用莊葉莊的枸杞產品。
    7) 客戶提到目前正在飲用一種吸收效果較好的飲品。
    8) 客戶提到目前每天有在吃某種保健食品，並認為效果不錯。
    9) 客戶提到目前有在使用含有玻尿酸的葉黃素產品。
    10) 客戶提到以前買過一款產品，裡面有幹細胞和鹿茸，並且效果很好。
    11) 客戶提到自己目前在吃臺大倍塑的幹細胞產品。
    12) 客戶提到以前買過一款由張忠謀太太張淑芬使用的精裝系列產品，並且覺得很好用。
    13) 客戶提到目前家中還有很多沐浴乳。
    14) 客戶提到目前手頭上還有法國的保養品，已經拿了五瓶，還在使用中。

5. 禁忌
    1) 客戶目前不需要益生菌產品。
    2) 客戶目前不想購買燕窩產品。
    3) 客戶表示紅棗不是她需要的產品。
    4) 客戶提到醫生可能會阻止她吃某些產品，因為不容易消化。",1
30188896,"1. 家庭關係
    1) 客戶的母親九十多歲，獨居，曾是美術協會的老師，對自己要求完美，目前健康狀況不佳，需要看護陪伴。
    2) 客戶的父親已過世，生前患有痛風，洗腎六年多，因感染住院一個多月，長期臥床導致壓瘡，過世後家中曾持續四十九天的素食習慣。
    3) 客戶有三個兄弟姐妹，姐姐是營養師，對含有防護劑的產品持反對態度。
    4) 客戶有一個女兒，曾在金融業工作，因不喜歡數字轉行至醫療科技相關領域，平時工作繁忙，喜歡穿衣打扮。
    5) 客戶的姐姐的孫子和孫女會主動喝魚油，姐姐的女兒曾從美國回來探望。

2. 健康狀況
    1) 客戶曾因急性盲腸炎住院四天，並有寒性體質，飛蚊症症狀不嚴重，體重維持在50公斤已40年。
    2) 客戶有拉肚子的情況，狀態不佳，並曾進行健康檢查，平時注重養生，每兩三年進行一次健康檢查。
    3) 客戶的母親患有骨刺，睡眠品質不佳，晚上容易夜尿，需他人協助洗頭，並有小毛病，服用多種營養保健品。
    4) 客戶的父親曾因腸胃炎住院，醫生建議補充益生菌改善腸道菌群。

3. 職業背景
    1) 客戶目前在苗栗白班工作，並計劃回台北處理事情。
    2) 客戶進行長期投資，未進行短期股票交易。

4. 健康食品使用心得
    1) 客戶服用益生菌、魚油、綜合維他命、葉黃素等保健品，認為益生菌有助於排便順暢，葉黃素已服用三年。
    2) 客戶曾購買華陀益生菌，姐姐服用後出現拉肚子情況，客戶母親也有服用華陀產品。
    3) 客戶服用日本品牌B群，通常在台灣購物台或日本藥妝店購買，並服用榮威品牌魚油。
    4) 客戶曾購買鴕鳥精、龜鹿保健品、六天參王等，但因量多或效期問題未能全部使用。
    5) 客戶曾購買粒線體產品，每天早上空腹飲用，但效果有限。
    6) 客戶不喜歡化學染髮劑，偏好天然產品，並不希望過度依賴保健食品。

5. 禁忌
    1) 客戶對某些產品成分敏感，曾因成分問題放棄購買保健品。
    2) 客戶不喜歡諾麗果產品的味道，認為過甜，且不需要繼續服用膠原蛋白產品。
    3) 客戶的姐姐反對含有防護劑的產品。
    4) 客戶的中醫師建議她不需要吃太多保健品。",1
30222799,"1. 家庭關係
    1) 客戶有一位已離婚的配偶，並與其分房睡約十年。
    2) 客戶有兩個孫子，並表示孫子非常可愛。
    3) 客戶的大兒子目前在電子公司擔任經理。
    4) 客戶的媳婦是碩士畢業，目前在台中擔任經理職位。

2. 健康狀況
    1) 客戶表示自己沒有過敏史。
    2) 客戶不吃魚油，因為認為吃了沒有效果。
    3) 客戶沒有在吃骨頭關節類的保健食品。
    4) 客戶目前沒有時間，也不需要購買保健品。

3. 職業背景
    1) 客戶目前在保全公司工作，工作性質為排班制，每月排休六天，工作時間為12小時，且固定上白班。
    2) 客戶的月薪約為三萬多元，未達四萬元。
    3) 客戶上下班以騎汽機車為主要交通工具。

4. 健康食品使用心得
    1) 客戶曾經購買過美國的保健品，但表示效果不佳。
    2) 客戶有食用南瓜籽的習慣。
    3) 客戶不吃魚油，因為認為吃了沒有效果。

5. 禁忌
    1) 客戶不能吃魚油。",1
30229529,"1. 家庭關係
    1) 客戶有先生，先生有時會服用保健食品，但不常主動食用，客戶會在早上調配飲品給他。
    2) 客戶的父親血糖偏高，吞膠囊有困難，客戶考慮給他吃不含糖的杏仁粉。
    3) 家人中有人有肺部不適的情況。
    4) 家中有人血糖接近標準值，需要控制血糖。
    5) 家中有人有虛胖的情況。
    6) 家人曾購買葉黃素，但食用不多。
    7) 家中有人不喜歡吃保健食品，但會去看醫生。

2. 健康狀況
    1) 客戶有異位性皮膚炎，皮膚乾燥和龜裂，疫苗接種後皮膚會乾燥。
    2) 客戶有血糖問題，血糖接近標準值。
    3) 客戶有坐骨神經痛，曾因此暫停使用某些保健品。
    4) 客戶有牙齦發炎和眼壓問題。
    5) 客戶的皮膚狀況一般，臉頰有明顯斑點，曾做過皮秒雷射但效果不佳。

3. 職業背景
    1) 客戶提到自己作息不正常，日夜顛倒。
    2) 客戶平時中午只有12點半才有休息時間，晚上下班較晚，通常六日有空。
    3) 客戶提到有人晚上上班，但未明確是自己。

4. 健康食品使用心得
    1) 客戶吃素，對素食產品有需求，對素食性質的保健食品有興趣。
    2) 客戶曾購買益生菌、褐藻糖膠、B群、枸杞、白藜蘆醇、姜黃、胜肽水光系列、青春露、安瓶等保健品和保養品。
    3) 客戶對褐藻糖膠有興趣，會與益生菌混合服用，並分享給家人使用。
    4) 客戶對保健食品的包裝方式有環保要求，建議改用玻璃瓶。
    5) 客戶對保健食品的成分和效果有疑慮，擔心長期使用可能對腎臟有副作用。
    6) 客戶對於控制血糖的產品有興趣，並注重腸胃道健康。
    7) 客戶對素速走產品的效果表示認可，並詢問其是否能補充鈣質和關節。
    8) 客戶每天早上會吃一種保健食品，並曾購買多種保健品，但有時會吃不完或過期。
    9) 客戶對於保健食品的價格敏感，認為某些產品價格過高。

5. 禁忌
    1) 客戶不喜歡油膩的保養品，對油膩感有顧慮。
    2) 客戶不喜歡身體按摩，較注重臉部保養。
    3) 客戶不會在晚上敷面膜，因為晚上洗澡時間較晚。
    4) 客戶對於某些保養品和保健品的效果不滿意，對成分和價格敏感。
    5) 客戶認為某些產品不環保，對塑膠包裝有意見，建議改用玻璃瓶。",1
30247431,"1. 家庭關係
    1) 客戶的母親曾長期運動，包括打太極拳，但因生病而中斷，並曾患肺腺癌，於九十歲時因感染離世。
    2) 客戶的家庭中有人曾確診乳癌，正在進行化療，並曾使用標靶藥物治療，申請健保給付。
    3) 客戶的家庭中有人曾因骨頭疼痛檢查出癌症轉移至骨頭，並且有抽菸習慣，在患病後戒菸。
    4) 客戶表示家裡人吃得很滿足，對保健品需求有限，且每天煮兩三餐。

2. 健康狀況
    1) 客戶表示最近壓力很大，繳費負擔沉重，且感到疲累。
    2) 客戶曾有便秘問題，並希望清腸胃道，益生菌幫助改善便秘。
    3) 客戶曾負三點多的骨密度，後來有改善。
    4) 客戶提到退化性關節炎可能可以使用薑黃，但效果有限。
    5) 客戶每天喝水量超過兩千毫升，並搭配體重計算飲水量。

3. 職業背景
    1) 客戶目前在醫院忙碌。

4. 健康食品使用心得
    1) 客戶曾使用薑黃產品，認為薑黃素濃度較高的產品較好，並提到華陀扶元堂的薑黃產品。
    2) 客戶曾使用益生菌產品，並表示益生菌幫助改善便秘問題。
    3) 客戶曾使用粒線體相關產品，並搭配幹細胞和外米提進行健康管理。
    4) 客戶的母親曾服用粒線體安瓶，但效果尚未明顯，並在患病期間食用外米提產品，效果良好。
    5) 客戶曾試過褐抑定，但覺得價格昂貴且不適合長期使用。
    6) 客戶曾服用善存，但目前尚未開始使用。
    7) 客戶有在使用褐藻、氨基酸等保健品，並分享其服用方式。

5. 禁忌
    1) 客戶吃素食，並關注食品是否含有葷成分。
    2) 客戶不喜歡吃藥，但對南瓜籽粉有興趣。
    3) 客戶表示目前比較不需要購物折價券，且最近都不用購物的東西。
    4) 客戶對安瓶產品價格昂貴有所顧慮，購買時會選擇有活動的時機。
    5) 客戶目前沒有購買褐藻糖膠的興趣。
",1
30260100,"1. 家庭關係
    1) 客戶與兒子同住，兒子未婚，負責購買食物，工作繁忙，經常加班，曾在台北市政府工作，現於台灣工作，計劃換工作。
    2) 客戶有一個女兒，已婚，住在美國，育有兩個小孩，女兒曾在彰化師範大學畢業，目前在月子中心，預產期接近。
    3) 客戶的孫女屬鼠，出生於109年，將在27號接種疫苗。
    4) 客戶的孫子在美國，已是大學生。
    5) 客戶的母親活到102歲，父親曾是台電員工，家族有長壽基因。
    6) 客戶有六個兄弟姐妹，五個是男性，均健在，二姐在醫院做義工。
    7) 客戶的姐夫是翻譯官，曾是軍人，姐夫與姐姐因緣際會認識。
    8) 客戶的先生是軍人，四十歲結婚，不抽菸，喝一口酒臉就會紅。
    9) 客戶的家庭是客家人，觀念傳統，無法接受外人照顧長輩。
    10) 客戶的家人中有一位大嫂對芒果過敏。

2. 健康狀況
    1) 客戶年滿74歲，體重42公斤，曾患肌少症，手臂肌肉鬆軟，膝蓋和軟骨狀況良好，但上下樓梯時膝蓋會酸痛。
    2) 客戶有痛風、風濕問題，近期感冒，服用中藥後恢復良好。
    3) 客戶每天早晚飲用德國進口氨基酸產品，針對肌少症，並有助於體力、氣色和頭髮健康。
    4) 客戶每兩年進行健康檢查，數據正常，無紅燈。
    5) 客戶每天燒開水飲用，晚上會起來一次上廁所，行動自如，能跪下再起來。

3. 職業背景
    1) 客戶於2011年退休，曾參與不動產資料電腦化工作，選擇固定領取退休金。
    2) 客戶目前從事義工工作，負責清掃，通常不超過三小時，並參加健康講座。

4. 健康食品使用心得
    1) 客戶吃素，使用全素食產品補充蛋白質，喜歡萬歲牌堅果，對其效果滿意。
    2) 客戶使用德國進口氨基酸產品，感覺體力和氣色改善，頭髮不易掉落。
    3) 客戶曾使用粉狀益生菌，現改用膠囊形式，每天早晚各服用兩顆。
    4) 客戶對健康食品價格敏感，會在促銷時購買，並有囤貨習慣。

5. 禁忌
    1) 客戶不吃葷食，對魚腥味和小魚乾不適，偏好純素食產品。
    2) 客戶對香水味敏感，進入百貨公司會感到頭暈。
    3) 客戶不喜歡佩戴手錶、首飾，喜歡保持手腕和脖子乾淨。
    4) 客戶不食用含肉類的甜點，家人中有芒果過敏者。",1
30335637,"1. 家庭關係
    1) 客戶父母已不在世，父母未受教育但會講日語。
    2) 客戶有七個兄弟姐妹，只有他完成了學業，姐姐在傳統市場做生意，年齡比客戶大四歲，客戶會在過年或節日支援姐姐工作。
    3) 客戶有一位兒子，偶爾會轉帳給他。
    4) 客戶提到會與大姐聯繫以確認門票事宜。

2. 健康狀況
    1) 客戶目前72歲，身高165公分，身材普通，精神良好，睡眠狀況有所改善。
    2) 客戶沒有三高等健康問題，但曾在天成醫院檢查出血糖稍高，主治醫師表示情況輕微，無需服藥，客戶透過飲食調整血糖。
    3) 客戶不抽菸、不嚼檳榔、不吃零食，三餐以外不吃其他食物，飲食簡單，主要吃原形食物，限制肉類攝取，早餐吃饅頭和一碗飯，晚餐吃兩碗飯。
    4) 客戶每天早晚運動，早上快步走半小時，傍晚運動四十分鐘，總計每天運動超過一小時，經常走樓梯上下樓，並使用運動器材進行心血管、肚子和臀部的鍛煉。
    5) 客戶認為人工美容效果有限，選擇自然保養方式。

3. 職業背景
    1) 客戶是職業軍人，服役28年，總計工作30年6個月，於53歲退休，退伍後已經20年。
    2) 客戶高中畢業後考上公立學校，因家境選擇住宿舍，未依賴父母，並曾在台北念書和工作。
    3) 客戶目前已退休，每月領取約六萬元退休金，並有存款放在台灣銀行，享有18%的利息，生活基本無憂。
    4) 客戶有穩定的投資習慣，持有一百多張股票，過去曾買過台積電股票，現在主要領取股利。

4. 健康食品使用心得
    1) 客戶每天早晚各服用兩顆幹細胞產品，早上空腹服用，下午三點到五點再服用，並搭配粒線體產品。
    2) 客戶曾購買幹細胞產品，花費八千多元，並曾購買安瓶產品。
    3) 客戶使用冬瓜和花生製作的食物調整血糖，並堅持每天食用。
    4) 客戶表示吃完現有的保健食品後才會考慮是否購買新的。

5. 禁忌
    1) 客戶不抽菸、不嚼檳榔、不吃零食，三餐以外不吃其他食物，認為這樣有助於腎臟保養。
    2) 客戶不參加人多的活動，如白沙屯活動，認為人擠人不安全。",1
30386736,"1. 家庭關係
    1) 無相關資訊。

2. 健康狀況
    1) 無相關資訊。

3. 職業背景
    1) 客戶目前正在上班。

4. 健康食品使用心得
    1) 無相關資訊。

5. 禁忌
    1) 客戶詢問日後如果不想要或不想使用的話是否可以切割退費。",1
30428806,"1. 家庭關係
    1) 客戶有孩子，但孩子尚未成家立業，目前都待在家裡且沒有收入。
    2) 客戶提到她的女兒需要看醫生。

2. 健康狀況
    1) 客戶有骨質疏鬆的問題，並曾經測量過骨密度。
    2) 客戶提到今天感到不舒服，可能感冒了。

3. 職業背景
    1) 客戶是一位73歲的女性，目前已退休，沒有收入，依靠老人年金生活，每月收入約為五千多元。
    2) 客戶表示她現在沒有賺錢，並感到勞累。

4. 健康食品使用心得
    1) 客戶之前有購買過膠原蛋白產品和魚油產品，但目前不需要再購買。
    2) 客戶提到她之前吃過一些保健品，但都沒有效果。

5. 禁忌
    1) 客戶目前沒有錢購買商品，並表示沒有購買過東森購物的商品。
    2) 客戶提到她目前沒有在看電視，也沒有購買過東風三層的抽取式衛生紙。",1
30492109,"1. 家庭關係
    1) 客戶有一位太太和兩個小孩，兒子患有異位性皮膚炎，女兒曾幫他購買過相關產品並有做醫美。
    2) 客戶的家人有抽菸習慣，且他和太太每週會全家一起吃飯。
    3) 家中養了一隻三歲多的狗。

2. 健康狀況
    1) 客戶曾開過刀，但未提供具體細節。
    2) 客戶一天只抽一顆香菸，並表示戒菸很困難。
    3) 客戶的兒子患有異位性皮膚炎，使用特定品牌的益生菌後有改善效果。
    4) 客戶提到頭髮自然會很麻煩，並且目前需要看牙科。

3. 職業背景
    1) 客戶從事工程相關工作，涉及噴漆作業。
    2) 客戶家中有公司行號，且他有在工作。
    3) 客戶曾因工作前往台南，並提到當地消費相較台北不算高。

4. 健康食品使用心得
    1) 客戶家中有很多保健食品，包括益生菌、酵素、清血管產品等，並曾購買過B群、發泡錠及挺立鈣等產品。
    2) 客戶對益生菌的使用有正面評價，認為其對兒子的異位性皮膚炎有改善效果。
    3) 客戶曾購買過發泡錠，但因為忘記使用，至今只使用了一顆。
    4) 客戶目前訂購了12盒保健食品，總價為4960元，家中還有四至五盒保健食品未使用完。

5. 禁忌
    1) 客戶選擇貨到付款，因曾遭遇過國外盜刷信用卡的情況。
    2) 客戶對東森購物的高價商品失去信任，未來不會再購買高價商品。",1
30498860,"1. 家庭關係
    1) 客戶提到她一家人都在使用安利的產品。
    2) 客戶提到家裡人都使用痕逆齡產品。
    3) 客戶曾購買保健食品但未食用，並給予其丈夫，但丈夫也未食用。
    4) 客戶之前購買過華陀扶元堂的鴕鳥龜鹿精，自己未食用，而是給丈夫食用。

2. 健康狀況
    1) 客戶表示自己有痛風，曾因食用某保健食品導致痛風加劇，因此停止食用。
    2) 客戶目前痛風狀況改善良好，已不再服用藥物。
    3) 客戶每天量血壓並提到自己有服用血壓藥。

3. 職業背景
    1) 客戶未提及具體職業背景。

4. 健康食品使用心得
    1) 客戶之前吃納豆酵素，但因含有大豆成分導致痛風問題，已停止食用。
    2) 客戶目前改為使用挪威品牌的液態魚油，且魚油無味道，痛風狀況改善良好。
    3) 客戶之前購買過葉黃素，但未明確表示是否使用。
    4) 客戶之前有購買過蚓激酶產品進行心血管保養，目前改為服用納豆激酶作為心血管保養品。
    5) 客戶提到她比較喜歡使用喝的保健品，並認為膠原蛋白飲好喝。
    6) 客戶提到她有在吃安利的美益C保健食品。
    7) 客戶曾訂購幹細胞產品，並提及其與血管相關。

5. 禁忌
    1) 客戶因食用含大豆成分的納豆酵素導致痛風加劇，已停止食用。
    2) 客戶曾購買保健食品但未食用，並給予丈夫，但丈夫也未食用。",1
30528140,"1. 家庭關係
    1) 客戶與家人共同居住，家中有四口人，包括父母和三個子女。
    2) 客戶的父母年事已高，母親身體健康，能自行步行買菜，父親則不喜歡出門。
    3) 客戶有兩個兒子和一個女兒，兒子在外地工作，女兒住在台中。
    4) 客戶的兒子和媳婦住在台南，並在當地工作，且已購買房產。
    5) 客戶的母親年輕時喜歡旅遊，現在仍然喜歡外出活動，年約80歲，身體健康但偶爾膝蓋不適。

2. 健康狀況
    1) 客戶患有糖尿病，糖化血色素偏高，但已從7.8降至6.3，醫生建議可減少藥物劑量。
    2) 客戶血壓在120-140之間，認為在其年齡範圍內屬於正常。
    3) 客戶每天運動半小時到一小時，喜歡快走和慢跑，並注重健康管理。
    4) 客戶體重約60公斤，身高170公分，長期保持良好體型，無三高、肥胖、抽菸或喝酒習慣。
    5) 客戶有新陳代謝和血液循環較慢的情況，但身體機能吸收率有所提升。

3. 職業背景
    1) 客戶目前在門市工作，工作時間為早上9點到下午5點，假日人力充足。
    2) 客戶曾在台北大學就讀，並在屏東空軍基地服役，後來在南投外商公司和家族企業工作。
    3) 客戶曾經經營加盟店，並考慮過開設麥當勞或肯德基。
    4) 客戶有匯豐銀行20多年的經驗，並曾在花旗銀行和外商公司工作。

4. 健康食品使用心得
    1) 客戶每天服用多種保健品，包括魚油、蚓激酶、葉黃素、苦瓜胜肽、褐藻、粒線體、幹細胞、靈芝粉、龜鹿膠等，並認為效果顯著。
    2) 客戶注重保健品的搭配和服用時間，通常空腹或飯後服用，並間隔一定時間。
    3) 客戶認為高濃度魚油有助於腦部記憶力和血管彈性，蚓激酶能清理血管垃圾。
    4) 客戶對保健品的品質要求高，偏好天然、無添加物的產品，並注重環保，會回收保健品的玻璃瓶。

5. 禁忌
    1) 客戶不喜歡五香調味的食品，對甜食和生胜肽沙拉有忌口，擔心含有有害物質。
    2) 客戶不喜歡喝冰水，偏好溫水，並避免過量食用甜水果如荔枝。
    3) 客戶認為三高藥物應儘量不吃，偏好以非藥物方式控制健康。",1
30562309,"1. 家庭關係
    1) 客戶的子女已經結婚並搬出去住。
    2) 客戶家中空間有限，無法一次購買過多物品。

2. 健康狀況
    1) 客戶有在服用游離型葉黃素，可能關注眼部健康。
    2) 客戶表示目前很忙，無法處理其他事務，可能生活壓力較大。

3. 職業背景
    1) 客戶是一位60歲的女性，經銷自己公司生產的產品。
    2) 客戶在家裡工作，家裡開公司。

4. 健康食品使用心得
    1) 客戶提到她有在使用游離型葉黃素，並表示是自己公司生產的產品。

5. 禁忌
    1) 客戶表示沒有時間去五星級飯店消費或使用相關設施。
    2) 客戶提到她沒有時間去健身房或三溫暖。",1
30677068,"1. 家庭關係
    1) 客戶提到母親節尚未慶祝，計劃與家人外出餐廳用餐。
    2) 客戶住在蘆洲，包裹由管理室代收。

2. 健康狀況
    1) 客戶年紀為69歲，提到自己年紀大了。
    2) 客戶每天都會把蘋果當作早餐食用，且蘋果都是買一整箱的。

3. 職業背景
    1) 客戶提到她有在上課。
    2) 客戶常常出國。

4. 健康食品使用心得
    1) 客戶之前購買過妍美会的商品、家倍健的葉黃素、益生菌及B群產品。
    2) 客戶認為葉黃素效果不明顯，B群產品導致小便發黃且認為其為化學製品，因此不再購買。
    3) 客戶表示願意購買兩盒B群產品，但提到自己沒有吃B群的習慣且不喜歡吃B群，認為其不是天然的。
    4) 客戶目前不需要益生菌和葉黃素。

5. 禁忌
    1) 客戶不常使用香水，平時有使用保養品但不重視，且沒有敷臉的習慣。
    2) 客戶不需要高價保養品，認為購物台商品數量太多，自己不需要那麼多。
    3) 客戶購買的「然不同」濕紙巾產品效果不如廣告所述，並希望退貨。
    4) 客戶提到她比較少看簡訊，點數不用擔心，也不需要介紹相關服務。",1
30692067,"1. 家庭關係
    1) 客戶有一位先生，兩人感情和睦，先生年齡超過80歲，平時不喜歡出門，通常待在家裡。
    2) 客戶有一個兒子，曾在蘋果公司工作，並在大陸擔任過美術老師，現養了兩隻貓，且對母親的健康非常關心。
    3) 客戶的女兒和女婿感情很好，女婿是一個負責任的人，但客戶對女婿的某些行為感到擔心。
    4) 客戶的母親獨居，育有五個孩子，生活辛苦，曾幫人洗衣服。
    5) 客戶有一個親妹妹，但兩人很少見面。
    6) 客戶的家庭中還有一位80多歲的老人，曾經骨裂，正在康復中。

2. 健康狀況
    1) 客戶79歲，有糖尿病（遺傳性）和三高，需每天服用藥物，腎臟狀況良好，腎絲球過濾率從68上升到73。
    2) 客戶有肌少症，腳沒力，容易疲勞，並曾因重大車禍影響脊椎健康，需長時間臥床。
    3) 客戶有白內障，記憶力不佳，耳朵有退化，偶爾頭痛，並提到容易過敏。
    4) 客戶的先生有乾眼症，曾開過白內障手術，需使用人工淚液，並有便秘問題，腸道蠕動慢。
    5) 客戶提到家中老人需要幫助骨裂康復，並有腦神經退化的情況。

3. 職業背景
    1) 客戶提到她的家庭有代理經驗。
    2) 客戶的兒子曾在大陸擔任美術老師，並在蘋果公司工作。
    3) 客戶提到她對政治經濟有看法，關注台灣的經濟不平等問題。

4. 健康食品使用心得
    1) 客戶對東森產品有信心，曾購買紅麴、幹細胞、益生菌、葉黃素、魚油、氨基酸、燕窩等產品，並對部分產品效果滿意。
    2) 客戶認為氨基酸產品有助於維持肌肉量，使用後精神變好，頭不暈，並每天飲用一支。
    3) 客戶的先生和她一起食用幹細胞產品，並使用魚油、葉黃素、氨基酸等，對腸道和眼睛健康有幫助。
    4) 客戶對鴕鳥龜鹿精產品效果不滿意，認為皮膚不平整且有黑斑。
    5) 客戶對益生菌產品有了解，認為有助於腸道蠕動和預防便秘，並偏好貨到付款購買方式。

5. 禁忌
    1) 客戶不喜歡吃會脹氣的食物和某些魚類。
    2) 客戶不喜歡喝水，專員建議多喝水以保持健康。
    3) 客戶不願意參與宗教相關活動。
    4) 客戶不使用信用卡購物，擔心被盜刷，並對電子支付不熟悉。",1
30796431,"1. 家庭關係
    1) 客戶與女兒住在一起。
    2) 客戶的父母住得很近，但並未住在一起，父親87歲。
    3) 客戶的兒子出生於民國八十三年，出生時體重不到一千五百克，需住保溫箱，因無健保自費六萬，現未當兵可能因心臟病。
    4) 客戶的老婆患有紅斑性狼瘡和膀胱癌，需照顧她，因此客戶無法上班。

2. 健康狀況
    1) 客戶患有二型糖尿病，血糖水平偏高，糖化血色素曾達7.45，現為8點多。
    2) 客戶有高血壓，血壓有時偏高，服藥後約在130左右。
    3) 客戶有腰痠背痛的情況。
    4) 客戶提到自己有晨勃現象，對此感到驚訝。

3. 職業背景
    1) 客戶目前無法上班，需在家照顧患病的老婆。
    2) 客戶對藝術品收藏有興趣，擁有價值好幾千萬的藝術品，並重視工藝材料。
    3) 客戶對投資理財有興趣，但目前因經濟壓力無法購買房產，未來可能考慮相關專案。

4. 健康食品使用心得
    1) 客戶每天早晚各服用兩顆苦瓜胜肽，認為其對穩定血糖有效。
    2) 客戶每天服用兩次幹細胞產品，每次兩顆，但對其效果和成分持懷疑態度。
    3) 客戶對東森新時代活泉產品有興趣，並查看了產品介紹和成分。
    4) 客戶曾購買葉黃素，認為其有助於修復視神經、預防白內障和改善黃斑部病變。
    5) 客戶曾購買黑豆紅麴產品，價格為528元。
    6) 客戶提到之前購買過白咖啡和苦瓜胜肽產品，並對苦瓜胜肽有正面評價。

5. 禁忌
    1) 客戶被建議避免食用精緻澱粉如白飯和麵條，應多吃五穀飯、優質蛋白質和綠色蔬菜，少吃甜食和含糖調味料。
    2) 客戶被建議在服用糖尿病藥物後一小時再服用幹細胞產品。
    3) 客戶不喜歡吃魚油，因為膠囊太大。
    4) 客戶被建議在飯後服用薑黃素和珍珠鹿角鈣以保養。",1
30797759,"1. 家庭關係
    1) 客戶有一個女兒，住在高雄，並且已經有自己的小孩。
    2) 客戶的老公在家，並且記得她的工作情況。
    3) 客戶的兒子目前在澳洲，會寄東西給她。

2. 健康狀況
    1) 客戶有三高慢性病，包括血壓、血糖和血脂問題。
    2) 客戶的皮膚比較乾且敏感，曾因做臉失敗導致皮膚變差，並且不適合使用果酸。
    3) 客戶表示她的膽固醇狀況還可以，且每天都有排便。
    4) 客戶最近有盜汗情況，之前有吃中藥，但症狀又出現。
    5) 客戶提到她年紀較大，已經62歲。

3. 職業背景
    1) 客戶目前有在工作，但工作時間不固定，有時候下午三點半工作到五點。
    2) 客戶有時候會在外面工作，並在工作中接聽電話。
    3) 客戶提到最近工作收入不多，且今天工作比較少。

4. 健康食品使用心得
    1) 客戶每天早上空腹服用葉黃素，並已經持續多年，通常一天吃兩顆。
    2) 客戶有在服用幹細胞產品，早上空腹服用兩顆，早餐後再服用其他保健品，已持續快兩個月。
    3) 客戶有在服用蚓激酶，每晚睡前服用兩顆，並曾訂購12盒蚓激酶。
    4) 客戶有在吃益生菌，並表示需要一段時間才會有感覺，且有時會與藥物一起服用。
    5) 客戶有在補鈣，每三個月進行一次抽血檢查。
    6) 客戶有食用過紅麴產品、膠原蛋白、龜鹿二仙膠等健康食品，並表示龜鹿膠是自己煮的。
    7) 客戶曾購買過一盒價格約一千多元的保健品，並提到朋友推薦過吳宗憲代言的保健食品。
    8) 客戶每天早上起來會吃西藥，搭配黑咖啡和少量食物。

5. 禁忌
    1) 客戶的皮膚不適合使用果酸，且目前不再使用整套保養品。
    2) 客戶提到早餐時段不要吃某些食物。",1
30798039,"1. 家庭關係
    1) 客戶有一位女兒，小女兒這一周不會回來，但這禮拜六會回來。
    2) 客戶提到女兒目前尚未回來。

2. 健康狀況
    1) 客戶未提及具體健康狀況，但提到對新聞內容感到困惑，可能反映出對資訊理解的困難。

3. 職業背景
    1) 客戶未提及具體職業背景，但提到需要處理東森的產品，可能與其日常活動或工作相關。

4. 健康食品使用心得
    1) 客戶提到經常補貨，可能與健康食品或日常用品的使用需求相關。

5. 禁忌
    1) 客戶表示不會參加VIP限定的活動。
    2) 客戶對未來的投資理財專案表示不感興趣。",1
30807700,"1. 家庭關係
    1) 客戶目前一人居住，兒子在外工作，孫子也在外工作，母親住在香港。
    2) 客戶的兒子住在樓上，但不喜歡她隨意添加聯絡方式。
    3) 客戶的大女兒曾從台北來訪，並分享了部分保健品給她。
    4) 客戶的孫子與她共同擁有一棟房產。

2. 健康狀況
    1) 客戶有腰痠背痛、膝蓋退化、退化性關節炎、筋膜炎、心臟病、白內障及牙周病等健康問題。
    2) 客戶曾因坐骨神經痛開過刀，睡覺時不能久躺，需特別注意膝蓋健康。
    3) 客戶有胃病和高血壓，並提到高血壓患者不能食用人蔘燉補。
    4) 客戶的記憶力尚可，但希望改善神經相關問題。
    5) 客戶提到自己不生病，但有多種重疾，並且眼睛狀況不佳，晚上不出門。

3. 職業背景
    1) 客戶曾在楊梅街上經營早餐生意二十多年，現已搬到鄉下重新開始做生意兩年，且生意比之前更好。
    2) 客戶目前靠自己生活，並表示每天都很忙，所有事情都由她一人完成。

4. 健康食品使用心得
    1) 客戶曾使用杏仁粉、黑芝麻粉、納豆、苦瓜、葉黃素、魚油、胎盤素、芝麻素、活泉幹細胞產品等保健食品，並對鹿胎盤保健品效果表示滿意。
    2) 客戶每天早晚服用葉黃素和魚油各一顆，早上泡牛奶時會加入黑芝麻粉，並曾使用酵素產品保養膝關節。
    3) 客戶對燕窩產品感興趣，並考慮購買膠原蛋白產品。
    4) 客戶認為保健食品的味道不錯，尤其是蘋果味的產品，並習慣吞服方式。
    5) 客戶曾購買白蘭氏產品，並表示整天只吃白蘭氏的產品。

5. 禁忌
    1) 客戶不吃人蔘，並提到高血壓患者不能食用人蔘燉補。
    2) 客戶不喜歡黑色衣服，並提到黑貓罵她。
    3) 客戶不熟悉ATM轉帳操作，且不再使用轉帳方式付款，偏好貨到付款。
    4) 客戶不方便提供某些資訊，因為對某些東西過敏。",1
30837342,"1. 家庭關係
    1) 客戶有四個子女，其中包括兩個女兒和一個兒子，兒子目前在國外，女兒已結婚但尚未有小孩，客戶不會強迫子女生育。
    2) 客戶的二兒子和媳婦與他同住，並帶著小孩到處跑。
    3) 客戶的女兒買了房子，搬到離客戶更近的地方。
    4) 客戶不與子女同住，認為年紀大了不一定要和子女住在一起。
    5) 客戶的媳婦有過敏問題，經常打噴嚏和流鼻涕。
    6) 客戶家中有三到五人，家人中有人對膠原蛋白成分敏感，偏好植物性產品。

2. 健康狀況
    1) 客戶69歲，年紀較大，心臟較小，對某些事情感到害怕。
    2) 客戶每年半到兩年會安排一次全身健康檢查，目前骨密度為-1.2，認為狀況不錯。
    3) 客戶每天固定服用花青素、葉黃素和綠蜂膠，並有吃益生菌和氧化氮產品。
    4) 客戶吃素，家人也不吃葷食，僅能接受蛋奶素。
    5) 客戶的排便情況良好，每天排便兩到三次。
    6) 客戶提到劉老師的肝功能和腦神經健康狀況不佳。

3. 職業背景
    1) 客戶已退休，曾從事中醫治療工作。
    2) 客戶主要在大陸和新加坡進行業務，並提到大陸的經濟狀況不佳。
    3) 客戶曾在部隊服役，並提到當時因工作未達標準而被取外號。
    4) 客戶提到他們的工作室儘量減少接公家機關的項目，因為工程款常被拖延。

4. 健康食品使用心得
    1) 客戶對保健食品的選擇偏好有專利、劑量標示清楚且有效的產品。
    2) 客戶曾購買並使用過粒線體再生安瓶，並給父母使用過，但他們未持續使用。
    3) 客戶對植物性膠原蛋白的吸收效果不如動物性膠原蛋白，但認為其對皮膚保濕有幫助。
    4) 客戶曾購買過氨基酸、高蛋白、奇異果益生菌等產品，對產品的功效和口碑表示認可。
    5) 客戶認為膠囊容易脆掉，可能是代工廠的問題。
    6) 客戶提到不能空腹飲用某些產品，否則會感到不適。

5. 禁忌
    1) 客戶及家人不接受葷食產品，僅能接受蛋奶素。
    2) 客戶不接受鱸魚精產品，對非素食成分有顧忌。
    3) 客戶不喜歡黏膩感的面膜，偏好自然美品牌的面膜。
    4) 客戶不使用防曬乳，且從未做過醫美或臉部護理。",1
30879821,"1. 家庭關係
    1) 客戶家中有母親，母親偶爾會使用她的面膜，但全家人都用不完。
    2) 客戶提到家中有很多按摩椅，並且家裡的老人比較喜歡喝滴雞精。
    3) 客戶提到可能會攜帶媽媽一起參加活動。

2. 健康狀況
    1) 客戶提到自己有在吃藥，並會根據需要自行減量。
    2) 客戶的醫生和中醫建議不要使用含有白參的產品。
    3) 客戶提到皮膚狀況不太好，並認為與某些習慣有關。
    4) 客戶曾做過醫美級的項目。
    5) 客戶提到早晚服用產品的習慣對精神有影響。

3. 職業背景
    1) 客戶提到他們家是自己開的公司。
    2) 客戶目前居住在台北，並提到七八月時會在國外。

4. 健康食品使用心得
    1) 客戶曾購買過幹細胞產品，但尚未感受到明顯效果，認為需要更多時間觀察。
    2) 客戶對膠囊和藍鑽乳霜的保濕效果表示滿意，但認為藍鑽系列產品價格過高。
    3) 客戶對再生安瓶產品有興趣，並考慮以特惠價購買，目前有在使用激活再生安瓶。
    4) 客戶對某些保養品效果滿意，但對三得利產品效果不滿意，認為價格過高。
    5) 客戶對葉黃素和魚油產品有興趣，並已購買相關產品。
    6) 客戶提到之前喝過農村向的燕窩鱸魚精，對其成分和價格有一定了解。
    7) 客戶提到使用雅詩蘭黛小棕瓶會長痘痘，因此不能使用該產品。
    8) 客戶提到之前購買的鹿胎盤保養品效果一般，但價格便宜。
    9) 客戶認為如果產品中已經結合幹細胞和粒線體成分，就不需要再喝多種產品。

5. 禁忌
    1) 客戶不會使用瑞昇系列產品，也不會購買。
    2) 客戶不想購買藍鑽系列產品，認為價格過高且不需要每天使用。
    3) 客戶不會購買參條，認為麻煩。
    4) 客戶不想購買精油產品，認為浪費時間。
    5) 客戶不希望接到關於某些產品的推銷電話。
    6) 客戶對於未使用過的產品不會輕易購買，需先體驗過才會考慮。
    7) 客戶的醫生建議不要使用含有白參的產品。",1
30903030,"1. 家庭關係
    1) 客戶有一位78歲的母親，母親身體狀況較差，曾因肺炎住院，現在肺部功能不佳，行動不便，曾進行髖關節手術，右手受傷，手部有腫脹和麻木問題，可能壓到神經，且有頸椎問題。
    2) 客戶的母親有時會有失智症的徵兆，睡眠不佳，白天難以起床，晚上睡不著，且不喜歡吃太多東西。
    3) 客戶的父親曾經需要洗腎，每週三次。
    4) 客戶有一個兒子，身高165公分，體重約90公斤，客戶擔心他的健康問題，尤其是肥胖可能帶來的影響。
    5) 客戶提到家中有三個兄弟患有僵直性脊椎炎。
    6) 客戶的兒子每年進行全身健康檢查，曾因大腸肌瘤進行手術。
    7) 客戶的兒子通常會準備過年的東西，並且曾主動將薪水交給客戶。
    8) 客戶的母親在南部時會活動，來台北後活動量減少。

2. 健康狀況
    1) 客戶56歲，已停經一到兩年，曾檢查出子宮肌瘤，需追蹤。
    2) 客戶的肝臟功能指數偏高，GPT指數為45，曾有肝臟發炎情況，對肝臟健康較為關注。
    3) 客戶的皮膚偏乾且很薄，眼睛容易乾，腳容易腫脹，並有肌少症。
    4) 客戶不吃肉，現在吃素，平時不吃正餐，飲食不規律，常吃碳水化合物，認為其營養不足。
    5) 客戶晚上睡覺很晚，通常兩三點才睡，睡眠狀況良好，不易因尿意醒來。
    6) 客戶曾發生車禍，身體虛弱，需補充營養品改善健康。

3. 職業背景
    1) 客戶目前擔任科長職位，工作繁忙，平時工作辛苦，且有時凌晨才吃晚飯。
    2) 客戶曾經從事直銷業務，但已經很久未進行相關業務。
    3) 客戶對不動產投資和興富發品牌的直播內容感興趣。

4. 健康食品使用心得
    1) 客戶和母親均有使用健康食品，母親目前服用氨基酸、再生安瓶、蚓激酶等產品，客戶則有服用幹細胞、粒線體產品、牛樟芝、葉黃素、玻尿酸等。
    2) 客戶認為幹細胞和粒線體產品效果不錯，但對葉黃素和玻尿酸效果不明顯。
    3) 客戶曾購買過鴕鳥精、香檳茸、星星果油等產品，但對部分產品味道或效果不滿意。
    4) 客戶對牛樟芝的護肝效果有興趣，並考慮購買以改善肝臟健康。
    5) 客戶的母親對氨基酸產品效果感覺一般，偶爾飲用山蔘安瓶，對蚓激酶有使用習慣。

5. 禁忌
    1) 客戶不喝酒，且不喜歡使用保溫杯，認為會破壞產品活性。
    2) 客戶不喜歡使用袖套，對石墨烯項鏈的功能性有疑慮。
    3) 客戶不喜歡購買過多產品，對購買多套產品感到不必要。
    4) 客戶不使用東森幣購買產品，因為有其他用途。",1
30953216,"1. 家庭關係
    1) 客戶有一位兒子，兒子會因為她吃太多保健品而責備她。
    2) 客戶提到家裡堆積太多東西，可能與小孩子有關。
    3) 小孩負擔了大部分的費用，但未提及是否與子女同住。

2. 健康狀況
    1) 客戶提到自己體重有六十公斤。
    2) 客戶喝水量不多，可能影響健康，有時候喝的不是白開水，而是其他飲品。
    3) 客戶提到有時候喝起來的味道有變化，有時候酸，有時候苦，這可能與腸胃狀況有關。
    4) 客戶提到她有預約在四月二十六日進行水光療程，之前也有去自然美做臉和水光課程。
    5) 客戶表示做身體健康比較舒服。
    6) 客戶提到她有時候會忘記服用保健品，因為數量太多。

3. 職業背景
    1) 客戶的工作涉及出貨，但不是貨運公司，並且負責訂單和聯繫客人。
    2) 客戶的工作時間不固定，貨物都是臨時要出貨，工作很忙。
    3) 客戶提到她正在開店。
    4) 客戶的兒子涉及到客人的貨物安排。
    5) 客戶白天上班，只有假日和晚上有空。

4. 健康食品使用心得
    1) 客戶目前有在服用幹細胞膠囊，每天服用一顆，但尚未吃完，且未感覺到精神變好或想睡覺的變化。
    2) 客戶知道葉黃素可以空腹吃，並了解其作用是修復視神經，且希望購買葉黃素產品。
    3) 客戶目前吃多種維他命，之前有購買過氨基酸產品，也曾購買過石墨烯內搭褲和德國原裝進口產品。
    4) 客戶對於臺大研究的產品持懷疑態度，對幹細胞產品和顧骨頭的產品不感興趣。
    5) 客戶對於不懂的保健品不喜歡食用，並表示目前不需要購買新產品，因為家中還有十幾包存貨。
    6) 客戶提到她有時候會帶堅果到東森，下午的時候吃一包。
    7) 客戶在兩天內吃完了三條葡萄果凍。

5. 禁忌
    1) 客戶不喜歡吃不懂的保健品。
    2) 客戶對於藝術品和不動產投資不感興趣，並表示沒有地方掛畫。
    3) 客戶不需要魚油，因為已經有很多罐。
    4) 客戶不太喜歡超級軟的床墊，偏好較硬的材質。
    5) 客戶不會隨身攜帶某物品，因為覺得進廁所時不方便。
    6) 客戶表示不需要美白產品。",1
30976935,"1. 家庭關係
    1) 客戶有一位妻子，兩人感情融洽，經常陪伴妻子就醫。
    2) 客戶有兩個兒子，其中小兒子正在準備國家考試，尚未工作；大兒子已經成家，並有小孩。
    3) 客戶的家庭中有兩個臺南媳婦和一個臺南女婿，還有一位成大的臺南女婿。
    4) 客戶的哥哥住在金門，曾在海軍陸戰隊服役。
    5) 客戶的小姨子的孩子最近生了小孩。

2. 健康狀況
    1) 客戶71歲，健康狀況有好轉，但仍有神經失調和面神經失調的問題，可能與慢性發炎有關。
    2) 客戶有脂肪瘤，且數量增加，並有胃食道逆流和心肌梗塞的問題。
    3) 客戶最近花費數萬元進行牙齒和除皺治療，並提到最近身體不太好。
    4) 客戶每月會去板橋看自律神經相關的醫生並拿藥。
    5) 客戶提到懷孕期間不能吃芒果，腎臟病患者不能吃羊胎。

3. 職業背景
    1) 客戶目前已退休，65歲時停止開車。
    2) 客戶提到自己有水電相關技能，能夠自行更換水龍頭。
    3) 客戶曾經從事牛肉麵生意，現在主要負責家庭日常物品的購買。

4. 健康食品使用心得
    1) 客戶有服用多種保健食品，包括葉黃素、魚油、益生菌、龜鹿膠囊、南瓜籽、高麗人蔘、合利他命、幹細胞產品、益氣養神膏等。
    2) 客戶每天早上吃兩顆魚油，並服用維他命、葉黃素和活泉產品，但對活泉效果不明顯。
    3) 客戶認為葉黃素產品種類過多，無需再購買；益生菌效果不明顯；對中國製造的產品有不好的印象，會選擇退貨。
    4) 客戶對燕窩產品成分有了解，經常食用燕窩，並熟悉燕窩酸、出蛋白和EGF生長因子。
    5) 客戶認為吃新時代活泉後感覺清爽，但第二顆效果不明顯，且不能超過三顆。
    6) 客戶認為某些產品可能導致脂肪瘤增多，對產品成分較為敏感。
    7) 客戶喜歡喝的形式的龜鹿膠，並提到人蔘適合中午食用。
    8) 客戶對於購買新產品會先試吃，確認效果後再決定是否購買。

5. 禁忌
    1) 客戶不喜歡中國大陸製造的產品，會選擇退貨。
    2) 客戶不再購買某些油類，僅食用橄欖油、苦茶油和乳液油。
    3) 客戶認為懷孕期間不能吃芒果，腎臟病患者不能吃羊胎。",1
31018012,"1. 家庭關係
    1) 客戶有兩個兒子和一個女兒，兒子目前在美國，女兒可能要從美國轉學。
    2) 客戶的兒子無法與她同住，因為需要照顧他的父親。
    3) 客戶提到小兒子表示老了以後會照顧她。
    4) 客戶的母親曾因心臟問題開過刀，花費了很多錢。
    5) 客戶提到有一位男朋友，目前在醫院打針。

2. 健康狀況
    1) 客戶有白內障，右眼模糊，曾開過刀，目前使用眼藥水改善症狀。
    2) 客戶有高血壓、低血壓、糖尿病、腎臟功能不佳、膽固醇和血脂肪偏高，並有心臟問題（左心室缺一）。
    3) 客戶有睡眠困難，但最近睡眠狀況有所改善。
    4) 客戶有腸胃不適，經常拉肚子，並有血糖增高（6.7）。
    5) 客戶曾摔跤，膝蓋退化，行動不便，擔心摔倒後無人知曉。
    6) 客戶有花粉過敏，曾在美國因花粉過敏導致呼吸困難。
    7) 客戶的三酸甘油酯偏高，血壓曾飆到200，並有腎臟問題，需注意蛋白質攝取量。
    8) 客戶的牙齒有問題，需重新處理牙套，並計劃看牙醫。

3. 職業背景
    1) 客戶目前已退休，領取美國退休金，每月固定收入約八千多元。
    2) 客戶曾經在股票投資中虧損，損失金額較大。
    3) 客戶目前面臨經濟壓力，需支付貸款和分期付款，並表示生活困難。

4. 健康食品使用心得
    1) 客戶曾使用幹細胞產品、玻尿酸、葉黃素、魚油、印加果油、益生菌、膠原蛋白、白藜蘆醇、燕窩酸等，並表示部分產品對健康有改善效果。
    2) 客戶認為某些產品價格昂貴，且有些產品效果不佳，導致浪費。
    3) 客戶提到使用抗藍光產品後眼睛感覺不累，並表示某些產品改善了皮膚和健康狀況。
    4) 客戶每天早晚喝豆漿，認為營養很好，並開始控制飲食以改善健康。

5. 禁忌
    1) 客戶不喜歡參加外出活動，喜歡待在家裡，並擔心外出會有意外。
    2) 客戶不想打疫苗，並表示對某些事情半信半疑。
    3) 客戶提到醫生開的藥不能與保健品一起服用，擔心會有不良反應。
    4) 客戶對海鮮可能過敏，但目前未出現過敏症狀。",1
31053551,"1. 家庭關係
    1) 客戶有一個女兒和一個兒子，女兒性格害羞，工作能力強但壓力大，喜歡通過電話交流，對母親的購物行為有意見，並經常提醒母親注意健康。女兒目前住在外面，曾幫助客戶裝潢房間，並介紹血糖藥和營養師。兒子性格開朗，擅長與人交流，現從事保險工作，已達成業績標準，明年三月將前往越南。兒子目前心思多放在交女朋友上，曾與女友分手，母親對此感到不滿。
    2) 客戶的丈夫負責家庭業務的外部事務，客戶則負責內部事務，分工明確。家庭經營與台積電相關的業務已有二三十年，客戶多為大公司。
    3) 客戶的母親因直腸癌過世，父親可能要出國，弟弟在南山人壽上班。

2. 健康狀況
    1) 客戶有高血壓、高血糖（血糖值曾達200以上）、糖尿病、腎結石、甲狀腺結節、頻尿、膝蓋退化、頭皮發炎、泌尿道發炎、痔瘡、燥熱體質等健康問題，並曾經跌倒導致腳踝不適。
    2) 客戶需要服用高血壓藥、血糖藥、血脂藥等，並有便秘、睡眠質量差、免疫系統差、容易感冒等問題。她的飯後血糖值曾達280多，醫生建議注意飲食和進行血糖監測。
    3) 客戶對於健康食品有興趣，曾使用過苦瓜胜肽、龜鹿膏、蚓激酶、葉黃素、蔓越莓等產品，並對其效果有不同評價。她對保健食品的品牌和成分有一定了解，會根據需求選擇產品。
    4) 客戶容易流汗，尤其在夏天，並有頭髮保養需求，定期進行頭髮和身體保養。

3. 職業背景
    1) 客戶在公司工作，負責內部事務，工作繁忙，需處理銀行明細和客戶匯款情況，並對金融卡服務有不滿。
    2) 客戶的家庭業務與台積電相關，主要銷售產品給大公司，經營已有二三十年。

4. 健康食品使用心得
    1) 客戶認為高劑量的B群效果較好，曾為女兒購買B群產品，女兒需要飯後服用。
    2) 客戶對於保健食品的效果有不同評價，對苦瓜胜肽、葉黃素、蔓越莓等產品有正面反饋，但對某些產品效果不滿意。
    3) 客戶對於保健食品的購買有考量，會根據成分和效果選擇產品，並對於囤積未使用的產品感到煩躁。

5. 禁忌
    1) 客戶避免食用乾燥食物、不敢亂吃零食、不喝牛奶（會拉肚子）、不敢喝鴕鳥精（覺得麻煩），並避免吃龍眼乾（會上火）。
    2) 客戶有高血壓，不能喝酒，並對於某些保健食品和藥品的使用有顧慮，特別是在旅行時。",1
31126574,"1. 家庭關係
    1) 客戶有三個子女，包括兩個女兒和一個兒子，並與太太、女兒及孫女同住，家中有三人以上。
    2) 大女兒是護理師，已婚，有一個小孩，平時不一定住在一起；小女兒是補習班老師，經營安親班，並從事一對一教學，家中有一個16歲的女兒。
    3) 客戶的兒子現年56歲，與客戶同住，平時上下班使用滑板車。
    4) 客戶有兩個孫子，都是女生，並有一個16歲的孫子就讀高一。
    5) 客戶的母親在大陸有房子，家人有時會去新加坡和泰國旅行。

2. 健康狀況
    1) 客戶81歲，身高150公分，體重50公斤，曾患過敏性鼻炎，需每天使用噴劑，並每月到診所領取。
    2) 客戶有膽固醇問題，曾服用膽固醇藥物，但目前已停止服用，膽固醇已降下來。
    3) 客戶有耳鳴問題，曾購買保健品改善耳鳴。
    4) 客戶有骨刺問題，聲音常帶有鼻音，並提到自己皮包骨，沒有脂肪。
    5) 客戶每三個月進行健康檢查，並曾接種疫苗。

3. 職業背景
    1) 客戶目前在公司工作，工作時間彈性，通常早上六點出門，七點到達工作地點，工作時間可能延至晚上八點。
    2) 客戶曾在大陸工作，72歲回台灣後開始工作，曾在汕頭開工廠，與王永慶合作，並在台塑接受過三個月培訓。
    3) 客戶曾在東莞開設電腦相關店鋪，並在民國62年到大陸開廠，月薪15萬。
    4) 客戶的工作有排班制度，平時工作時間不固定，週六和週日通常下午三點到五點在南京店工作，五點後到新一店工作，晚上八點回家。

4. 健康食品使用心得
    1) 客戶有服用加拿大原裝魚油，認為效果很好，並有服用萬壽元保健食品，用於心血管保養和降三高。
    2) 客戶有飲用平衡油，含Omega-3成分，每月收到但有時未飲用。
    3) 客戶有食用即食燕窩、蘆薈酒、蘋果醋、檸檬飲品等，並認為效果良好。
    4) 客戶曾購買益生菌、牛樟芝、龜鹿益氣養神膏等保健品，認為有助於健康。
    5) 客戶不喜歡吃太多保健食品，但偶爾會喝保健品，口味不固定。

5. 禁忌
    1) 客戶不抽菸、不喝酒，曾經抽菸但已戒掉，並拒絕他人邀請喝酒。
    2) 客戶不隨便送保健食品，擔心效果不好。
    3) 客戶不喜歡吃太多保健食品，並相信自然抗體對身體有益。",1
31158374,"1. 家庭關係
    1) 客戶提到家裡的人不想要麻煩。
    2) 客戶的姐姐對某種產品感興趣，並希望試用以觀察效果。
    3) 客戶提到兒子說紅色商品沒有貨。
    4) 客戶的母親不需要太多減肥產品。

2. 健康狀況
    1) 客戶目前感冒，暫時不能吃醬油。
    2) 客戶提到腳骨折，並且有打鋼釘但未打石膏。
    3) 客戶提到她的血糖水平有時達到200多，糖化血色素可能超過標準值。
    4) 客戶提到目前測試血壓和血糖，但血壓幾乎不需要吃藥了。
    5) 客戶提到眼科醫師建議她使用人工淚液以減少眼睛酸澀。
    6) 客戶提到自己身高160公分，體重70公斤。
    7) 客戶提到自己沒有健康問題。

3. 職業背景
    1) 客戶表示目前有在上班。
    2) 客戶提到下午四點有課。
    3) 客戶提到她要去上班了。

4. 健康食品使用心得
    1) 客戶提到她每天都要吃魚油，但目前家中沒有存貨。
    2) 客戶提到她的葉黃素存量很多，可能是因為之前有人送她一些葉黃素產品，但她目前沒有使用葉黃素。
    3) 客戶提到她之前有試過吃益生菌，但表示沒有感覺，且因擔心肚子不舒服，只在假日食用。
    4) 客戶提到她之前吃倍達百會拉肚子。
    5) 客戶提到曾經吃過B群，並且目前喜歡B群的發泡錠，家裡還有三盒。
    6) 客戶提到曾經吃過含有番瀉葉的酵素產品，並表示該產品有助於排便順暢，但認為吃多了對身體不好。
    7) 客戶提到她有在吃保健品，包括幹細胞、分泌訂、精養生、東森倍護、激活安瓶、加倍訂和褐藻糖膠，但表示這些保健品對她的健康問題沒有明顯效果。
    8) 客戶提到之前有拿過魚油，但感覺效果一般。
    9) 客戶提到她之前有喝完一種保健品，但未明確說明具體名稱。
    10) 客戶提到她曾購買過奧利塔橄欖油，並表示一瓶500ml的橄欖油可以使用半年。

5. 禁忌
    1) 客戶提到她不喝黑咖啡、椰子油和咖啡。
    2) 客戶提到她不吃燕窩，也不想訂購燕窩。
    3) 客戶表示對堅果飲沒有興趣，並已經停掉了堅果。
    4) 客戶提到她不愛吃膠囊，但有在使用某種膠囊產品。
    5) 客戶提到她喝酒。
    6) 客戶提到她喜歡不含酒精的飲品。",1
31212941,"1. 家庭關係
    1) 客戶有一個兒子在美國工作，從事醫生職業，住在價值一千多萬美金的房子裡，並且有三個兒子分別在陸海空軍服役。
    2) 客戶的孫子和孫女健康，最大的孫子七歲，最小的孫子一年級。
    3) 客戶的老婆有時候會回來，並且需要L尺寸的產品，可能有瘦身需求。
    4) 客戶的家庭成員中有糖尿病遺傳病史，姐姐和媽媽都患有糖尿病，姐姐已去世。
    5) 客戶提到家中有全年吃素的家人。

2. 健康狀況
    1) 客戶有糖尿病，血糖偏高，飯前血糖達到一百六十九，並有糖尿病遺傳病史。
    2) 客戶有蜂窩性組織炎，傷口癒合較慢，並曾服用抗生素治療。
    3) 客戶有輕微白內障、飛蚊症、關節炎、腸胃功能較弱，偶爾有頭痛和膝蓋不適。
    4) 客戶體重曾減少兩公斤，後來又增加了幾公斤，擔心肌少症問題。
    5) 客戶有過敏情況，尤其在變天時，並曾確診肺炎。
    6) 客戶有低血壓和高血壓的問題，並曾腦梗中風一週。
    7) 客戶的皮膚會出油，並有色素沉澱問題。

3. 職業背景
    1) 客戶已退休，曾在美國工作，持有美國綠卡，但未考取美國公民身份。
    2) 客戶有基金投資習慣，並購買股票和ETF產品。
    3) 客戶有租金收入，並曾將店面租給診所使用。

4. 健康食品使用心得
    1) 客戶長期服用保健品，包括幹細胞、褐藻、益生菌、魚油、葉黃素、蚓激酶等，認為對健康有幫助。
    2) 客戶對褐藻的抗發炎效果和幹細胞產品的傷口癒合效果有一定認識。
    3) 客戶每天早晚各吃兩顆幹細胞產品，並有時候喝鱸魚精、安瓶和果汁。
    4) 客戶對於甜味補品和高糖分產品較為謹慎，並控制糖分攝取。
    5) 客戶認為保健品不是藥，但對健康有長期幫助。

5. 禁忌
    1) 客戶避免食用高普林食物、刺激性食物、海鮮和纖維含量高的食物，因牙齒問題會卡住。
    2) 客戶不吃生食，避免油炸食物和過甜的水果，並儘量不喝太燙的飲品。
    3) 客戶對於食品安全問題較為關注，避免購買外面的食物。",1
31228060,"1. 家庭關係
    1) 客戶表示沒有養小孩。

2. 健康狀況
    1) 客戶目前有在使用其他保健品。
    2) 客戶曾使用過長效型B群產品。

3. 職業背景
    1) 無相關資訊。

4. 健康食品使用心得
    1) 客戶去年曾在東森購物消費，並使用紅利點數購買長效型B群。
    2) 客戶目前沒有在吃保健品，但有使用其他保健品。

5. 禁忌
    1) 客戶目前沒有購買的想法。
    2) 客戶選擇將購買的商品捐贈給東森的慈善基金會，用於偏鄉兒童的營養午餐。",1
31281181,"1. 家庭關係
    1) 客戶是一位68歲的單身女性，未婚，沒有子女。
    2) 客戶有兄弟姐妹，但他們都有自己的家庭。
    3) 客戶提到最近家人從美國回來，會待一段時間，讓她比較忙。

2. 健康狀況
    1) 客戶有胃食道逆流，並有腸胃不適的情況，需服用胃藥進行保養。
    2) 客戶有過敏體質，天氣變化時容易打噴嚏。
    3) 客戶有恐懼症，並有定期測量血壓的習慣。
    4) 客戶的飲食作息不固定，早餐固定喝一杯咖啡，並會將保健品加入咖啡中飲用。

3. 職業背景
    1) 客戶目前無提及具體職業，但提到有玩股票的習慣。
    2) 客戶重視存資金，對演唱會、戲劇等娛樂活動不感興趣，也不參加明星相關活動。

4. 健康食品使用心得
    1) 客戶曾購買並服用過穆拉德的保健食品、益生菌、B群、葉黃素、魚油及華陀品牌的顧骨頭產品。
    2) 客戶偏好果凍狀的保健食品，曾購買果凍型葉黃素產品，並表示看到果凍形式的產品幾乎都會購買。
    3) 客戶不喜歡粉狀、顆粒或定狀的保健品，對魚油的味道不喜歡，偏好膠囊形式的產品。
    4) 客戶表示一天服用保健品的劑量最多不超過兩顆，且不一定按照產品標示的劑量服用。
    5) 客戶對益生菌和魚油的效果感受一般，目前較少服用。

5. 禁忌
    1) 客戶不喜歡燕窩類產品，認為不符合她的喜好。
    2) 客戶不太習慣在外面吃東西，打牌時通常不吃東西，只喝水或咖啡。
    3) 客戶不喜歡香水附帶的小配件。",1
31413216,"1. 家庭關係
    1) 未提及具體家庭成員或關係。

2. 健康狀況
    1) 客戶認為自己身體健康，平常注意日常生活即可。
    2) 客戶目前沒有在吃健康食品，因為覺得吃了沒什麼效果。

3. 職業背景
    1) 未提及具體職業背景。

4. 健康食品使用心得
    1) 客戶過去購買過藥品類產品，但因為覺得沒效果所以不再購買。
    2) 客戶目前沒有購買葉黃素或益生菌的需求，也沒有購買保養或保健類商品的意願。
    3) 客戶目前沒有在吃健康食品，認為效果不明顯。

5. 禁忌
    1) 客戶偏好自然、沒有化學成分的洗髮精。
    2) 客戶目前不需要生活用品如洗衣精、衛生紙和廚房紙巾等。
    3) 客戶目前沒有其他需求，對於生活用品、保養或保健類商品無購買意願。",1
31433309,"1. 家庭關係
    1) 客戶與配偶共同撫養孩子，家中有雙胞胎小朋友，年紀尚小，需陪伴，還有一個高中生。
    2) 客戶的孩子目前一歲多，已經能站起來走路，並會爬行和探索周圍環境，晚上七點半到八點入睡，早上四五點醒來。
    3) 客戶的母親曾罹患原位癌，現有血糖問題，父親有高血壓問題，母親曾因健康問題搬到苗栗照顧奶奶。
    4) 客戶家中有三人會一起使用魚油產品，家中沒有養寵物。

2. 健康狀況
    1) 客戶有脂肪肝、三酸甘油酯和膽固醇偏高，並有低血糖問題，曾因結石問題凌晨疼痛就醫。
    2) 客戶曾進行心臟手術，目前有心臟與血壓方面的慢性處方簽，並服用藥物控制健康問題。
    3) 客戶的孩子目前感冒，有咳嗽和發燒症狀，並服用漢方益生菌。
    4) 客戶表示晚上睡眠不佳，無法一夜到天亮，工作壓力大且作息不正常。

3. 職業背景
    1) 客戶目前正在上班，工作繁忙，尚未完成文書工作。
    2) 客戶每月個人開銷超過兩萬，包含保險與民生支出，公司每年提供健康檢查。

4. 健康食品使用心得
    1) 客戶目前服用牛樟芝（一天兩顆，主要用於降三酸甘油酯和脂肪肝）、維他命C（抗發炎、幫助傷口癒合、加強骨骼鈣質吸收）、鈣質補充劑和補骨胜肽（改善筋骨狀況）。
    2) 客戶曾服用蚓激酶一年，感覺健康檢查後有所改善，並有服用益生菌、魚油和葉黃素，認為益生菌有助於腸道健康和免疫力提升。
    3) 客戶的母親飲用代餐產品和膠原蛋白飲品，孩子喜歡吃魚油，會咬破膠囊食用，並每天食用益生菌。
    4) 客戶曾購買鱸魚精補充元氣，並提到其包裝為黃色，且曾購買陳美鳳代言的保健食品，認為濃稠且功效高。

5. 禁忌
    1) 客戶需注意脂肪肝、三酸甘油酯和膽固醇偏高問題，並避免高油脂食物。
    2) 客戶容易結石，需多喝水，避免濃茶以減少結石風險。
    3) 客戶提到長輩若有慢性處方簽，保養品與藥物需隔開服用。",1
31576544,"1. 家庭關係
    1) 未提及相關內容。

2. 健康狀況
    1) 客戶有血糖偏高的問題。
    2) 客戶有高血脂的問題。

3. 職業背景
    1) 未提及相關內容。

4. 健康食品使用心得
    1) 客戶喜歡喝黑木耳飲品和燕麥飲品。
    2) 客戶經常購買膠原蛋白產品。

5. 禁忌
    1) 客戶目前尚未購買東森的顧骨頭產品，表示會再考慮。
    2) 未提及其他禁忌。",1
31619244,"1. 家庭關係
    1) 客戶有三個女兒和一個兒子，三個女兒已結婚，兒子20歲。
    2) 客戶與兒子、媳婦及孫子住在一起，家中共有四人。
    3) 客戶有十個孫子孫女，其中一名孫子就讀小學三四年級，孫女目前不在家。
    4) 客戶的先生已退休，曾在工廠工作，現在負責煮飯，客戶則負責買菜。

2. 健康狀況
    1) 客戶身高155公分，體重64公斤，骨頭狀況尚可，但軟骨素不足。
    2) 客戶沒有三高問題，目前也沒有服用三高相關藥物。
    3) 客戶十幾年未看醫生，但每年安排一次健康檢查。
    4) 客戶的眼睛曾因蚊子或電擊受傷，導致紅腫，醫生診斷白內障情況非常輕微，約十分之一。
    5) 客戶的膝蓋有不適問題。
    6) 客戶的先生最近瘦了五到六公斤，肚子變小。

3. 職業背景
    1) 客戶目前幫忙做生意，主要負責買菜，並且每天都會去菜市場。
    2) 客戶提到自己有種植一些菜，並且是自己使用的。

4. 健康食品使用心得
    1) 客戶曾購買並食用龜鹿膏、龜鹿二仙膠、龜鹿飲品，對保健有一定需求。
    2) 客戶有服用益生菌，益生菌由女兒購買，並一次購買兩組，足夠一年使用。
    3) 客戶曾購買醫療級葉黃素，並搭配飯後服用，女兒也曾帶回十一盒葉黃素給她。
    4) 客戶每天中午服用一顆B群，並曾購買B群產品，但使用頻率較少。
    5) 客戶每天服用合利他命三顆，並曾服用日本和力他命。
    6) 客戶曾購買幹細胞產品，先生每天服用一顆，客戶未明確表示是否使用。
    7) 客戶目前在服用野參土龍鴕鳥精，並曾購買土龍鴕鳥精兩組。
    8) 客戶曾購買藍莓相關保健食品、人蔘飲品及護理膠囊等顧血管產品。
    9) 客戶提到檸檬產品可以直接吃或泡水使用，並喜歡吃新鮮食材如地瓜葉。
    10) 客戶提到她可以晚上飯後服用保健食品，幫助睡眠及鈣吸收，並預防骨質疏鬆。

5. 禁忌
    1) 客戶不適合食用挺立鈣加強錠。
    2) 客戶經濟能力有限，每月開銷約一萬到一萬五之間，攢的錢不多。",1
31704376,"1. 家庭關係
    1) 客戶有一個男孩和一個女孩。
    2) 客戶的先生有固定在吃某品牌的魚油。

2. 健康狀況
    1) 客戶平常沒有吃特別的保健品，只有吃葉黃素。
    2) 客戶提到上次購買的保健品還沒吃完，並且後來沒有再使用顧骨頭的產品。

3. 職業背景
    1) 客戶目前正在工作。
    2) 客戶最近因過節而非常忙碌。

4. 健康食品使用心得
    1) 客戶提到葉黃素已經收到了，並且是她目前唯一有在食用的保健品。
    2) 客戶之前購買的保健品是買給長輩使用的。

5. 禁忌
    1) 客戶對美容護膚服務沒有興趣，因為她已經有固定的地方進行相關服務。
    2) 客戶目前沒有中秋送禮的需求。",1
31726814,"1. 家庭關係
    1) 客戶有兩個女兒，其中一位剛大學畢業並已開始工作，另一位目前在台中讀書，兩人住在一起。
    2) 客戶與大學畢業的女兒住在一起，小女兒目前在台中讀書並需要搭火車通勤。
    3) 客戶的母親有高血壓和心血管問題，可能需要化療，且醫療費用可能需要準備幾十萬。
    4) 客戶的母親服用高血壓藥物和心血管保健品，效果良好。
    5) 客戶提到家中有四個人，並有兩台車。
    6) 客戶提到家中有茶園，並曾賣掉三十幾甲土地。

2. 健康狀況
    1) 客戶有高血壓，長期服用高血壓藥物，並定期量血壓。
    2) 客戶有鼻子過敏問題，幾乎每天發作，且一年四季未減輕。
    3) 客戶眼睛有老花眼，晚上視力較差，並有酸澀和模糊的情況，可能是過去工程師工作造成的職業傷害。
    4) 客戶的皮膚容易長痘痘，最近有所改善，但仍有痘疤問題。
    5) 客戶的月經狀況不太正常，且肝臟指數偏高，醫生建議進一步檢查。
    6) 客戶提到自己有在進行排毒，並每天喝三到四千毫升的水。

3. 職業背景
    1) 客戶目前63歲，曾從事工程師工作，可能因職業導致眼睛受傷。
    2) 客戶提到自己和配偶仍在工作，未完全退休，目前在台中工作。
    3) 小女兒早上在工廠上班，晚上在小吃店工作到十點；大女兒工作相對輕鬆，固定周六日休息。

4. 健康食品使用心得
    1) 客戶每天服用褐藻糖膠，但有時會忘記一天的份量，並建議大女兒持續服用三個月以改善過敏。
    2) 客戶每天早上空腹喝一支氨基酸，並每週喝一瓶一氧化氮產品。
    3) 客戶有服用葉黃素，並根據眼睛不適程度調整用量。
    4) 客戶曾購買幹細胞產品，但未使用並放置了兩三年。
    5) 客戶的母親服用腸胃保健產品和心血管保健品，效果良好。
    6) 客戶曾使用味王品牌益生菌，效果不錯，但近期找不到該產品。
    7) 客戶曾使用中藥益生菌試用包，效果稍有改善。
    8) 客戶曾購買經理解補鈣保健品，效果不錯。
    9) 客戶提到小孩使用保健品較多，配偶也有使用一些保健品。

5. 禁忌
    1) 客戶不再使用薑黃產品。
    2) 客戶提到糖類飲料可能需要減少攝取以改善皮膚狀況。",1
31781918,"1. 家庭關係
    1) 無相關資訊提供。

2. 健康狀況
    1) 無相關資訊提供。

3. 職業背景
    1) 客戶目前正在上班。

4. 健康食品使用心得
    1) 無相關資訊提供。

5. 禁忌
    1) 客戶未提及任何禁忌事項。",1
31793926,"1. 家庭關係
    1) 客戶目前獨居，但曾表示與女兒住在一起，女兒和女婿住在基隆並共同經營模型玩具店。
    2) 客戶的女兒養了兩隻貓，並曾與女兒一起去彰化旅遊。
    3) 客戶的老婆已過世，生前曾賣抗菌防蟎洗衣精，並提早訂年菜產品。
    4) 客戶提到下個月可能搬家到基隆市，距離目前住處約十分鐘車程。

2. 健康狀況
    1) 客戶77歲，生活規律，早上三四點起床，起床後一定要先喝水，睡眠品質很好，沒有痠痛或夜尿問題。
    2) 客戶曾定期健康檢查，但退休後逐漸停止，骨密度曾正常但後來下降，眼睛曾開過刀，並患有肌腱炎，手腕疼痛，已看醫生並服用藥物及貼藥膏，症狀有所改善。
    3) 客戶從65歲起每年打疫苗，最近打了疫苗後表示不敢再出去。
    4) 客戶不抽菸、不喝酒，平時只喝開水和茶，不喜歡嘗試其他飲品。

3. 職業背景
    1) 客戶提到公司過去每年要求員工進行健康檢查，並養成了定期檢查的習慣。
    2) 客戶曾有拍照的習慣，購買過攝影機和鏡頭，並表示自己白天工作操勞，晚上躺下幾分鐘就能睡著。

4. 健康食品使用心得
    1) 客戶每天服用保健食品，包括東森倍護，按照規定飯後服用，每天一顆，並曾購買妍美会的葉黃素保養眼睛。
    2) 客戶表示只使用葉黃素作為保健品，未與家人分享，並提到吃某產品已達四十包。
    3) 客戶會使用堅果製作麵包，並認為鳳梨皮可清潔快煮壺去除水垢。

5. 禁忌
    1) 客戶對健康節目和額外的保健食品或飲品沒有興趣，平時不看電視，主要觀看YouTube內容。
    2) 客戶吃東西有戒指，並表示大部分的訊息都不會看。",1
31826656,"1. 家庭關係
    1) 客戶提到家中有警衛，女兒會告訴警衛相關事宜，警衛可代收貨物。
    2) 客戶的太太是台大教授，家裡人現在比較少。
    3) 客戶提到他的太太曾購買過一箱龜鹿產品，並且購買的天使能量床是為太太使用的。
    4) 客戶提到他的老公現在不在，等他回來後會再與他商量。

2. 健康狀況
    1) 客戶表示自己已經83歲，曾經開過兩眼白內障手術，並有乾眼症。
    2) 客戶提到自己不運動，睡眠情況不佳，與以往相同。
    3) 客戶提到床墊放在榻榻米上使用，導致腰痛。

3. 職業背景
    1) 客戶表示自己已經退休很久了，現年82歲。
    2) 客戶提到他的房子很小，家裡目前沒有額外的錢購買商品。

4. 健康食品使用心得
    1) 客戶提到曾購買過膠原錠和清潔錠，並曾在東森購物買過苦茶油和抗菌能量健康內褲。
    2) 客戶提到家中已經有石墨烯棉被，但認為效果不佳，並曾購買過有機店的碳除濕產品和東森廣告的棉被，但效果不理想。
    3) 客戶提到她的先生有閱讀產品附帶的書籍，並了解產品的多種用途，認為產品可以用於眼睛和其他部位。

5. 禁忌
    1) 客戶表示不吃燕窩、人蔘、B群、銀寶善存或深海魚類等保健食品。
    2) 客戶提到他不吃任何保健食品，對東森購物的信任度不高，因為退貨處理過程讓他感到不滿意。",1
31871584,"1. 家庭關係
    1) 客戶需要整天照顧小孩，平日非常忙碌。
    2) 客戶的兒子會幫忙準備保健品及日用品。
    3) 客戶家中有養寵物。

2. 健康狀況
    1) 客戶表示腳不方便，因此幾乎不出門。

3. 職業背景
    1) 客戶目前主要負責照顧小孩，未提及其他職業背景。

4. 健康食品使用心得
    1) 客戶有購買奧利塔品牌的橄欖油和玄米油，橄欖油已用完，玄米油還有存貨。

5. 禁忌
    1) 客戶不喜歡網購。
    2) 客戶不使用抽取式衛生紙，習慣使用吊掛式衛生紙。",1
31907619,"1. 家庭關係
    1) 客戶表示家裡偶爾煮飯，偶爾外面買。
    2) 客戶提到今天家裡煮飯。
    3) 客戶有將保健品分享給家人食用。

2. 健康狀況
    1) 客戶提到有在服用骨關節保健品，主要作為保養用途，每天服用一顆。
    2) 客戶年齡為62歲，性別為男性。

3. 職業背景
    1) 未提及具體職業背景。

4. 健康食品使用心得
    1) 客戶偏好購買一罐一罐的龜鹿產品，認為方便使用。
    2) 客戶有服用保健品，但並非每天服用，僅作為保養用途。
    3) 客戶之前購買了兩盒保健食品，但尚未吃完。
    4) 客戶提到上次有購買過顧骨頭的高鼓勵產品。

5. 禁忌
    1) 客戶表示近期不需要額外購買保健品，因為之前購買的還未使用完。
    2) 客戶目前不考慮購買新的保健食品。",1
31968011,"1. 家庭關係
    1) 客戶有一位女兒，目前不在台灣。
    2) 客戶有一位兒子，在雜貨店工作。
    3) 客戶提到要購買鈣片給妹妹。
    4) 客戶的爺爺曾有眼膜病變的健康問題。

2. 健康狀況
    1) 客戶78歲，身體狀況不佳，需定期進行身體檢查。
    2) 客戶有高血壓、三高問題，並有時候會頭痛，正在服用醫生開的三高藥物。
    3) 客戶有腎臟問題，需洗腎，但目前尚未開始。
    4) 客戶有飛蚊症、胃痛的症狀，並提到需要視神經修復的產品。
    5) 客戶表示現在不能亂吃東西，只能吃醫生開的藥。

3. 職業背景
    1) 客戶未提及自身職業背景。
    2) 客戶提到目前經濟狀況不佳，沒有多餘的錢。

4. 健康食品使用心得
    1) 客戶每天服用一到兩粒保健品，並有服用含有葉黃素的產品。
    2) 客戶曾購買過納豆，並有服用玻尿酸。
    3) 客戶提到曾在五月份購買祛斑精華。
    4) 客戶提到有服用保健食品，每次15包。

5. 禁忌
    1) 客戶表示目前不需要購買衛生紙和其他商品。
    2) 客戶提到身體不好，表示不要再購買商品，若有需要會再通知專員。",1
31970331,"1. 家庭關係
    1) 未提及家庭相關資訊。

2. 健康狀況
    1) 客戶平常有在食用鈣片，且有長期食用的習慣，但未提及特定品牌。
    2) 客戶平常有在食用葉黃素，但不是購買專員所提的品牌。

3. 職業背景
    1) 客戶目前仍在上班，工作環境有冷氣。
    2) 客戶表示對目前的收入不滿意，希望未來能有更高的收入。
    3) 客戶提到退休後希望有四五萬塊的收入。

4. 健康食品使用心得
    1) 客戶決定購買一組鈣片作為補充，並表示之前未曾使用過該品牌。
    2) 客戶固定在東森購物訂購商品。

5. 禁忌
    1) 客戶目前在美國，暫時不需要購買商品。
    2) 客戶目前忙碌，無法購物或聽取推銷內容。",1
31973277,"1. 家庭關係
    1) 客戶提到自己離婚了，目前未婚，且不介意對方是否離婚過。
    2) 客戶的母親曾因膝蓋問題接受PRP治療，後來換了人工關節，並長期站立工作。
    3) 客戶的母親在醫學中心工作，使用過膠原蛋白產品，並覺得效果不錯。
    4) 客戶的父母住在南部，花費約五到六萬。
    5) 客戶的弟弟是藥劑師，曾在客戶手術後照顧他。
    6) 客戶每月與家人聚會一次。

2. 健康狀況
    1) 客戶有腎臟問題，腎絲球過濾率小於60，需注意腎功能和尿蛋白問題。
    2) 客戶有痛風、脂肪肝、糖尿病前期、白內障、貧血、癲癇病史、心臟問題、胃酸、腸胃炎、雙向反應、先天性遺傳性問題、以及腦部神經受損等健康問題。
    3) 客戶曾經開刀，手術後有神經受損、傷口疼痛、感染發燒、背痛、失眠及水腫等情況。
    4) 客戶容易疲勞，免疫力不佳，容易長蕁麻疹，並有高燒、喉嚨痛、肌肉痠痛等症狀。
    5) 客戶有尿道結石，尿液顏色有時會因排出小結石而改變。
    6) 客戶有糖化血色素過高的問題，但未明確表示有糖尿病。
    7) 客戶有咳嗽、頭痛、頭暈、痘疤及痘痘問題。
    8) 客戶的體重為67-68公斤，身高168公分，曾減重10公斤，肚皮感覺變鬆。

3. 職業背景
    1) 客戶在建築公司上班，工作繁忙，時常加班，並提到上課是工作的一部分。
    2) 客戶目前搬到新的辦公室，正在進行裝潢。

4. 健康食品使用心得
    1) 客戶使用過多種健康食品，包括膠囊、益生菌、蚓激酶、維他命、滑精養身、石墨烯產品等。
    2) 客戶表示使用益生菌後沒有再拉肚子，但效果不明顯；服用維他命後感覺精神很好。
    3) 客戶對於產品的效果和價格有關注，對頂級葉黃素、石墨烯產品、果凍狀產品等感興趣。
    4) 客戶提到使用健康食品後尿液顏色變黃，並表示尿液泡泡減少。

5. 禁忌
    1) 客戶不敢吃酵素，因為正在服用抗生素。
    2) 客戶不吃豬肉和牛肉，並不喜歡吃冰的東西。
    3) 客戶不喝酒、不抽菸，並對某些食物和產品持保留態度。
    4) 客戶需減少澱粉和糖類攝入，並注意腎功能、血壓及糖化血色素。",1
32009325,"1. 家庭關係
    1) 客戶有一個小孩，目前在上幼兒園，由客戶早晚接送，孩子行動力較慢，語言方面有問題，身高107公分，正常發展。
    2) 客戶的母親年近八十歲，身體不好，有三高問題，曾進行過腫瘤治療但已放棄治療。
    3) 客戶的父親已去世二十多年。
    4) 客戶的丈母娘曾幫忙照顧家庭，但目前不再過來幫忙。
    5) 客戶的老婆目前在坐月子中心，懷孕過程中無過敏或蕁麻疹，生完小孩後考慮讓她喝粒線體產品。
    6) 客戶的家人不在身邊，主要由妻子負責照顧小孩。

2. 健康狀況
    1) 客戶有腎功能問題，腳踝受傷，可能涉及韌帶問題，走路時感到不適，並需要復健。
    2) 客戶有白頭髮、眼壓高、近視、眼睛疲勞，並提到消化道問題。
    3) 客戶感冒中，且提到全身不舒服，工作時間長影響健康。
    4) 客戶提到摔倒後身體需要修復，並有皮膚紅腫但非過敏引起。
    5) 客戶提到自己幾乎沒有時間喝水，且晚上感到口乾。

3. 職業背景
    1) 客戶工作性質為責任制，工作時間長，超過12小時，且工作繁忙，涉及接電話和維修，並參與公司會議。
    2) 客戶的工作地點在新竹，平日和周末都忙碌，經常搭乘高鐵。

4. 健康食品使用心得
    1) 客戶有喝魚肝油，感覺效果很好，認為對眼睛有幫助，並對魚油產品感興趣。
    2) 客戶曾使用過幹細胞產品，認為有延緩老化的效果，並對褐藻糖膠產品感興趣。
    3) 客戶目前在服用減重產品、魚肝油、氨基酸產品，並考慮購買益生菌和珍珠鹿角鈣產品。
    4) 客戶曾購買過磷蝦油、野山蔘、六天參、龜鹿二仙膠、白藜蘆醇等產品，並對其效果表示滿意。
    5) 客戶對葉黃素效果持懷疑態度，認為其無效。
    6) 客戶提到每天飯後吃兩顆滑精養生，並有時早晚各吃兩顆。

5. 禁忌
    1) 客戶不喝茶或咖啡，不吃燕盞，且不喜歡空腹飲用產品。
    2) 客戶不希望孩子吃鈣片，且對某些產品的證書和用途持保留態度。
    3) 客戶的老婆不喜歡吞膠囊，對保健品持反感態度，認為像吃藥。",1
32018762,"1. 家庭關係
    1) 客戶有一位先生，先生工作繁忙，有時會回家收貨，但不會穿能量褲，也不會一起運動。
    2) 客戶有三個孩子，其中女兒已結婚兩年，兩個兒子尚未成家，其中一位兒子目前在台南工作，之前在台北。

2. 健康狀況
    1) 客戶有高血壓，需分早中晚服用降壓藥，並提到降壓藥有利尿作用。
    2) 客戶有三酸甘油酯高、膽固醇高、體脂率偏高等健康問題，並關注減重與內臟脂肪。
    3) 客戶血糖接近紅字，糖化血色素約6點多，舒張壓偏低約50。
    4) 客戶有息肉體質，可能與新陳代謝不良有關，計劃進行腸胃鏡檢查。
    5) 客戶容易腰痠背痛，睡眠品質不好，容易夜尿且血壓波動。
    6) 客戶固定進行健康檢查，包括子宮頸檢查、乳房檢查、超音波及抽血等。

3. 職業背景
    1) 未提及具體職業，但提到自己經常忙碌，導致缺乏運動，並很少看電視節目。

4. 健康食品使用心得
    1) 客戶有食用多種保健食品，包括益生菌、葉黃素、魚油、白蘭氏胜肽、褐藻糖膠、活泉產品、B群、白蘭氏膠原錠等，並認為部分產品有效。
    2) 客戶習慣早上服用保健品，飯後服用高血壓藥，並會將B群給小孩服用。
    3) 客戶認為日本保健食品品質不錯，並提到某款產品是日本前五名藥品之一。
    4) 客戶表示保健食品服用方式不固定，擔心身體負擔過多，且認為一天吃四顆保健食品劑量太多。
    5) 客戶曾購買植物性幹細胞產品、華陀活泉精華膠囊等，但尚未開始使用。

5. 禁忌
    1) 客戶不喜歡空腹服用維他命C，認為可能影響腸胃。
    2) 客戶不感興趣於燕窩，並表示早餐即可滿足需求，不需要健康食品。
    3) 客戶很少使用防曬乳，且不考慮加購。",1
32063439,"1. 家庭關係
    1) 客戶有一位女兒，女兒也有在使用東森的產品。

2. 健康狀況
    1) 客戶曾因骨質密度可能較低而補充鈣質。

3. 職業背景
    1) 無相關資訊。

4. 健康食品使用心得
    1) 客戶之前有服用挺立鈣，目的是為了補充鈣質，但目前已經停止使用。

5. 禁忌
    1) 無相關資訊。",1
32125491,"1. 家庭關係
    1) 客戶提到他和配偶都偏好使用天然的保養品。

2. 健康狀況
    1) 客戶認為運動是保養身體的方式，並提到他平常有進行高強度運動來保養身體。
    2) 客戶認為健康食品可能會對腎臟造成負擔，因此對保健食品不感興趣。

3. 職業背景
    1) 無相關資訊。

4. 健康食品使用心得
    1) 客戶表示目前沒有在吃保健食品，也不需要補充任何保健品。
    2) 客戶提到他有在服用一種由朋友從國外帶回來的膠囊形式保健食品，每週服用兩次，濃度較高，主要功能是活化肌能。
    3) 客戶表示不喜歡吃保健食品，並提到不吃藥、不吃葉黃素，也不吃任何需要存放的東西，例如藥品。

5. 禁忌
    1) 客戶對保健食品不感興趣，並認為其可能對腎臟造成負擔。
    2) 客戶不吃藥、不吃葉黃素，也不吃任何需要存放的東西，例如藥品。",1
32151681,"1. 家庭關係
    1) 客戶有一個兒子，兒子在北京工作，從事看護工作，經常腰痠背痛，且上夜班，對母親購買保健食品的行為表示擔憂。
    2) 客戶有一個妹妹，並考慮送產品給她試用。
    3) 客戶提到有一個認識二十幾年的朋友幫忙處理定期定額投資。
    4) 客戶提到有朋友是政府工作，對朋友的某些行為感到奇怪。

2. 健康狀況
    1) 客戶70歲，曾在兩三年前住院兩年，花光了積蓄。
    2) 客戶去年年底生了一場大病，差點去世，目前需要好好休養和加強身體健康。
    3) 客戶有高血壓、缺鐵、腎結石和尿毒症的健康問題，曾被建議洗腎但選擇不進行，目前已不需洗腎。
    4) 客戶腎臟不好，心臟以前會亂跳但現在情況已改善。
    5) 客戶吃素，對葷素食品有特別考量，且一天飲水量約2000毫升。
    6) 客戶對高血壓藥物有不適反應，並且不能吃高麗人蔘。

3. 職業背景
    1) 客戶目前沒有在上班，考慮花費時會優先考慮。
    2) 客戶提到自己有在上課，可能比較忙。
    3) 客戶形容自己對電腦操作不熟悉，稱自己是電腦白痴。

4. 健康食品使用心得
    1) 客戶曾購買過幹細胞產品，但因生病後停止服用，且表示未感受到效果。
    2) 客戶曾購買過龜鹿精、龜鹿二仙膠，對其效果有一定了解。
    3) 客戶目前每天飲用含玻尿酸的產品，第一個月每天喝兩瓶，之後改為每天一瓶。
    4) 客戶曾購買萬歲牌堅果，但忘記具體種類。
    5) 客戶曾在東森購物購買益生菌，並持續食用，主要目的非為減脂或改善排便。
    6) 客戶已收到購買的燕窩，對保養品和健康食品的使用持謹慎態度，會考慮先吃完現有的再開始新的。
    7) 客戶曾購買過石墨烯產品（呼吸器和褲子），但感覺效果不明顯。
    8) 客戶曾購買過粒線體產品（紅色安瓶裝），但對粒線體產品不熟悉。
    9) 客戶收到公司送的顧關節產品和姜黃。

5. 禁忌
    1) 客戶不敢吃西藥，傾向選擇中藥或其他非西藥的方式進行調理，目前正在服用中藥，並需與保健食品錯開時間服用。
    2) 客戶腎臟不好，對飲食和保健品的選擇需特別注意。
    3) 客戶有高血壓，不能食用高麗人蔘。",1
32153699,"1. 家庭關係
    1) 客戶與太太共同生活，太太有時會從家裡走到菜市場或上課，並定期到長庚醫院就診。
    2) 客戶的兒子曾從大陸回來，媳婦在大陸工作，經常出差並從事藥廠相關工作。
    3) 客戶的姐姐與他一起服用保健品，且有膽固醇問題。
    4) 客戶的女兒從事辦公室工作，容易感到痠痛。
    5) 客戶提到公婆去南部，來不及回來。

2. 健康狀況
    1) 客戶有糖尿病基因，需控制血糖，糖化血色素數值曾為6.1，現降至5點多，血糖控制在102左右。
    2) 客戶有膽固醇問題，總膽固醇為170，低密度脂蛋白為105，高密度脂蛋白在40-60之間。
    3) 客戶有內臟脂肪超標，主要集中在腹腔，並有胃潰瘍及敏感腸胃。
    4) 客戶的太太腎絲球過濾率偏低（58），有尿液泡沫情況，且高密度膽固醇不及格。
    5) 客戶有白內障，但控制良好，無需進一步治療。
    6) 客戶的血壓舒張壓從60幾調高到75-78之間，狀態穩定。
    7) 客戶提到年紀大了，體力下降，走路時感到疲勞。

3. 職業背景
    1) 客戶目前已退休，無需保持上班時的精力。
    2) 客戶曾經去有機商店推廣產品。
    3) 客戶的媳婦從事藥廠相關工作，經常出差。

4. 健康食品使用心得
    1) 客戶和太太共同服用保健品，每月消耗两瓶，家中存有多種保健品，包括蚓激酶、葉黃素、幹細胞產品、土龍精、牛樟芝等。
    2) 客戶對幹細胞產品、土龍精、葉黃素、蜂王乳、紅麴等保健品效果表示滿意，認為有助於健康。
    3) 客戶每天服用葉黃素一顆，已持續兩年，感覺視力有進步。
    4) 客戶對粒線體產品效果感興趣，並有使用NAD+產品，認為其有助於皮膚潤澤。
    5) 客戶對魚油產品有興趣，並提到其產品含EPA，效果是一般魚油的1200倍。
    6) 客戶每天早上喝意大利橄欖油，並有食用軟靈芝的習慣，認為其效果良好。
    7) 客戶對白藜蘆醇和膠原蛋白的美容效果有好評，並認為土龍精在冬天有溫補固腎的效果。

5. 禁忌
    1) 客戶對乳清蛋白和鹿角蛋白過敏，會引起皮膚癢等症狀。
    2) 客戶腸胃敏感，喝某些茶會拉肚子，儘量少吃魚類，因為會引起皮膚癢。
    3) 客戶避免食用水果蛋糕、精緻澱粉及過甜的水果如芒果。
    4) 客戶不適合在高溫下運動，容易上火和嘴唇破裂。",1
32155934,"1. 家庭關係
    1) 客戶提到她的兒子可能在使用MOD。
    2) 客戶的房間在二樓，有時候需要爬樓梯。

2. 健康狀況
    1) 客戶今年六十五歲，生活作息規律，每天早上四點多起床，五點到五點半進行運動，包括走路和慢跑。
    2) 客戶目前沒有上班，正在家裡休息。
    3) 客戶住在工業區附近，可能對健康有一定影響。
    4) 客戶很少吃鈣片或其他顧骨頭關節的保健食品。

3. 職業背景
    1) 客戶目前沒有工作，處於休息狀態。

4. 健康食品使用心得
    1) 客戶之前在東森購物購買過華陀的十二味龜鹿產品。
    2) 客戶目前沒有在吃保健食品。

5. 禁忌
    1) 客戶提到她很少使用鈣片或其他顧骨頭關節的保健食品。",1
32157230,"1. 家庭關係
    1) 客戶提到她與兒子一起住。
    2) 客戶提到家族有糖尿病遺傳史。

2. 健康狀況
    1) 客戶提到自己有三高，並且最近剛開始服用藥物。
    2) 客戶提到她的糖化血色素曾經高達12點多，後來透過每天早上走路三千步和服藥，將糖化血色素降到9點多，目前為8.2。
    3) 客戶提到她的眼睛有問題，感覺像是眼中風，並且去榮總檢查後得知眼睛有出血，醫生表示可能與糖尿病有關。
    4) 客戶表示目前吃很多藥，包括控制血糖的藥物，不想再吃其他藥物。
    5) 客戶提到自己有在吃藥並且有給醫生看診。

3. 職業背景
    1) 無相關資訊。

4. 健康食品使用心得
    1) 客戶提到她有服用葉黃素、NMN、三得利的魚油、白蘭氏的保健品及益生菌產品。
    2) 客戶提到她有購買並服用苦瓜胜肽，主要用於控制血糖，但覺得效果不明顯。
    3) 客戶提到她曾購買過江守山醫師推薦的活化參，並表示目前還沒吃完。
    4) 客戶提到她有購買過一款名為妍美会的葉黃素，但尚未開始服用。
    5) 客戶曾考慮購買與糖尿病相關的保健品，因聽說該產品對糖尿病有幫助。
    6) 客戶表示對高濃度魚油、綠蜂膠葉黃素、益生菌和補骨胜肽這些產品都不感興趣。

5. 禁忌
    1) 客戶提到她不想再購買東森的商品，認為操作過於麻煩，並表示以後不會再購買東森的產品。
    2) 客戶提到之前購買過顧骨頭的產品及來自泰國的產品，但因送來的產品不符或擔心來源問題而退貨。
    3) 客戶表示目前不想購買任何保健品，因為心情不好。",1
32193551,"1. 家庭關係
    1) 客戶有三個兒子和一個女兒，四個孫子，孫子分布在世界各地，年齡從5歲到21歲不等。
    2) 客戶的兒子中有一位是再生醫學副教授，另一位在中國大陸從事保險業，還有一位在馬來西亞工作且很有名。
    3) 客戶的女兒住在美國，經常為她購買保養品。
    4) 客戶的家族和先生的家族中有許多醫生，且家族成員長壽。
    5) 客戶的母親心臟不好，器官逐漸衰竭，需依賴呼吸器。
    6) 客戶的孩子們都很孝順，每週五會回家陪她。

2. 健康狀況
    1) 客戶年齡在七八十歲之間，體重約58公斤，身高158公分，認為自己體重標準。
    2) 客戶有高血壓、白內障、胰腺炎，曾動過腦部手術和心臟支架手術，需定期檢查。
    3) 客戶的腸胃道狀況較差，對肉粽消化不良，並有乳房輕微出血情況。
    4) 客戶有頭暈、手部紅腫等症狀，並曾檢查出囊腫。
    5) 客戶有運動習慣，但行動不便，腳板有時會腫。
    6) 客戶注重健康，定期在台大醫院檢查，並已接種流感疫苗。

3. 職業背景
    1) 客戶提到她的兒子是大學教授，並在台灣任教。
    2) 客戶的兒子在中國大陸從事保險業，另一位兒子在馬來西亞工作且頗有名。

4. 健康食品使用心得
    1) 客戶購買過多種保健品，包括益生菌、黑木耳露、枸杞汁、葉黃素、氨基酸等，但對部分產品效果持懷疑態度。
    2) 客戶每天早晚飲用粒線體飲品，並曾飲用含玻尿酸的產品。
    3) 客戶對燕窩、花旗蔘杏仁粉等產品效果不滿意，認為心情好對健康更重要。
    4) 客戶對於產品的濃度有要求，偏好濃度較高的產品。
    5) 客戶對於華陀的枸杞汁表示喜愛，並每天飲用一包。

5. 禁忌
    1) 客戶不喜歡吃藥，對吃藥和保健品感到害怕，並表示不想再吃這些產品。
    2) 客戶不吃太甜的食物，對中藥和新加坡食物不感興趣。
    3) 客戶對於購買過多商品感到困擾，並表示不想再購買更多產品。",1
32257414,"1. 家庭關係
    1) 客戶提到他的老婆會使用產品試試看。

2. 健康狀況
    1) 無相關資訊。

3. 職業背景
    1) 無相關資訊。

4. 健康食品使用心得
    1) 無相關資訊。

5. 禁忌
    1) 無相關資訊。",1
32291012,"1. 家庭關係
    1) 客戶已婚，並有兩個兒子，其中一個兒子三歲。
    2) 客戶提到她的兒子有流鼻涕的情況，並曾帶小朋友去看醫生。
    3) 客戶提到其父親早上活動量較大。

2. 健康狀況
    1) 客戶目前心臟不太好，且有鼻子過敏的問題。
    2) 客戶偶爾會有排便不順的情況，但不吃益生菌也還好。
    3) 客戶身高158公分，體重偏胖。

3. 職業背景
    1) 客戶提到最近很忙，但未提及具體職業。

4. 健康食品使用心得
    1) 客戶之前購買過葉黃素、益生菌和顧骨頭的產品，並曾在東森購物購買過相關產品。
    2) 客戶之前購買過兩次葉黃素，每次購買十盒，覺得這樣比較划算，目前家中還有8到9盒葉黃素。
    3) 客戶曾經服用葉黃素，覺得效果不錯，現在狀況很好，因此已經不再特意服用。
    4) 客戶曾試過益生菌，但現在已經不再吃了，計劃當天晚上飯後開始服用益生菌，並提到益生菌需要用冷開水服用，且飯後半小時服用。
    5) 客戶曾在2024年8月以990元購買過顧骨頭的產品。

5. 禁忌
    1) 客戶目前尚未提及特定的健康食品禁忌。",1
32314131,"1. 家庭關係
    1) 客戶與媽媽沒有住在一起，且很久沒有聯絡。
    2) 客戶提到阿嬤曾經髖關節斷掉，住院三個月。
    3) 客戶提到想購買鈣片給父親使用。
    4) 客戶提到男朋友使用檀香香皂，感覺不錯。

2. 健康狀況
    1) 客戶的阿嬤髖關節曾經斷掉，並住院三個月。
    2) 客戶的阿嬤不喜歡吃藥，但有在飲用幹細胞相關產品。

3. 職業背景
    1) 客戶目前正在上班，可能比較忙碌。

4. 健康食品使用心得
    1) 客戶之前有購買粒線體產品給阿嬤飲用，阿嬤已經喝完。
    2) 客戶提到男朋友使用檀香香皂，感覺不錯。

5. 禁忌
    1) 客戶的阿嬤不喜歡吃藥。
    2) 客戶目前沒有足夠的額度可以使用。",1
32363071,"1. 家庭關係
    1) 客戶提到家裡有人神經不好。

2. 健康狀況
    1) 客戶表示平常排便還算正常，沒有不順的情況。
    2) 客戶提到最近都在醫院，表示比較忙。
    3) 客戶認為魚油效果還好，沒有特別的感覺。
    4) 客戶表示益生菌效果還可以，但使用效果尚不明顯，會再觀察一段時間。

3. 職業背景
    1) 客戶提到最近工作很忙，營業時間不一定能確定。
    2) 客戶表示轉班工作有時候很晚，時間安排不固定。
    3) 客戶提到今天有上班，即使是生日也仍然工作。

4. 健康食品使用心得
    1) 客戶目前服用益生菌，每天服用兩顆，每月大約消耗一盒，存量還有四到七個月，對益生菌效果感到滿意。
    2) 客戶表示之前購買的益生菌尚未吃完，箱內還有六盒未開封，且曾購買過七盒益生菌。
    3) 客戶尚未開始使用三色果膠囊益生菌產品。
    4) 客戶每天服用魚油，服用量為每天兩顆，目前存量有四到六瓶，並通常在睡覺前服用。
    5) 客戶有服用日安完美，但使用頻率不高，服用後兩三天隔離還沒有什麼感覺。

5. 禁忌
    1) 客戶表示不想吃太多保健食品，認為吃太多會很麻煩。
    2) 客戶表示沒有刷卡的習慣。",1
32371433,"1. 家庭關係
    1) 客戶和媽媽住在一起。
    2) 家中通常只有一個人吃飯。
    3) 客戶提到她的妹妹有在運動。

2. 健康狀況
    1) 客戶曾經中風，距今已有十年。
    2) 客戶有過敏問題，容易打噴嚏。
    3) 客戶有青光眼問題，並使用變色太陽眼鏡保護眼睛。
    4) 客戶有眼睛乾澀的問題，平常沒有特別做眼睛保養。
    5) 客戶不太能運動，運動時會感到喘，但有時候會外出走路作為日常活動。
    6) 客戶每天會爬樓梯上下兩三趟，並曾經練過太極拳。
    7) 客戶目前身體狀況良好，沒有特別的痠痛或不適。
    8) 客戶平常上廁所順暢，且每天大約喝一千八百毫升的水。

3. 職業背景
    1) 無相關資訊提供。

4. 健康食品使用心得
    1) 客戶每天服用葉黃素，曾提到永勳品牌的葉黃素，每天飯後服用兩顆，因為有青光眼問題。
    2) 客戶每天服用綜合維他命，因為其中的維生素A對眼睛有益。
    3) 客戶曾購買過腸胃方面的益生菌。
    4) 客戶曾每天服用兩顆高鼓勵保健品，膝蓋不再感到不適後，改為每天服用一顆進行保養，該保健品含有玻尿酸、維生素D、薑黃、葡萄糖胺和NMN等成分。
    5) 客戶平常有在做骨頭關節保養，並服用相關保健品。
    6) 客戶已經服用含有玻尿酸的產品接近一個月。
    7) 客戶家中還有未吃完的保健食品，因此目前先吃家裡已有的保健食品。

5. 禁忌
    1) 客戶擔心吃太多保健食品會導致結石。
    2) 客戶健康檢查通常會延後進行，並非每三個月一次。",1
32428197,"1. 家庭關係
    1) 客戶已婚，丈夫性格較為大男人主義，脾氣較兇，但會在家做家務並支持家庭經濟。
    2) 客戶有三個孩子，包括一個兒子和兩個女兒。兒子曾在屏東技術學院就讀，學業成績優異，對日本動漫感興趣，身體健康較佳。大女兒曾經做過眼部微創手術，體質較差，容易生病，且有近視問題。小女兒性格活潑，喜歡運動保持健康。
    3) 客戶的家庭曾因丈夫外遇面臨困難，但最終挽回婚姻。大女兒曾因父親行為叛逆，後來回歸正常。
    4) 客戶的婆婆患有糖尿病，曾摔倒導致骨盆腔受傷，並有蜂窩性組織炎和截肢問題。婆婆的房子目前由其他人居住，計劃等小孩畢業後搬出。
    5) 客戶與大哥的感情較少往來，因大哥的妻子對母親態度不佳。

2. 健康狀況
    1) 客戶有異位性皮膚炎、酒糟性皮膚炎、輕度脂肪肝、血糖問題、缺鐵性貧血、胃食道逆流、支氣管問題、體質敏感、代謝和氣血循環不佳，體脂肪過高，體質屬於上熱下寒，容易頭痛。
    2) 客戶皮膚敏感，角質層較薄，容易過敏，不能使用含酒精、香精或香料的保養品，對燥熱食物過敏，臉部有紅疹、動態紋、抬頭紋和魚尾紋，右臉有面癱情況。
    3) 客戶的睡眠品質良好，但不能熬夜，超過午夜會感到胸悶。她的腸胃不佳，容易拉肚子，且有缺鐵性貧血，曾因胸悶改變作息後有所改善。
    4) 客戶的身材在生育後變化較大，肚子和屁股部位鬆弛，體重約50公斤出頭，身高150公分，體脂肪偏高。

3. 職業背景
    1) 客戶目前為家庭主婦，沒有固定工作，曾從事中途工作，並表示已經休息三年多。
    2) 家庭從事鋁門窗相關行業，已有三十年經驗。

4. 健康食品使用心得
    1) 客戶有服用多種保健食品，包括葉黃素、膠原蛋白、益生菌、參寶產品、白藜蘆醇、溶血胜肽、粒線體呵等，認為對身體和皮膚有改善作用。
    2) 客戶曾購買過葡萄王、葡眾、華陀等品牌的保健食品，對某些產品效果滿意，並推薦給朋友。
    3) 客戶每天早晚服用保健食品，通常飯後服用，並搭配益生菌改善腸道健康。

5. 禁忌
    1) 客戶不吃牛肉、不喜歡肉鬆、含糖巧克力、奶茶和綠茶，偏好養生茶如東方美人茶和日月潭紅茶。
    2) 客戶皮膚敏感，不能使用含酒精、香精或香料的保養品，對燥熱食物過敏，不能使用胜肽拉提產品。",1
32586681,"1. 家庭關係
    1) 客戶目前獨居，家中只有她一人。
    2) 客戶的女兒與前配偶同住，監護權在前配偶那邊，需等到女兒18歲才能解決監護權問題。
    3) 客戶的姐姐已於去年七月過世，曾住加護病房並持有重大傷病卡。
    4) 客戶的父親年齡為85歲。
    5) 客戶的阿姨住在山東，表弟在中國大陸的富士康工作，擔任工程師。

2. 健康狀況
    1) 客戶有家族遺傳性高血壓，從國中開始服用血壓藥，並有血糖偏高、糖尿病前期症狀及膽固醇問題。
    2) 客戶腎絲球過濾率曾為54，近期提升至58，醫生建議控制血糖以維持腎臟健康。
    3) 客戶有慢性支氣管炎，正在中醫調理，服用中藥一天三次。
    4) 客戶曾因脖子不適檢查出第三、四節有骨刺，並進行復健及使用加熱敷墊。
    5) 客戶表示晚上通常會起來上廁所一到兩次，並有虛胖、肌肉量少、低密度脂肪多的情況。

3. 職業背景
    1) 客戶已退休，早期曾在電子業擔任作業員。
    2) 客戶曾分到公司股票，並於去年賣出部分股票。
    3) 客戶對不動產投資有興趣，考慮投資台北地區。

4. 健康食品使用心得
    1) 客戶早晚服用保健食品，每次兩顆，並有服用益生菌、魚油、龜鹿二仙膏、褐藻、氨基酸、白藜蘆醇、香檳茸等產品。
    2) 客戶認為降膽固醇保健食品效果良好，並有服用降血糖、降膽固醇及尿酸的藥物。
    3) 客戶每天早上起床會泡龜鹿二仙膏飲用，並表示其成分如野山白參有補腎效果。
    4) 客戶認為白藜蘆醇產品像濃縮葡萄汁，效果不錯，並使用其與穀物如紅藜麥、小米等一起煮飯。
    5) 客戶表示益生菌改善腸道健康，排便順暢，並使用溫水沖泡以保留活性。
    6) 客戶每天服用粒線體保健品，覺得味道很好，並有服用花精養生產品以改善腎臟功能及控制血糖。

5. 禁忌
    1) 客戶不敢吃人蔘，可能因味道不喜歡或覺得苦。
    2) 客戶不能吃葡萄柚，因為服用血糖藥。",1
32605956,"1. 家庭關係
    1) 客戶尚未結婚。

2. 健康狀況
    1) 客戶目前健康狀況未提及具體問題，但家中有許多保健食品尚未使用。

3. 職業背景
    1) 客戶目前從事軟體工程相關工作。
    2) 客戶曾提到自己從事工人相關工作。
    3) 客戶住在桃園，工作地點在新竹。

4. 健康食品使用心得
    1) 客戶表示家中有多種保健食品尚未使用，包括B群產品。
    2) 客戶提到之前購買的B群產品尚未食用完畢。
    3) 客戶曾購買基金作為送禮用途，自己並未飲用，但也提到之前購買的基金已經喝完。

5. 禁忌
    1) 客戶表示目前不需要額外的保健品或保養品。
    2) 客戶提到不需要額外的B群產品。",1
32629238,"1. 家庭關係
    1) 客戶的公婆和父母已經過世，目前生活較為自由。
    2) 客戶有一位女兒，但女兒認為保健品不需要，並不願意接受客戶的商品。
    3) 客戶家中有管理員，且她已搬到新家，正在整理中。

2. 健康狀況
    1) 客戶69歲，曾接受白內障手術並更換過水晶體，術後有眼睛乾澀的問題。
    2) 客戶腸胃狀況不佳，經常有脹氣，消化能力較差，曾因某些保健食品出現拉肚子情況。
    3) 客戶自律神經有些問題，並提到某些保健品對神經有幫助。
    4) 客戶的膝蓋和眼睛因三年前的受傷而感到不適。
    5) 客戶的體質偏冷，且為敏感體質，不適合服用西藥。
    6) 客戶家族中有長壽基因，母親活到九十多歲，但家族中也有中風和三高的健康問題。

3. 職業背景
    1) 客戶目前是實習生，並提到有參與志工活動。
    2) 客戶表示記性不好，無法記住太多事情。

4. 健康食品使用心得
    1) 客戶目前每天服用幹細胞產品，並有服用葉黃素，認為對眼睛乾澀和眼壓高有幫助。
    2) 客戶曾使用激活再生安瓶，眼睛乾澀情況有所改善。
    3) 客戶對葉黃素產品有興趣，曾提到一天服用一到兩顆，並希望先試吃一盒。
    4) 客戶對保健品選擇謹慎，偏好營養保健品來維持健康，但不喜歡服用過多保健食品。
    5) 客戶提到黃金土龍成分對回春美容效果不如其他產品。
    6) 客戶曾購買過手工皂，並提到之前有服用某款保健食品，但因腸胃不適停止使用。

5. 禁忌
    1) 客戶不喝西藥，偏好中藥和保健食品。
    2) 客戶對於保健品選擇非常謹慎，不隨便接受贈品。",1
32650450,"1. 家庭關係
    1) 客戶家中有其他人，並提到自己有一個16歲的兒子。
    2) 客戶的配偶會幫忙準備保健食品，並為小孩購買益生菌。
    3) 客戶提到家裡目前沒有人，需指定送貨時間，並希望禮拜六白天送貨。

2. 健康狀況
    1) 客戶有抽菸喝酒的習慣。
    2) 客戶偶爾尿尿會滴滴答答，但否認有相關困擾。
    3) 客戶平常有在做健康檢查，但最近很久沒有檢查了。

3. 職業背景
    1) 客戶剛下班，並提到自己正在開車，因此不方便進行對話。
    2) 客戶表示目前很忙，需要接小孩並排隊處理其他事情。

4. 健康食品使用心得
    1) 客戶目前有在使用B群保健食品。
    2) 客戶曾購買華陀男性保健品，但未提及服用方式。
    3) 客戶表示家人會幫忙準備保健食品，小孩有在吃益生菌。

5. 禁忌
    1) 客戶表示目前不需要購買燕窩或其他保健品，並對現有方案表示滿意。
    2) 客戶不需要加價購保健品，並擔心半年後再購買某產品時價格會更高。
    3) 客戶表示家中目前不需要洗髮精，因為還有很多存貨。
    4) 客戶目前使用洗衣球沒有特定品牌偏好。",1
32735037,"1. 家庭關係
    1) 客戶是一位34歲的男性，有一個女兒。
    2) 客戶平常會帶小孩出去玩，與家人互動良好。

2. 健康狀況
    1) 無具體提及健康狀況。

3. 職業背景
    1) 無具體提及職業背景。

4. 健康食品使用心得
    1) 客戶提到有訂購益生菌，但未提及具體使用心得。

5. 禁忌
    1) 無具體提及禁忌。",1
32741598,"1. 家庭關係
    1) 未提及相關內容。

2. 健康狀況
    1) 未提及相關內容。

3. 職業背景
    1) 未提及相關內容。

4. 健康食品使用心得
    1) 未提及相關內容。

5. 禁忌
    1) 客戶已收到保險，但尚未開始使用。
    2) 客戶選擇了第一個選項，無線添加末期。",1
