unikey3,性別,年齡,縣市,OB等級,星座,會員年資_天數,是否獨居,是否為寵愛自己名單,高健康意識,高美麗意識,健檢標籤,美容標籤,保健標籤,有無養寵物,全通路歷史累積消費金額,全通路歷史累積消費件數,全通路近三年累積消費金額,全通路近三年累積消費件數,全通路近一年累積消費金額,全通路近一年累積消費件數,全通路近一年保健消費金額,全通路近一年保健消費件數,全通路近一年美容消費金額,全通路近一年美容消費件數,ob歷史累積消費金額,ob歷史累積消費件數,OB近三年累積消費金額,OB近三年累積消費件數,OB近一年累積消費金額,OB近一年累積消費件數,OB近一年保健消費金額,OB近一年保健消費件數,OB近一年美容消費金額,OB近一年美容消費件數,三年內有高單一次付清,三年內買過黃金鑽石,十年地址不變,商務菁英,房產投資客,打高爾夫,有富等信用卡,有高價保單,科學園區3公里內,買過大額禮券,買過收藏品,退休保健族,重金珠寶客,關注理財,高價地段,高社經地位職業,persona,rr
10056675,女,54.0,高雄市新興區,C,天秤座,5789,否,否,否,否,否,是,是,否,169474.28565000003,93,39899.04763,15,20939.04764,9,18058.09526,7,2838.09524,1,36964.76193000001,13,36489.52383,12,20939.04764,9,18058.09526,7,2838.09524,1,否,否,否,否,否,否,0,否,否,否,否,否,0,否,否,否,"1. 家庭關係
    1) 客戶提到她有女兒和孫女。
    2) 客戶提到她的老婆在旁邊。
    3) 客戶提到她一個人住，沒有朋友在身邊。
    4) 客戶提到家裡人會幫忙收貨。
    5) 客戶提到家裡有在煮飯。

2. 健康狀況
    1) 客戶表示她自己會服用B群，並提到全家都有在服用B群。
    2) 客戶提到她很少使用保健品。
    3) 客戶提到她之前購買過自然美的口服玻尿酸，但因為不喜歡味道而沒有飲用。

3. 職業背景
    1) 客戶提到她目前在工地工作。
    2) 客戶提到她現在人在工地，表示沒空。

4. 健康食品使用心得
    1) 客戶提到之前有購買過B群，並且想要再次購買，且她的女兒也可以一起服用。
    2) 客戶提到她之前購買過益生菌，但目前還有一盒未吃完，並表示會先開一包試用。
    3) 客戶提到她去年購買了兩次萬歲牌堅果。
    4) 客戶提到她之前購買過自然美的口服玻尿酸，但未喝完且將剩下的部分送給他人。
    5) 客戶提到她買的小魚乾到現在還沒吃完。

5. 禁忌
    1) 客戶表示對保養品沒有興趣，並提到目前不需要更多的面膜，因為用不完。
    2) 客戶提到如果產品是混合的，她就不會購買。
    3) 客戶提到如果產品效果那麼好，醫美就不需要了。",1
10064924,女,74.0,台北市萬華區,Z,摩羯座,5787,否,否,是,否,否,是,是,否,48072.38096,34,37903.80953000001,26,7954.28572,7,5116.190479999999,6,2838.09524,1,7944.761909999999,7,7944.761910000001,7,5116.190479999999,6,5116.190479999999,6,0.0,0,否,否,否,否,否,否,0,否,否,否,否,否,0,否,否,否,"1. 家庭關係
    1) 客戶提到她剛搬到九樓。
    2) 客戶通常在母枕點的時候不接電話。

2. 健康狀況
    1) 客戶目前很忙，沒有時間處理其他事情，且最近比較忙，沒有時間挑選商品。
    2) 客戶表示她剛開始服用葉黃素，每天服用一顆作為保養，但尚未感受到特別效果。
    3) 客戶提到自己沒有在吃鈣片或相關保健食品。

3. 職業背景
    1) 客戶未提及具體職業背景，但表示她通常會在網路上查看商品並進行訂購。

4. 健康食品使用心得
    1) 客戶目前服用葉黃素，並考慮試吃綜合B群產品。
    2) 客戶曾購買白蘭氏膠原錠，但感覺效果不明顯，目前有在服用 Momo 購買的膠原蛋白產品。
    3) 客戶通常分開服用魚油和蝦紅素，而不選擇複方產品。
    4) 客戶以前有吃過綠蜂膠，平常的保養品多在飯後服用。
    5) 客戶主要使用白蘭氏和大醫生品牌的保健食品。

5. 禁忌
    1) 客戶表示她不需要幹細胞相關產品，並對侵入性治療持拒絕態度。
    2) 客戶不喜歡切片的食品，且不會購買東森的年菜，因為之前購買過冷凍食品加熱後口感不好。",1
10068557,男,67.0,高雄市楠梓區,D,雙子座,5786,否,否,否,否,否,否,是,否,266014.28571,28,21311.42856,11,5505.71428,2,4744.7619,1,0.0,0,14874.28571,9,11770.476179999998,6,5505.71428,2,4744.7619,1,0.0,0,否,否,否,否,否,否,0,否,否,否,否,否,1,否,否,否,,1
10074121,男,65.0,高雄市新興區,C,巨蟹座,7792,否,是,否,否,否,是,是,否,1157198.09536,163,198264.76191000003,28,47998.09524,8,36819.04762,2,5695.2381,2,914689.5238199998,64,185588.57143000004,22,39483.80952,4,36819.04762,2,0.0,0,否,否,否,否,否,否,1,否,否,否,是,否,0,否,否,否,"1. 家庭關係
    1) 客戶提到自己有一個太太，並且會與太太一起看望母親，太太被描述為賢惠且最適合當老婆。
    2) 客戶提到有一個兒子，並表示正在多多關注兒子。
    3) 客戶的母親在去年的除夕夜離世，生前患有呼吸衰竭和癌症，並曾因重感冒住院。
    4) 客戶的父親曾在高雄的陸軍總醫院檢查出腎臟問題，進行了五年的洗腎治療。
    5) 客戶提到家族中有乳癌和癌症病史，妹妹患有乳癌。
    6) 客戶提到有一個七十幾歲的大姐。
    7) 客戶提到與兄弟姐妹關係不太好，並對重男輕女的觀念感到不滿。

2. 健康狀況
    1) 客戶有血糖問題，糖化血色素曾降到5.6，並考慮使用苦瓜胜肽控制血糖。
    2) 客戶有肝臟血管瘤、髖關節問題（有進步情況）、膝蓋受傷（使用某產品後感覺改善）、心臟跳動問題、左右肩膀有血管問題。
    3) 客戶曾檢查出大腸問題，進行手術切除二十幾顆腫瘤，並開始使用靈芝產品。
    4) 客戶有注射睪固酮，劑量為每次0.55cc，頻率為兩週一次，計劃持續四次，因荷爾蒙濃度低且心臟跳動有問題。
    5) 客戶提到腦袋需要保養，並提到腦袋健康對他很重要。
    6) 客戶提到自己有白內障，醫生建議等到適當時候再處理。
    7) 客戶提到自己體重100公斤，缺乏運動，血脂和甘油三酯正常，無三高，但身體狀況不佳，無法過度勞累。
    8) 客戶定期進行健康檢查，包括每三年一次的全面健康檢查和每半年一次的攝護腺超音波檢查。

3. 職業背景
    1) 客戶提到自己是主管，且是一個非常抗壓的人。
    2) 客戶提到當兵時是全國一年只有一期的護理四罐班，並以第一名畢業。
    3) 客戶提到對某些事情有研究，並已研究出解決方案。

4. 健康食品使用心得
    1) 客戶使用過苦瓜胜肽、精油、磷蝦油、面膜、美白產品、灵芝、褐藻糖膠、亚培营养品、氨基酸产品等。
    2) 客戶對幹細胞產品效果持懷疑態度，認為某些產品效果不明顯，並不願再花冤枉錢。
    3) 客戶認為茶樹精油有效，具有殺菌作用。
    4) 客戶提到使用某產品後膝蓋不容易累，並每天使用某產品幫助睡眠。
    5) 客戶提到紅蘿蔔燉肉有助於健康，母親使用後健康狀況有所改善。

5. 禁忌
    1) 客戶不喝甜的飲料、不吃甜食，不喝飲料，且不吃豬肉、牛肉和鴨肉，較喜歡吃羊肉，認為羊肉有溫補效果。
    2) 客戶不敢使用大陸的產品，對產品品質有高要求。",1
10128988,女,75.0,台北市萬華區,D,天蠍座,5767,否,否,是,是,是,是,是,否,191107.61906,91,75500.95236999998,20,9078.09523,7,0.0,0,7848.57142,5,135420.95238,47,69910.47618000001,15,7848.57142,5,0.0,0,7848.57142,5,否,否,是,否,否,否,0,否,否,否,否,是,0,否,是,否,"1. 家庭關係
    1) 客戶和先生一起住在台灣。
    2) 客戶的女兒經常購買保養品和保健品給她。
    3) 客戶的孩子在國外，過年時才回來。

2. 健康狀況
    1) 客戶最近因跌倒骨折，剛做完手術，尚未拆線。
    2) 客戶有糖尿病，手上有傷口。
    3) 客戶有胃食道逆流和胃潰瘍的狀況。
    4) 客戶有時候眼睛會乾澀。
    5) 客戶已經過了更年期二十年。

3. 職業背景
    1) 無明確職業背景資訊。

4. 健康食品使用心得
    1) 客戶每天服用多種保健品，包括益生菌、綜合維他命、葉黃素、合利他命F等。
    2) 客戶認為合利他命讓她有精神和活力，但被告知不能長期服用。
    3) 客戶對於幹細胞產品的效果感到懷疑，曾花費五萬多購買。
    4) 客戶對葉黃素產品有興趣，並決定購買一盒。
    5) 客戶對於增加新的補鈣產品感到猶豫。

5. 禁忌
    1) 客戶不喜歡龜鹿的味道，習慣吞膠囊類的保健品。
    2) 客戶對膠囊不太舒服，詢問是否可以將膠囊剝開食用內容物。
    3) 客戶不想與藥物混合食用保健品。
    4) 客戶對於保健品的信心不足，並要求不再推銷。",1
10191101,女,58.0,高雄市三民區,Z,摩羯座,5750,否,否,否,否,否,是,是,否,469621.90477,229,101614.28572,33,19943.80954,13,4811.42857,3,5676.19049,3,52034.28572,4,24000.0,1,0.0,0,0.0,0,0.0,0,否,否,否,否,否,否,0,否,否,否,否,否,0,否,否,否,"1. 家庭關係
    1) 家裡只有一個人在吃保健食品。
    2) 客戶表示不喜歡浪費東西，對家庭物品的使用較為節儉。

2. 健康狀況
    1) 客戶有輕症重疾的情況，且有過敏體質，對某些成分、材質（如木頭、毛線）及特定產品（如粉色產品）容易過敏。
    2) 客戶夏天流汗時容易過敏，且有久坐習慣，可能導致身體不適。

3. 職業背景
    1) 客戶未提及具體職業背景，但提到她今天放假，並且曾在提車時無法接電話。
    2) 客戶表示目前沒有買房的規劃。

4. 健康食品使用心得
    1) 客戶經常購買人蔘產品，包括玻璃瓶裝人蔘、鋁箔包裝濃縮人蔘及紅參片，並以含在嘴裡的方式食用。
    2) 客戶有服用骨膠原蛋白等顧骨頭的保健食品，並曾購買雙龍品牌的骨關節保健食品，但不會每天服用。
    3) 客戶有服用護眼保健食品、益生菌及B群，且偏好特定品牌。
    4) 客戶曾購買葉黃素產品，但目前不需要；也曾購買華陀滴雞精、褐藻燕窩等保健品。
    5) 客戶對某些保健食品有過敏反應，但對土黃色盒子的保健食品無過敏反應，且目前使用該產品的加強版。
    6) 客戶每天服用一顆保健品，但如果服用後無感覺，可能會停止使用。
    7) 客戶表示目前關節保健食品存貨充足，甚至拿去送人。

5. 禁忌
    1) 客戶對某些成分、材質（如木頭、毛線）及特定產品（如粉色產品）過敏，需避免使用。
    2) 客戶會避開容易引起過敏的食物及產品。",1
10207613,女,64.0,台南市學甲區,D,射手座,5746,否,否,否,否,否,是,是,否,532023.80954,77,180058.09525999997,19,22837.14286,3,21885.71429,2,951.42857,1,506384.76193,67,175238.09525999997,18,22837.14286,3,21885.71429,2,951.42857,1,否,否,否,否,否,否,0,否,否,否,是,否,0,否,否,否,"1. 家庭關係
    1) 客戶有一個兒子和一個女兒，兒子已經結婚並住在高雄，女兒尚未結婚，在新竹的餐飲店工作，並會寄錢給客戶。
    2) 客戶的先生在統一集團工作了三十多年，主要負責拿貨和產品，性格顧家，是摩羯座。
    3) 客戶提到媽媽，並提到之前小朋友在家時會做飯，現在沒有。

2. 健康狀況
    1) 客戶有三高問題，可能患有退化性關節炎，並有發炎症狀。
    2) 客戶提到眼壓問題，心臟無力，睡覺時會感到屋里，並未接種疫苗。
    3) 客戶有時候皮膚會乾，提到自己皮膚很白，即使曬黑也會比一般人白得快。
    4) 客戶提到最近的狀況挺好，但最近因為自己的事情很忙。

3. 職業背景
    1) 客戶的先生在統一集團工作三十多年，主要負責拿貨和產品。
    2) 客戶的女兒在新竹的餐飲店工作多年。

4. 健康食品使用心得
    1) 客戶有使用氨基酸、口服安瓶、玻尿酸、葉黃素、褐藻糖膠、甲魚精等健康食品，並對玻尿酸和氨基酸的效果表示滿意。
    2) 客戶每天吃一顆褐藻糖膠，免疫力低時吃兩顆；每天喝一瓶玻尿酸，並在中午和晚上各服用一顆；每天吃一粒美國品牌NMN產品，並表示該產品很貴。
    3) 客戶對益生菌產品有興趣，並詢問相關價格和效果。
    4) 客戶對葉黃素產品效果評價一般，對彩虹餐盤和高劑量時空產品沒有興趣。

5. 禁忌
    1) 客戶不想購買氨基酸產品，對葉黃素產品興趣不大。
    2) 客戶沒有在吃雞肉，使用肥皂洗澡，不喜歡用沐浴乳。
    3) 客戶沒有做過醫美，僅使用乳液和眼霜，不使用其他保養品。
    4) 客戶有時候會吃兩顆加倍丁，並提到某些保健品效果不佳。
    5) 客戶有服用中藥，但會與其他藥物隔開一小時。",1
10209106,男,82.0,高雄市鼓山區,Z,白羊座,5746,否,否,否,否,否,否,是,否,11211.42857,9,9421.90476,7,6003.80952,4,2828.57143,1,0.0,0,3780.95238,2,3780.95238,2,3780.95238,2,2828.57143,1,0.0,0,否,否,否,否,否,否,0,否,否,否,否,否,0,否,否,否,,1
10210668,女,66.0,苗栗縣竹南鎮,Z,射手座,5746,是,否,是,是,否,是,是,否,1511687.6191499997,908,480603.8095699998,210,136050.47617999994,76,11094.2857,7,14000.95238,8,124269.52381,30,101931.42858,15,951.42857,1,0.0,0,951.42857,1,否,否,否,否,否,否,0,否,否,否,否,否,0,否,否,否,"1. 家庭關係
    1) 客戶目前沒有提及家庭成員或相關關係。
    2) 客戶提到自己平時不在家，住在五樓，物品會放在地下室自行取回。

2. 健康狀況
    1) 客戶有嚴重的睡眠障礙，僅安眠藥有效，且年輕時就有多夢的困擾。
    2) 客戶有掉髮的症狀，認為是正常現象。
    3) 客戶沒有三高問題和慢性病，但有退化的部分。
    4) 客戶有眼睛乾澀的問題，專員建議早上空腹吃兩顆葉黃素並多喝水。
    5) 客戶最近健康狀況有好轉，但改善不明顯。
    6) 客戶沒有近期健康檢查，但幾年前檢查時無異常。

3. 職業背景
    1) 客戶從事成衣相關工作，平時較為忙碌。
    2) 客戶在東森購物有超過十年的購物經驗，忠誠度高。

4. 健康食品使用心得
    1) 客戶曾購買過幹細胞產品，反映不錯，效果持續較久，但認為價格偏高。
    2) 客戶曾購買過粒線體產品，對其保護心臟的功能有考慮，但對價格表示貴。
    3) 客戶曾購買過葉黃素產品，但未感受到明顯效果。
    4) 客戶對保健品效果持懷疑態度，認為宣傳與實際效果不符，且希望產品無副作用。
    5) 客戶提到睡眠狀況改善，使用某產品後睡眠變好。
    6) 客戶對於塑膠手鏈的功效持懷疑態度，認為價格偏高。
    7) 客戶對於購買的睡眠枕頭不滿意，認為效果不佳。
    8) 客戶曾購買新時代活泉的幹細胞膠囊，已使用一個月。
    9) 客戶表示如果產品有效才會推薦給別人。

5. 禁忌
    1) 客戶對價格非常敏感，認為價格是首要考量因素，目前沒有預算購買大金額產品。
    2) 客戶不希望被推薦其他產品，對於專員的推銷表示不滿。
    3) 客戶擔心使用面膜後可能會有不習慣或過敏的情況。
    4) 客戶希望保健品無副作用，並願意嘗試一段時間後再觀察效果。
    5) 客戶對於瘦身專案沒有興趣，對明星代言產品無特別偏好。",1
10214427,女,63.0,桃園市楊梅區,A,摩羯座,5745,否,是,是,是,否,是,是,否,611964.7618499999,116,368476.1904399999,30,245625.71428000004,16,229314.28570000004,10,14622.85715,4,563884.76186,86,365056.19044,26,242787.61904,15,226476.19046,9,14622.85715,4,否,否,否,否,否,否,0,否,否,否,是,否,0,否,否,否,"1. 家庭關係
    1) 客戶與家人同住，家中有一男一女兩個子女，並有一名一歲多的孫子。
    2) 客戶的女兒曾就讀台北醫學院，參加過交換學生計畫，去過菲律賓和美國，目前在新一區的高檔環境中工作，從事高檔商品銷售，並且在家中非常懂事，曾幫忙照顧弟妹且學業成績優異。
    3) 客戶的兒子是軟體工程師，專門寫程式。
    4) 客戶的丈夫曾經去大陸經商，一年未回家，目前每天早上有走路運動的習慣，通常走5.5公里，並且持續服用蚓激酶，已經兩年，服用量為一天一顆或兩顆，且有裝支架。
    5) 客戶養了一隻寵物，僅限於為其洗澡。

2. 健康狀況
    1) 客戶目前62歲，已滿60歲，適合使用滋潤型保養品，並有低血壓但無暈眩問題。
    2) 客戶有睡眠問題，睡不好是主要關注點，並且有便秘問題，擔心長期使用某些產品可能有副作用。
    3) 客戶的母親患有青光眼，家人有血脂高和血壓高的健康問題，但無血糖高，且家人有在服用血壓藥。
    4) 客戶提到自從與專員通話後，感覺身體有些不舒服，例如頭暈腦脹。

3. 職業背景
    1) 客戶目前休假，最近工作量較少，工作已由一位男同事接手。
    2) 客戶上班時開車，有時去銀行會借同事的摩托車。
    3) 客戶的生意在六月份表現不佳。
    4) 客戶的女兒在國貿大樓上班，環境高檔，賣高檔商品；兒子是軟體工程師。

4. 健康食品使用心得
    1) 客戶曾使用華陀品牌的紅色膠囊益生菌，目前家中有八盒存貨，服用量有時一天一顆，有時一天兩顆，並偏好目前使用的品牌。
    2) 客戶和先生一起服用葉黃素，偏好膠囊形式，且葉黃素是家中常用的保健食品。
    3) 客戶的先生持續服用蚓激酶，家中也常用此保健食品。
    4) 客戶早上起床會喝500cc的水，並曾服用幹細胞產品。
    5) 客戶家中已購買多瓶B群，主要是她自己服用。

5. 禁忌
    1) 客戶不能吃魚油，且不想要幹細胞相關產品。
    2) 客戶對美白產品過敏，因此選擇保濕產品。
    3) 客戶不太在意敷面膜或使用保養品，僅偶爾使用幫助排便的產品。",1
10271594,女,43.0,高雄市小港區,B,天蠍座,5732,否,否,是,否,否,否,是,否,421834.57147,73,162848.57144,25,40781.904760000005,7,40781.904760000005,7,0.0,0,340500.95242999995,49,149306.66667999994,21,40781.904760000005,7,40781.904760000005,7,0.0,0,否,否,否,否,否,否,0,否,否,否,否,否,0,否,否,否,"1. 家庭關係
    1) 客戶一家四口，包括她、丈夫、兩個小孩和她的父親，住在一棟四層樓的透天厝，主要活動空間在二樓。
    2) 客戶的丈夫在工地工作，偶爾幫忙家庭烘焙事業，負責產品製作，夫妻感情良好。
    3) 客戶有兩個小孩，兒子目前國中，女兒11歲，兩人都在補習英文，兒子愛運動且有過敏體質，女兒比母親漂亮。
    4) 客戶的婆婆69歲，與他們分開居住，婆媳關係一般，婆婆不喜歡她的女兒。
    5) 客戶與家人討論生活開銷和經濟壓力，並教育孩子理財的重要性。

2. 健康狀況
    1) 客戶皮膚在生完小孩後變得容易過敏，接觸某些物質會引發癢感。
    2) 客戶目前感冒中，並曾多次感冒。
    3) 客戶的體重為56公斤，曾達到57公斤，對體重變化較為在意。
    4) 客戶的兒子有過敏體質，可能與肺部健康有關，但生病後恢復較快。

3. 職業背景
    1) 客戶目前沒有外出工作，主要在家中幫助丈夫經營烘焙事業，負責材料準備、文宣設計和行銷。
    2) 客戶對手作和烘焙有興趣，結婚後開始接觸烘焙，並在過年期間忙於出貨和處理訂單。

4. 健康食品使用心得
    1) 客戶和家人有食用益生菌的習慣，但目前家中益生菌存量充足，尚未開始食用。
    2) 客戶和家人有使用葉黃素，並計劃再次購買，丈夫也有在服用。
    3) 客戶曾購買幹細胞產品，尚未完全使用完，丈夫也有在食用相關產品。
    4) 客戶主要服用維他命C，並已經開始食用第三瓶膠囊保健食品。
    5) 客戶的兒子和女兒分別喜歡不同品牌的益生菌，丈夫偏好膠囊形式的保健品。

5. 禁忌
    1) 客戶的兒子和丈夫不喜歡中藥味，丈夫對中藥味敏感。
    2) 客戶有時因忙於照顧小孩而忘記服用保健品。
    3) 客戶不使用精油，家人也不習慣她化妝，認為她天然的樣子更好。",1
10278844,女,57.0,台南市安南區,Z,雙魚座,5730,否,否,是,否,否,是,是,否,179271.42852999998,114,44729.52381,22,20817.142860000004,12,11247.61905,7,1154.28571,1,8958.095229999999,6,7015.23809,4,3312.38095,3,3312.38095,3,0.0,0,否,否,是,否,否,否,0,否,否,否,否,否,0,否,否,否,"1. 家庭關係
    1) 客戶提到母親有高血壓的遺傳病史。
    2) 客戶提到家人沒有在吃關節補充營養品。
    3) 客戶提到姐姐有在吃龜鹿膠，並認為口感不錯。

2. 健康狀況
    1) 客戶年齡57歲，提到脖子緊繃及肩頸痠痛，原因是之前受過傷。
    2) 客戶眼睛不適，因此很少使用LINE。
    3) 客戶提到目前身體狀況還好，但平常比較少運動。

3. 職業背景
    1) 客戶提到今天是16號，她在白班工作。
    2) 客戶表示先生不在家，未提及其他職業相關資訊。

4. 健康食品使用心得
    1) 客戶根據需求購買保健品，例如脖子痛時會購買相關產品嘗試效果。
    2) 客戶有服用膠原飲，每天一瓶，有時會忘記喝，但一般會連續喝一個月，認為口感可以接受但有一點腥味，效果一般。
    3) 客戶有在服用益生菌，通常在睡前服用，且使用不同品牌的產品。
    4) 客戶曾購買過膠原蛋白產品，但認為效果一般。
    5) 客戶提到過去購買的保健食品通常使用三個月，但效果不如預期。
    6) 客戶目前每天服用兩顆保健食品，但效果尚未明顯。
    7) 客戶提到目前還有一盒之前的保健品尚未吃完。
    8) 客戶表示想購買B群產品，並提到B群產品有很多種類。
    9) 客戶提到之前專員介紹過華陀的益生菌產品。
    10) 客戶曾幫朋友訂購過侯佩岑代言的酵素產品，但她自己不會購買此類產品。
    11) 客戶表示之前有人送過三得利的保健食品，但她不會使用。

5. 禁忌
    1) 客戶表示目前對幹細胞產品沒有興趣。
    2) 客戶表示目前沒有購買顧骨頭或顧眼睛的產品需求。
    3) 客戶提到她對於未曾使用過的產品持排斥態度。
    4) 客戶不參與直銷產品。",1
10279751,女,68.0,台南市東區,D,獅子座,5914,否,否,否,否,否,否,否,否,50654.28573,45,6968.571429999999,6,3312.38095,3,0.0,0,0.0,0,4958.09524,5,760.95238,1,760.95238,1,0.0,0,0.0,0,否,否,是,否,否,否,0,否,否,否,否,否,0,否,否,否,,1
10287287,女,66.0,台南市永康區,A,白羊座,5728,否,否,是,是,否,是,是,否,1740599.0477399998,398,794279.0476800004,103,345067.61908000003,23,317066.66666,8,8903.80953,4,1521816.1904500003,140,743968.57144,30,337323.8095300001,13,317066.66666,8,7723.80953,3,是,否,否,否,否,否,0,否,否,否,否,是,0,否,是,否,"1. 家庭關係
    1) 客戶有兩個小孩，其中一個在泰國，另一個不詳。
    2) 客戶有兩個孫子，其中一個兩歲半，另一個三歲半，客戶主要負責照顧孫子，經常陪伴他們玩耍，並處理家務。
    3) 客戶的丈夫接近70歲，身體健康，無高血壓或心血管問題，但工作繁忙，無法分擔家務。
    4) 客戶每週至少與家人聚會一次，並提到全家人曾一起外出用餐。

2. 健康狀況
    1) 客戶65歲，已退休，偶爾進行健康檢查。
    2) 客戶提到心臟有問題，需避免麻煩的操作。
    3) 客戶眼睛不好，操作ATM時容易出錯。
    4) 客戶提到皮膚狀況良好，但不使用保養品、防曬乳或隔離霜。
    5) 客戶提到天氣涼時會感冒。

3. 職業背景
    1) 客戶曾是退休老師，現在自己開公司，負責每月兩次的帳務處理。
    2) 客戶表示年輕人做事態度讓她不放心，因此仍在管理公司。

4. 健康食品使用心得
    1) 客戶曾購買多種保健食品，包括燕窩、黃馬褂人蔘、扶元堂的燕窩和高麗蔘、安利蛋白素、魚油、龜鹿膏、白藜蘆醇、胎盤素、玻尿酸、倍護膠囊等。
    2) 客戶對黃馬褂人蔘的效果滿意，認為其改善了精神狀況和體力。
    3) 客戶對東森倍護膠囊和安利蛋白素的效果表示滿意，但對某些保健食品如胎盤素、白藜蘆醇和玻尿酸等感到壓力或不再購買。
    4) 客戶通常隔天食用一次燕窩，每次喝一小罐，並喜歡自己煮燕盞。
    5) 客戶提到家中有多盒保健食品存貨，部分產品因過期未使用。

5. 禁忌
    1) 客戶不喜歡吃人蔘類保健食品，家中收到的正官庄人蔘產品未使用。
    2) 客戶不使用青春露、益生菌、葉黃素等產品，並對某些保健食品的購買感到壓力。
    3) 客戶不喜歡出國旅遊，認為整理行李和旅遊過程麻煩。
    4) 客戶不喜歡過生日，並表示不需要贈品。
    5) 客戶對某些洗髮精效果不滿意，並不使用香水或敷面膜。",1
10315066,男,81.0,新竹縣湖口鄉,D+,雙子座,5722,否,否,否,否,否,否,是,否,12704.7619,8,4247.61905,2,4247.61905,2,2828.57143,1,0.0,0,2828.57143,1,2828.57143,1,2828.57143,1,2828.57143,1,0.0,0,否,否,是,否,否,否,0,否,否,否,否,否,0,否,否,否,,1
10376198,男,48.0,高雄市苓雅區,D,射手座,5705,否,否,否,否,否,否,否,否,13684.76192,18,4366.666659999999,6,2282.85714,3,0.0,0,0.0,0,3423.80952,5,3423.80952,5,2282.85714,3,0.0,0,0.0,0,否,否,否,否,否,否,0,否,否,否,否,否,0,否,否,否,,1
10393197,女,37.0,台北市中正區,C,天秤座,5702,否,是,否,否,否,是,是,是,176240.00010000003,135,47423.8096,56,23327.61908,25,14260.00002,17,5367.619060000001,7,69306.66678,95,46764.76198000001,55,23327.619079999997,25,14260.00002,17,5367.619060000001,7,否,否,否,否,否,否,0,否,否,否,否,否,0,否,否,否,,1
10577818,女,74.0,新北市板橋區,D+,雙魚座,5644,是,否,是,否,否,是,是,否,250981.90474,80,148628.57142,27,47109.5238,10,40087.61905,4,0.0,0,188508.57143,28,128437.14286,13,40087.61905,4,40087.61905,4,0.0,0,否,否,否,否,否,否,0,否,否,否,否,是,0,否,否,否,"1. 家庭關係
    1) 客戶有一位女兒，女兒已大學畢業，曾購買運動鞋和臉部保養品給她，並曾是該公司的會員，後來客戶自己加入會員。
    2) 客戶的父親和母親身體狀況不佳，母親住在安養中心，父親曾因脖子問題需要坐下。
    3) 客戶提到有小孩子，並提到老爸和老公。
    4) 客戶住在三重，家人住在高雄。

2. 健康狀況
    1) 客戶有高血壓、糖尿病前期，並服用慢性處方簽藥物控制血糖，效果良好。
    2) 客戶有老花眼、腰痠背痛、膝蓋痛及足底筋膜炎，並有在服用相關藥物治療。
    3) 客戶血糖狀況不佳，需定期抽血檢查，並有飲食限制。
    4) 客戶體重增加，身材較高且寬，穿衣需選擇寬鬆尺寸。
    5) 客戶有低血壓，平時運動量較少，最近運動量減少，心情不佳。

3. 職業背景
    1) 客戶未提及具體職業，但提到目前過著慢火的生活，避免大動作並調整生活節奏。
    2) 客戶曾參加板橋車站的車展，並提到每月支付1380元的扣款已持續十多年。

4. 健康食品使用心得
    1) 客戶有服用幹細胞產品、葉黃素、益生菌、玻尿酸、乳清蛋白、魚油等保健食品，並表示幹細胞產品每天早晚各服用兩顆，益生菌每天吃一條果凍型，魚油飯後服用。
    2) 客戶有購買黑木耳露、白木耳露、燕窩、亞培安素等健康食品，並與家人分享。
    3) 客戶喜歡搭配魚油、雞胸肉等食材進行烹飪，早餐通常喝牛奶搭配其他食物。
    4) 客戶曾購買美雅黑益生菌、酵素、黑米和五穀雜糧產品，並表示某些商品性價比高。
    5) 客戶曾購買萬歲牌堅果，但因味道不合未食用，且不喜歡龜苓膏的味道。

5. 禁忌
    1) 客戶不吃辣、不吃代糖產品，偏好有糖飲品。
    2) 客戶不吃魚油，並不喜歡龜苓膏的味道，認為其像中藥。",1
10582701,女,63.0,新北市三峽區,D+,水瓶座,5642,是,否,是,否,是,否,是,否,116253.33335,40,80543.80953999999,16,6228.57144,3,6228.57144,3,0.0,0,67038.09525,10,65333.33335000001,9,6228.57144,3,6228.57144,3,0.0,0,否,否,否,否,否,否,0,否,否,否,否,否,0,否,否,否,"1. 家庭關係
    1) 客戶是家中五個兄弟姐妹中的老大，需照顧家人，並幫助弟弟分擔家庭責任。
    2) 客戶的母親88歲，過去能很好地照顧自己，但現在身體較胖且需要保養，並且吃素。
    3) 客戶有兩個弟弟和兩個妹妹，其中一位弟弟的配偶已過世，弟弟有兩個小孩目前在中國生活。
    4) 客戶提到她需要早起陪媽媽回家，並負責購買無農藥食材準備便當。
    5) 客戶提到今天帶孫子出來買東西。

2. 健康狀況
    1) 客戶有血糖問題，尚未改善，因此不吃某些食物。
    2) 客戶的胃不是很好，且身體屬於燥熱，不能吃人蔘、桂圓等補品。
    3) 客戶曾騎腳踏車一年改善膝蓋疼痛問題，現在仍有運動習慣。
    4) 客戶的腳曾受傷，現在會感到麻木，且五六年前曾治療腳踝下方的病症。
    5) 客戶最近壓力大，體重增加了三公斤，且身體有疼痛部位需要看醫生。
    6) 客戶重視骨頭保養，但對某些補品感到害怕。

3. 職業背景
    1) 客戶表示目前正在工作，要求晚點再聯繫。
    2) 客戶提到她的弟弟剛開始上班，自己需要幫助弟弟分擔家庭責任。

4. 健康食品使用心得
    1) 客戶目前服用骨頭保健食品，每天服用兩顆，並改為早上飯後服用。
    2) 客戶曾購買陳美鳳代言的保健食品，但因搬家耽誤了使用，尚未吃完。
    3) 客戶每天服用維他命B6和B12各一顆，早上服用B群和維他命C。
    4) 客戶喝牛奶和芝麻，早晚飲用後感覺身體狀況有所改善。
    5) 客戶曾使用青春露，但覺得效果沒有特別好。
    6) 客戶表示保養品最好是一到兩種，最多三種，避免造成腎臟負擔。
    7) 客戶多喝水、多排尿以維持腎臟健康。
    8) 客戶曾購買過補鈣產品，並有意願嘗試亞麻仁油。
    9) 客戶的兒子正在嘗試食用某產品，計劃觀察效果後再決定是否購買更多。

5. 禁忌
    1) 客戶不能吃人蔘、桂圓等燥熱補品。
    2) 客戶表示目前身體有狀況，疼痛部位需要看醫生，因此暫時不敢亂吃保健食品。
",1
10592928,女,76.0,新竹縣竹北市,D,水瓶座,5639,否,否,否,否,否,是,是,否,92191.42856,58,40536.1905,20,10474.28572,6,0.0,0,3189.52381,2,17540.0,11,11122.85714,6,4408.57143,3,0.0,0,3189.52381,2,否,否,是,否,否,否,0,否,否,否,否,是,0,否,否,否,,1
10671238,男,68.0,桃園市龜山區,A,巨蟹座,5612,否,否,是,是,否,是,是,否,3283988.571599999,559,263316.1905900001,100,140664.76196,30,129934.28577,27,2274.28571,1,2892244.76188,310,98456.19049,8,89026.66668,7,89026.66668,7,0.0,0,是,否,否,否,否,否,1,否,否,否,否,否,0,否,否,否,"1. 家庭關係
    1) 未提及具體家庭關係。

2. 健康狀況
    1) 客戶定期進行健康檢查，每半年一次。
    2) 三酸甘油酯和膽固醇檢查結果屬於正常範圍。
    3) 客戶目前有在服用苦瓜胜肽，三餐飯前各服用一顆。

3. 職業背景
    1) 未提及具體職業背景。

4. 健康食品使用心得
    1) 客戶曾購買華陀的產品，包括基金和直樂清，每天服用一克，但認為效果只是治標。
    2) 客戶目前服用苦瓜胜肽，三餐飯前各服用一顆。
    3) 客戶去年曾購買萬歲牌堅果，共購買五組，每組價格為七百五十二元。
    4) 客戶曾在官方網站上查看益生菌和骨頭保養品。

5. 禁忌
    1) 客戶每次飯後服用保健品。
    2) 客戶不喜歡囤貨，購物時不選擇分期付款，會直接支付全額。
    3) 客戶目前很少購買高價商品，偏好價格較低的商品。
    4) 客戶目前很少外出，主要在家附近走動。
    5) 客戶建議不要在晚上聯繫，因為晚上不方便接電話。",1
10676748,女,57.0,新北市中和區,C,雙子座,5610,否,否,否,否,否,是,是,否,96722.85711,56,22552.38095,14,11185.714290000002,6,7150.47619,2,1885.71429,1,23129.5238,13,12369.52381,8,7068.57143,3,5641.90476,1,0.0,0,否,否,是,否,否,否,0,否,否,否,否,否,0,否,否,否,"1. 家庭關係
    1) 家中有小朋友，但小朋友不吃B群。
    2) 小朋友曾在東森購物上班，並參與過東森的員工活動。

2. 健康狀況
    1) 客戶有高血壓，並服用相關藥物。
    2) 客戶有胃酸過多的問題，避免暴飲暴食及刺激性食物如咖啡、辣椒、茶和甜食。
    3) 最近感冒，並有腸胃問題。
    4) 客戶有在服用更年期保養產品。
    5) 客戶有在點眼藥水。

3. 職業背景
    1) 客戶是美容師，從事美容相關工作。
    2) 客戶的公司有自己的研發團隊和生產線，專門製作高檔保養品，主要面向沙龍店家和美容師，並提供相關課程。
    3) 客戶曾學過生物科技，並從事與生物科技相關的工作。

4. 健康食品使用心得
    1) 客戶有在服用多種保健食品，包括葉黃素、綠蜂膠、蜂王乳、日本的保健食品（如目然、鈣片）及以色列品牌的保健食品。
    2) 客戶曾服用長庚的好順暢益生菌，目前收到益生菌但尚未食用。
    3) 客戶目前有在使用日本的芝麻靈芝保健食品。
    4) 客戶提到葉黃素幾乎沒吃完，但有時每天吃兩顆，通常在中午吃飽後服用。
    5) 客戶不想囤積太多保健食品，並對粒線體相關產品的價格較為關注。

5. 禁忌
    1) 客戶避免暴飲暴食及刺激性食物如咖啡、辣椒、茶和甜食。
    2) 客戶目前不需要幹細胞產品，未查看相關資訊。",1
10700965,男,87.0,新北市板橋區,Z,天蠍座,5602,否,否,否,否,否,否,否,否,14700.95236,18,10653.33332,14,1521.90476,2,0.0,0,0.0,0,10653.333319999998,14,10653.33332,14,1521.90476,2,0.0,0,0.0,0,否,否,否,否,否,否,0,否,否,否,否,否,0,否,否,否,"1. 家庭關係
    1) 客戶家中只有兩口人，與先生同住。
    2) 客戶和先生年齡分別為86歲和90歲。
    3) 客戶表示先生曾因服用過多西藥導致胃出血，後來住院並接受治療。
    4) 客戶提到先生曾在榮總進行脊椎手術，手術成功且恢復良好。

2. 健康狀況
    1) 客戶年齡為86歲，並提到自己有坐骨神經痛的問題。
    2) 客戶血糖偏高，醫生建議少吃飯並控制飲食以維持血糖水平。
    3) 客戶表示腎臟科醫生要求所有服用的藥物需經過核准。
    4) 客戶提到先生曾因健康問題住院並接受治療。

3. 職業背景
    1) 客戶目前正在與電腦工程師合作修理電腦。
    2) 客戶表示貨到付款的方式由她處理，其他人不管。

4. 健康食品使用心得
    1) 客戶每天服用維他命，包括維他命A、E和B群。
    2) 客戶表示不吃杏仁粉或機能粉等保健食品，也不喝保健品類的飲品。
    3) 客戶家中有許多保養品，包括人蔘、葉黃素、基金等，部分是朋友送的，目前仍未使用完畢。
    4) 客戶提到家中有許多零食和食材，包括紅棗、枸杞等，部分存放在冰箱或冷凍庫。

5. 禁忌
    1) 客戶表示不喜歡吃維他命或健康食品，但每天服用維他命。
    2) 客戶提到先生曾因服用過多西藥導致胃出血，需注意藥物使用。
    3) 客戶表示腎臟科醫生要求所有服用的藥物需經過核准。",1
10713429,女,64.0,高雄市苓雅區,C,摩羯座,5597,否,否,是,否,否,是,是,否,277089.52379000006,123,104811.42854999998,59,23461.90476000001,27,18485.71428,20,1219.04762,1,240109.52381,93,103224.76189,57,22538.09524,26,18485.714280000007,20,1219.04762,1,否,否,否,否,否,否,0,否,否,否,否,否,0,否,否,否,"1. 家庭關係
    1) 客戶與家人同住，家中有一位60歲的親人、兩個兒子及一位女兒。
    2) 客戶的女兒在新加坡工作，曾提到與兒子一起外出看過某個地方。
    3) 客戶的老公目前沒有工作，正在找工作，並計劃過年後到台北或華北工作。

2. 健康狀況
    1) 客戶提到有排便問題，排便較為困難，並有睡眠障礙。
    2) 客戶表示沒有服用處方藥物，且沒有三高、血糖或膽固醇相關的問題。
    3) 客戶的兒子因車禍導致韌帶斷裂，需要開刀。
    4) 客戶每年會安排一次健康檢查，並提到免疫力和抵抗力對她來說很重要。

3. 職業背景
    1) 客戶目前在醫院工作，工作時間為凌晨三點至下午三點，工作內容包括接頭、騎車等，工作地點有冷氣和抽風機。
    2) 客戶的工作非常忙碌，經常沒有時間休息，且每天在醫院走動，屬於勞動性工作。
    3) 客戶的老公從事技術型工作，目前正在找工作。

4. 健康食品使用心得
    1) 客戶有服用魚油，每天飯後吃兩顆，認為其有助於降膽固醇、降三高、新陳代謝及保護眼睛。
    2) 客戶有服用葉黃素，認為對飛蚊症有改善效果，並提到目前手邊還有剩餘。
    3) 客戶曾購買過德國原裝進口的發泡錠，認為其有助於促進鈣吸收、提升免疫力和抵抗力。
    4) 客戶曾服用枸杞原汁、龜鹿飲品、納豆、綠蜂膠、桑葚汁、蔓越莓及人參產品，並用人參泡牛奶飲用。
    5) 客戶有在保養骨頭，並提到補骨胜肽產品尚未吃完。
    6) 客戶曾購買過華陀福元堂的苦瓜胜肽，並表示會購買補品。
    7) 客戶曾購買白藜蘆醇產品，包含兩盒共一百包。
    8) 客戶提到之前有服用與眼睛健康相關的產品，但效果不明顯。

5. 禁忌
    1) 客戶不喜歡吃泡麵的調味料，會用肉和蔬菜來調味。
    2) 客戶表示沒有在吃燕窩。",1
10724944,男,76.0,桃園市龍潭區,D+,雙子座,5593,否,否,是,否,否,是,是,否,195391.42859,74,36581.90477,18,9447.61905,5,7476.190479999999,3,0.0,0,117496.19048999998,38,11990.47619,6,6600.0,4,4628.57143,2,0.0,0,否,否,否,否,否,否,0,否,否,否,否,是,0,否,否,否,"1. 家庭關係
    1) 客戶目前與配偶分房居住，已維持此狀況約20年。
    2) 客戶有兩個子女，分別為一男一女，年齡約三四十歲。
    3) 配偶曾在國貿系畢業，並到美國從事生意相關工作，擁有多棟房產，且生活費多由配偶支付。
    4) 客戶有兩個傭人，並提到女兒常常購買魚油並拿給他使用。
    5) 客戶表示目前的經濟來源主要依靠小孩。

2. 健康狀況
    1) 客戶目前身體狀況良好，沒有明顯的不適或疼痛感，但有尿蛋白偏高及痛風問題，並每天服用醫生開立的藥物。
    2) 客戶提到眼袋問題較多，並認為護膚禮組效果不錯。
    3) 客戶年齡75歲，身高約158公分，體重約60公斤，身形偏直筒。
    4) 客戶表示年紀大了，平時在家裡主要是種菜，並提到熬夜的情況。

3. 職業背景
    1) 客戶曾在船上工作四年，薪水以港幣計算，約九千八港幣，匯率約為1比7.8。
    2) 客戶曾在台灣的商業工會工作，負責協調工廠倒閉及員工薪資問題。

4. 健康食品使用心得
    1) 客戶曾購買美國品牌的魚油保健品，並每天服用10cc，一瓶250cc可使用25天，口感像沙拉油但能接受。
    2) 客戶曾購買南瓜籽保健品，針對攝護腺保養，並提到曾購買黑芝麻粉及苦茶油相關產品。
    3) 客戶每天早上會喝一瓶立正人參膠囊飲品，並曾花四萬多元購買人參膠囊，每天服用一顆。
    4) 客戶偶爾服用B群，並提到喝綠茶。
    5) 客戶表示家裡有很多保健品，像藥罐子一樣，認為太多了不行。

5. 禁忌
    1) 客戶表示不喜歡白色、黑色、灰色的物品，認為這些顏色不吉利，偏好金色、藍色、綠色、紫色。
    2) 客戶表示近期花費較多，包括牙齒修復、保險費及旅遊支出，因此不打算購買其他保健品。
    3) 客戶認為金錢有限，不應隨便花費。
",1
10738093,女,76.0,桃園市中壢區,D+,摩羯座,5588,否,否,是,否,否,否,是,否,194444.76191,73,94622.85712,17,39009.5238,4,28380.95238,1,0.0,0,142083.80951,30,94622.85712,17,39009.5238,4,28380.95238,1,0.0,0,否,否,否,否,否,否,0,否,否,否,否,否,0,否,否,否,"1. 家庭關係
    1) 客戶目前與家人住在一起，家中有一隻從外面撿來的狗。
    2) 客戶有一個兒子和一個女兒，女兒經營小吃店，並且每週四固定休息，最近十幾天未開店。
    3) 客戶的孫女已婚並有一個八歲的孩子，還有一個兩歲的孫子。
    4) 客戶的兒子曾為她購買葉黃素，並且每月提供生活費。
    5) 客戶的女兒有時會幫忙照顧孫子，並曾幫她繳費和購買生活用品。
    6) 客戶的親家母患有糖尿病，客戶曾將購買的燕窩送給親家母。
    7) 客戶的妹妹今年六十歲，弟弟比她小八歲。

2. 健康狀況
    1) 客戶年齡七十多歲，健康狀況一般，無大病但有小毛病，曾罹患癌症並已痊癒多年，但仍擔心復發。
    2) 客戶有高血壓，每天服用血壓藥和心臟藥，並有氣喘問題。
    3) 客戶的眼睛有退化問題，視力不佳，並有服用葉黃素。
    4) 客戶每年四五月份因體質原因會出現皮膚過敏，變天時額頭會長疹子。
    5) 客戶曾進行過微創手術，部分費用由健保支付。
    6) 客戶因天氣炎熱感到全身疼痛，並提到睡眠狀況不佳，偶爾服用助眠藥物。
    7) 客戶曾因水土不服生病，且年輕時常拉肚子，但現在情況有所改善。

3. 職業背景
    1) 客戶年輕時曾經開過餐廳並親自下廚，後來從事看護工作。
    2) 客戶目前已退休，主要在家中休息，偶爾幫忙做家務或協助女兒的店務。

4. 健康食品使用心得
    1) 客戶目前有在服用幹細胞相關保健食品，並表示每天服用。
    2) 客戶有收到葉黃素和大豆異黃酮，但尚未使用。
    3) 客戶有收到燕窩產品，部分已飲用，部分送給親家母。
    4) 客戶收到的鱸魚精只有一盒，尚未完全食用。

5. 禁忌
    1) 客戶因健康狀況不佳，飲食清淡，主要吃魚和海鮮，避免食用肉類和胡椒。
    2) 客戶不敢食用兒子從韓國帶回的紅參，因擔心影響健康。
    3) 客戶不敢將某些物品丟入馬桶，曾因堵塞花費四千元通管。
    4) 客戶不接聽不認識的電話，並會刪除不認識的來電號碼。",1
10774079,女,74.0,桃園市觀音區,Z,天秤座,5575,否,否,是,否,否,否,是,否,8036.190479999999,6,5398.09524,4,2550.47619,3,2550.47619,3,0.0,0,2550.47619,3,2550.47619,3,2550.47619,3,2550.47619,3,0.0,0,否,否,否,否,否,否,0,否,否,否,否,否,0,否,否,否,"1. 家庭關係
    1) 客戶表示自己獨居，認為家中存放太多現金有危險。
    2) 客戶提到女兒會幫忙準備營養補給品，包括益生菌、葉黃素和魚油，並且女兒有買葉黃素給她服用。

2. 健康狀況
    1) 客戶提到自己已超過75歲，注重健康與平安。
    2) 客戶曾動過白內障手術，手術後視力有改善，但眼睛較乾，可能需要再次手術。
    3) 客戶表示目前有在服用降三高或血糖相關的藥物。
    4) 客戶曾接受過膝蓋玻尿酸注射療程，但已多年未再進行。
    5) 客戶早上通常較晚進食，午餐時間約在下午兩點左右。

3. 職業背景
    1) 客戶提到自己是家庭主婦，並且已經退休多年。
    2) 客戶每年參加一次由某團體組織的活動，活動中有吃有喝且不需自費。

4. 健康食品使用心得
    1) 客戶表示自己有在服用葉黃素和魚油，且葉黃素已服用多年，固定使用同一品牌，魚油成分含量達百分之九十。
    2) 客戶提到家中有五包益生菌尚未開封，並且魚油是買一年份，價格約一千四百元。
    3) 客戶表示女兒幫忙準備的保健食品包括益生菌、葉黃素和魚油。
    4) 客戶決定購買兩個月份的葉黃素，每月價格為599元。

5. 禁忌
    1) 客戶提到自己有購買維他命C，但未服用，放置在家中。
    2) 客戶表示自己有健走的習慣，因此認為不需要額外補充B群。
    3) 客戶表示目前還沒有想要使用綜合維他命。
    4) 客戶提到自己不會使用LINE，僅習慣使用電話進行聯絡。
    5) 客戶表示平常不會認真看簡訊，且最近都沒有在看購物台。
    6) 客戶曾嘗試使用點數購物，但因操作困難而放棄。
    7) 客戶表示目前不需要購買任何商品。",1
10783941,女,68.0,台南市安定區,A,雙子座,5571,否,否,是,是,否,是,是,否,227319.99995000003,62,143046.66665000006,25,77032.38094999999,12,66799.04761000001,6,6060.0,2,179299.04759,27,133501.90474,19,72008.57142,8,66799.04761000001,6,4457.14286,1,否,否,是,否,否,否,0,否,否,否,否,否,0,否,否,否,"1. 家庭關係
    1) 客戶有兩個兒子，其中一位55歲，並已接手家裡的工作。
    2) 客戶有一位媳婦，媳婦曾幫忙代購葡眾的益生菌，並帶走了一些葡眾的產品。
    3) 客戶曾分一些衛生紙給媳婦。
    4) 客戶提到老公比較喜歡星光。

2. 健康狀況
    1) 客戶有胃部不適、低血壓及甲狀腺相關問題，需服用甲狀腺藥物，並表示無法再服用過多其他藥物。
    2) 客戶的手和肩膀自六月份開始有骨刺問題，目前正在進行復健，但認為完全康復較困難。
    3) 客戶提到知道自律神經失調相關資訊。

3. 職業背景
    1) 客戶目前尚未退休，從事傳統工業相關工作。
    2) 客戶每天加班，通常五點半下班，回家後還需煮飯。

4. 健康食品使用心得
    1) 客戶每天睡前服用幹細胞產品，並提到目前還有兩瓶存貨。
    2) 客戶每天服用妍美会一顆、幹細胞兩顆和黑色膠囊一顆。
    3) 客戶有在吃葡眾的產品，並提到曾購買過蜂蜜、蝦紅素、燕窩及吳宗憲代言的產品，但部分產品尚未使用。
    4) 客戶表示想少量嘗試補充保健食品，避免一次攝取過多。
    5) 客戶提到家中已有許多保健食品存貨，因此目前不需要購買新的。

5. 禁忌
    1) 客戶不習慣外食，回家後會自行煮飯。
    2) 客戶表示無法服用過多藥物，需注意與甲狀腺藥物的相互影響。",1
10785954,男,55.0,新北市土城區,D+,雙魚座,7014,否,否,否,否,否,否,是,否,123661.90474,39,3791.42857,1,3791.42857,1,3791.42857,1,0.0,0,58285.71428,16,3791.42857,1,3791.42857,1,3791.42857,1,0.0,0,否,否,否,否,否,否,0,否,否,否,否,否,0,否,否,否,,1
10790191,男,53.0,新北市板橋區,D,天秤座,5570,否,否,否,否,否,否,是,否,19649.52382,14,2456.19048,2,2456.19048,2,570.47619,1,0.0,0,570.47619,1,570.47619,1,570.47619,1,570.47619,1,0.0,0,否,否,否,否,否,否,0,否,否,否,否,否,0,否,否,否,,1
10790875,男,56.0,新北市樹林區,C,巨蟹座,5569,否,否,否,否,否,否,是,否,112775.23809,29,104537.14285,26,35100.00001,11,23643.80953,6,0.0,0,79761.90476,13,79761.90475999999,13,21940.95239,6,20912.38096,5,0.0,0,否,否,否,否,否,否,0,否,否,否,否,否,0,否,否,否,"1. 家庭關係
    1) 家中有媽媽，媽媽有去看中醫。
    2) 家中有老婆、兒子、小兒子、外孫女、哥哥及丈母娘。
    3) 女兒目前在工作。

2. 健康狀況
    1) 客戶曾有三高問題，但通過減重20公斤後已改善，目前體重約90多公斤。
    2) 曾有痛風，需忌口，不能吃加工食品和高嘌呤食物，已兩年未吃炸物。
    3) 客戶參加醫院減重班，並遵循醫生和營養師的飲食建議，不能隨便吃東西。
    4) 客戶每年進行健康檢查，並提到醫院有幫助進行健康管理。
    5) 客戶認為心情快樂對健康有幫助，並提到癌症的不可預測性。

3. 職業背景
    1) 客戶目前沒有工作，白天大部分時間待在家裡。
    2) 曾從事開大車的工作，且每天開車並長時間待在車內。

4. 健康食品使用心得
    1) 客戶曾購買過益生菌，並每天服用，持續了一年多，認為有效，但因購買過多而停止。
    2) 曾購買過台大幹細胞產品、曾國城代言的魚膠原產品，並認為效果不錯。
    3) 曾購買過顧心血管的保健品，累計消費金額超過五萬元。
    4) 客戶不喜歡吃太多保健品，認為應根據體質選擇適合的產品。
    5) 客戶知道黃西鐵和華陀的產品。

5. 禁忌
    1) 醫生建議不要亂吃東西，並建議吃完現有的保健食品即可。
    2) 醫生和營養師建議不要亂吃保健食品，但益生菌可以食用。
    3) 客戶不能喝酒，並需避免加工食品、高嘌呤食物及炸物。",1
10850265,女,43.0,新北市淡水區,Z,雙魚座,5549,否,否,否,否,否,是,是,否,94346.66668,20,20285.71429,4,19069.52381,2,18857.14286,1,212.38095,1,81807.61906,10,18857.14286,1,18857.14286,1,18857.14286,1,0.0,0,否,否,是,否,否,否,0,否,否,否,否,否,0,否,否,否,"1. 家庭關係
    1) 未提及家庭相關資訊。

2. 健康狀況
    1) 客戶表示自己容易拉肚子，吃到不對的食物會天天拉肚子。

3. 職業背景
    1) 未提及職業相關資訊。

4. 健康食品使用心得
    1) 客戶提到自己有在服用膠原蛋白，並表示很早就開始服用以保持皮膚狀況良好。
    2) 客戶曾經服用過妍美会的膠囊產品，但忘記具體名稱。

5. 禁忌
    1) 客戶容易因食物不適而拉肚子，需注意飲食選擇。",1
10887540,女,59.0,台南市永康區,Z,雙魚座,5536,否,否,是,否,否,是,是,否,983776.19046,222,220713.33336,32,8444.76191,5,7416.190479999999,4,1028.57143,1,846885.7143,135,207040.95240000004,24,7416.190479999999,4,7416.190479999999,4,0.0,0,否,否,是,否,否,是,0,否,否,否,否,否,0,否,否,否,"1. 家庭關係
    1) 客戶家中有一位兒子，體重約九十幾公斤，脊椎有些側彎，且有些胖，需使用保健產品進行健康管理。
    2) 客戶家中有一位公公，曾為其購買益生菌以改善便秘問題。
    3) 客戶家中養了一隻狗狗，狗狗有白內障，且偏好果凍狀或液態食品。

2. 健康狀況
    1) 客戶膝蓋偶爾會疼痛，可能因動作不當引起，但走動後會有所改善。
    2) 客戶胃火較大，且不能食用乳糖。
    3) 客戶最近的健康檢查結果一切正常。

3. 職業背景
    1) 客戶的工作性質以久坐為主，不需要長時間站立。
    2) 客戶平時上班不方便接電話，因為老闆通常在場。

4. 健康食品使用心得
    1) 客戶曾購買並使用多種保健食品，包括益生菌、蔓越莓產品、龜鹿二仙膠、蚓激酶、氨基酸產品、華陀品牌的龜鹿鴕鳥精、人蔘產品及三膠原產品，並長期使用華陀品牌的保健食品。
    2) 客戶目前正在服用野山蔘，對其感興趣，並詢問相關規格與內容。
    3) 客戶與兒子一起服用保健品進行心血管保養，平時服用膠囊型保健食品，通常飯前服用以提升吸收效果。
    4) 客戶曾購買長白山人蔘，主要用於收藏。
    5) 客戶認為益生菌效果一般，因其排便狀況本來就很順暢。
    6) 客戶曾購買膏狀產品，用於筋絡按摩及舒緩痠痛，並詢問保健食品是否能緩解腳痠痛。

5. 禁忌
    1) 客戶不能食用乳糖。
    2) 客戶不喜歡吃某些食物，但未具體說明種類。",1
10897381,女,65.0,新北市中和區,Z,摩羯座,5533,否,否,否,否,否,否,是,否,30474.285690000004,22,5180.95237,6,2829.5238,3,1885.71428,2,0.0,0,9808.57142,4,2265.71428,3,1885.71428,2,1885.71428,2,0.0,0,否,否,是,否,否,否,0,否,否,否,否,否,0,否,否,否,"1. 家庭關係
    1) 客戶家裡沒有小朋友，都是大人。

2. 健康狀況
    1) 客戶提到她六十歲以上，具體年齡為64歲。
    2) 客戶目前沒有健康檢查的習慣。

3. 職業背景
    1) 未提及具體職業背景。

4. 健康食品使用心得
    1) 客戶曾購買並使用蛋白粉和星星果油，但目前沒有在使用。
    2) 客戶曾購買妍美会的產品並已用完，但對其他保健食品如益生菌、B群等使用頻率很低。
    3) 客戶表示她不需要葉黃素，並且沒有食用葉黃素的習慣。
    4) 客戶提到她很少購買或食用保健食品，對保健食品持謹慎態度。

5. 禁忌
    1) 客戶表示她不敢亂吃保健食品，對於保健食品持謹慎態度。
    2) 客戶提到她不吃萬歲牌的產品。",1
11038169,男,57.0,台南市仁德區,C,天蠍座,5481,否,否,是,否,否,是,是,否,469471.42861,194,321222.85720000014,134,125579.04764,41,86673.33333000001,20,0.0,0,103987.61904,13,73757.14285,7,47426.66666,3,47426.66666,3,0.0,0,否,否,是,否,否,否,0,否,否,否,否,否,0,否,否,否,"1. 家庭關係
    1) 客戶家中有三口人，包括一位母親和一位配偶。
    2) 客戶的母親年齡超過75歲（38年次），有血壓、血脂、血糖等慢性病問題，肩膀和膝蓋有退化問題，並且需要多喝水。
    3) 客戶的母親去年因開刀自費花費十幾萬元，目前每月花費約兩三千元購買保健品。
    4) 客戶提到需要回去詢問母親和配偶的意見後再決定是否購買產品。

2. 健康狀況
    1) 客戶的母親有心血管、糖代謝問題，退化性關節炎，並長期服用慢性病藥物。
    2) 家中長輩有高血壓、血糖高、睡眠不佳及右手震動的問題。
    3) 客戶提到自己剛剛感到疲累，並提到不要熬夜。

3. 職業背景
    1) 客戶從事新竹物流的貨運工作，工作時間為五個工時。
    2) 客戶每天早上五點多出門，六點多開會。

4. 健康食品使用心得
    1) 客戶曾購買過華陀的產品，包括顧骨頭的產品和龜鹿保健品，後者花費兩萬多元。
    2) 客戶曾購買過黃金配方、喂付生醫專利的寶星宿管路和納豆激酶，主要針對心血管健康。
    3) 客戶提到購買了一款針對心血管和代謝問題的保健商品，並已開始使用，感覺產品價格偏高。
    4) 客戶的母親最近飲用葡萄糖胺後，早上起床時間延後至十點。
    5) 客戶對燕窩產品不感興趣，認為燕窩主要是用來養顏的。

5. 禁忌
    1) 客戶習慣使用貨到付款的方式購物。
    2) 客戶的母親認為便宜的東西不吃。",1
11047657,女,70.0,新竹縣竹北市,C,處女座,5478,否,否,是,是,否,是,是,否,104859.04756999998,53,49110.476200000005,17,36866.66668,9,27454.28572,3,202.85714,2,68129.5238,27,48350.4762,16,36866.66668,9,27454.28572,3,202.85714,2,否,否,是,否,否,否,0,否,否,否,否,是,0,否,否,否,"1. 家庭關係
    1) 家中有四個人，包括她的母親、妹妹和老公，老公已經75歲。
    2) 她的妹妹在生技公司工作，母親和妹妹也會一起食用益生菌。
    3) 家中養了一隻貓，對貓咪使用的產品成分較為關注。
    4) 她有一位男性朋友，該朋友曾在十四五歲時做過手術，左腳需要靠拐杖行走，且拐杖需要更換支撐部件。

2. 健康狀況
    1) 她68歲，接近70歲，年紀大了消化功能變慢，爬樓梯有些吃力。
    2) 有白頭髮、眼壓問題和胃食道逆流，偶爾胃會不舒服。
    3) 不滿意目前使用的洗髮精，認為使用後頭髮變得很粗。

3. 職業背景
    1) 她提到自己很忙，沒有時間出去玩。
    2) 她會上網查看商品資訊後再決定是否購買。

4. 健康食品使用心得
    1) 她每天早上空腹服用益生菌，最多一天吃兩顆，目前家中還有十幾盒益生菌未吃完。
    2) 她每天服用兩顆保健品，並有服用抗氧化保健品的習慣，每天一包，最多不超過兩包。
    3) 曾購買過紅麴產品，但覺得難以吞咽；也曾購買過膠原蛋白產品和其他品牌的益生菌。
    4) 曾經吃過苦茶油，但現在不吃苦茶和油。
    5) 曾購買過橄欖油、高溫葵花油和葡萄籽油的特價組合，認為橄欖油價格較高。
    6) 家中有很多東森購物的商品庫存，包括益生菌、洗衣精、洗髮精、面膜、乳液等，部分產品多年未使用。
    7) 她不滿意目前的洗髮精，護髮素已經用完，對粒線體相關產品不感興趣。
    8) 她曾購買過自然美的產品，但還未用完，並表示目前不需要再花錢購買化妝品。

5. 禁忌
    1) 不吃牛樟芝、苦茶和油。
    2) 無法吞膠囊，因此不會購買相關產品。",1
11055774,女,63.0,台北市松山區,C,巨蟹座,9111,否,否,是,是,否,是,是,否,2927503.809149999,2020,988959.0474600004,631,393291.4284599993,251,15047.61905,10,7847.61905,2,1562099.0475400006,1063,243689.52371000004,156,24853.3333,19,5619.0476,5,7847.61905,2,否,否,是,否,否,否,0,否,否,否,否,否,0,否,否,否,"1. 家庭關係
    1) 客戶有兩次婚姻，但都未舉辦婚禮。
    2) 客戶有兩個小孩，其中兒子聰明且學習能力強，女兒十歲，住在桃園，有時會回台北。
    3) 客戶的老公有異位性皮膚炎，對老二特別疼愛，因為老二曾住院開刀。
    4) 客戶的婆婆身體狀況不佳，無法煮飯，也不會帶小孩。
    5) 客戶的母親年紀大了，曾因體重問題影響穿衣效果，後來減肥成功。
    6) 客戶的妹妹曾去過九州旅遊，並計劃與他人再去日本旅遊。

2. 健康狀況
    1) 客戶有便秘問題，且父母曾患大腸癌，醫生建議她每天排便。
    2) 客戶的老公有異位性皮膚炎，經治療後有所好轉，使用天然香皂和醫生開的藥物。
    3) 客戶的孩子有過敏問題，兒子有異位性皮膚炎，女兒不喜歡吃糖果，兒子則喜歡。
    4) 客戶的母親曾被詐騙，對金錢較為謹慎，且曾因感冒長期未癒。
    5) 客戶和母親曾感染腸胃炎，母親和妹妹曾服用紅藜果膠產品。
    6) 客戶的家人中有人患有白內障，且家人有異位性皮膚炎，使用類固醇藥物和紫外線光療法治療。

3. 職業背景
    1) 客戶的家族從事衣服買賣。
    2) 客戶的老公有時會從大陸辦事情回來。
    3) 客戶提到家中有人下午不在家，因為去工作。

4. 健康食品使用心得
    1) 客戶目前沒有在吃健康食品，冰箱裡還有很多未食用的存貨。
    2) 客戶曾購買過維他命C、維他命D3、發泡錠、酵素、益生菌、魚油、鹿角產品等，對某些產品效果持懷疑態度。
    3) 客戶每天早上會喝B群發泡錠，並有喝咖啡的習慣，認為咖啡有助於排便。
    4) 客戶的老公每天早晚各吃一包健康食品，並飲用白藜蘆醇產品。
    5) 客戶的媽媽曾購買保養品和健康食品，並飲用白藜蘆醇產品，但不喜歡膠囊產品。
    6) 客戶對於健康食品的保存期限和效果有關注，並偏好果凍狀產品。

5. 禁忌
    1) 客戶不使用精油產品，也不敢吃杏仁相關產品。
    2) 客戶不喜歡木耳露、檀香味的沐浴乳和紅棗產品，認為紅色食物不好吃。
    3) 客戶不常購買咖啡，僅在需要時購買，並偏好無糖黑咖啡。
    4) 客戶對於直銷和減肥產品的效果持懷疑態度。",1
11072085,女,66.0,苗栗縣苗栗市,D+,金牛座,5468,否,否,否,否,否,否,是,否,55780.00001,42,12275.2381,7,5694.28572,2,3808.57143,1,0.0,0,11706.66667,6,7380.0,3,3808.57143,1,3808.57143,1,0.0,0,否,否,否,否,否,否,0,否,否,否,否,否,0,否,否,否,,1
11074908,女,76.0,台南市永康區,B,處女座,7073,否,否,是,否,否,否,是,否,192503.80954,51,68306.66667,17,45073.33335,8,43949.52383,7,0.0,0,143146.66668999998,17,56387.61906,10,45073.33334999999,8,43949.52383,7,0.0,0,否,否,是,否,否,否,0,否,否,否,否,否,0,否,否,否,"1. 家庭關係
    1) 客戶有三個兒子和一個女兒。
    2) 客戶的兩個孫子目前正在讀大學。
    3) 客戶提到老公下午一兩點左右可能有空。
    4) 客戶喜歡待在家裡。

2. 健康狀況
    1) 客戶的甘油三酯含量較高，且膽固醇偏高。
    2) 客戶患有類風濕性關節炎。
    3) 客戶家中有白內障患者，且已經進行過手術。
    4) 客戶沒有高血壓，也沒有血糖問題。

3. 職業背景
    1) 未提及具體職業背景。

4. 健康食品使用心得
    1) 客戶曾購買過龜鹿產品，但表示之前買的產品沒有效果。
    2) 客戶曾購買過魚油產品，並提到孩子每年都會吃魚油，且孩子已長大能直接吞魚油膠囊。
    3) 客戶提到孫子可能需要補充魚油。
    4) 客戶早上有喝幹細胞飲品。
    5) 客戶提到維他命C對年輕人有好處。
    6) 客戶很少在外面買東西吃，且不喝甜的飲品。
    7) 客戶剛剛在公益街購買了七大盒產品。
    8) 客戶提到有一罐還沒開的產品，表示有空會查看。

5. 禁忌
    1) 客戶提到不要吃燕麥片。",1
11113491,女,55.0,台中市南區,D+,金牛座,7988,否,否,否,是,否,是,是,否,68281.90477000001,45,16841.90475,11,13060.95237,9,3808.57143,1,2727.61905,2,3808.57143,1,3808.57143,1,3808.57143,1,3808.57143,1,0.0,0,否,否,是,否,否,否,0,否,否,否,否,否,0,否,否,否,,1
11149823,女,46.0,金門縣金寧鄉,Z,天蠍座,5438,否,否,否,是,否,是,是,否,148849.52378000002,45,39894.28571,13,1902.85714,2,0.0,0,1902.85714,2,127230.47617,25,39894.28571,13,1902.85714,2,0.0,0,1902.85714,2,否,否,否,否,否,否,0,否,否,否,否,否,0,否,否,否,"1. 家庭關係
    1) 客戶家中有丈夫和小孩，丈夫曾經接受過化療，目前健康狀況穩定，但需要定期追蹤，並正在服用某些藥物。
    2) 客戶的丈夫有腸躁症，對購買保健品有品牌偏好，並建議避免食用某些食物如茄子、藍光食物和鴨肉。
    3) 客戶家中有小孩，且小孩接觸電子產品較多，並有服用益生菌。
    4) 客戶家中有團購活動，經常參與團購，家中物品充足，過年期間不需要再購買更多物品。
    5) 客戶的鄰居的丈夫曾食用紅麴產品，但後來發現該產品有問題。

2. 健康狀況
    1) 客戶最近眼睛感到酸痛和不舒服，可能是因為最近很忙，睡得很晚，且每天飲水量不到2000毫升。
    2) 客戶最近皮膚狀況不佳，感覺皮膚暗沉且抵抗力下降，之前有內分泌失調導致長痘痘。
    3) 客戶的丈夫曾經抽菸，進行過健康檢查，並有化療經歷。
    4) 家中有人經常咳嗽，並有服用藥物。

3. 職業背景
    1) 客戶表示最近很忙，整天都在外跑或處理公文。
    2) 客戶提到自我保護做得很好，出門都會戴口罩。

4. 健康食品使用心得
    1) 客戶之前喝過雅邦品牌的膠原蛋白飲，並有服用安利的保健食品。
    2) 客戶之前購買的B群產品效果不佳，家人建議改用安利的B群，但她表示會繼續使用未用完的產品，並提到B群味道較重，尿液顏色會變黃。
    3) 客戶有時早上會服用顧肝保健品，並提到顧肝保健品和B群的成分類似。
    4) 客戶家中有一台太赫茲機器，原本為婆婆使用，後來自己也有使用，每次使用30分鐘，一天可使用兩次，間隔4小時。
    5) 客戶之前購買鴕鳥龜鹿精是為了自己和家人使用，並曾幫丈夫的朋友購買該產品。

5. 禁忌
    1) 客戶的丈夫認為化療期間不適合吃某些食物，例如鴨肉，並建議避免食用茄子或藍光食物，因為可能含有毒素。
    2) 客戶對某些味道的產品不喜歡，若不喜歡則不會使用。",1
11151942,女,73.0,高雄市三民區,D+,天秤座,5437,否,否,是,否,否,是,是,否,334131.42859,79,260779.0476400001,31,144457.14286000008,11,144457.14286000008,11,0.0,0,234104.76191,13,227590.47619,10,136000.0,5,136000.0,5,0.0,0,否,否,是,否,否,否,0,否,否,否,否,是,0,否,否,否,"1. 家庭關係
    1) 客戶提到她和先生通常一天只吃兩餐，早餐和中餐，晚餐則吃得比較簡單。
    2) 客戶提到她養了一隻羊，羊平時待在家裡，沒有洗過澡，且有一個小推車，但很少使用。
    3) 客戶提到她有飼養貓，貓有時會跑到鄰居家。
    4) 客戶提到她住在園區的多人房間，家中沒有管理室，通常由自己收貨。

2. 健康狀況
    1) 客戶提到自己70多歲，年紀大了，體力和健康狀況不如從前，眼睛不好，可能與年紀有關。
    2) 客戶提到自己有殘障手冊，身體狀態還可以，平常沒有服用處方藥物。
    3) 客戶提到她的健康目標是增肌和增重，並提到自己不太重視保養，但因為專員推薦才開始嘗試。
    4) 客戶提到她有午睡的習慣，下午打電話可能會打擾到她。

3. 職業背景
    1) 客戶提到自己已經退休，目前的退休金已經用完。
    2) 客戶提到她有參與義工活動，每週一到週四住在某地進行義工活動，並提到之前的義工工作已經結束。
    3) 客戶提到她目前教小學生數學，主要教三、四、六年級。
    4) 客戶提到她目前在線上上課，並有固定的課程時間。

4. 健康食品使用心得
    1) 客戶提到她目前在食用氨基酸、蜂王乳、乳清蛋白等保健食品，並每天早上空腹飲用蜂王乳精和妍美会飲品。
    2) 客戶表示她不喜歡膠囊形式的保健品，較喜歡粉末狀或液體形式的產品，並會將膠囊打開後用水服用。
    3) 客戶提到她認為蜂王乳有助於改善皮膚和淡化斑點。
    4) 客戶提到她購買了紅色和白色的保健食品，紅色的每天早上飲用，白色的兩天一次飲用。
    5) 客戶提到她購買了粉紅色錠狀保健食品，每天晚上睡前服用一顆。
    6) 客戶提到她認為某些產品口感難喝，尤其是紅色長罐產品，幾乎不再飲用，並認為妍美会的飲品也很難喝。
    7) 客戶提到她認為保健食品價格昂貴，且購買了很多產品，甚至記不清具體數量。

5. 禁忌
    1) 客戶提到她吃素，飲食清淡，三餐簡單。
    2) 客戶提到她不太會吞膠囊或太大顆的錠狀藥物，會將膠囊剪開或咬破後服用。
    3) 客戶對膠囊有顧慮，因為曾經購買過高血壓的藥物，擔心膠囊不能打開。",1
11172408,女,77.0,台南市北區,C,水瓶座,5429,是,否,是,是,否,是,是,否,152080.95237999997,65,72052.38096000002,31,26387.61905,12,12675.2381,5,9591.42858,3,121247.61903,44,65846.66667,26,26387.61905,12,12675.2381,5,9591.42858,3,否,否,是,否,否,否,0,否,否,否,否,否,0,否,否,否,"1. 家庭關係
    1) 客戶有一個兒子，曾在新竹讀書，現居台北五股並從事樹苗種植工作，已在北部買房且不常回家。
    2) 客戶有一個孫女，26歲，成績優異，曾在過年時回家，平時每兩三個禮拜回來一次，與母親住在一起。
    3) 客戶有一個孫子，28歲，目前在台積電工作，工作辛苦且經常輪班。
    4) 客戶的女兒正在瘦身，並幫助客戶處理購物和管理事務。
    5) 客戶的父親曾患有老人痴呆症。
    6) 客戶提到孩子們都已長大，部分已出國，孫子中最小的6歲。
    7) 客戶目前與媳婦住在一起，孩子會買東西給她。

2. 健康狀況
    1) 客戶77歲，身高152公分，曾發生車禍，現有坐骨神經痛、脊椎側彎、腰椎間盤突出、腰痠背痛、青光眼（眼壓高）、高血脂、骨質疏鬆、鼻炎等健康問題。
    2) 客戶曾進行白內障手術，眼睛容易疲勞，視力模糊，且有青光眼不適用某些藥物。
    3) 客戶免疫系統較弱，抵抗力不足，容易感染疾病，並有時失眠。
    4) 客戶曾發現一顆小腫瘤，已進行微創手術移除，並定期健康追蹤，目前健康狀況良好。
    5) 客戶每年進行健康檢查，並提到75歲後需每三年體檢一次。
    6) 客戶目前服用心臟科和精神科藥物，精神科藥物已減量至每天半顆。
    7) 客戶提到自己很少感冒，最少三年以上未感冒。

3. 職業背景
    1) 客戶曾是職業婦女，目前77歲，仍有工作，採用做二休二的模式，每天工作12小時。
    2) 客戶的妹妹從事郵寄費相關工作。

4. 健康食品使用心得
    1) 客戶有服用多種健康食品，包括養生茶、薑黃、紅參、維他命、B群、葉黃素、益生菌、印加果系列產品等，並認為這些食品有助於健康。
    2) 客戶每天早上服用葉黃素和B群，認為葉黃素能減少眼睛疲勞，益生菌有助於腸道健康。
    3) 客戶偶爾喝蛋白粉，早上吃素，中午後進食其他食物，並有補充鈣的習慣。
    4) 客戶認為健康食品需搭配運動才能發揮效果。

5. 禁忌
    1) 客戶不敢吃油炸食物，儘量少吃麥片和加工食品，並避免使用微波爐加熱食物。
    2) 客戶飲食清淡，喜歡用玄米油煮飯，並不喝飲料，只喝白開水。
    3) 客戶不吃內臟，偶爾吃泡麵，但會加蛋一起煮。
    4) 客戶避免爬山，擔心膝關節受傷。",1
11205765,女,62.0,基隆市七堵區,D+,處女座,5417,否,否,否,否,否,是,否,否,84560.0,66,18042.85716,10,6342.85715,3,0.0,0,2838.09524,1,2838.09524,1,2838.09524,1,2838.09524,1,0.0,0,2838.09524,1,否,否,是,否,否,否,0,否,否,否,否,否,0,否,否,否,,1
11276896,男,41.0,高雄市鳳山區,D,雙魚座,5389,否,否,是,否,否,否,是,否,196941.90476,68,78440.00001999999,24,28951.42857,2,28951.42857,2,0.0,0,104826.66665,19,33695.23809,3,28951.42857,2,28951.42857,2,0.0,0,否,否,否,否,否,否,0,否,否,否,否,否,0,否,否,否,"1. 家庭關係
    1) 客戶提到媽媽有在服用清體系列的產品，目的是為了減肥和排便。
    2) 客戶提到媽媽可能五六十歲，代謝基本上一定會不好。
    3) 客戶詢問是否有適合小朋友的葉黃素產品。

2. 健康狀況
    1) 客戶表示對身體健康有在照顧。
    2) 客戶表示沒有量血壓的習慣。

3. 職業背景
    1) 客戶提到自己在經營雞肉生意，並且每月有一百多萬的貨款需要支付。
    2) 客戶提到自己是第二房東，會出租攤位。
    3) 客戶提到自己上晚班，工作時間不固定，可能是晚上十點開始，並且還有員工一起工作。

4. 健康食品使用心得
    1) 客戶提到每天喝一杯健康食品，有時候會空腹飲用。
    2) 客戶曾購買華陀的產品，主要是給媽媽食用。
    3) 客戶提到之前購買過益生菌產品，該產品為藍色盒子包裝，內含圓橢圓形膠囊，每顆含有600億活菌，主要用於改善腸胃道問題如胃食道逆流和腸躁症，但表示吃了一盒後沒有感覺，認為沒有用。
    4) 客戶表示她曾在2022年購買過益生菌產品，當時的價格為每盒約1000元。

5. 禁忌
    1) 客戶提到自己不喜歡人多的地方。
    2) 客戶表示本月沒有預算購買產品。",1
11301489,男,71.0,桃園市大園區,D+,水瓶座,5380,否,否,否,否,否,否,是,否,91432.38093,24,62261.90474,10,2742.85714,1,0.0,0,0.0,0,55915.23809,5,52143.80952,4,2742.85714,1,0.0,0,0.0,0,否,否,是,否,否,否,1,否,否,否,否,否,0,否,否,否,"1. 家庭關係
    1) 客戶提到家中全家人，包括小朋友，從小就開始食用健康食品如褐藻，並表示小朋友因此較少感冒。
    2) 客戶提到孫子回來了。

2. 健康狀況
    1) 客戶目前食用德國製的純素保健食品，分早晚服用，已經持續一年多，剛開始服用時有不適感，現在感覺精神狀態很好。
    2) 客戶提到攝護腺保健是他關注的保健範疇之一。
    3) 客戶有做幹細胞相關的保養，並且了解幹細胞技術。

3. 職業背景
    1) 客戶從事工程相關工作，對產品的製作過程較為關注。
    2) 客戶提到自己是做電子行業的，但有投資幾家公司，包括玻尿酸、仲謀、中國海洋等健康相關產業。
    3) 客戶提到自己本身是從事幹細胞相關工作，並且與台塑生醫合作。

4. 健康食品使用心得
    1) 客戶目前食用台塑生醫的保健食品，並表示感覺還不錯，曾購買過台塑生醫的益生菌、褐藻等健康食品。
    2) 客戶提到之前購買的氨基酸產品有藥味，喝下去感覺不太舒服，口感澀澀的，但目前從美國進口氨基酸和其他營養品，運動後補充氨基酸有助於增強肌肉。
    3) 客戶提到之前有購買過地麗芙的巧克力比例產品和氨基酸綜合保健食品。
    4) 客戶提到之前有食用過華陀的南瓜籽產品，但認為效果不佳。
    5) 客戶對於食品安全問題表示擔憂，特別是對於市面上購買的苦茶油的品質感到不放心。
    6) 客戶對堅果的選擇偏好純原料，並且會自己處理堅果以保持健康，將堅果存放在紅酒櫃中以保持新鮮。

5. 禁忌
    1) 客戶表示他不會吃燕窩。
    2) 客戶表示目前沒有需要購買華陀漢方益生菌全素。",1
11309082,女,90.0,台中市南區,D+,雙子座,5376,是,否,是,是,否,是,是,否,287900.95244,137,73214.28573,42,32021.90478,21,18509.52384,11,8599.047620000001,5,173502.85720000003,59,33216.19051,17,12394.28574,8,11442.85717,7,951.42857,1,否,否,否,否,否,否,0,否,否,否,否,是,0,否,否,否,"1. 家庭關係
    1) 客戶目前一人居住，家中有一位29歲的外籍看護，並有監視器。
    2) 客戶有兩個女兒，但都不與她同住，其中一位女兒住在同一棟社區，會帶她到公園走路，並幫助她購買產品。
    3) 客戶的女兒為她支付看護費用，並建議她不要亂吃東西，因為她的腎臟有問題。
    4) 客戶的媽媽已去世，並提到她的兒子每年會做某些事情，但未明確說明。
    5) 客戶的孩子有給她錢。

2. 健康狀況
    1) 客戶89歲，患有糖尿病和高血壓，並有家族遺傳糖尿病。
    2) 客戶的血糖和血壓控制得較好，醫生檢查數值穩定，但血糖曾達到180，且控制不佳。
    3) 客戶有腎功能不良的問題，醫生建議她不要亂吃保健品。
    4) 客戶的腳無法行走，行動不便，且多次摔倒。
    5) 客戶有便秘問題，嘗試食用木瓜和香蕉改善。
    6) 客戶的眼壓有問題，且傷口癒合速度較慢。
    7) 客戶有量血壓和血糖的習慣，並記錄數據，每三個月會去醫院檢查。

3. 職業背景
    1) 客戶目前沒有工作。

4. 健康食品使用心得
    1) 客戶長期食用某品牌保健食品，並有服用葉黃素、益生菌、魚油、鈣片、B群、亞培安素、華陀龜鹿錠等。
    2) 客戶認為葉黃素效果不錯，但有時會忘記服用，對葉黃素仍有興趣。
    3) 客戶購買了江守山醫生推薦的益生菌，並感覺有效果，目前有多種益生菌產品。
    4) 客戶認為鈣片效果不明顯，並服用醫院開的鈣片。
    5) 客戶每天早上喝亞培安素補充營養，並在喝咖啡後服用保健品。
    6) 客戶曾購買過含B群、魚油、白藜蘆醇和蝦紅素的保健食品，並有很多魚油。
    7) 客戶購買過龜鹿二仙膠，並每天服用兩顆。
    8) 客戶曾購買過苦瓜胜肽產品，但不確定是否可以與藥物同時服用。

5. 禁忌
    1) 客戶的腎臟功能不佳，醫生建議不要亂吃保健品，女兒也提醒她注意飲食。
    2) 客戶目前沒有喝酒或抽菸的習慣。
    3) 客戶對血糖藥和血壓藥的服用有疑慮，並提到血壓藥物的副作用導致便秘。",1
11314773,女,70.0,台北市萬華區,Z,處女座,5374,否,否,否,否,否,是,是,否,147914.28576,69,27809.52382,15,5854.285709999999,4,2664.7619,1,1409.52381,1,61385.71428,17,10626.66666,4,380.0,1,0.0,0,0.0,0,否,否,是,是,否,否,0,否,否,否,否,否,0,是,否,否,"1. 家庭關係
    1) 客戶提到母親節時，她的女兒和兒子都會送她禮物。
    2) 客戶表示她自己吃燕窩，家人不吃。

2. 健康狀況
    1) 客戶提到她有洗腎的需求。
    2) 客戶表示她沒有失眠、睡眠問題或骨關節痠痛的情況。

3. 職業背景
    1) 客戶未提及具體職業背景，但提到她最近很忙。

4. 健康食品使用心得
    1) 客戶目前食用的保健食品包括超視王、燕窩、魚油及日本品牌的蝦紅素產品。
    2) 客戶表示她不會一直吃同一個牌子的保健食品，並曾經食用過葉黃素及日本品牌的保健品。
    3) 客戶詢問過華陀燕窩的價格，並提到她之前在百貨公司購買過燕窩，且已收到並食用燕窩產品。
    4) 客戶之前有購買過磷霉酋PPLS的上一代產品。

5. 禁忌
    1) 客戶目前沒有需要購買的產品。
    2) 客戶通常在上海藥局或其他藥局購買產品，並偏好使用momo平台購物而非東森。",1
11346989,女,61.0,台中市西屯區,D,雙子座,5359,否,否,否,否,否,否,是,否,26207.61904,31,2108.57142,4,1728.5714199999998,3,570.47619,1,0.0,0,6076.19046,10,2108.57142,4,1728.5714199999998,3,570.47619,1,0.0,0,否,否,否,否,否,否,0,否,否,否,否,否,0,否,是,否,,1
11353678,女,61.0,桃園市楊梅區,D+,天蠍座,5356,否,否,否,否,否,是,是,否,17580.952380000002,8,12866.66667,6,12866.66667,6,1141.90476,1,2171.42857,1,2171.42857,1,2171.42857,1,2171.42857,1,0.0,0,2171.42857,1,否,否,否,否,否,否,0,否,否,否,否,否,0,否,否,否,,1
11357069,女,58.0,苗栗縣苗栗市,B,處女座,5354,否,否,是,是,否,是,是,否,379947.61901,205,222252.38096000016,105,80282.85716000003,41,50508.57146000002,22,21421.90475,11,298997.14289,123,188355.23814,75,65360.95241,29,47843.80956000001,21,17517.14285,8,否,否,是,否,否,否,0,否,否,否,否,否,0,否,否,否,"1. 家庭關係
    1) 客戶有一個兒子和一個女兒，兒子已婚，30歲，身高180公分，體重80公斤，女兒29歲，曾在某地打工三到四年。
    2) 客戶的丈夫在兒子五歲時過世，公公因癌症過世，婆婆在兩年前過世。
    3) 客戶有一位19歲的孫女和一位年紀較小的孫女，孫女穿過的衣服會給小孫女穿。
    4) 客戶與家人同住，家中有兩個小孩，兒子大約每兩三個月回家一次，媳婦有時會幫忙購物。

2. 健康狀況
    1) 客戶目前體重在57至60公斤之間，目標體重為55公斤，曾從70公斤減重至目前體重。
    2) 客戶有糖尿病、尿酸過高、血糖偏高、膽固醇和三酸甘油酯偏高等健康問題，並有服用降膽固醇藥物，數值有所改善。
    3) 客戶有氣喘、關節問題，曾因跌倒導致大拇指發炎和手麻，並有夜尿情況。
    4) 客戶的肝指數和膽固醇數值有所下降，血糖和糖化血色素在邊緣範圍內，尿液中蛋白已消失。
    5) 客戶感冒時不易痊癒，不能吃西藥，醫生建議避免食用豆類、花生、內臟等食物。

3. 職業背景
    1) 客戶目前在工廠工作，工作內容較辛苦，需站立和走路，並且每週只休息一天。
    2) 客戶從17歲開始工作，擁有30年的勞保年資，目前已從外包轉為正式職員，享有勞健保和相關福利。
    3) 客戶的月收入固定，偶爾有加班，並提到加班費可達三萬五到三萬六。

4. 健康食品使用心得
    1) 客戶長期使用自然美產品，認為其效果良好，並是自然美的VIP。
    2) 客戶有服用葉黃素、益生菌、紅藜果膠、苦瓜胜肽等保健食品，並認為這些產品對健康有幫助。
    3) 客戶認為紅藜果膠有助於減重和改善健康，並將部分產品分給朋友和家人使用。
    4) 客戶每天早晚服用苦瓜胜肽，認為有助於排毒和控制血糖。
    5) 客戶認為某些保健食品效果不明顯，並對某些產品價格過高表示壓力。

5. 禁忌
    1) 客戶不喜歡喝豆漿和全脂牛奶，並減少牛奶攝取。
    2) 客戶避免食用澱粉、麵食、豆類、花生、內臟等食物，並很少吃海鮮。
    3) 客戶對某些益生菌產品有輕微拉肚子反應，並考慮是否繼續使用。
    4) 客戶感冒時不能吃西藥，醫生建議減少西藥使用。",1
11358604,女,66.0,嘉義市,Z,摩羯座,5354,否,否,否,是,否,是,是,否,134974.28572,101,55022.85718000001,34,15246.66669,10,5657.14286,1,1533.33334,2,14047.61905,3,5657.14286,1,5657.14286,1,5657.14286,1,0.0,0,否,否,是,否,否,否,0,否,否,否,否,否,0,否,否,否,"1. 家庭關係
    1) 客戶是一位66歲的女性，已經是祖母。
    2) 客戶有五個小孩，其中一個比較大，另外一個比較小，家裡還有兩個兒子和五個孫子。
    3) 客戶提到小孩已經長大，並且目前家裡有四五個人需要照顧，包括女婿。

2. 健康狀況
    1) 客戶目前正在進行護健。
    2) 客戶有乾眼症。

3. 職業背景
    1) 客戶提到白天需要外出，下午四點以前通常會在家。
    2) 客戶表示這幾天比較忙，因為家裡有多人需要照顧。

4. 健康食品使用心得
    1) 客戶平時有在吃保健食品，但只是偶爾食用。
    2) 客戶平時吃綜合維他命，早上會吃兩顆產品。
    3) 客戶之前有購買過酵素產品。

5. 禁忌
    1) 客戶目前不需要購買龜鹿膏和益生菌產品。
    2) 客戶不會考慮購買推銷的保健食品。",1
11446504,女,79.0,高雄市鳳山區,Z,摩羯座,5316,否,否,否,否,否,是,是,否,182571.4286,67,55602.85714,4,30602.85714,3,29651.42857,2,951.42857,1,113349.52383,17,53380.0,3,28380.0,2,27428.57143,1,951.42857,1,否,否,是,否,否,否,0,否,否,否,否,否,0,否,否,否,"1. 家庭關係
    1) 客戶有一位60歲的兒子和孫子，孫子從美國回來，會在高雄待兩個禮拜。
    2) 客戶的女兒在美國，並有託鄰居帶鈣片回來。
    3) 客戶目前住在家中，房子條件不錯。

2. 健康狀況
    1) 客戶表示沒有三高問題，且未住院。
    2) 客戶提到眼睛健康狀況無法改善但可以維持，曾因眼睛痛去看過醫生。
    3) 客戶提到背痛情況時好時壞，開車時會感到緊張。
    4) 客戶擔心鈣攝取過多會造成結石，因此暫時停止食用鈣片。
    5) 客戶不喝牛奶，擔心會引起胃酸逆流。

3. 職業背景
    1) 客戶提到最近很忙，經常在外面工作。
    2) 客戶有在上社區大學的課程。

4. 健康食品使用心得
    1) 客戶有飲用幹細胞產品，每天喝三盒，目前還有兩盒未使用完，但提到產品有瑕疵。
    2) 客戶曾購買過華陀的鴕鳥龜鹿精和星星果油膠囊。
    3) 客戶每天早晚各服用一組美國進口的保健食品，並有服用B群、葉黃素、魚油及顧骨頭的保健品。
    4) 客戶提到魚油有助於保養心血管，並可降三酸甘油脂和膽固醇。
    5) 客戶有飲用黑咖啡，並選用品質較好的咖啡豆沖泡。
    6) 客戶家人每天都有服用益生菌，但她提到益生菌改天再服用。

5. 禁忌
    1) 客戶沒有爬山或運動的習慣。
    2) 客戶習慣長時間不進食，且不會感到餓，並改為早晚分開進食不同食物。
    3) 客戶暫時停止食用鈣片，擔心鈣攝取過多會造成結石。
    4) 客戶不喝牛奶，擔心會引起胃酸逆流。",1
11520170,女,54.0,苗栗縣公館鄉,D+,雙子座,5277,否,否,否,否,否,否,是,否,48284.7619,23,14942.85714,5,14942.85714,5,12590.47619,3,0.0,0,14683.80953,5,11180.95238,2,11180.95238,2,11180.95238,2,0.0,0,否,否,是,否,否,否,0,否,否,否,否,否,0,否,否,否,,1
11549526,女,65.0,新北市土城區,Z,金牛座,5262,否,否,是,否,否,是,是,否,106767.61902,38,60994.2857,17,25214.28572,4,21657.14286,2,0.0,0,64556.19046,18,58156.19046,16,22376.19048,3,21657.14286,2,0.0,0,否,否,否,否,否,否,0,否,否,否,否,否,0,否,否,否,"1. 家庭關係
    1) 客戶提到她有孫女。
    2) 客戶表示母親節小孩子要看她，但未提供具體情境。
    3) 客戶提到她的兒子負責幫她購買年菜。
    4) 客戶提到她的女兒最近很忙，工作內容包括在房屋總公司進行安裝和報告。
    5) 客戶表示目前使用的香水都是由小孩子購買給她。

2. 健康狀況
    1) 客戶表示她有三高問題，包括血糖偏高及三酸甘油酯偏高，並服用心臟藥物以幫助控制血壓。
    2) 客戶提到她的血糖通常維持在101至120之間，糖化血色素為6.0。
    3) 客戶提到她有胃食道逆流問題，晚上吃得太晚可能加重症狀，益生菌有幫助改善。
    4) 客戶表示她腰痠背痛且容易疲累，希望能改善這些問題。
    5) 客戶提到膝蓋偶爾有不適，並曾嘗試使用保健食品改善。
    6) 客戶表示睡覺時偶爾會抽筋，情況不頻繁。
    7) 客戶提到骨鈣質檢查結果顯示有些微不足。

3. 職業背景
    1) 客戶未提到自身職業背景，但提到女兒在房屋總公司工作。

4. 健康食品使用心得
    1) 客戶表示她有服用多種保健食品，包括苦瓜胜肽、蜂王乳、膠原蛋白、益生菌、葉黃素、魚油、磷蝦油、幹細胞等，並認為交替使用效果更好。
    2) 客戶提到苦瓜胜肽對血糖控制及糖化血色素改善效果顯著，每天服用一顆。
    3) 客戶表示膠原蛋白對皮膚和身體有幫助，曾使用粉狀及二型膠原蛋白，主要針對膝蓋保養。
    4) 客戶提到蜂王乳搭配膠原蛋白服用，並以每週兩次的頻率服用。
    5) 客戶表示益生菌有助於改善胃食道逆流症狀。
    6) 客戶提到她每天服用幹細胞及葉黃素，葉黃素一天一顆，存貨充足。
    7) 客戶表示她每天服用魚油，早上一次服用十顆，主要目的是降低三酸甘油酯並穩定血壓和血管彈性。
    8) 客戶曾購買龜鹿膠產品，但使用後喉嚨感到不適，對該產品敏感。
    9) 客戶提到她曾購買大豆異黃酮，但已退貨。
    10) 客戶表示她曾使用山苦瓜胜肽，效果不明顯，目前還有存貨。
    11) 客戶提到她曾購買鱸魚精，並詢問是否需要加熱。
    12) 客戶表示她曾購買燕窩並喜歡食用。

5. 禁忌
    1) 客戶提到幹細胞產品可能引發胃食道逆流問題。
    2) 客戶表示她對某些保健食品的廣告感到不信任，認為效果可能不如預期。
    3) 客戶提到她認為使用四層抽的衛生紙比較浪費。
    4) 客戶表示五月花商品價格過高。",1
11566075,女,67.0,宜蘭縣五結鄉,D,雙魚座,5252,否,否,是,否,是,否,是,否,48084.761900000005,15,8979.04762,5,3504.76191,2,666.66667,1,0.0,0,40799.04761,10,7770.47619,4,3504.76191,2,666.66667,1,0.0,0,否,否,是,否,否,否,0,否,否,否,否,否,0,否,否,否,,1
11596434,女,69.0,桃園市龍潭區,Z,巨蟹座,5233,否,否,否,否,否,是,是,否,136812.381,102,45954.28572999999,29,24564.76191,11,8703.80952,2,1331.42858,2,22509.523800000003,8,10415.23809,5,8322.85714,2,7561.90476,1,0.0,0,否,否,否,否,否,否,0,否,否,否,否,否,0,是,否,否,"1. 家庭關係
    1) 客戶的先生有在服用苦瓜胜肽以調節血糖。
    2) 客戶的女兒在醫院工作，並且會購買保健品如紅麴及防曬產品回家。
    3) 客戶的孩子會回來吃飯，但由孩子的爸爸媽媽自行安排聚餐事宜。

2. 健康狀況
    1) 客戶平時服用合利他命或和力他命F作為保健品。
    2) 客戶有購買葉黃素，但僅偶爾服用。

3. 職業背景
    1) 客戶未提及自身職業背景。
    2) 客戶的女兒在醫院工作。

4. 健康食品使用心得
    1) 客戶曾購買苦瓜胜肽，並選擇分六期付款，目前表示不需要多帶，等吃完再買。
    2) 客戶對於專員推薦的地表最強頂規B群產品表示不需要。
    3) 客戶不吃褐藻相關產品。

5. 禁忌
    1) 客戶不吃褐藻相關產品。
    2) 客戶認為不需要大量的衛生紙，並表示每個人都不用那麼多。",1
11605432,女,64.0,新北市新莊區,B,射手座,5228,是,否,是,是,否,是,是,否,655850.4760799999,210,329897.1427999998,112,81885.71429999996,37,27256.19049,5,36165.71429999999,16,610973.3332499999,179,318626.66661999986,102,78020.95239999998,33,27256.19049,5,36165.7143,16,否,否,是,否,否,否,0,否,否,否,否,否,0,否,否,否,"1. 家庭關係
    1) 客戶有兩個兒子和一個女兒，女兒已婚，與丈夫和公婆住在一起，經常出國旅遊，與母親感情良好，會幫忙處理家務和生活事務。
    2) 客戶的兒子有時會回家幫忙家務，並與母親討論餐點安排，兒子目前單身，住在外面，工作繁忙，偶爾加班。
    3) 客戶的母親年紀大，行動不便，有骨刺和三高問題，需定期服藥，客戶經常幫助母親處理日常事務。
    4) 客戶的父親因腦幹出血行動不便，需插管治療，客戶主要負責照顧父親，兄弟姐妹未盡責。
    5) 客戶的婆婆年紀大，健康狀況不佳，公公已過世，婆婆由家人照顧。

2. 健康狀況
    1) 客戶有高血壓、血糖偏高、骨質疏鬆、牙周病、耳石脫落、膝蓋骨裂、手指腫脹等健康問題，需服用降血壓藥、活血化瘀藥物等。
    2) 客戶有胃食道逆流問題，睡眠品質受影響，並曾因服用中藥導致頭暈。
    3) 客戶的母親有骨刺、三高、尿尿不順等問題，行動不便，需定期服藥和治療。
    4) 客戶的貓咪有腎臟和過敏問題，需定期回診和服藥。

3. 職業背景
    1) 客戶為退休家庭主婦，曾在小公司擔任會計工作。
    2) 客戶的女兒從事拍片與廣告相關工作，曾在台中實習，現居日本。
    3) 客戶的兒子在公司工作，曾在新竹讀書，後進入建築公司工作，現住高雄。

4. 健康食品使用心得
    1) 客戶經常服用保健品，包括益生菌、葉黃素、蚓激酶、龜鹿膠等，認為對健康有幫助，但偶爾會忘記服用。
    2) 客戶認為益生菌有助於腸胃健康，葉黃素對眼睛有幫助，龜鹿膠有助於骨骼健康。
    3) 客戶曾購買自然美、台酒等品牌的保養品，對部分產品效果滿意，但認為價格偏高。

5. 禁忌
    1) 客戶不吃牛肉和生魚片，認為空腹喝紅茶不好，且不喜歡胡蘿蔔味道。
    2) 客戶不喜歡喝咖啡和茶，因為會影響睡眠。
    3) 客戶對於過期保養品會嘗試其他用途，但對於過期食品則較為謹慎。",1
11681807,女,75.0,宜蘭縣宜蘭市,D+,雙子座,5184,否,否,是,是,否,是,是,否,678948.5714499999,368,231485.71427999996,129,95902.85712999996,51,27574.28571,5,7134.28571,4,137948.57142000002,39,28972.38096,7,17142.85714,1,17142.85714,1,0.0,0,否,否,否,否,否,否,0,否,否,否,否,否,0,否,否,否,"1. 家庭關係
    1) 客戶提到她有先生，並為先生準備飯菜。
    2) 客戶的媽媽有使用葡萄王的益生菌。
    3) 客戶的妹妹從事葡萄王的直銷工作。

2. 健康狀況
    1) 客戶目前感冒，感到不舒服。
    2) 客戶曾經食用過多種保健食品，但表示部分產品效果不明顯。

3. 職業背景
    1) 客戶曾經加入過理會的直銷，但目前已不再使用理會的產品。
    2) 客戶的妹妹從事直銷相關工作。

4. 健康食品使用心得
    1) 客戶目前有在食用益生菌，每天一粒，但表示效果不明顯，且手邊仍有許多存貨。
    2) 客戶曾購買過妍美会品牌的第一代葉黃素，但食用後無特別感覺，目前仍有存貨。
    3) 客戶曾購買過三多品牌的產品及膠原蛋白，但每天飲用後覺得效果不明顯，目前家中仍有膠原蛋白存貨。
    4) 客戶曾購買過藍色盒子的益生菌，效果尚可，目前仍有存貨。
    5) 客戶提到她很久沒有食用鴕鳥精和土龍精。
    6) 客戶曾經食用過關節保健食品，包括萬年床躺和華陀的產品。
    7) 客戶目前不需要玻尿酸產品，因為她的保養品已經足夠。

5. 禁忌
    1) 客戶目前不需要購買益生菌、葉黃素、衛生紙、洗衣精及玻尿酸產品。
    2) 客戶表示目前不缺什麼，購物多因看到電視廣告，但近期不想購買產品。",1
11718550,女,61.0,新竹縣芎林鄉,D+,雙魚座,5163,否,否,是,是,否,是,是,否,874818.0952199998,486,285883.8095599999,120,137187.61906999996,54,55146.666670000006,8,2838.09524,1,45580.95238,4,41219.04762,2,41219.04762,2,41219.04762,2,0.0,0,否,否,是,否,否,否,0,否,否,否,否,否,0,否,否,否,"1. 家庭關係
    1) 客戶有一個女兒，女兒曾幫她建立了一個網站。
    2) 客戶有一個兩歲的孫子，目前正在幫忙照顧孫子，因為兒子和媳婦需要上班。
    3) 客戶曾照顧生病的母親，導致身體不適和壓力過大。

2. 健康狀況
    1) 客戶認為自己的皮膚狀況良好，並有固定的保養品品牌。
    2) 客戶有血壓問題，正在服用血壓藥。
    3) 客戶曾因服用止痛藥過量導致健康問題，現在不敢隨便服用止痛藥。
    4) 客戶身體一向還好，但曾因長期久坐市場工作導致肌肉不適和職業傷害。
    5) 客戶幾乎沒有使用健保卡，並表示不太相信醫生，更相信自己的判斷。

3. 職業背景
    1) 客戶經營橘子銷售業務，橘子為手工調製且不含防腐劑，產品在台北、台中、高雄都有銷售。
    2) 客戶每年十一、十二月會幫忙橘子出產並賣水果。
    3) 客戶曾在市場工作六年，從事久坐的工作。

4. 健康食品使用心得
    1) 客戶有服用膠原蛋白，認為膠原蛋白對健康非常重要，並將其作為日常保養的一部分。
    2) 客戶曾服用粒線體相關保健食品，但因年紀大了擔心過量服用會對身體造成負擔，因此停止使用。
    3) 客戶不缺益生菌、葉黃素和魚油，並表示都有在保養。

5. 禁忌
    1) 客戶不敷面膜，認為皮膚狀況還可以。
    2) 客戶不隨便服用止痛藥，對藥物使用較為謹慎。",1
11746324,女,65.0,高雄市鳳山區,C,金牛座,5147,否,否,是,否,否,否,是,否,89097.14291999998,75,35561.90482000001,35,15245.71434,21,15245.71434,21,0.0,0,30109.52387,31,27140.00006000001,29,15245.71434,21,15245.714339999997,21,0.0,0,否,否,是,否,否,否,0,否,否,否,否,否,0,否,否,否,,1
11787981,女,49.0,彰化縣員林市,B,雙魚座,5125,否,否,是,是,否,是,是,否,475969.5239000001,246,161108.5714499999,48,93539.04765,18,91280.00003,16,2259.0476200000003,2,93539.04765,18,93539.04765,18,93539.04765,18,91280.00003,16,2259.0476200000003,2,否,否,否,否,否,否,1,否,否,否,否,否,0,否,否,否,"1. 家庭關係
    1) 客戶家中有小朋友，並提到在照顧小朋友時會小心翼翼，避免打擾小朋友午休。
    2) 客戶曾為家人購買並提供蚓激酶食用。

2. 健康狀況
    1) 客戶曾經有脂肪肝，但後來檢查顯示已經痊癒。
    2) 客戶血壓有時會高達150到160，舒張壓在90到110之間，家中有血壓計但已不再使用。
    3) 客戶有足底筋膜炎，早上起床時會感到疼痛，且一邊腳的情況比另一邊更為嚴重。
    4) 客戶有靜脈曲張問題，曾經開過刀，但左肩問題未完全治療。
    5) 客戶有時因眼壓過高感到不適，並使用眼藥水和葉黃素來緩解。
    6) 客戶的壓力主要來自於自己，並提到最近工作繁忙。
    7) 客戶表示禮拜六下午需要上課。

3. 職業背景
    1) 客戶目前正在工作，平時都在上班，且提到客人越來越多。
    2) 客戶負責講故事，整個過程大約需要半小時。

4. 健康食品使用心得
    1) 客戶購買並服用蚓激酶和益生菌，蚓激酶主要是給家人食用，但她自己也有服用，偶爾會忘記吃。
    2) 客戶有服用葉黃素，但服用不連續，主要在眼壓不適時服用，目前存量充足。
    3) 客戶曾食用龜鹿二仙膠，但因擔心脂肪阻塞而停止使用；目前有服用龜鹿精，因味道改善而增加服用量，但仍不連續。
    4) 客戶剛開始食用土龍鴕鳥精，尚未完全使用完畢。
    5) 客戶曾購買含有魚油的複方保健品，並選擇分十二期付款購買魚油產品。
    6) 客戶表示夏天都會使用產品。

5. 禁忌
    1) 客戶對醫生開的藥物有排斥，較傾向於服用保健品，但因工作忙碌，無法按時服用。
    2) 客戶提到擔心脂肪阻塞，因此停止使用龜鹿二仙膠。",1
11799856,女,76.0,新北市板橋區,D,天秤座,5119,否,否,否,是,否,是,是,否,464283.80956,115,159320.00003,39,4734.28572,3,0.0,0,2647.61905,1,411249.5238300001,83,147236.19050000003,28,3408.57143,2,0.0,0,2647.61905,1,否,否,是,否,否,否,0,否,否,是,否,否,0,否,否,否,"1. 家庭關係
    1) 客戶有一位先生，先生有服用降血脂藥物，但不願意換穿新褲子。
    2) 客戶有一位女兒，女兒曾送她化妝品作為母親節禮物，並常幫她購買化妝水和保養品。
    3) 客戶提到家中有大哥，且大哥有在服用蚓激酶。
    4) 客戶參加過孫子的運動會。
    5) 客戶的姐姐曾打電話詢問是否收到干貝醬。

2. 健康狀況
    1) 客戶有高血壓、高血糖（空腹血糖約7點多）、糖尿病（有胰島素阻抗問題）及高膽固醇問題，並服用降血壓藥、降血脂藥及血糖藥。
    2) 客戶腎絲球過濾率維持在50到75之間，腎臟指數有進步，服用顧腎臟的西藥。
    3) 客戶有乾眼症、白內障、腰痠背痛、手腳冰冷、頭皮敏感、胃不好、睡眠問題，並曾有痛風經歷。
    4) 客戶表示自己對藥物和保健品成分敏感，曾因更換血糖藥物或服用某些保健品感到不適。
    5) 客戶有時感到疲倦、舌苔增厚、胃不適，並提到晚上嘴巴不舒服，舌頭偏紅，懷疑火氣大。
    6) 客戶表示自己有心理壓力，影響購買決策。

3. 職業背景
    1) 客戶未提及具體職業背景，但表示對不動產投資有興趣。
    2) 客戶曾參加直播活動，對直播通知不太關注。

4. 健康食品使用心得
    1) 客戶目前服用降血脂藥、血糖藥、蚓激酶、綠蜂膠、活泉產品、亞麻籽油、降血壓藥及神經修復和睡眠改善的保健食品。
    2) 客戶曾購買黑木耳露，偏好南莊品牌紅棗口味，但也提到紅棗口味有刺刺的感覺，近期訂購了兩箱原味黑木耳露。
    3) 客戶曾購買葉黃素、氨基酸、幹細胞產品、益生菌、紅西產品等，部分產品因數量多或不適應未使用完。
    4) 客戶表示吃太多保健品會導致抽筋，對保健品反應敏感，若不適會要求退款。
    5) 客戶提到早晚服用賦活膠囊，並表示其存量充足。
    6) 客戶表示每天喝很多水，家中主要使用過濾器煮水飲用。

5. 禁忌
    1) 客戶不吃牛肉、葷食，並有全素飲食習慣，不能吃混合食品。
    2) 客戶不吃葡萄柚，因可能影響藥物效果。
    3) 客戶晚上不吃飯，並有不吃澱粉的飲食習慣。",1
11806282,女,58.0,新北市中和區,C,射手座,5115,否,是,是,否,是,是,是,否,399889.52382,66,308799.04762,23,56230.47619,8,53859.04762,6,2371.42857,1,319724.76191,22,301876.19048000005,18,53859.04762,6,53859.04762,6,0.0,0,是,否,是,否,否,否,0,否,否,否,否,否,0,否,否,否,"1. 家庭關係
    1) 客戶有一位女兒，女兒住在蘇州，從事經紀公司工作，接觸一些名人，並且是單親媽媽，獨自撫養一個小孩，生活開銷較大。
    2) 客戶的女兒負責處理支付事宜，經常使用信用卡，並可能使用客戶的會員帳號購買產品。
    3) 客戶有兩個小孩，兒子大部分時間住在家裡，寒暑假時會回來見面。
    4) 客戶的母親需要照顧，年齡七十多歲，曾做過牙套。
    5) 客戶的父親已去世，生前有喝酒的習慣。
    6) 客戶的侄女在大陸從事網購銷售和直播工作，計劃回台灣工作以照顧家人。
    7) 客戶的孫子很聰明，有自己的想法。

2. 健康狀況
    1) 客戶有糖尿病，血糖控制不穩定，曾使用胰島素和血糖藥，糖化血色素從十點多降到八點幾，空腹血糖值在80到140之間。
    2) 客戶有高血壓，需服用血壓藥，並避免油脂和高鈉食物。
    3) 客戶有腎功能受損，出現蛋白尿和水腫，需控制飲食，避免深綠色蔬菜和一次性大量飲水。
    4) 客戶有泌尿系統問題，尿頻，擔心腎臟健康。
    5) 客戶有血糖基因體質，父母也有相關問題，並曾因血糖高引發蜂窩性組織炎。
    6) 客戶的視力在發病前不佳，現在有所改善，並且體重控制有成效。
    7) 客戶有腸胃問題，某些食物會導致脹氣，需注意消化。
    8) 客戶有三高問題，每三個月進行驗血檢查，每三到六年進行全面健康檢查。

3. 職業背景
    1) 客戶曾是工程師，因健康問題無法繼續工作。
    2) 客戶目前忙於兩地奔波，並學習教日本藝人中文。

4. 健康食品使用心得
    1) 客戶使用再生安瓶，感覺精神變好，皮膚不乾燥，氣色改善，關節痠痛減輕，修復力快，對摔倒後恢復有幫助。
    2) 客戶使用氨基酸產品，感覺體力和健康狀況改善，對腎臟健康有幫助。
    3) 客戶使用小紅瓶產品，認為其有助於血管健康，女兒也使用並感覺有幫助。
    4) 客戶使用含玻尿酸的保健品，對牙齦健康有幫助。
    5) 客戶對產品保存期限、價格和優惠感興趣，對產品效果滿意，認為其有助於記憶力、肝臟和腎臟解毒。
    6) 客戶曾使用粒線體和幹細胞產品，認為有助於傷口修復和提升免疫力。

5. 禁忌
    1) 客戶吃素，避免油煙，儘量少吃含化合物的食物，避免食用可能含有瘋牛病風險的食品。
    2) 客戶不吃鳳梨，因為太甜，並且喜歡吃芒果。
    3) 客戶對直銷商品滿意，不想嘗試其他產品，擔心家中保健品過期。
    4) 客戶不希望先生知道購買的東西，要求不能在假日送達。",1
11876644,男,59.0,新北市板橋區,Z,水瓶座,5070,否,否,否,否,否,否,否,否,115441.90473999998,58,61939.04761,9,57768.57143,5,0.0,0,0.0,0,19503.80952,3,19503.80952,3,16000.0,1,0.0,0,0.0,0,否,否,是,否,否,否,0,否,否,否,否,否,0,否,否,否,,1
11882056,男,68.0,台北市文山區,D+,雙魚座,5066,否,否,是,否,否,否,是,否,175898.09528,105,24495.238089999995,20,8302.85714,6,5475.2381,3,0.0,0,18355.2381,13,6822.857139999999,7,2828.57143,1,2828.57143,1,0.0,0,否,否,否,否,否,否,0,否,否,否,否,是,0,否,否,否,"1. 家庭關係
    1) 客戶與妻子共同整理家中物品，計劃丟掉一些衣物和保養品。
    2) 客戶提到目前住在公寓，沒有管理室。

2. 健康狀況
    1) 客戶已滿68歲，並提到自己有糖尿病和三高。
    2) 客戶目前生活正常，會運動並維持健康狀態。
    3) 客戶有在服用處方藥，並定期看中醫。

3. 職業背景
    1) 客戶目前正在交淡水地區的房貸，並提到已購買另一間房子，計劃未來可能會賣掉其中一間。
    2) 客戶提到目前的房子是四年前購買的。

4. 健康食品使用心得
    1) 客戶有保養的習慣，過去購買過益生菌、葉黃素、磷蝦油和眼睛保養品，但因購買過多，目前正在消耗存貨。
    2) 客戶提到最近吃葉黃素的量較少，會先把舊的吃完，並已丟掉一些過期的保健食品。

5. 禁忌
    1) 客戶表示不需要蒲公英品牌的產品，偏好東風品牌。
    2) 客戶表示沒有聽過熊風代謝產品，對此不感興趣。",1
11889239,女,46.0,高雄市岡山區,C,天蠍座,5061,否,否,是,否,是,否,是,否,924506.66656,126,142827.61904999998,21,88897.14285,6,87868.57142,5,0.0,0,857089.52371,83,126343.80951999998,10,87868.57142,5,87868.57142,5,0.0,0,否,否,是,否,否,否,0,否,否,否,否,否,0,否,否,否,"1. 家庭關係
    1) 客戶家中有三位年滿六十五歲以上的長輩。
    2) 客戶有一位妹妹，曾幫妹妹購買過蚓激酶，並會與妹妹討論是否需要購買商品。
    3) 客戶有一位女兒，曾教她如何使用某些產品。

2. 健康狀況
    1) 客戶表示自己健康，平時注重保養，很少生病，目前不會便秘。
    2) 客戶對減肥產品效果持懷疑態度，曾嘗試中醫埋線減肥但效果不佳，擔心復胖。
    3) 客戶提到家裡比較喜歡消脂的產品。
    4) 客戶對於產品是否有副作用，特別是能否與糖尿病藥物一起使用表示關注。

3. 職業背景
    1) 客戶目前從事化妝品包裝相關工作。
    2) 客戶提到她在公司有繳五盒產品。
    3) 客戶對經營安利產品沒有興趣，只是消費者。

4. 健康食品使用心得
    1) 客戶目前使用安利產品補充營養，並有在吃挺立鈣片，覺得目前的鈣片有補助，不需要額外購買。
    2) 客戶曾購買過褐藻糖膠，因為看過相關資訊；也曾使用過褐藻和蚓激酶作為保健品，但目前不再食用，認為不需要額外補充營養。
    3) 客戶曾購買過龜鹿膠，但覺得使用麻煩，未食用。
    4) 客戶曾購買過苦瓜相關產品，可能是為了健康目的，例如美白或瘦身。
    5) 客戶的朋友從事健康管理，客戶有使用朋友推薦的產品。
    6) 客戶參加過健康管理課程，並由營養師指導如何進行健康管理。

5. 禁忌
    1) 客戶不需要銀保善存產品，對其不感興趣，也不想隨便嘗試。
    2) 客戶不喜歡收到太多不需要的保養品，認為會浪費。
    3) 客戶不喜歡被推銷保養品，也不喜歡接到推銷電話。
    4) 客戶不喜歡蘆薈和月餅，但會自己製作月餅。
    5) 客戶不會想去高雄的旗艦店免費做身體檢查，也不想參加東森的活動。",1
11919872,男,50.0,桃園市桃園區,Z,天秤座,5039,否,否,否,否,否,否,是,否,16610.47619,7,2828.57143,1,2828.57143,1,2828.57143,1,0.0,0,6600.0,2,2828.57143,1,2828.57143,1,2828.57143,1,0.0,0,否,否,否,否,否,否,0,否,否,否,否,否,0,否,否,否,"1. 家庭關係
    1) 客戶目前未提及家庭成員，似乎是自己一人生活。

2. 健康狀況
    1) 客戶未提及具體健康問題，但有使用健康食品葉黃素，可能關注眼部健康。

3. 職業背景
    1) 客戶未提及具體職業背景。

4. 健康食品使用心得
    1) 客戶提到每天食用葉黃素，但未明確數量。
    2) 客戶目前是自己一人食用葉黃素。

5. 禁忌
    1) 客戶未提及任何禁忌事項。",1
11939124,男,64.0,宜蘭縣宜蘭市,C,白羊座,5025,否,否,是,否,否,是,是,否,858144.7619399999,223,103744.76193,36,46854.28571999999,11,39988.57143,6,1894.28571,2,709843.8095500001,144,61181.90478,14,44007.61906,9,38084.76191,5,951.42857,1,否,否,是,否,否,否,0,否,否,否,否,否,0,是,否,否,"1. 家庭關係
    1) 客戶提到女兒是上班族，並且有在食用某些保健食品。
    2) 客戶提到女兒已出家。
    3) 客戶提到可能是給她媽媽。

2. 健康狀況
    1) 客戶血糖較高，可能需要控制血糖的產品。
    2) 客戶提到膝關節使用人工材料。
    3) 客戶提到有時候會拉稀。
    4) 客戶提到有時候吃東西吃得很少但還是會胖。
    5) 客戶提到她想要瘦肚子，專員建議代餐可以幫助提高纖維質，改善排便情況，進而達到瘦身效果。

3. 職業背景
    1) 客戶未提及具體職業背景。

4. 健康食品使用心得
    1) 客戶提到曾購買保健品，但未明確數量或具體行為。
    2) 客戶提到食用魚油和蜂雄心產品，但未詳細說明用途或效果。
    3) 客戶提到使用龜鹿膠片和龜鹿膠。
    4) 客戶提到使用回春樂膠囊，並提到膠囊的查詢情況。
    5) 客戶提到之前購買過葉黃素產品，並有退回來的點數。
    6) 客戶提到益氣養神膏，但未明確表示是否曾購買。
    7) 客戶提到高麗蔘和人蔘產品。
    8) 客戶提到葡萄籽油可以用來炸東西，因為它的發煙點比較高。
    9) 客戶提到有關益生菌的信息。
    10) 客戶提到德國的肉毒清理數類肌能液主要功能是清理肌能液。
    11) 客戶提到曾購買晶鑽產品。
    12) 客戶提到東森購物的價格更划算，並提到累積紅利點數。

5. 禁忌
    1) 客戶提到不吃C類保健食品。
    2) 客戶提到不談某些話題。",1
11964221,女,38.0,嘉義市,D+,天秤座,5009,否,否,否,否,否,是,是,否,56295.23808000001,24,37458.09524,8,15999.04762,2,15999.04762,2,0.0,0,34629.52381,6,34629.52381,6,15999.04762,2,15999.04762,2,0.0,0,否,否,是,否,否,否,0,否,否,否,否,否,0,否,否,否,,1
11966950,男,54.0,高雄市鳳山區,D+,金牛座,5007,否,否,否,否,是,是,是,否,328844.76183000003,130,46555.23806000002,37,19346.66665,15,11870.47618,5,951.42857,1,268944.76185,88,41631.42854000001,32,19346.66665,15,11870.47618,5,951.42857,1,否,否,否,否,否,否,0,否,否,否,否,否,0,否,是,否,"1. 家庭關係
    1) 客戶有三個小孩，年齡在二十幾歲，已經大學畢業並開始工作。
    2) 客戶提到家中通常有五到六個人一起吃飯，家裡人口較多。
    3) 客戶的太太因身體不好已經沒有上班，並且正在照顧她的母親。
    4) 客戶的岳母78歲，曾患腎結石和糖尿病，目前已出院。
    5) 客戶提到家中沒有請人幫忙，自己和太太一起照顧家人。

2. 健康狀況
    1) 客戶目前住院，近期出院後需進行檢查，並表示身體狀況有所好轉。
    2) 客戶有胃食道逆流、胃脹氣、胃酸過多、胃息肉、腎結石、心臟病、高血壓、高血脂、心律不整、低血壓、鼻子過敏、腦部不正常放電（導致抽筋和昏倒）、骨頭軟、周圍肌肉無力、抽筋等健康問題。
    3) 客戶曾因摔倒導致右邊肋骨斷裂兩根，住院八天。
    4) 客戶曾心臟動過手術，並有肺積水的病史。
    5) 客戶有過敏體質，不太能吹冷氣，且每天過敏。
    6) 客戶有時候會感到頭暈，血糖偏低，血壓不高，需吃糖果或喝咖啡緩解。
    7) 客戶目前體重約60公斤，身高180公分，飲食量減少，身體較無力。
    8) 客戶有飲食禁忌，不能喝涼的東西，尤其是冬天。

3. 職業背景
    1) 客戶目前沒有工作，經濟狀況不佳，無法負擔高額支出。
    2) 客戶需要在家照顧小孩和行動不便的母親，因此無法找工作。
    3) 家中只有一人有工作，經濟壓力較大。

4. 健康食品使用心得
    1) 客戶曾購買過東森的保健食品、奇異果漢方益生菌、古人蔘攝護腺產品、南瓜籽油、活泉保健食品等，部分已使用完畢。
    2) 客戶目前服用益生菌、南瓜籽油和活泉保健食品，但服用頻率不固定，有時飯後服用益生菌，因胃脹氣不敢多吃。
    3) 客戶提到全家都有在使用某些產品。
    4) 客戶曾購買過醫生推薦的發泡錠，現在還剩一些。

5. 禁忌
    1) 客戶詢問保健品是否可以與西藥一起服用，並提到服用西藥時會與其他藥物隔半小時。
    2) 客戶不喜歡吃會讓人感到噁心的食物或藥物。
    3) 客戶不能喝涼的東西，尤其是冬天。",1
11967172,女,66.0,高雄市小港區,D+,天秤座,5007,否,否,否,否,否,否,是,否,35855.238110000006,28,9360.95239,5,9360.95239,5,6637.14286,2,0.0,0,6637.14286,2,6637.14286,2,6637.14286,2,6637.14286,2,0.0,0,否,否,否,否,否,否,0,否,否,否,否,否,0,否,否,否,,1
12130482,女,57.0,新北市中和區,D+,摩羯座,4923,否,否,否,否,否,否,是,否,12947.61905,7,5757.14286,3,2457.14286,1,2457.14286,1,0.0,0,9548.57143,4,5757.142860000001,3,2457.14286,1,2457.14286,1,0.0,0,否,否,否,否,否,否,0,否,否,否,否,否,0,否,否,否,,1
12206084,女,72.0,台南市永康區,Z,獅子座,4904,否,否,否,否,否,否,是,否,51560.00003,17,23541.90478,6,12266.66667,1,12266.66667,1,0.0,0,17846.66667,3,13313.33334,2,12266.66667,1,12266.66667,1,0.0,0,否,否,否,否,否,否,0,否,否,否,否,否,0,否,否,否,,1
12243710,女,53.0,彰化縣大村鄉,D+,摩羯座,4894,否,否,否,是,否,是,是,否,90104.76192,38,21475.23811,5,13932.38096,3,11323.80953,2,2608.57143,1,43380.9524,8,16980.95239,3,11323.80953,2,11323.80953,2,0.0,0,否,否,是,否,否,否,0,否,否,否,否,否,0,否,否,否,"1. 家庭關係
    1) 客戶目前沒有小孩，因此非常注重自己的身體健康。
    2) 客戶的朋友的女兒住在德國，每年回來兩到三次，會帶回價格較便宜的保健品。
    3) 客戶的表弟每次去日本旅遊時會幫她帶回B群和藥水等日本商品。

2. 健康狀況
    1) 客戶目前52歲，皮膚狀況良好，沒有黑斑，皮膚不容易曬黑，即使曬黑也能用蘆薈修復，並在一兩年內恢復。
    2) 客戶有兩種慢性病，每天服用十幾到二十顆保健品和慢性病藥物。
    3) 客戶晚上睡覺會抽筋，但目前沒有骨頭方面的不舒服。
    4) 客戶平常排便需要在馬桶上花十幾到二十分鐘。
    5) 客戶有定期進行健康檢查，並表示自己非常愛惜身體。

3. 職業背景
    1) 客戶工作繁忙，目前正在工作中。
    2) 客戶平常在台灣很少出去玩，但每年會出國一到兩次，月底計劃去日本旅遊。

4. 健康食品使用心得
    1) 客戶固定服用葉黃素，每天早上吃一顆，一年大約會吃一年的量，目前家中還有三到四個月的存量。
    2) 客戶之前有購買過挺立鈣和葉黃素，主要是為了眼睛和骨頭關節健康，並已從同事的女兒那裡購買了一年份的鈣片，剛開始服用，正在觀察效果。
    3) 客戶曾使用某品牌的益生菌，但未感受到效果，且認為價格偏高。
    4) 客戶有吃其他保健食品，部分是他人贈送的，並提到目前家中有很多保健品庫存，計劃先消化完再考慮購買新的。
    5) 客戶曾購買台酒的青春露，且購買了很多。
    6) 客戶提到她目前找到了一款效果比之前更好的產品，已改吃新的產品。

5. 禁忌
    1) 客戶表示不會一次購買太多產品，會先試用產品再決定是否購買。
    2) 客戶不想再購買保健品，因為家中已有很多保健品，兩年內都吃不完。",1
12276836,女,44.0,台中市西屯區,Z,巨蟹座,4884,否,否,否,否,否,否,是,否,27566.66667,16,17471.42857,9,8789.52381,4,3771.42857,1,0.0,0,6605.71429,3,6605.71429,3,3771.42857,1,3771.42857,1,0.0,0,否,否,是,否,否,否,0,否,否,否,否,否,0,否,否,否,,1
12301586,女,67.0,桃園市八德區,A,水瓶座,4875,否,否,是,是,否,是,是,否,2481389.5236000004,994,578014.2856600002,225,192237.1428800001,64,93664.76191,13,7350.476189999999,4,1891913.33313,631,385302.8570799998,118,159544.76191000006,42,93664.76191000002,13,2847.61905,1,否,否,是,否,否,否,0,否,否,否,否,否,0,否,否,否,"1. 家庭關係
    1) 客戶提到父親有外翻壓迫的健康問題。
    2) 客戶提到父母健康狀況，父母不願意賠償某事。
    3) 客戶提到兒子和媳婦，兒子曾幫忙匯款，媳婦曾幫忙購買產品。
    4) 客戶提到婆婆和姐姐的情況。
    5) 客戶提到媽媽的健康問題。

2. 健康狀況
    1) 客戶患有胃潰瘍、胃癌、肺癌、膀胱癌，並提到胃病與吸北京無關。
    2) 客戶提到青光眼、白內障、老花眼、膝蓋問題、肝斑、肝問題、心臟血管鈣化、便秘、乳糖不耐症等健康問題。
    3) 客戶提到沒有糖尿病或高血壓，但提到糖尿病風險和控制血糖的需求。
    4) 客戶提到曾使用胃管，並提到住院經歷。
    5) 客戶提到飲食需要注意，並提到不吃糖、不熬夜、不吃奶類和某些食物。

3. 職業背景
    1) 客戶提到家中有人從事門診相關工作。
    2) 客戶未明確提到自身職業背景。

4. 健康食品使用心得
    1) 客戶提到使用過葉黃素、益生菌、B群、液靈芝、挺立鈣、紅鈣片、白藜蘆醇、綜合維他命、橄欖油、苦茶油、膠原飲、紅參、蜂王乳等產品。
    2) 客戶對某些產品效果表示懷疑，特別是血管健康產品，並提到曾購買過三高產品。
    3) 客戶對於自然美、東森產品等品牌的部分產品效果不滿意，並認為價格過高。
    4) 客戶對膠原飲、葉黃素、B群等產品有興趣，並提到其效果如改善發炎、促進神經代謝等。
    5) 客戶提到使用過胃潰瘍藥，專員建議服用後一到一個半小時再進食。

5. 禁忌
    1) 客戶提到不吃糖、不吃某些食物、不吃膠囊。
    2) 客戶提到乳糖不耐症，需避免奶類產品。
    3) 專員建議客戶暫時不要再補充其他東西。",1
12343748,男,39.0,高雄市前鎮區,C,雙子座,4864,否,是,否,否,否,是,是,否,46005.71427,20,12191.42857,3,12191.42857,3,12191.42857,3,0.0,0,22896.19047,6,12191.42857,3,12191.42857,3,12191.42857,3,0.0,0,否,否,否,否,否,否,1,否,否,否,否,否,0,否,否,否,,1
12370987,女,51.0,台北市南港區,A,巨蟹座,4856,否,否,否,是,否,是,是,否,753055.23806,57,685103.8094699996,41,477637.1428,31,296317.1428400001,14,181319.99996000004,17,721046.66663,44,677522.8570899996,39,477637.1427999998,31,296317.14284,14,181319.99996000004,17,否,否,否,否,否,否,0,否,否,否,否,否,0,否,否,否,"1. 家庭關係
    1) 客戶目前一個人居住，家人因車禍過世，生活責任全由她一人承擔。
    2) 客戶的丈夫是醫生，兩人曾一起參加日本馬拉松。
    3) 客戶沒有小孩。
    4) 客戶的母親住在高雄三民區。

2. 健康狀況
    1) 客戶提到生活辛苦，需兼顧工作與學業，並應對年事已高的情況。
    2) 客戶曾接受醫美療程，一年進行一次，並關注眼袋問題。
    3) 客戶提到醫生診斷她有筋膜炎，並需回診，花費較多。
    4) 客戶尚未進入更年期。

3. 職業背景
    1) 客戶是護理相關工作者，具體職位為護理都到帳，目前在中醫工作。
    2) 客戶的工作繁忙，經常需要開會，白天工作時間不便接電話。
    3) 客戶正在進修學業，專攻健康整合與管理領域，並準備考取臺大。

4. 健康食品使用心得
    1) 客戶每天服用兩顆臺大幹細胞產品，但有時會忘記服用，對其效果感覺一般，對促銷活動感興趣。
    2) 客戶家中已有葉黃素、膠原蛋白、鈣片等保健品，並有在吃美安的保健食品。
    3) 客戶對粒線體激活安瓶產品有興趣，並詢問服用方式。
    4) 客戶曾購買過自然美的高階水光系列產品及居家醫美水光系列套組。
    5) 客戶對高級保養品有一定了解，使用過禾聯、海洋拉娜等品牌，並每月進行兩次臉部及身體保養。

5. 禁忌
    1) 客戶提到不能飯前吃某些東西，但未詳細說明原因或具體內容。
    2) 客戶對產品價格較為敏感，認為價格過高的產品不適合。
    3) 客戶不願意購買大量產品，對於購買六組產品表示拒絕。
    4) 客戶不希望在丈夫在場時討論購物事宜。",1
12432355,女,74.0,高雄市鳳山區,C,雙子座,4836,否,否,是,是,否,是,是,否,369303.80962,82,145636.19052,34,52598.09528,14,19895.2381,4,32702.857180000003,10,356194.28581,70,145636.19052000003,34,52598.09528,14,19895.2381,4,32702.85718,10,否,否,否,否,否,否,0,否,否,否,否,否,0,否,否,否,"1. 家庭關係
    1) 客戶提到會與兒子討論是否購買蚓激酶產品。

2. 健康狀況
    1) 客戶表示目前健康狀況良好，認為身體健康是最重要的。
    2) 客戶提到腰部有問題，並表示有很多產品需要調整使用，且有時候會忘記使用。

3. 職業背景
    1) 客戶提到目前有在上班。

4. 健康食品使用心得
    1) 客戶目前在食用印加果油，並表示需要趕快吃完，因為已經存放很久。
    2) 客戶每天食用兩包蚓激酶，之前也有購買過相關產品，但目前尚未吃完。
    3) 客戶有在食用葉黃素，每天吃兩顆，但有時候會忘記吃，且家中存量還有很多，部分即將過期。
    4) 客戶有在喝膠原蛋白，但目前存量很多，不需要再購買。
    5) 客戶之前曾購買過幹細胞產品，花費三萬多，但使用後沒有感覺到效果。
    6) 客戶有購買褐藻醣膠和益生菌產品。
    7) 客戶目前沒有在吃魚肝油。

5. 禁忌
    1) 客戶表示不想一次購買太多東西。
    2) 客戶提到家中還有很多化妝水、日常用品、保養品、防曬產品及香水，暫時不需要再購買。
    3) 客戶偏好單純的面霜產品，不喜歡搭配其他產品使用。
    4) 客戶不喜歡重的物品。",1
12449653,女,69.0,彰化縣和美鎮,E,金牛座,4830,否,否,否,否,否,是,是,否,119910.47612,84,47969.52379000001,41,23514.2857,18,6633.33333,5,1028.57143,1,44486.66665,28,13558.095229999995,19,3183.80952,3,461.90476,1,0.0,0,否,否,是,否,否,否,0,否,否,否,否,否,0,否,否,否,,1
12469810,女,83.0,台南市中西區,Z,射手座,4823,否,否,是,否,是,否,是,否,35139.04763,22,8962.85714,5,3780.95238,2,0.0,0,0.0,0,9180.95238,3,4438.09524,2,1609.52381,1,0.0,0,0.0,0,否,否,否,否,否,否,0,否,否,否,否,否,0,否,否,否,,1
12479133,男,69.0,基隆市七堵區,A,巨蟹座,4820,否,否,是,否,否,否,是,否,669712.38095,153,493003.80956,69,145692.38095999995,23,129908.57144999996,15,0.0,0,550766.66671,64,458785.7143199999,49,120806.66668,11,120806.66667999998,11,0.0,0,否,否,是,否,否,否,0,否,否,否,否,否,0,否,否,否,"1. 家庭關係
    1) 客戶與妻子同住，育有一男一女兩個小孩。
    2) 客戶通常在國慶節和母親節等重要節日與家人聚會。

2. 健康狀況
    1) 客戶每年會進行一次政府提供的免費健康檢查。
    2) 客戶目前沒有在使用慢性處方簽藥物，也沒有服用三高藥品。
    3) 客戶對於部分健康食品的效果感到不明顯，認為幹細胞產品效果不顯著。

3. 職業背景
    1) 客戶目前沒有在上班。

4. 健康食品使用心得
    1) 客戶固定服用葉黃素，每年購買一次，通常選擇小包裝，認為喝的葉黃素吸收較快。
    2) 客戶每天服用兩顆葉黃素，飯後服用，並曾收到葉黃素贈品。
    3) 客戶固定購買牛樟芝商品，一年購買一次，生日時會收到五折優惠券，每天服用一至兩顆，已持續九個月。
    4) 客戶曾購買過蚓激酶產品，並以優惠價格購買六盒，現在還有存貨，每天服用兩顆。
    5) 客戶曾購買過活泉幹細胞精華膠囊，每天早上服用兩顆，但對其效果不滿意。
    6) 客戶曾購買過印加星星果油，並持續服用，每天只吃一顆，認為多吃無益。
    7) 客戶曾購買過萬歲牌堅果和小魚幹的組合，並對萬歲牌堅果有興趣。
    8) 客戶和家人一起食用蔬果B群產品，曾購買過紅衣的蔬果B群產品。
    9) 客戶曾購買過有機黑木耳露，認為統一品牌的黑木耳露口感較細。
    10) 客戶對於購物禮金和紅利點數的使用有了解，並曾使用點數抵扣購買商品。
    11) 客戶對於產品效期有疑慮，會根據產品的日期選擇先吃哪一種，並提到收到的產品效期與之前購買的相同。

5. 禁忌
    1) 客戶認為多吃健康食品無益，每天僅服用一顆或兩顆產品。
    2) 客戶目前不需要再購買健康食品，因為現有的產品還有剩餘。",1
12486572,女,64.0,桃園市龜山區,Z,金牛座,4818,否,否,否,否,否,是,否,否,267193.33337,110,18907.61905,9,2142.85714,2,0.0,0,942.85714,1,72876.19049,19,17707.61905,8,942.85714,1,0.0,0,942.85714,1,否,否,否,否,否,否,0,否,否,否,否,否,0,否,否,否,"1. 家庭關係
    1) 客戶有兩個女兒和一個兒子，兒子身體瘦弱，曾在某次事件中有責任。
    2) 客戶的兩個女兒因工作忙碌，無法陪同她參加鑑定委員會的會議。
    3) 客戶與女兒和女婿共同生活。
    4) 客戶的兒子有兩件免費的棉被，因此不需要再購買棉被。
    5) 客戶的女兒曾提醒她注意某些扣款問題。
    6) 客戶上個月抽獎抽到一箱衛生紙，並給了女兒使用，但未提及女兒是否與她同住。

2. 健康狀況
    1) 客戶63歲，體重約五至六十二公斤，選擇XL尺寸的內褲以避免穿著過緊。
    2) 客戶有糖尿病，並提到攝取過多糖分的問題。
    3) 客戶最近手部有抹掉的情況，頭腦容易忘記事情，且不會使用錄音或打字功能。
    4) 客戶提到冬天會使用暖暖包。

3. 職業背景
    1) 客戶目前仍在工作，並提到禮拜二需要前往寧波左右區。
    2) 客戶明天中午會外出化驗，並且有開庭安排。

4. 健康食品使用心得
    1) 客戶曾購買亞培安素，但未明確表示目前是否仍在使用。
    2) 客戶曾購買桂格完膳，並指出其為無糖配方。

5. 禁忌
    1) 客戶表示她不吃營養品，並要求不要推薦相關產品。
    2) 客戶目前沒有在吃骨頭關節保養品或B群，也沒有在使用保養品。
    3) 客戶表示目前不需要購買任何商品，並要求不要再打電話給她。",1
12547116,女,48.0,台中市大里區,D+,巨蟹座,4799,否,否,是,否,否,否,是,否,144707.61904999998,81,61517.142840000015,17,20505.71428,6,20505.71428,5,0.0,0,99141.90474,35,61517.14284000001,15,20505.71428,5,20505.71428,5,0.0,0,否,否,否,否,否,否,0,否,否,否,否,否,0,否,否,否,"1. 家庭關係
    1) 客戶有兩個兒子，沒有女兒，兩個兒子都在工廠工作，工作情況有時受訂單影響。
    2) 大兒子從事印刷工作，工作相對穩定，通常下班時間是晚上九點多或十點多，會買外賣回家，並帶女朋友回家見過客戶。
    3) 小兒子在螺旋槳工廠工作，工作有時不穩定。
    4) 客戶和兩個兒子住在一起，兒子們會買東西回家給她吃，並建議她養了一隻寵物陪伴自己。
    5) 客戶有三個哥哥和一個姐姐，自己是家中最小的孩子，父母已過世，老家在大陸。

2. 健康狀況
    1) 客戶目前體重有些增加，體重在68公斤或更高。
    2) 客戶的左手因職業傷害感到痠痛，拿東西時會麻木，但放下後症狀消失，使用貼布後有改善。
    3) 客戶有雀斑，從小就有。
    4) 客戶曾因亂吃東西或吃冰的食物導致肚子痛或拉肚子。
    5) 客戶之前因眼睛有飛蚊症服用葉黃素，目前症狀已減少。

3. 職業背景
    1) 客戶未提及自身職業，但提到左手因職業傷害感到痠痛。
    2) 客戶之前生活較為辛苦，現在生活較為幸福。

4. 健康食品使用心得
    1) 客戶有服用益生菌和葉黃素，並表示益生菌有存貨，葉黃素是去年12月購買，偶爾服用。
    2) 客戶曾因眼睛有飛蚊症服用葉黃素，症狀已減少。
    3) 客戶平時會購買B群，並表示效果不錯。
    4) 客戶和家人一起吃益生菌，並考慮再次購買益生菌產品。

5. 禁忌
    1) 客戶目前改為少吃麵食。
    2) 客戶有時因亂吃東西或吃冰的食物導致肚子痛或拉肚子。",1
12578510,女,53.0,高雄市前鎮區,Z,摩羯座,8653,否,否,否,否,否,否,是,否,53774.28572,18,34295.23808,9,9409.52381,1,9409.52381,1,0.0,0,28586.666660000003,4,28586.666660000003,4,9409.52381,1,9409.52381,1,0.0,0,否,否,否,否,否,否,0,否,否,否,否,否,0,否,否,否,,1
12602366,女,80.0,新北市板橋區,Z,白羊座,4778,是,否,否,否,否,是,是,否,188101.90466,118,72648.57138999998,35,23180.95236,17,0.0,0,1521.90476,2,42261.90474,12,31234.28571,5,1712.38095,2,0.0,0,951.42857,1,否,否,是,否,否,否,0,否,否,否,否,是,0,否,否,否,"1. 家庭關係
    1) 客戶目前八十歲，獨居在板橋，並有一位越南籍照顧者協助日常生活。
    2) 客戶有兩個兒子和兩個女兒，其中一個兒子住在外島工作，另一個住在中和並從事物流工作。兩個兒子共同買房子給她住。
    3) 客戶的大兒子六十歲，曾輕微中風且肝臟狀況不好，定期看醫生並服用相關藥物。小兒子住在中和。
    4) 客戶的子女每週都會回來看她，且孫子孫女年紀已大，孫子快30歲。
    5) 客戶是家中的長女，有三個姐妹和一個兄弟。
    6) 客戶的先生已過世，享年八十一歲，曾是公務員，因工作調動搬遷至東陵區。

2. 健康狀況
    1) 客戶患有乾眼症，需點眼藥水緩解症狀，醫生表示無法治療，只能靠日常保養。
    2) 客戶僅剩一隻腳，因生病導致，腿部退化且身體狀況逐漸變差。
    3) 客戶有高血壓，從四十幾歲開始每天服用高血壓藥。
    4) 客戶曾因腦震盪住院好幾個月，身體不便，出門需使用輪椅。
    5) 客戶的大兒子曾中風，肌肉萎縮且行走困難，但服用某些補品後有所改善。

3. 職業背景
    1) 客戶的先生曾是公務員，因工作調動搬遷至東陵區。
    2) 客戶的大兒子在台電上班，小兒子在金融業工作，另一個兒子從事物流工作。

4. 健康食品使用心得
    1) 客戶曾服用葉黃素，但目前已停止使用，並表示不需要葉黃素產品。
    2) 客戶不常吃保健食品，對幹細胞產品不感興趣。
    3) 客戶的女兒曾買了一大包高麗蔘給她。

5. 禁忌
    1) 客戶不喜歡吃鹹的食物，偏好甜食。
    2) 客戶表示不願意購買幹細胞產品。",1
12632334,女,64.0,新竹縣新埔鎮,C,獅子座,4765,否,否,是,是,否,是,是,否,93178.09522,40,49222.85713,16,24711.428560000004,7,23759.99999,6,951.42857,1,62988.57141,17,47822.85713,13,24711.428560000004,7,23759.99999,6,951.42857,1,否,否,否,否,否,否,0,否,否,否,否,否,0,否,否,否,"1. 家庭關係
    1) 客戶提到她在家裡忙於煮飯和做家務。
    2) 客戶的兒子曾接聽電話，顯示她與家人同住。

2. 健康狀況
    1) 客戶提到膝關節因退化曾感到不適，但目前狀況已好轉，暫時不需要服用相關產品。
    2) 客戶的肺部曾出現過問題，並詢問保健食品是否對肺部有幫助。
    3) 客戶提到之前聲音沙啞，但目前已改善。
    4) 客戶表示腸胃問題仍然存在，包括排氣問題。
    5) 客戶的工作需要長時間站立，導致膝關節疼痛。
    6) 客戶希望能提早退休。

3. 職業背景
    1) 客戶目前有工作，且工作需要長時間站立。
    2) 客戶提到目前在上班，表示不方便接收貨物。

4. 健康食品使用心得
    1) 客戶有食用華陀漢方益生菌，表示一開始感覺不錯，但效果不明顯，腸胃問題仍存在。
    2) 客戶曾每天早晚服用益生菌，感覺有改善，但後來又感覺不舒服，目前一天服用兩包，有時會增加至三到四包。
    3) 客戶提到去年購買的漢方益生菌對胃食道逆流有改善效果。
    4) 客戶有食用蔓越莓錠，平時一天一包，感冒時會加到兩包。
    5) 客戶曾購買並食用過關節類保健品，但效果不明顯，目前應該沒有在服用相關產品。
    6) 客戶曾飲用過素速走，初期有痠痛感，後來感覺不錯。
    7) 客戶提到外面的益生菌產品功效不錯，且價位較低。
    8) 客戶對益生菌產品的效果和價位有疑問，並希望獲得更多優惠。

5. 禁忌
    1) 客戶表示吃益生菌和其他保健品的效果不明顯。
    2) 客戶曾購買過仁丹產品，但對具體產品細節沒有印象。",1
12657023,男,66.0,台中市外埔區,D+,處女座,4752,否,否,否,否,否,是,是,否,29530.47619,19,16853.33334,11,6007.61905,4,3771.42857,2,636.19048,1,2828.57143,1,2828.57143,1,2828.57143,1,2828.57143,1,0.0,0,否,否,是,否,否,否,0,否,否,否,否,否,0,否,否,否,,1
12687164,女,75.0,雲林縣莿桐鄉,D+,天秤座,4735,否,否,是,否,否,是,是,否,115950.47617,58,27652.38093,20,22919.99998,16,5484.761909999999,3,951.42857,1,54817.14286,13,3122.85714,2,3122.85714,2,0.0,0,951.42857,1,否,否,是,否,否,否,0,否,否,否,否,是,0,否,否,否,"1. 家庭關係
    1) 客戶提到她會請司機，可能顯示她有一定的經濟能力或需要協助出行。

2. 健康狀況
    1) 客戶提到她有靜脈瘤。
    2) 客戶提到她曾患有乳腺癌。
    3) 客戶目前正在服用中醫一類的龜鹿精。

3. 職業背景
    1) 未提及具體職業背景，但從其生活方式推測可能已退休，且具備一定經濟能力。

4. 健康食品使用心得
    1) 客戶目前服用中醫一類的龜鹿精，並熟悉其使用方法，表示一罐分三次用溫開水沖泡。
    2) 客戶提到益生菌使用方便，能幫助排便，但未明確說明具體品牌或產品。
    3) 客戶表示之前購買的保健品還有剩餘，並仍在服用，但認為保健品的成分含量較少，需要大量服用才能達到效果。
    4) 客戶提到不喜歡顆粒狀的產品。
    5) 客戶提到高蛋白，但未進一步說明具體使用情況。

5. 禁忌
    1) 客戶目前不需要購買保健食品，並表示暫時不需要購買任何商品。",1
12701838,女,73.0,新北市新店區,D,白羊座,4726,否,否,否,否,否,否,否,否,184626.66663,155,34887.619040000005,31,15128.571419999997,16,0.0,0,0.0,0,6499.999989999999,6,1521.90476,2,760.95238,1,0.0,0,0.0,0,否,否,是,否,否,否,1,否,否,否,否,否,0,否,是,否,"1. 家庭關係
    1) 客戶家裡只有兩個人。
    2) 客戶表示三點以後不在家，並提到這個禮拜三會出國，預計出國半年。

2. 健康狀況
    1) 客戶的皮膚非常敏感，許多東西都不能使用，包括臉部保養品。
    2) 客戶最近在醫院。

3. 職業背景
    1) 未提及具體職業背景。

4. 健康食品使用心得
    1) 客戶不喜歡吃瓶瓶罐罐的保健品，也從來不喝或吃保健食品，並表示不會購買相關產品。
    2) 客戶固定吃自己煮的食物，其他的東西都不會吃，但有在晚上服用維他命C。

5. 禁忌
    1) 客戶不愛吃冷凍食品，雖然家裡有很多冷凍食品。
    2) 客戶不會退貨，即使買到不好的商品也寧願丟掉。",1
12706783,女,73.0,台北市大安區,Z,摩羯座,7165,否,否,否,否,否,否,否,否,14663.80951,10,4178.09524,4,760.95238,1,0.0,0,0.0,0,2282.85714,3,2282.85714,3,760.95238,1,0.0,0,0.0,0,否,否,否,否,否,否,1,否,否,否,否,否,0,否,是,否,"1. 家庭關係
    1) 客戶提到她的小孩都在國外，並表示她出國是去看小孩。
    2) 客戶表示她的日子越來越簡單，家裡很多東西都已經給出去。

2. 健康狀況
    1) 客戶年紀已經七十幾歲，具體為72歲。
    2) 客戶曾接受過輕微的醫美療程。

3. 職業背景
    1) 客戶提到她的應酬蠻多，可能有一定的社交需求。
    2) 客戶表示她的朋友和學生送了很多東西給她，可能與她的職業或社交圈相關。

4. 健康食品使用心得
    1) 客戶平常有購買魚油，且是從國外購買的品牌。
    2) 客戶目前家中還有未吃完的保健品，因此暫時不需要購買新的產品。
    3) 客戶表示她目前不想使用粒線體相關產品，認為這些產品過於集中且科學尚未完全確定其效果。

5. 禁忌
    1) 客戶目前不需要購買葉黃素或其他健康相關商品，家中已有足夠的存量。
    2) 客戶表示她已經不需要購買保養品，因為朋友和學生送了很多東西給她。",1
12712610,男,54.0,高雄市楠梓區,D+,金牛座,8202,否,否,是,否,否,否,是,否,713301.9047899998,77,405337.1428799999,40,194911.42855000004,15,194911.42855000004,15,0.0,0,680875.2381099999,66,405337.14288000006,40,194911.42855000007,15,194911.42855,15,0.0,0,否,否,否,否,否,否,0,否,否,否,否,否,0,否,否,否,"1. 家庭關係
    1) 客戶有兩個小孩，其中一個在上高二，另一個在上小二。
    2) 客戶的老婆使用瘦身產品，但家中只有客戶一人服用保健品，家人不吃肉粥和保健食品。

2. 健康狀況
    1) 客戶有三高問題，包括高血壓和高血糖，但血脂已經正常。
    2) 客戶心臟不好，且每天習慣排便，但有時候排不出來。
    3) 客戶曾經骨折，需要坐輪椅和使用拐杖，並放假很久。
    4) 客戶每兩年進行一次健康檢查。
    5) 客戶不喝酒、不參加交際應酬，也不再從事業務工作或參加吃飯聚會。

3. 職業背景
    1) 客戶提到不再從事業務工作。
    2) 客戶提到有的公司會提供補貼，並提到剛好有買房子，認為有錢就應該買房子，因為房子會增值。

4. 健康食品使用心得
    1) 客戶曾購買過多種保健食品，包括益生菌、龜鹿膏、日夜舒活、幹細胞保健食品、牛樟芝等，並表示對幹細胞保健食品的效果沒什麼感覺。
    2) 客戶每天吃兩顆幹細胞保健食品，曾購買過十二盒產品並一天吃兩包，家人也會食用。
    3) 客戶提到瘦身產品讓人有飽足感，導致吃不下其他食物。
    4) 客戶提到產品的副作用是排便會變得順暢，可能會有跑廁所的情況。
    5) 客戶提到益生菌產品可能快用完了，並有一個小孩在食用。

5. 禁忌
    1) 客戶對保健食品、益生菌產品、腎臟健康產品、石墨烯平口褲等表示不感興趣，並對某些產品的效果表示懷疑。
    2) 客戶提到不吃某些產品，並表示有些食物不能吃。
    3) 客戶認為產品價格昂貴，並建議降價，表示不想再多買，且目前家中保養品和幹細胞產品已經夠用。",1
12760382,女,55.0,台南市安平區,C,射手座,4696,否,否,否,是,否,是,是,否,186021.90474,104,33210.47618,20,27137.14285,15,12817.14285,7,11710.47619,6,81470.47617000001,21,22260.952370000003,11,16187.61904,6,9028.57142,4,7159.04762,2,否,否,否,否,否,否,0,否,否,否,否,否,0,否,否,否,"1. 家庭關係
    1) 客戶住在復健機構已四年多，家庭中有兄弟姐妹。
    2) 客戶的哥哥在台南工作，職業是電機工程師，55歲後可領取退休金。
    3) 客戶的大姐曾患有憂鬱症，已過世。
    4) 家人認為客戶花費過多。

2. 健康狀況
    1) 客戶患有慢性病，並有偏頭痛，隨年齡增長發作次數增加，發作時無法上班。
    2) 客戶有飛蚊症，並曾購買針對飛蚊症的眼藥水，眼睛有時會乾澀，但目前情況有所改善。
    3) 客戶目前有服用西藥來通血路，並在健保藥局購買相關藥品。
    4) 客戶因生病的關係，很少看電視。

3. 職業背景
    1) 客戶目前有工作，並提到等一下要去上班。
    2) 偏頭痛發作時會影響其工作能力。

4. 健康食品使用心得
    1) 客戶購買益生菌產品，主要用於一般保養。
    2) 客戶曾購買過葉黃素、B群及蜂蜜。
    3) 客戶有服用魚油，並認為效果不錯，之前購買過東森的魚油。
    4) 客戶選擇了無矽靈洗髮精，並表示可以接受五六六品牌。

5. 禁忌
    1) 客戶不能吃巧克力。
    2) 客戶表示沒有服用維他命B的習慣。",1
12785913,女,71.0,桃園市蘆竹區,D+,摩羯座,4684,否,否,是,否,否,是,是,否,147232.38095000002,69,45176.19048,20,29391.42857,12,18574.28572,6,2266.66667,1,64179.04761,22,11323.80953,2,5666.66667,1,5666.66667,1,0.0,0,否,否,否,否,否,否,0,否,否,否,否,否,0,否,否,否,"1. 家庭關係
    1) 客戶目前與老公一起生活，兩人會一起唱歌、跳舞和吃飯。
    2) 客戶從小就沒有媽媽。

2. 健康狀況
    1) 客戶提到膝蓋不好。
    2) 客戶整年都吃素，並注重健康食品的攝取。

3. 職業背景
    1) 客戶支持東森購物已有十二年，從2013年開始購買東森購物的商品。
    2) 客戶偶爾在東森購物購物，並表示自己不是大客戶，且從未退過商品。

4. 健康食品使用心得
    1) 客戶有購買葉黃素的習慣，但提到老公目前沒有在吃葉黃素，而是服用其他保健品。
    2) 客戶曾購買過土龍鴕鳥精，並花費八九千元購買健康食品。
    3) 客戶曾幫他人購買過BPLS產品，剛開始使用時有效果，但後來無效。
    4) 客戶表示目前家中保健品充足，還有很多未使用完。

5. 禁忌
    1) 客戶的老公不希望她購買某些產品，但她仍然購買，且老公也會使用這些產品。
    2) 客戶目前使用某種昂貴的直銷化妝品。",1
12788281,男,33.0,新竹市,C,獅子座,4683,否,否,否,否,否,是,是,否,48064.76191000001,21,6608.57143,2,6608.57143,2,5657.14286,1,951.42857,1,12265.71429,3,6608.57143,2,6608.57143,2,5657.14286,1,951.42857,1,否,否,是,否,否,否,0,否,否,否,否,否,0,否,否,否,,1
12838957,女,59.0,新北市中和區,D+,巨蟹座,4656,否,否,否,否,否,否,是,否,132822.85718000002,143,41626.66667999999,57,16162.857150000002,10,9066.66667,4,0.0,0,6665.71429,4,6665.71429,4,6665.71429,4,6228.57143,3,0.0,0,否,否,否,否,否,否,0,否,否,否,否,否,0,否,否,否,"1. 家庭關係
    1) 客戶有一位剛出生的嬰兒，家中來回跑比較吵。
    2) 客戶與兒子及兩個小孩住在一起。
    3) 客戶早上時段比較在家，因為要接小孩子。
    4) 客戶不一定有空，因為在帶小孩。

2. 健康狀況
    1) 客戶表示自己有高血壓，並且正在服用血壓藥。
    2) 客戶每三個月進行一次健康檢查，並有幫自己約抽血檢查。
    3) 客戶提到白內障相關問題，但未明確表示自己患有白內障。
    4) 客戶提到葉黃素可能導致肚子痛和排便問題。
    5) 客戶一天喝兩千cc水以幫助排便。

3. 職業背景
    1) 客戶目前已經上班，並且是大夜班的工作型態。

4. 健康食品使用心得
    1) 客戶提到後來開始吃葉黃素，但可能導致肚子痛和排便問題。
    2) 客戶表示目前還沒吃完美白產品，剩下七八顆。

5. 禁忌
    1) 客戶未明確表示使用安利產品。
    2) 客戶提到下個禮拜十號會在家進行醫美。",1
12880167,男,61.0,南投縣草屯鎮,B,獅子座,4634,是,否,是,是,否,是,是,否,559929.5238,117,371297.1428500001,61,139892.38093999997,18,133233.33331999998,14,3916.19048,3,529720.95236,98,371297.14285,61,139892.38093999997,18,133233.33332,14,3916.19048,3,否,否,否,否,否,否,0,否,否,否,否,否,0,是,否,否,"1. 家庭關係
    1) 客戶目前一個人生活，已經離婚，經濟獨立。
    2) 客戶有一個兒子在澳洲工作，另一個兒子曾在台積電工作。
    3) 客戶的女兒住在台北，曾在廈門生活，並且每月花費十幾萬購買化妝品和保養品。
    4) 客戶的父母親目前能自理，父親曾中風並臥床十年，已過世，母親有糖尿病和褥瘡，需外籍看護照顧。
    5) 客戶有三個兄弟姐妹，家中有財務分配問題，涉及父親的遺產分配。
    6) 客戶的姐姐住在北京。

2. 健康狀況
    1) 客戶有高血壓、糖尿病和血糖偏高的問題，需定期服用降血糖藥物並控制飲食。
    2) 客戶曾患膀胱癌，已進行手術治療，並有血栓和中風家族病史。
    3) 客戶有乳糖不耐症，喝牛奶會不適，並避免食用生冷食物。
    4) 客戶的牙齒狀況不佳，曾進行牙齒治療，影響飲食，並需用藥物治療牙齦問題。
    5) 客戶有失眠問題，曾服用安眠藥，現已減少用量。
    6) 客戶有肌肉痠痛、喉嚨痛、流鼻水等症狀，並提到冬天容易感冒。
    7) 客戶的體重控制在七十幾公斤，並有意識地調整飲食以控制體重。

3. 職業背景
    1) 客戶目前以股票投資為主要收入來源，投資風格保守，偏好穩定收益。
    2) 客戶曾在大陸開設過小工廠，但因經營問題結束，並曾在台灣從事股票相關工作。
    3) 客戶曾參與農民保險，退休後每月可領取七八千元。
    4) 客戶曾在牙醫相關行業工作，並在台北從事送貨工作。

4. 健康食品使用心得
    1) 客戶有服用葉黃素、益生菌、蚓激酶、發泡鈣片、幹細胞保健食品等，並認為幹細胞保健食品效果不錯。
    2) 客戶每天喝含玻尿酸的飲品750cc以上，並曾購買魚腥草茶包和枸杞產品。
    3) 客戶認為益生菌剛開始服用時效果很好，並提到醫生建議補充維生素D3以幫助鈣吸收。

5. 禁忌
    1) 客戶避免食用高糖分、精緻澱粉和生冷食物，並控制血糖和血壓。
    2) 客戶有乳糖不耐症，避免喝牛奶。
    3) 客戶牙齒狀況不佳，不能吃小魚乾，並需選擇軟的食物。",1
12884191,女,57.0,台中市太平區,B,白羊座,4632,否,否,是,是,否,是,是,否,1457717.1429999997,370,364601.9048,73,120309.52381,27,30647.61905,2,2430.4761900000003,2,1023368.5716300004,178,360160.9524199998,68,117960.95238,25,30647.61905,2,1219.04762,1,是,否,是,否,否,否,0,否,否,否,否,否,0,否,否,否,"1. 家庭關係
    1) 客戶有一位丈夫，丈夫尚未退休，計劃退休後與她回中國大陸定居。
    2) 客戶有一位兒子，目前正在大學就讀。
    3) 客戶的孫女經營高檔水果店，經常帶榴蓮給她。
    4) 客戶的家人不喜歡來台灣，認為台灣無聊。
    5) 客戶有一位做頭髮的朋友，會幫她購買堅果並寄給她。
    6) 客戶的朋友懷孕七到八個月，考慮補充鈣片。

2. 健康狀況
    1) 客戶曾經受過膝蓋傷，並做過手術，走路時膝蓋有些不適，醫生建議若情況惡化可能需要抽水治療。
    2) 客戶有便秘問題，需持續服用益生菌改善排便狀況，目前一天上廁所兩到三次，感覺排便乾淨。
    3) 客戶有子宮肌瘤，擔心肚子變大與此有關，並正在進行中醫調理。
    4) 客戶的屁股在天氣變化時會感到酸痛，手上曾有老人斑，回大陸時已點掉。
    5) 客戶的體質不容易發胖，但有時腸胃會因服用益生菌感到不適。
    6) 客戶擔心糖尿病風險，因此不喝含糖飲料。

3. 職業背景
    1) 客戶目前無提及具體職業，主要在家中生活，偶爾會打麻將作為休閒活動。
    2) 客戶的丈夫尚未退休，未提及具體職業。

4. 健康食品使用心得
    1) 客戶經常服用益生菌，認為有助於排便和排油，但有時會感到腸胃不適，因此不敢每天服用。
    2) 客戶和丈夫每天各吃兩顆魚油和鈣片，並認為鈣片有助於鈣質吸收。
    3) 客戶每天早上空腹飲用滴雞精，考慮增加攝取量以加速復原。
    4) 客戶喜歡飲用玻尿酸產品，認為效果不錯，並有飲用膠原蛋白和燕窩的習慣，感覺精神和皮膚狀態較好。
    5) 客戶經常使用苦茶油煮飯，消耗速度快，並喜歡將杏仁粉、芝麻粉和燕窩混合食用。
    6) 客戶對於健康飲食重視，會自己製作健康飲品，並控制澱粉攝取。
    7) 客戶曾購買過花旗蔘、白藜蘆醇、紅藜麥粉等健康食品，對其效果有一定認識。
    8) 客戶對於含有添加物的醬油持保留態度，偏好無添加物產品。

5. 禁忌
    1) 客戶不吃羊肉爐和薑母鴨，因為冬天容易口乾。
    2) 客戶不能喝太多酒，因為會上火。
    3) 客戶不使用網路銀行，擔心安全問題，並對網路詐騙行為非常謹慎。
    4) 客戶不購買海外商品，也不在非官方網站或不信任的地方購物。
    5) 客戶不喜歡燉好的燕盞，偏好自己燉煮的產品。",1
12954019,女,70.0,高雄市鼓山區,D+,雙魚座,4593,否,是,是,否,否,是,是,否,532829.52381,143,242500.95243000003,48,66627.61907,12,51542.85716,7,14190.47619,2,490638.0952600001,105,241606.66670999987,44,65733.33335,9,51542.85716,7,14190.47619,2,否,否,否,否,否,否,0,否,否,否,否,否,0,是,是,否,"1. 家庭關係
    1) 客戶有兒子，兒子有三高問題且睡眠品質不佳，需服用安眠藥。
    2) 客戶有孫子，孫子已經開始上課，睡覺時間為九點多，身高在中間以上，有時候會說腳痛，專員解釋為生長痛。
    3) 客戶的老公每天有服用某種產品，但偶爾會有便秘情況。
    4) 客戶提到老公目前正在看顧客。

2. 健康狀況
    1) 客戶年齡超過65歲，提到嘴巴有問題，吃熱的東西會不舒服。
    2) 客戶擔心喝太多水是否會有問題，專員建議早上起床後喝一杯溫開水促進腸胃蠕動。
    3) 客戶提到自己吃了很多營養品，但目前有些產品尚未吃完。
    4) 客戶對睡眠產品效果有疑慮，認為可能吃不完。
    5) 客戶提到小朋友有拉肚子和嘔吐的情況，並有服用益生菌。

3. 職業背景
    1) 客戶未提及具體職業，但提到老公正在看顧客，可能從事服務相關工作。

4. 健康食品使用心得
    1) 客戶平時有吃保健品，專員建議兩三天補充一次發泡錠，客戶選購了五組發泡錠。
    2) 客戶對維生素C產品有興趣，考慮給小孩飲用，之前也購買過泡泡錠維他命C。
    3) 客戶曾購買過芝麻素、葉黃素、粒線體產品、益生菌、魚油等保健品，但部分產品尚未使用完。
    4) 客戶對葉黃素產品效果無特別感覺，剛開始每天吃兩顆，後來改為每天一顆。
    5) 客戶對褐藻糖膠產品的效果有興趣，並考慮購買。
    6) 客戶提到幹細胞產品效果一般，並對其購買持保留態度。
    7) 客戶提到小朋友也可以吃葉黃素，但擔心小孩無法吞服膠囊。
    8) 客戶提到鱸魚精可以直接喝或當湯助眠。
    9) 客戶提到上次購買了八盒益生菌，吃了一年多才吃完，目前家中還有很多存貨。
    10) 客戶提到之前三月份購買了五盒魚油，花費五千多元，老闆多送了一罐。

5. 禁忌
    1) 客戶對幹細胞產品、睡眠產品、沙龍級洗髮精、雅詩蘭黛和海洋拉娜的產品不感興趣。
    2) 客戶提到專家建議不要吃某些保健品。
    3) 客戶對東森品牌表示沒信心。
    4) 客戶認為一瓶洗髮精的價格應該是五百塊，而不是一千多元。
    5) 客戶目前家中有許多未使用完的保健品和保養品，因此暫時不需要購買新的產品。",1
12955686,男,50.0,花蓮縣花蓮市,C,獅子座,4592,否,否,否,否,否,否,是,否,231524.76195,59,41779.04764,14,6227.61905,2,6227.61905,2,0.0,0,192869.52383,32,22988.57143,4,6227.61905,2,6227.61905,2,0.0,0,否,否,否,否,否,否,0,否,否,否,否,否,0,否,否,否,"1. 家庭關係
    1) 客戶有兩個小孩，一男一女，其中一位小孩目前高二升高三，尚未上大學。
    2) 客戶的母親患有小腦萎縮症。
    3) 客戶提到小孩不會給他錢。
    4) 客戶旅遊結束後計劃回台東探望長輩。

2. 健康狀況
    1) 客戶患有小腦萎縮症，目前病情稍微受控，並有在服用醫生開的藥物。
    2) 客戶提到自己平衡感不好，走路容易跌倒，雖然可以走路，但平時需要坐輪椅。
    3) 客戶提到自己沒有高血壓、高血糖、高血脂的健康問題。
    4) 客戶提到自己經濟能力有限，目前沒有什麼經濟能力。
    5) 客戶提到自己昨天晚上到現在都沒有睡覺。

3. 職業背景
    1) 客戶已經退休，無法工作。

4. 健康食品使用心得
    1) 客戶之前有使用過幹細胞產品進行保養，並購買過其他品牌的幹細胞產品。
    2) 客戶之前在東森購買過葉黃素，並有服用過，但目前沒有在服用，且曾因缺貨未能購買。
    3) 客戶之前有加購過挺立鈣，但目前不需要。
    4) 客戶曾購買過參鹿精華和活泉精華。
    5) 客戶提到以前有接觸過靈芝產品。
    6) 客戶提到家裡有人使用過某產品，效果不錯。
    7) 客戶提到自己有三高，並因此使用過蚓激酶，曾購買過12盒，每天服用兩顆。

5. 禁忌
    1) 客戶提到不能吃番茄。",1
13024023,男,73.0,新北市永和區,D+,雙子座,4556,是,否,是,否,否,是,是,否,409560.95233,213,252463.8095,122,57014.285720000014,34,25254.28573,8,7093.33334,4,121766.66667999998,28,111576.19048999998,24,26635.2381,13,17025.7143,5,0.0,0,否,否,否,否,否,否,0,否,否,否,否,是,0,否,否,否,"1. 家庭關係
    1) 客戶表示自己一個人住，沒有子女。
    2) 客戶提到她家大部分產品不限量，且大家都懂得如何使用。

2. 健康狀況
    1) 客戶提到自己胃不好，血糖數值偏高（糖化血色素約為6.5），曾有三高問題，但目前已控制得較好，無需服用相關藥物。
    2) 客戶有腰椎盤突出、退化性關節炎及髖關節不適的問題，並曾因髖關節問題進行開刀住院，目前已從醫院回家。
    3) 客戶曾摔倒導致骨頭斷裂，肋骨仍有疼痛，左膝蓋不適可能涉及發炎，摔倒的地方仍有腫脹，並計劃進行X光檢查。
    4) 客戶有關節痛的問題，尤其上下樓梯和走路時會感到疼痛，天氣變化時膝蓋會痠痛。
    5) 客戶目前體重維持在六十幾公斤，曾經每天跑步超過十公里，現在每天步行五公里，但最近運動量減少。
    6) 客戶對蝦蟹過敏，並表示目前住院，飲食以簡單的東西為主。

3. 職業背景
    1) 客戶目前已經退休，沒有收入，且經濟壓力較大。
    2) 客戶表示每月固定開銷超過兩萬元，並提到過去十年內未曾購買房子，未來五年內也無購房計劃。

4. 健康食品使用心得
    1) 客戶曾購買並服用蚓激酶、葉黃素、人蔘、龜鹿膠原、大補丸、優享健康食品、臺塑健康食品、果凍保健食品、長效型B群、德國進口維他命C發泡錠、魚油、南瓜籽等產品，部分產品效果顯著，如果凍保健食品改善了排便情況。
    2) 客戶表示曾購買過膏狀健康食品，吸收效果較快，但有些保健食品如膠囊形式的產品、華陀龜鹿產品、攝護腺保健產品等效果不佳。
    3) 客戶目前早晚各喝一罐龜鹿保養品，搭配藥證產品進行保養，並服用慢性處方簽藥物控制健康狀況。
    4) 客戶曾使用減重產品，使用期間有效，但停用後體重回升。
    5) 客戶對華陀品牌的攝護腺保健產品有興趣，但尚未決定購買。

5. 禁忌
    1) 客戶對蝦蟹過敏。
    2) 客戶提到服用大補丸後未搭配足夠水分，可能影響效果。",1
13046004,女,57.0,南投縣名間鄉,Z,摩羯座,4546,否,否,否,否,否,否,否,否,34884.76189,43,7190.476189999999,11,1521.90476,2,0.0,0,0.0,0,7190.476189999999,11,7190.476189999999,11,1521.90476,2,0.0,0,0.0,0,否,否,是,否,否,否,0,否,否,否,否,否,0,否,否,否,,1
13053309,女,51.0,台中市太平區,D+,雙子座,4542,否,否,是,否,否,是,是,否,141502.85718,36,107846.66668999995,30,30600.95239,6,30600.95239,5,0.0,0,121192.38099,20,96192.38099,19,30600.95239,5,30600.95239,5,0.0,0,否,否,是,否,否,否,0,否,否,否,否,否,0,否,否,否,"1. 家庭關係
    1) 客戶的母親有骨質疏鬆問題，曾經有壓迫性骨折並感到疼痛，目前身體狀況有所改善。
    2) 客戶的母親和妻子有時會交換食用龜鹿二仙膠。
    3) 客戶的婆婆認為購買過多保健品是一種浪費。

2. 健康狀況
    1) 客戶有骨質疏鬆問題，擔心鈣質流失，並且肺部狀況較差。
    2) 客戶有貧血問題，認為鴕鳥龜鹿原膠可以幫助補血。
    3) 客戶的母親有骨質疏鬆，骨密度為4.6，曾經使用過多種骨頭關節保健品，目前身體狀況有所改善，疼痛減輕，不再需要使用藥物。

3. 職業背景
    1) 客戶提到她的同事中有很多人每天都在咳嗽。
    2) 客戶提到她的社區管理室已經取消，因為請不到管理員。

4. 健康食品使用心得
    1) 客戶和母親均有服用多種保健品，包括鴕鳥龜鹿原膠、龜鹿膠囊、鈣片、褐藻糖膠、葉黃素、倍護膠囊、維他命B和C等。
    2) 客戶每天服用鴕鳥龜鹿原膠，一天吃半瓶，早晚各一次，並認為其有助於補血。
    3) 客戶的母親每天服用一罐含鈣鎂和葡萄糖胺軟骨素的產品，並曾服用過膏狀骨頭關節保健品。
    4) 客戶曾購買過多種保健品，包括華陀扶元堂龜鹿精、珍珠粉、黃晶透、祛斑產品等，並對某些產品效果不明顯或感到不適。
    5) 客戶家中囤積了許多保健品，計劃吃完現有的保健品後再考慮購買新產品。

5. 禁忌
    1) 客戶的母親不能食用含人參的產品。
    2) 客戶對某些品牌的防曬乳過敏，且使用其他品牌的眼部產品會導致長肉芽。",1
13098564,男,64.0,新北市汐止區,D+,摩羯座,4520,否,否,否,否,否,否,是,否,224569.5238,72,63651.42856,11,37628.57142,5,34285.71428,2,0.0,0,160276.1905,31,44176.19047,4,34285.71428,2,34285.71428,2,0.0,0,否,否,否,否,否,否,0,否,否,否,否,否,0,否,否,否,"1. 家庭關係
    1) 客戶與太太關係密切，購買保健品前會與太太商量。
    2) 客戶提到有和媽媽一起使用某些產品，並有給長輩食用保健食品。

2. 健康狀況
    1) 客戶目前63歲，曾經接受過幹細胞療法。
    2) 客戶提到現在有便秘的問題。

3. 職業背景
    1) 客戶未提及具體職業，但提到自己有時在開車。

4. 健康食品使用心得
    1) 客戶曾購買並使用過幹細胞產品、葉黃素、益生菌、骨頭相關產品、龜鹿二仙膠、紅藜果膠囊及華陀品牌的保健食品，對華陀品牌有一定的認識和信任。
    2) 客戶對龜鹿膠的價格感興趣，並了解其泡水飲用效果較好。
    3) 客戶曾購買時空膠囊擦臉產品。

5. 禁忌
    1) 客戶表示目前不打算立即購買，需先查看相關資料再決定。
    2) 客戶提到太太不願意購買某些產品，並已過問此事。",1
13152586,男,59.0,高雄市內門區,D,天蠍座,4491,否,否,否,否,否,是,否,否,21588.57143,17,5495.23809,3,951.42857,1,0.0,0,951.42857,1,2473.33333,3,1712.38095,2,951.42857,1,0.0,0,951.42857,1,否,否,否,否,否,否,0,否,否,否,否,否,0,否,否,否,,1
13197893,男,78.0,台中市太平區,Z,天秤座,4465,否,否,否,否,否,否,是,否,84407.61906,22,64246.66667,12,34301.90476,4,34285.71428,2,0.0,0,56192.38094,6,52420.95237,5,34285.71428,2,34285.71428,2,0.0,0,否,否,否,否,否,否,0,否,否,否,否,否,0,否,否,否,"1. 家庭關係
    1) 客戶提到龜鹿二仙膠是由其太太的弟弟販售。
    2) 客戶是一位78歲的男性會員。

2. 健康狀況
    1) 客戶膝蓋有老問題，無法進行快走或慢跑等運動，走路時有時會感到不靈活和疼痛，膝蓋有卡卡的情況。
    2) 客戶曾照過膝蓋的X光，醫生建議先觀察，可能每三到六個月打一次鴕鳥玻尿酸，並表示玻尿酸注射是健保給付，通常需要連續注射六次，每週一次，可能需要三個月完成。
    3) 客戶目前尚未進行玻尿酸注射，正在觀察並先服用藥物，但效果不明顯，計劃下個月六號進行玻尿酸注射。
    4) 客戶表示不喜歡看醫生，因此可能不會去醫院檢查膝蓋，並提到目前沒有去醫院檢查關節的狀況。
    5) 客戶表示感冒時不會繼續吃保健食品。

3. 職業背景
    1) 客戶提到自己已經退休。

4. 健康食品使用心得
    1) 客戶有在吃顧關節和攝護腺的保健食品，但目前吃的產品沒有明顯效果。
    2) 客戶曾購買過南瓜籽、B群、半年堂的濃縮土龍金、龜鹿二仙膠、補骨胜肽、台大幹細胞產品等，但均認為效果不佳或不明顯。
    3) 客戶提到每天吃一罐土龍產品會導致便秘，並嘗試早晚不同時間服用，但仍然沒有效果。
    4) 客戶對於幹細胞產品的效果持懷疑態度，認為如果沒有用就不值得花錢。
    5) 客戶提到目前正在服用某種產品，計劃再吃兩個月後再考慮是否購買。
    6) 客戶提到他有時候會吃幹細胞產品，但效果不明顯。
    7) 客戶提到對東森購物平台上的產品價格表示懷疑，認為某些產品的價格過高。

5. 禁忌
    1) 客戶表示感冒時不會繼續吃保健食品，專員也建議感冒時不要吃保健食品以養身體。
    2) 客戶表示不喜歡購買某些商品，但未明確說明原因。",1
13221771,女,72.0,高雄市楠梓區,Z,天蠍座,4451,否,是,是,是,否,是,是,否,237116.19049,73,137399.99999999994,44,47644.7619,20,13142.85714,1,4180.0,2,136810.47619,18,80666.66666000002,11,13142.85714,1,13142.85714,1,0.0,0,否,否,否,否,否,否,0,否,否,否,是,是,0,否,否,否,"1. 家庭關係
    1) 客戶目前與老公住在一起，老公會照顧她並幫忙煮飯。
    2) 家中有一位看護協助日常生活。
    3) 客戶的孫子住在美國，過年時曾回來探望並帶了葉黃素給她。
    4) 客戶的兒子會幫她購買魚油。

2. 健康狀況
    1) 客戶有甲狀腺低下的健康問題，已服用相關藥物四十多年。
    2) 客戶有糖尿病和高血壓，病史超過十年。
    3) 客戶曾因車禍導致體重增加到74公斤，後來通過飲食調整減重，目前體重維持在60公斤左右，但不敢開車或騎摩托車。
    4) 客戶手部曾開刀，花費十幾萬，手術後已過一個半月，目前手部情況稍有好轉。
    5) 客戶有胃食道逆流問題，早上起來嘴巴感覺苦且有異味。
    6) 客戶有便秘、腰痠背痛及語音痛的問題，並提到老年退化情況嚴重。
    7) 客戶提到晚上吃某些保健食品會影響睡眠，需服用安眠藥。

3. 職業背景
    1) 客戶目前已退休，擁有退休金，每月有一萬多元零用錢。
    2) 客戶曾購買過股票，但遭遇詐騙，損失了幾千元。
    3) 客戶提到自己不會使用電腦進行網購。

4. 健康食品使用心得
    1) 客戶有在服用益生菌，認為益生菌有助於排便和舒適，目前購買了六十顆裝的益生菌，並詢問是否有舒敏的益生菌。
    2) 客戶有在服用葉黃素，覺得效果不錯，目前服用的是孫子從美國帶回的葉黃素。
    3) 客戶有在服用魚油，並計劃比較自己購買的魚油與兒子購買的魚油效果。
    4) 客戶曾購買過花旗參杏仁粉、冰糖燕窩龜鹿雙寶、高蛋白粉等健康食品。
    5) 客戶提到她有三瓶挺立尚未吃完，想吃完後再訂購。
    6) 客戶提到她吃鈣片會導致便秘。

5. 禁忌
    1) 客戶提到身心困的藥物全部都不能吃。
    2) 客戶晚上吃某些保健食品會影響睡眠，需服用安眠藥。",1
13237965,男,66.0,嘉義市,C,雙魚座,4442,否,否,是,否,否,是,是,否,512586.66677,183,262141.90484,98,85639.04765,26,17201.904769999997,6,0.0,0,116237.14288,22,8502.85715,2,8502.85715,2,5657.14286,1,0.0,0,否,否,否,否,否,否,0,否,否,否,否,否,0,否,否,否,"1. 家庭關係
    1) 客戶曾經離婚。

2. 健康狀況
    1) 客戶曾購買過骨頭關節相關產品，可能關注關節健康。
    2) 客戶曾購買益生菌，可能關注腸道健康。

3. 職業背景
    1) 客戶目前在北京工作，從事工程相關工作。
    2) 客戶的公司之前主要在國外工作，經常需要到不同地點工作。
    3) 客戶目前參與的工程尚未結束，曾在金門和嘉義工作。

4. 健康食品使用心得
    1) 客戶平時會吃一些保健品，但不一定每天食用，有時候想到才會吃。
    2) 客戶表示吃保健品的效果不明顯，覺得沒什麼感覺。
    3) 客戶曾購買過基礎款的金盞花葉黃素。
    4) 客戶曾購買過日本品牌的負離子保溫瓶。

5. 禁忌
    1) 無明確提及禁忌事項。",1
13288927,男,75.0,台中市大里區,Z,射手座,4417,否,否,是,否,否,否,是,否,604885.71421,258,271243.8095099999,102,113394.28567999996,44,63502.85712,20,0.0,0,132606.66666,28,44330.47618000001,10,13790.47619,2,13790.47619,2,0.0,0,否,否,是,否,否,否,0,否,否,否,否,否,0,否,否,否,"1. 家庭關係
    1) 客戶提到家中有兒子。
    2) 客戶表示兒子回來時會處理相關事宜。

2. 健康狀況
    1) 客戶提到肩頸不舒服，並因頸椎問題曾進行醫美。
    2) 客戶表示腎功能不好，腎絲球過濾率為5.5。
    3) 客戶提到血壓高。

3. 職業背景
    1) 客戶目前住在美國。

4. 健康食品使用心得
    1) 客戶提到喝過多種燕窩產品，但家裡沒有人會吃燕窩，並表示不需要訂購燕窩。
    2) 客戶曾在中藥房購買過人蔘產品，並提到曾購買東森購物台的華陀高麗蔘片及健字號商品。
    3) 客戶提到上一次購買八天參片是四年前，約在2022年，並有收到一組參片，表示可以囤積。
    4) 客戶提到糖胺液一天吃兩顆。
    5) 客戶提到之前有食用南瓜籽來顧攝護腺，但目前沒有在吃南瓜籽。

5. 禁忌
    1) 客戶表示不需要訂購燕窩。",1
13299593,女,74.0,高雄市小港區,C,雙魚座,4413,否,否,是,否,否,否,是,否,206500.95239,27,146788.57144,13,54457.14285999999,5,53800.0,4,0.0,0,192965.71429,18,143465.71429,11,54457.14286,5,53800.0,4,0.0,0,否,否,否,否,否,否,0,否,否,否,否,是,0,否,否,否,"1. 家庭關係
    1) 客戶有一位兒子和一位女兒，兩人都很優秀，但與她的交流不多，目前沒有給她金錢支持。
    2) 客戶的兒子是藥劑師，正在讀大學，並與她同住，但因為忙碌，互動較少。
    3) 客戶提到家人中有人在走路時有些不便，可能有受傷或其他健康問題。
    4) 客戶目前不煮魚給小朋友吃，因為小朋友都在補習，時間不配合。

2. 健康狀況
    1) 客戶有三高問題，並有長期服藥經歷，服用高血壓藥和三高藥物。
    2) 客戶的手腕有後遺症，感到不適，並有進行復健和針灸治療。
    3) 客戶睡眠品質不好，並提到血糖似乎升高。
    4) 客戶有去看骨科醫生進行門診，並曾進行抽血檢查，等待報告結果。

3. 職業背景
    1) 客戶已經退休，曾參與廠商協會並有相關任務需要完成。
    2) 客戶有參與義工活動。
    3) 客戶目前正在上課，課程將持續三個月，至六月結束。

4. 健康食品使用心得
    1) 客戶每天早晚各服用一顆幹細胞產品，雖然價格昂貴，但仍持續使用。
    2) 客戶每天早上空腹服用一瓶保健品，並有服用維骨力、葉黃素、魚油及降血糖的苦瓜胜肽。
    3) 客戶認為葉黃素和魚油效果不錯，但價格偏高，目前未再服用葉黃素。
    4) 客戶曾服用龜鹿二仙膠，認為效果較慢，需要長期服用才能見效。
    5) 客戶每天飲用一瓶含有粒線體的飲品。

5. 禁忌
    1) 客戶的兒子建議她不要購買一些硬性保健品。
    2) 客戶目前沒有在吃褐藻。
    3) 客戶表示需要購買無毒性和抗菌的洗碗精。
    4) 客戶不喜歡養寵物，且沒有養寵物。",1
13313813,女,61.0,高雄市鳳山區,C,處女座,4406,否,否,否,是,否,是,是,否,459442.8571600001,50,60476.1905,10,8514.28572,3,0.0,0,8514.28572,3,421782.85717,33,60476.1905,10,8514.28572,3,0.0,0,8514.28572,3,否,否,否,否,否,否,0,否,否,否,否,否,0,否,否,否,"1. 家庭關係
    1) 無相關資訊。

2. 健康狀況
    1) 客戶的皮膚比較敏感，需要確認產品是否會過敏。
    2) 客戶認為紅藜對她沒有用。
    3) 客戶認為直接注射的效果比口服產品更明顯，對於粒線體相關產品的口服效果不滿意。
    4) 客戶對於粒線體的了解較多，知道其與衰老和癌症有關。

3. 職業背景
    1) 客戶目前正在上班，工作繁忙，無法長時間聊天。

4. 健康食品使用心得
    1) 客戶曾經購買過東森的胜肽逆齡霜，並且覺得很好用，但對於其缺貨感到遺憾。
    2) 客戶對於面霜產品有興趣，並表示之前使用的面霜效果不錯。
    3) 客戶提到她之前使用過定裝的液態保健品。
    4) 客戶有在吃益生菌，且效果很好。
    5) 客戶提到她沒有打開一盒面膜來使用，但想訂購修復功能的面膜。
    6) 客戶有開始使用粉紅色的神秘定產品和面膜產品。

5. 禁忌
    1) 客戶不容易長期服用保健食品，並且目前沒有購買保健食品的意願。
    2) 客戶認為有錢人養生的選擇多，若產品不好，他們也不會使用。",1
13373432,男,37.0,高雄市楠梓區,D+,處女座,4379,否,否,是,否,否,否,是,否,96714.28574,47,30712.38098,21,13714.28572,3,13714.28572,3,0.0,0,78954.28571999999,24,23833.33334,7,13714.285719999998,3,13714.28572,3,0.0,0,否,否,否,否,否,否,0,否,否,否,否,否,0,否,否,否,"1. 家庭關係
    1) 客戶提到其父親有小中風的健康問題，曾購買過蚓激酶和銀色膠囊活泉囊，但未見效果。
    2) 客戶有兩個小孩。

2. 健康狀況
    1) 客戶體重80公斤，身高170公分。
    2) 客戶每天吃五倍魚油，認為有效果，但對其他保健品效果不滿意。
    3) 客戶每天吃兩顆保健品，但未見顯著改善。
    4) 客戶睡眠時間未曾連續超過五個小時，且開始吃某產品後，連續睡眠時間減少。
    5) 客戶平時用清水洗頭髮，不使用洗髮精。

3. 職業背景
    1) 客戶提到工作時需要避免摩擦不適，因此購買方末內褲。
    2) 客戶提到資金不足，無法購買更多產品，並表示這個月預算不夠。

4. 健康食品使用心得
    1) 客戶曾使用台大鹿胎盤、參鹿膠囊、賦活力全員產品、華陀產品、B群、五倍魚油、米活泉產品等保健食品。
    2) 客戶每天服用一顆B群和五倍魚油，認為五倍魚油有效果，但對其他保健品效果不滿意。
    3) 客戶會先吃完原先的保養品，才開始吃新的保養品，並不會將所有保養品一起開來吃，認為這樣太麻煩。
    4) 客戶表示會考慮是否購買維他命C產品，專員建議其每天早上飯前吃一包維他命C補充品。

5. 禁忌
    1) 客戶表示超過五千塊錢的產品都不會購買。
    2) 客戶提到在其他保養品還沒吃完時，不會開始吃新的保養品。",1
13377362,女,65.0,新北市土城區,D+,雙魚座,4378,否,否,否,否,否,是,是,否,21711.428570000004,12,15387.61905,9,5760.952380000001,4,0.0,0,5760.952380000001,4,14826.66667,8,11998.09524,7,5760.952380000001,4,0.0,0,5760.952380000001,4,否,否,否,否,否,否,0,否,否,否,否,否,0,否,否,否,"1. 家庭關係
    1) 客戶有一個女兒，女兒有購買益生菌及食用B群維他命。
    2) 客戶有三個孫子，其中一個孫子一歲多，客戶目前忙於照顧孫子，並提到孫子可以吃益生菌改善免疫力和過敏體質。
    3) 客戶提到小孩目前就讀新月國小，並表示聘請保姆的費用約一萬多元。
    4) 客戶下午一點到五點可以收貨，但四點需要去接小孩下課。

2. 健康狀況
    1) 客戶有三高，包括高血壓，並表示目前控制情況還可以，且有服用降血壓藥。
    2) 客戶有白內障問題，並提到自己固定每三個月進行一次抽血檢查。
    3) 客戶腸胃道功能正常，沒有便秘或腹瀉問題，天氣變化時健康狀況良好，無明顯咳嗽或流鼻水。
    4) 客戶過年前一直感冒，過年後未再打流感疫苗。
    5) 客戶表示胃不舒服且容易因西藥感到不適。

3. 職業背景
    1) 客戶未提及具體職業，但表示自己忙於照顧孫子，並因此沒有時間參加活動。
    2) 客戶表示自己不會上網操作，需他人協助。

4. 健康食品使用心得
    1) 客戶曾購買益生菌、葉黃素、台酒保養品、B群及精華液，並表示比較注重保養身體，但不會每天吃保健食品。
    2) 客戶曾購買鴕鳥精，但後來不敢吃；曾購買葡萄王的產品，但未提及具體效果。
    3) 客戶表示不敢亂吃B群，因為有在服用處方藥；曾購買葉黃素但尚未吃完。
    4) 客戶提到女兒有購買益生菌，並表示孫子可以食用益生菌改善免疫力。
    5) 客戶曾購買過時空膠囊，但認為效果不好。

5. 禁忌
    1) 客戶表示藥物不能亂吃，尤其是降血壓藥及處方藥。
    2) 客戶不敢吃某些保健品，因為胃不舒服且容易因西藥感到不適。
    3) 客戶表示不希望一次購買太多瓶洗髮精，因為沒有地方存放。
    4) 客戶使用過多種洗髮精，包括電視廣告推薦的產品，但都無法改善掉髮問題。",1
13433227,男,61.0,苗栗縣三義鄉,D,獅子座,4354,否,否,否,否,否,是,是,否,282935.23816000007,129,160800.00000000003,68,52790.47618,29,570.47619,1,1219.04762,1,5318.095250000001,9,1789.52381,2,1789.52381,2,570.47619,1,1219.04762,1,否,否,是,否,否,否,0,否,否,否,否,否,0,否,否,否,"1. 家庭關係
    1) 客戶的太太負責購物及處理益生菌相關事宜。
    2) 客戶會與太太討論是否購買益生菌。

2. 健康狀況
    1) 客戶表示晚上睡得還好。
    2) 客戶為60歲男性。

3. 職業背景
    1) 無相關資訊。

4. 健康食品使用心得
    1) 客戶已開始服用B群，並選擇先試用一組。
    2) 客戶對石墨烯衣服的尺寸和使用情況表示滿意。

5. 禁忌
    1) 客戶平常不會購買益生菌。",1
13532405,女,68.0,台北市北投區,D+,金牛座,4313,否,否,是,否,否,是,是,否,482662.85714,223,126031.42858000002,28,28478.09524,14,24509.52381000001,9,0.0,0,342396.1905,91,125381.90477,27,27828.571430000004,13,24509.52381,9,0.0,0,否,否,是,否,否,否,0,否,否,否,否,否,0,是,是,否,"1. 家庭關係
    1) 客戶提到她有一個23歲的兒子，並表示如果參加活動，可能會帶三個人，包括她的兒子。

2. 健康狀況
    1) 客戶提到她有眼睛乾澀的問題，並認為視神經可以修復。
    2) 客戶表示她認為多做運動和鍛鍊肌肉有助於健康。
    3) 客戶曾購買降膽固醇的保健食品，提到其功能包括預防心肌梗塞和降三高膽固醇。
    4) 客戶提到巴西蘑菇產品具有減少身體發炎的效果，並同意睡前一小時飲用。
    5) 客戶提到感冒時會吃維他命C，並對高單位的B群感興趣。
    6) 客戶提到她的經濟狀況不佳，可能無法負擔高額支出。

3. 職業背景
    1) 客戶目前沒有工作，處於停產狀態。
    2) 客戶曾表示清潔工作比較辛苦，並提到大樓清潔由別人負責。

4. 健康食品使用心得
    1) 客戶曾購買補骨胜肽產品，並表示該產品在晚餐飯後服用，過半小時再吃效果較好。
    2) 客戶提到骨頭相關的保健食品需要飯後服用，早上起來吃完早餐後服用半罐。
    3) 客戶提到保健食品中含有玻尿酸，並需要多喝水以提升效果。
    4) 客戶表示益生菌對腸道健康很重要，但因信仰原因只能選擇全素的益生菌產品。
    5) 客戶提到雅姿產品對牙齦發炎有效，具有抗發炎效果。
    6) 客戶曾購買葉黃素果凍，並已完成分期付款。
    7) 客戶提到她之前有購買萬歲牌堅果，並提到堅果可以作為一周的量。
    8) 客戶提到她上次購買睡眠產品，獲得了六千元的回饋折扣。
    9) 客戶提到她之前有購買會員活動贈送的石墨烯貼片。
    10) 客戶表示東西買太多，決定先把現有的產品吃完再說。

5. 禁忌
    1) 客戶表示她是全素食者，並且不吃蛋奶和海鮮。
    2) 客戶提到她因信仰的關係，從奶素改為全素飲食，並詢問產品是否適合全素食者使用。",1
13582178,女,67.0,新北市板橋區,D,雙子座,8978,否,否,是,否,否,否,是,否,200625.71428,85,26615.23809,7,24767.61905,3,24767.61905,3,0.0,0,153963.80953,43,26615.238090000003,7,24767.61905,3,24767.61905,3,0.0,0,否,否,是,否,否,否,0,否,否,否,否,否,0,否,否,否,"1. 家庭關係
    1) 客戶提到她的配偶（老頭）沒有打過疫苗。

2. 健康狀況
    1) 客戶目前67歲，健康狀況良好，體檢結果沒有紅字，骨質密度很好，基本上身體都很好，沒有任何健康問題。
    2) 客戶提到自己有白內障，病程約七八個月，並關注眼睛健康。
    3) 客戶的作息日夜顛倒，可能影響肝的健康。

3. 職業背景
    1) 客戶是退休人員，目前收入不多，需要節省用錢。
    2) 客戶表示她曾經上夜班，作息日夜顛倒。

4. 健康食品使用心得
    1) 客戶有在服用魚油、B群、玻尿酸等保健食品，並表示B群維他命是基礎營養補充。
    2) 客戶曾購買過龜鹿二仙膏產品，並最近有打算購買燕窩，自己組裝燕窩片。
    3) 客戶購買了兩組鈣片產品，每組包含三瓶，總計六瓶，但尚未打開使用產品。

5. 禁忌
    1) 客戶提到她沒有使用醫美產品，也不需要相關服務。",1
13624702,女,76.0,屏東縣屏東市,D+,白羊座,4284,否,否,是,否,否,是,是,否,157390.47623000003,51,68184.7619,24,14353.33333,4,11524.7619,2,942.85714,1,101068.57145,23,35096.19048,9,11524.7619,2,11524.7619,2,0.0,0,否,否,否,否,否,否,0,否,否,否,否,否,0,否,否,否,"1. 家庭關係
    1) 客戶有一位女兒，女兒經常購買保健品及其他物品給她，並支付部分費用。
    2) 客戶的女兒將於七月底或八月初回來，並帶著三個小孩，客戶需要幫忙照顧孫子。
    3) 客戶提到需要接兒子，並表示中午時間較方便接電話，因為其他時間需要煮飯給小孩吃。

2. 健康狀況
    1) 客戶有白內障及老花眼，並表示字太小看不清楚，詢問葉黃素是否對白內障有幫助。
    2) 客戶有骨質疏鬆的問題，骨頭狀況較差，但平時很少生病，感冒也很少。
    3) 客戶目前沒有排便問題，並表示眼睛酸澀的問題因服用葉黃素有所緩解。

3. 職業背景
    1) 客戶最近去東部做義工，幫忙愛心廚房。
    2) 客戶提到她很少出門，因為天氣很熱。

4. 健康食品使用心得
    1) 客戶曾購買過鴕鳥筋、鴕鳥龜鹿精、甘味人蔘益生菌及喝的玻尿酸等產品，對玻尿酸效果不滿意，但對葉黃素的效果表示滿意。
    2) 客戶目前有關節類保養品，是女兒購買給她的，並表示家中還有很多保健品尚未使用完。

5. 禁忌
    1) 客戶目前不打算購買新的保健品，並表示最近停止使用保健品，因為正在服用醫生開的藥品。
    2) 客戶表示假日不希望送貨上門，且下週六日有時候不在家，這樣比較不方便。",1
13649166,女,67.0,新竹縣竹北市,C,獅子座,4279,否,否,是,是,否,是,是,否,362399.0475900001,91,239044.76188,26,98761.90475,11,79809.5238,3,2647.61905,1,338864.76189,69,236539.04760000005,23,97199.04761,9,79809.5238,3,2647.61905,1,否,否,是,否,否,否,0,否,否,否,否,是,0,否,否,否,"1. 家庭關係
    1) 客戶有三個兒子，其中一個住在美國，另一個在大陸經商，還有一個在紐西蘭和澳洲生活。
    2) 客戶有三個孫子，包括兩個孫子和一個孫女，孫子中有一人正在讀高中。
    3) 客戶的婆婆年逾90歲，需坐輪椅並由外籍看護照顧，已與客戶同住五年。
    4) 客戶有一個妹妹住在高雄，經常關心她的健康。
    5) 客戶的先生曾為孩子購買房產，並有飲酒後念她的情況。

2. 健康狀況
    1) 客戶有三高（高血壓、高血糖、高膽固醇）問題，並有糖尿病、牙周病、胃食道逆流、動脈瘤、貧血、缺血等健康問題。
    2) 客戶曾因膽結石切除膽囊，術後需控制飲食，避免油膩食物，並有體重減輕、體力下降、腰痠背痛等情況。
    3) 客戶有胃食道逆流問題，症狀包括火燒心、胃酸逆流、喉嚨不適等，並需服用相關藥物和鎮定劑。
    4) 客戶有乳糖不耐症，喝牛奶會拉肚子，且對魚油和氨基酸過敏。
    5) 客戶的血壓和血糖數值有所改善，但血壓偏低，血壓值在80/60左右，導致無力和頭暈。

3. 職業背景
    1) 客戶是家庭主婦，與家人同住，曾幫人帶過四五個小孩。
    2) 客戶的兒子從事保險經紀人、工程師等職業，並曾在好市多打工。

4. 健康食品使用心得
    1) 客戶有服用保健食品的習慣，包括葉黃素、蚓激酶、滴雞精、益生菌、酵素等，但因胃食道逆流問題，暫時減少服用頻率。
    2) 客戶對某些保健食品的味道不喜歡，例如桂格養生飲和基金，並表示有時會喝燕窩，但不是每天喝。

5. 禁忌
    1) 客戶對魚油和氨基酸過敏，食用後會引起腸胃不適和拉肚子。
    2) 客戶需避免食用無糖食品、菇類、發酵食品等，並採取少量多餐的清淡飲食方式。",1
13712750,男,66.0,台中市北區,C,雙魚座,4260,否,否,否,否,否,否,是,否,109505.71431,37,33588.57144,8,16980.95239,3,16980.95239,3,0.0,0,34063.809539999995,9,33588.57144,8,16980.95239,3,16980.95239,3,0.0,0,否,否,否,否,否,否,0,否,否,否,否,否,0,否,否,否,,1
13821801,女,43.0,桃園市平鎮區,D+,摩羯座,4218,否,否,否,否,否,是,否,否,37959.99999,32,6127.619049999999,7,4606.66667,4,0.0,0,2647.61905,1,20216.19047,15,6127.619049999999,7,4606.66667,4,0.0,0,2647.61905,1,否,否,是,否,否,否,0,否,否,否,否,否,0,否,否,否,"1. 家庭關係
    1) 客戶有小孩，並提到小朋友對某產品效果評價不錯。
    2) 客戶的公婆已不在世。
    3) 客戶的父母不使用保健食品。
    4) 客戶幫老人家代訂東森購物的商品，因為老人家不熟悉操作。

2. 健康狀況
    1) 客戶目前沒有進行任何保養，包括眼睛保養、益生菌或腸胃保養。
    2) 客戶不使用面膜、保濕精華液或防曬乳等保養品，僅用清水洗臉。
    3) 客戶表示她不需要增加代謝或減重的產品。
    4) 客戶目前頭髮是短髮。

3. 職業背景
    1) 客戶未提及具體職業，但她所在的地方有許多移民阿姨，且部分會講中文。
    2) 客戶有幫助老人家代訂商品，顯示她可能有一定的耐心和責任感。

4. 健康食品使用心得
    1) 客戶不喜歡燕窩、人參等保健食品。
    2) 客戶沒有使用過幹細胞產品，也未持續食用葉黃素。
    3) 客戶沒有在使用益生菌或其他保健食品。

5. 禁忌
    1) 客戶不喜歡燕窩、人參等保健食品。
    2) 客戶表示她不需要代謝或減重相關產品。",1
13823822,女,59.0,雲林縣斗六市,D+,金牛座,4217,否,否,是,否,否,是,是,否,99048.57144,35,81467.61907000002,30,12913.33335,6,9903.809539999998,4,1314.28571,1,73463.80953,20,63073.33334000001,18,6132.38096,2,6132.38096,2,0.0,0,否,否,否,否,否,否,0,否,否,否,否,否,0,否,否,否,"1. 家庭關係
    1) 客戶與家人同住，並每天與家人聚在一起。
    2) 客戶的先生有服用B群保健品及蚓激酶，主要用於保養，且有膽固醇偏高的情況。
    3) 客戶的女兒建議她中午飯後服用葉黃素。
    4) 客戶的媽媽有血糖問題。
    5) 客戶家中養有兩隻以上的寵物，並定期為寵物接種疫苗。

2. 健康狀況
    1) 客戶有血糖問題，糖化血色素在6.1至7.2之間，血糖值一般在150左右，並有服用降血糖藥物，但效果不佳。
    2) 客戶目前血壓在臨界點，尚未到需要用藥的階段。
    3) 客戶平時喝水不多，因為工作需要經常外出，且很少吃澱粉和水果。
    4) 客戶表示目前沒有糖尿病。

3. 職業背景
    1) 客戶目前工作不穩定，收入有波動性。
    2) 客戶從事需要外出跑業務的工作，平時較為忙碌。

4. 健康食品使用心得
    1) 客戶每天服用幹細胞產品，但表示效果一般，且目前家中還有兩三盒未使用完。
    2) 客戶從三四十歲開始服用B群保健品，並曾購買過葉黃素、苦瓜胜肽、華陀助眠產品等，但對部分產品效果不滿意。
    3) 客戶認為不應長期服用同一種葉黃素，並改用其他品牌，家中目前還有葉黃素存貨。
    4) 客戶曾購買過華陀的苦瓜胜肽，認為效果不明顯，家中仍有存貨。
    5) 客戶提到之前購買的幹細胞產品和其他保健品尚未使用完，並表示不想使用太多保健食品。
    6) 客戶曾購買過達摩本草的產品，並對其有一定的興趣。
    7) 客戶提到之前購買的葉黃素是全家人一起食用。

5. 禁忌
    1) 客戶不喜歡吃太多保健食品，並有預算限制，無法接受單價超過兩千元的商品。
    2) 客戶每天固定吃一顆幹細胞產品，因為吃兩顆會過敏。
    3) 客戶不使用貓砂，讓寵物在廁所上廁所，並用漂白水清潔。
    4) 客戶試穿過石墨烯褲子，但因為怕熱無法穿。",1
13869937,女,75.0,台北市中山區,B,處女座,4195,是,否,是,否,否,是,是,否,491054.28565,69,359525.7142200001,52,108704.76187999998,16,101445.71427,9,0.0,0,472167.61899,54,348591.42852,40,106636.19045,14,101445.71427,9,0.0,0,否,否,否,否,否,否,0,否,否,否,否,否,0,否,否,否,"1. 家庭關係
    1) 客戶是一位74歲女性，已經喪偶，先生生前行動不便。
    2) 客戶有一個兒子，住在高雄，已婚，兒子不喜歡吃保健食品，會定期進行健康檢查。
    3) 客戶有一個小孫子，剛學會叫她名字，但有語言發展問題，需定期看醫生。
    4) 客戶的妹妹住在台中，妹妹的外孫女曾來家裡送禮。
    5) 客戶的家人計劃一起出遊，約20人。

2. 健康狀況
    1) 客戶有脂肪肝、高血壓（控制在140以內）、靜脈曲張、便秘、筋膜炎和飛蚊症（已改善）。
    2) 客戶有血糖和膽固醇問題，並服用醫生開的藥。
    3) 客戶注重健康，定期進行健康檢查，每三個月抽血一次。
    4) 客戶有半年打一次玻尿酸的習慣，主要針對膝蓋。
    5) 客戶最近感覺腦力清晰，記憶力有所改善。

3. 職業背景
    1) 客戶曾在大陸生活，使用微信溝通，並有股票投資經驗，認為長期持有股票收益較好。
    2) 客戶的兒子是公務員，曾在中山大學教書，未來可能會到台積電工作。

4. 健康食品使用心得
    1) 客戶長期服用保健品，包括益生菌、魚油、龜鹿精、綠蜂膠、葉黃素、鈣片等，對部分產品效果滿意。
    2) 客戶認為龜鹿精效果不錯，葉黃素改善了飛蚊症，鈣片改善了睡眠，益生菌適合自己。
    3) 客戶對某些產品效果持懷疑態度，認為不需要過多保健品，並表示目前的飲食和保養品已經足夠。
    4) 客戶對產品價格敏感，認為不應過高，並偏好貨到付款的方式。
    5) 客戶曾幫朋友購買保健品，並推薦鄰居使用綠蜂膠。

5. 禁忌
    1) 客戶不吃紅麴產品，擔心安全問題。
    2) 客戶不吃人蔘，認為燥熱不適合自己。
    3) 客戶不吃B群，認為單方保健品更有效。
    4) 客戶不吃辣、不喝酒，並對麥芽過敏。",1
13882193,女,61.0,台中市神岡區,A,白羊座,4189,否,否,否,是,否,是,是,否,1354268.5714299995,305,516162.85714999976,90,112958.09525999996,36,73940.9524,10,7580.952389999999,2,1052960.9524900003,178,439133.3333499999,49,70644.76193000001,9,64188.57145,7,5695.2381,1,否,否,否,否,否,否,0,否,否,否,否,否,0,否,否,否,"1. 家庭關係
    1) 客戶的媽媽年紀大了，平時需要客戶照顧，喝牛奶但不特別吃其他東西，且不願意喝氨基酸產品或使用鼻胃管。
    2) 客戶的媽媽每天需要服用醫生開的藥，但會有嘔吐情況，胃不好且不吃保健食品。
    3) 客戶的媽媽和大哥需要一起使用產品，尤其是新型疾病出現的情況下。
    4) 客戶的先生在使用某種產品，通常一天喝一罐分兩次飲用，並在繁忙工作中感受到產品效果。
    5) 客戶的媳婦在醫院上班，對飲食很嚴格。
    6) 客戶提到家裡沒有小朋友。
    7) 客戶的哥哥偶爾有在使用某種產品。

2. 健康狀況
    1) 客戶的媽媽最近食慾不佳，但辨識能力很好，且沒有一直臥床，仍會活動。
    2) 客戶提到自己每天排便一次，頭髮不容易掉髮，並習慣去專門的洗頭店洗頭。
    3) 客戶長期服用葉黃素，效果不錯，並且醫生建議她服用維生素D3。
    4) 客戶有在服用丹蔘，每天服用兩顆保健品。

3. 職業背景
    1) 客戶在工廠工作，最近幾天工作較忙。
    2) 客戶的先生也在工作中，並感受到某產品對繁忙工作的幫助。
    3) 客戶的媳婦在醫院工作。

4. 健康食品使用心得
    1) 客戶長期服用葉黃素，效果不錯，並提到葉黃素都是她在吃，且目前還有存貨。
    2) 客戶常購買B群產品，對其效果感到滿意，表示吃了一顆就覺得精神很好。
    3) 客戶對褐藻產品有興趣，但目前缺貨。
    4) 客戶之前購買的枸杞護眼產品還有存貨，尚未吃完。
    5) 客戶目前正在試用一組護髮產品。

5. 禁忌
    1) 客戶的媽媽胃不好，不吃保健食品，且不願意喝氨基酸產品。
    2) 客戶對橄欖油價格敏感，認為七月份的價格太貴。
    3) 客戶的朋友有自己種植的古茶油，因此不需要購買。
    4) 客戶的媽媽不願意使用鼻胃管。",1
13898640,女,64.0,新北市蘆洲區,D+,處女座,4181,否,否,是,否,是,是,是,否,20148.571430000004,12,12034.28571,6,3969.52381,2,0.0,0,3969.52381,2,4074.28571,3,4074.28571,3,2171.42857,1,0.0,0,2171.42857,1,否,否,否,否,否,否,0,否,否,否,否,否,0,否,否,否,,1
13922076,男,56.0,新北市金山區,D+,處女座,4170,否,否,否,否,否,否,是,否,13388.57144,10,5933.33333,4,4714.28571,3,4714.28571,3,0.0,0,4714.28571,3,4714.28571,3,4714.28571,3,4714.28571,3,0.0,0,否,否,否,否,否,否,0,否,否,否,否,否,0,否,否,否,,1
13944634,男,35.0,新北市林口區,Z,雙魚座,4160,否,否,否,否,否,否,否,否,111295.23811,92,26295.238099999995,21,6253.33333,6,0.0,0,0.0,0,16685.71429,15,6679.999999999999,8,3424.7619,4,0.0,0,0.0,0,否,否,否,否,否,否,0,否,否,否,否,否,0,否,否,否,"1. 家庭關係
    1) 客戶提到家裡有人在買米。
    2) 客戶表示家裡有人血糖比較高，並且有在服用糖尿病的藥。
    3) 客戶提到子女相關事宜，表示目前比較忙。

2. 健康狀況
    1) 客戶目前有在服用維他命和其他膠囊類保健品。
    2) 客戶表示益生菌對她來說用不著，因為她有在吃中藥調理身體。
    3) 客戶提到自己曾吃過一盒葉黃素，但目前已經沒有在服用。
    4) 客戶表示沒有在吃挺立鈣或B群。

3. 職業背景
    1) 未提及具體職業背景，但客戶表示目前比較忙，可能與子女相關事宜有關。

4. 健康食品使用心得
    1) 客戶曾經購買過三倍綠蜂膠加B群的產品，但不確定是自己吃還是全家人一起吃。
    2) 客戶之前有購買過葉黃素，但目前已經停止服用。
    3) 客戶表示益生菌對她用不著，因為她有在吃中藥調理身體。

5. 禁忌
    1) 客戶表示沒有在吃挺立鈣或B群。
    2) 客戶目前不服用益生菌，認為不需要。",1
13970508,女,78.0,花蓮縣新城鄉,C,處女座,4148,否,否,否,是,否,是,是,是,1316258.09538,452,308384.76199,106,55214.28571,30,33040.95238,13,7247.61904,5,1100442.8572,295,262240.9523799999,54,43130.476180000005,19,30983.80952,11,3400.0,2,否,否,否,否,否,否,0,否,否,否,否,否,0,否,否,否,"1. 家庭關係
    1) 客戶有四個子女，其中兩個住在國外，分別在英國和馬來西亞。
    2) 客戶的兒子從事爬山相關工作，並且目前與她同住。
    3) 客戶有兩個女兒，其中一位在英國的私人學校就讀，另一位曾與她一起出遊。
    4) 客戶有一個九歲的孫子，目前就讀國小。
    5) 客戶的丈夫最近拔牙，牙醫建議他不能吃有顆粒的食物。
    6) 客戶的妹妹經營一家小吃店。
    7) 客戶不建議與子女同住，認為子女有自己的家庭。

2. 健康狀況
    1) 客戶有三高問題（高血壓、高血脂、高血糖），並且高血壓已持續多年。
    2) 客戶有胃食道逆流問題，常胃酸過多，並避免食用酸性食物。
    3) 客戶的肝臟有肥大和肝硬化問題，需進行定期判定。
    4) 客戶有白內障，已接受手術並裝了晶片，但效果不完全理想。
    5) 客戶有眼睛中風的情況，導致視力模糊，且晚上很少開車。
    6) 客戶的膝蓋有退化性關節炎，右膝蓋已無軟骨，準備進行人工膝蓋手術，目前需使用拐杖行走。
    7) 客戶的雙手疼痛，影響日常生活，並有神經受損問題。
    8) 客戶的肺部三年前受傷，並有肺炎和纖維化問題。
    9) 客戶皮膚容易過敏，對沐浴乳選擇謹慎，不喜歡穿絲襪。
    10) 客戶曾感染疫情，感冒後身體容易倦怠且精神不佳。
    11) 客戶曾進行過手術，並表示不想再進行手術。
    12) 客戶目前正在服用慢性病藥物，並認為藥物影響身體狀況。
    13) 客戶早上剛打了肺炎疫苗，並進行了微整手術。

3. 職業背景
    1) 客戶目前77歲，已無工作，經濟狀況困難，無多餘收入。
    2) 客戶曾在英國居住，並提到英國的天氣與台灣不同。

4. 健康食品使用心得
    1) 客戶目前服用印加果油，認為效果很好。
    2) 客戶曾購買日本進口的維他命B群和加拿大進口的魚油產品，但對魚油過敏，認為其對她無幫助。
    3) 客戶曾購買並服用安瓶，起初效果不錯，但後來效果減弱。
    4) 客戶曾購買鹿胎盤幹細胞產品、蘭蔻保養品（使用超過五十年），並對玫瑰精油和美容油產品有良好評價。
    5) 客戶購買過蛋白粉，偶爾一次喝兩包，但不是每天飲用。
    6) 客戶喜歡萬歲牌的堅果產品。

5. 禁忌
    1) 客戶有飲食禁忌，部分食物會導致胃痛。
    2) 客戶不喜歡百葉豆腐，認為其內部沒有豆腐成分。
    3) 客戶對魚油過敏，並因高血壓不適合食用魚油。
    4) 客戶避免食用酸性食物以防止胃食道逆流。",1
13976242,女,74.0,南投縣埔里鎮,D,射手座,4146,否,否,是,是,是,是,是,否,338155.23811000003,195,144347.61905,81,56611.42856999999,33,8304.7619,4,6647.6190400000005,5,3882.85714,5,3312.38095,4,3312.38095,4,2628.57142,2,246.66667,1,否,否,是,否,否,否,0,否,否,否,否,是,0,否,否,否,"1. 家庭關係
    1) 客戶家中目前有三個人居住，包括她自己和小孩子。
    2) 小孩子會購買葉黃素和益生菌，並且會照顧她。
    3) 客戶提到家裡人口較少，因此消耗品用量不多。
    4) 客戶的兒子會定期去Costco購買東西。

2. 健康狀況
    1) 客戶平常有在吃保健食品，並表示飲食習慣很標準。
    2) 客戶曾經購買並食用過華陀的枸杞精和枸杞汁。
    3) 客戶家人都有在喝膠原蛋白。

3. 職業背景
    1) 無明確提及客戶的職業背景。

4. 健康食品使用心得
    1) 客戶平常有在吃益生菌，並且家裡的小孩子也會購買益生菌。
    2) 客戶曾經購買過六盒枸杞汁，並剛吃完華陀的枸杞精。
    3) 客戶偶爾會自己購買堅果，並已經買了好幾箱。

5. 禁忌
    1) 客戶家中保健食品、保養品、面膜、衛生紙、洗髮精等存貨充足，目前不需要補充。
    2) 客戶偏好使用橘子工坊的洗衣精，並希望能以折扣價購買。",1
14087233,男,54.0,桃園市桃園區,D,雙魚座,4098,否,否,否,否,否,否,是,否,21729.5238,13,7674.28571,4,1140.95238,2,1140.95238,2,0.0,0,3883.80952,3,3883.80952,3,1140.95238,2,1140.95238,2,0.0,0,否,否,否,否,否,否,0,否,否,否,否,否,0,否,否,否,,1
14156197,女,61.0,高雄市六龜區,D,射手座,4070,否,否,否,否,否,否,是,否,19121.90477,10,5198.095240000001,4,1521.90476,2,570.47619,1,0.0,0,11521.90476,5,3979.04762,3,1521.90476,2,570.47619,1,0.0,0,否,否,否,否,否,否,0,否,否,否,否,否,0,否,否,否,,1
14180990,女,67.0,高雄市燕巢區,D+,摩羯座,4059,否,否,是,否,否,否,是,否,435039.99985,308,164037.14281,121,56481.90473000001,37,17993.333340000005,10,0.0,0,15041.904759999998,11,8777.14286,8,8777.14286,8,3874.28572,3,0.0,0,否,否,是,否,否,否,0,否,否,否,否,否,0,否,否,否,"1. 家庭關係
    1) 未提及具體家庭成員或關係。

2. 健康狀況
    1) 客戶為66歲女性，未提及具體健康問題。

3. 職業背景
    1) 未提及具體職業背景。
    2) 客戶目前正在搬家。

4. 健康食品使用心得
    1) 客戶提到使用益生菌。
    2) 客戶提到使用魚油。
    3) 客戶提到益生菌在東莞。

5. 禁忌
    1) 客戶提到甘油，但未明確表示是否有禁忌或使用心得。",1
14183566,女,41.0,南投縣中寮鄉,D+,射手座,4058,否,是,否,否,否,是,是,否,203121.90476,55,171292.38095999998,34,55602.85715,12,40514.28572,3,6966.666660000001,4,150323.80952,22,145818.09524000002,20,46808.57143,6,40514.28572,3,6294.28571,3,否,否,否,否,否,否,0,否,否,否,否,否,0,否,否,否,"1. 家庭關係
    1) 客戶有兩個小孩，孩子目前沒有學業壓力，計劃就讀公立高中。
    2) 客戶與丈夫共同生活，家中每週全家人會一起聚餐。
    3) 客戶的父親有在服用益生菌，且飲食習慣良好。

2. 健康狀況
    1) 客戶40歲，身高165公分，體重66公斤，患有高血脂和輕度脂肪肝，每天晚上需服用降血脂藥物。
    2) 客戶表示目前沒有三高問題，且每年會進行健康檢查。
    3) 客戶的皮膚較乾燥，注重保濕，並使用防曬產品。
    4) 客戶的兒子體重約為100公斤。

3. 職業背景
    1) 未提及具體職業背景，但客戶表示每月家庭固定開銷約為兩萬八千元。
    2) 客戶很少開車到台中，通常選擇搭車，從南投到台中開車約需一小時。

4. 健康食品使用心得
    1) 客戶和丈夫有服用魚油，兩個小孩也有在服用魚油。
    2) 客戶有服用幹細胞產品，每天服用一到兩顆，手上還有兩到三盒存貨，但認為效果不明顯。
    3) 客戶曾購買過葉黃素膠囊，但有時會忘記服用，且在生日時曾購買五盒。
    4) 客戶曾購買過玻尿酸產品、燕窩、膠原蛋白粉、B群保健食品及鹿角鈣等，部分產品尚未使用完。
    5) 客戶表示家中還有很多保健品未吃完，且購買商品後不會退貨。
    6) 客戶會在屈臣氏或康是美看到喜歡的產品就購買，部分保養品是透過團購購買。

5. 禁忌
    1) 客戶不會去醫美診所進行美容項目，認為價格過高。
    2) 客戶不會特別喝水，只有口渴時才會喝。
    3) 客戶認為一台斤七八十塊的米價格偏高。",1
14205323,男,48.0,桃園市中壢區,D,天蠍座,4048,否,否,否,否,否,否,是,否,12892.38096,8,570.47619,1,570.47619,1,570.47619,1,0.0,0,570.47619,1,570.47619,1,570.47619,1,570.47619,1,0.0,0,否,否,否,否,否,否,0,否,否,否,否,否,0,否,否,否,,1
14214438,女,64.0,台中市豐原區,D+,金牛座,4044,否,否,否,否,否,否,是,否,50146.66665,11,40326.66665,5,29333.33333,2,29333.33333,2,0.0,0,38821.90475,4,38821.90475,4,29333.33333,2,29333.33333,2,0.0,0,否,否,否,否,否,否,0,否,否,否,否,否,0,否,否,否,,1
14227349,女,59.0,新北市樹林區,D,雙子座,4038,否,否,否,否,否,是,否,否,203971.42851000003,127,12689.5238,9,12097.14285,8,0.0,0,2751.42857,2,11447.61905,3,1800.0,1,1800.0,1,0.0,0,1800.0,1,否,否,否,否,否,否,1,否,否,否,否,否,0,是,否,否,"1. 家庭關係
    1) 無相關資訊。

2. 健康狀況
    1) 客戶已經將膽囊切除，無法再食用魚油。
    2) 客戶之前曾做過皮秒醫美療程。

3. 職業背景
    1) 客戶目前很忙，正在處理一些事情，未提及具體職業。

4. 健康食品使用心得
    1) 客戶目前固定在食用保健品，包括高蛋白。
    2) 客戶之前購買過人蔘切片，但尚未吃完，且是幾年前購買的。
    3) 客戶曾在東森購物平台購買過黑芝麻、葉黃素等保健品。

5. 禁忌
    1) 客戶無法食用魚油，可能與其已切除膽囊有關。
    2) 客戶對保健保養品興趣不大，表示目前沒有需要購買。",1
14248467,女,75.0,台南市北區,B,雙子座,4029,是,否,是,是,否,是,是,否,1037419.04757,303,660862.85711,129,251212.3809400001,61,174474.28571000003,18,20276.19048,7,584560.95237,66,551664.76189,61,198746.66666,27,172965.71428,17,14438.09524,3,否,否,是,否,否,否,0,否,否,否,否,否,0,否,否,否,"1. 家庭關係
    1) 客戶有兩個孩子，已經成年并各自生活，未與她同住，其中一個孩子在台北工作，另一個孩子在金門從事貢品生意。
    2) 客戶有一位孫子正在讀研究所，並需要考證照；還有一位孫女住在宿舍。
    3) 客戶曾獨自養育兩個孩子直到大學畢業，並負擔他們的教育費用。
    4) 客戶曾經離婚，並在孩子20歲時將他們接回來撫養。
    5) 客戶的兒子和女兒曾因金錢問題吵架，20年未講話。
    6) 客戶的兒子和媳婦會幫助她處理一些事務，例如繳費、購物等。

2. 健康狀況
    1) 客戶曾摔傷脊椎，導致小腦受損，影響平衡，並有腰部、尾椎和髖骨疼痛問題，髖骨曾斷裂並植入三根定製物。
    2) 客戶有心臟問題，心跳過快或過慢，血液循環不良，心臟未裝支架，並曾接受高壓氧治療。
    3) 客戶有高血壓，但無三高，腎絲球指數維持在健康範圍內。
    4) 客戶骨質狀況差，膝蓋曾開刀，並有骨刺和骨贅問題，需定期復健。
    5) 客戶免疫系統較強，從未接種疫苗，但小時候曾因疫苗接種出現手部潰爛。
    6) 客戶有三叉神經痛，曾通過針灸治療改善，並不喜歡服用止痛藥。
    7) 客戶的左脖子曾腫脹，目前正在觀察，腫脹已消退。
    8) 客戶的體溫容易流失，五臟六腑虛弱，行動不便，需使用拐杖。

3. 職業背景
    1) 客戶已退休，曾在工廠工作，並有綁安全帶的經驗。
    2) 客戶年輕時經濟狀況不佳，曾中午打工賺錢，並支付孩子的學費和生活費。
    3) 客戶曾經操作股票投資，並投資過生技公司，但未見收益。

4. 健康食品使用心得
    1) 客戶曾購買多種保健品，包括葡萄糖胺飲、紅景天、黑芝麻、幹細胞產品、葉黃素、酵素甘南、薑粉、黃芪片等，對部分產品效果滿意，但對某些產品如粒線體產品和蘆筍產品效果不佳。
    2) 客戶認為高百分比巧克力對心血管有益，並曾購買心臟保健食品。
    3) 客戶每天使用一條根產品，並認為效果很好。
    4) 客戶曾購買護關節產品，對升級版的石墨烯成分產品感到滿意。
    5) 客戶曾購買酵素甘南以幫助消化，並認為幹細胞產品效果良好。

5. 禁忌
    1) 客戶不吃牛肉，認為吃牛肉會破功。
    2) 客戶不吃糖，並認同健康飲食的重要性。
    3) 客戶不喜歡人多的地方，覺得人擠人不方便。
    4) 客戶不喜歡吃止痛藥，即使疼痛也不會服用。
    5) 客戶不吃益生菌，且從未接種疫苗。",1
14252446,女,61.0,彰化縣彰化市,D,雙魚座,4027,否,否,否,否,否,否,是,否,226281.90472,107,19602.85713,13,1521.90476,2,0.0,0,0.0,0,61347.619040000005,11,3804.7619,5,1521.90476,2,0.0,0,0.0,0,否,否,是,否,否,否,0,否,否,否,否,否,0,否,否,否,"1. 家庭關係
    1) 客戶提到她的女婿會幫她準備保健品。

2. 健康狀況
    1) 客戶曾經使用過幹細胞產品，但覺得效果不佳。
    2) 客戶目前沒有在食用益生菌。

3. 職業背景
    1) 客戶未提及具體職業背景，但表示最近比較忙。

4. 健康食品使用心得
    1) 客戶曾使用過幹細胞產品，但效果不如預期。
    2) 客戶有聽過高群的葉黃素產品，並表示想要考慮後再決定是否購買。

5. 禁忌
    1) 客戶目前不缺保健品和保養品，暫無購買需求。
    2) 客戶表示目前沒有時間關注其他購物需求。",1
14348522,女,55.0,彰化縣永靖鄉,Z,獅子座,3983,否,否,否,否,否,否,是,否,40552.380950000006,12,12190.47619,1,12190.47619,1,12190.47619,1,0.0,0,26380.95238,4,12190.47619,1,12190.47619,1,12190.47619,1,0.0,0,否,否,否,否,否,否,0,否,否,否,否,否,0,否,否,否,,1
14358602,女,62.0,基隆市七堵區,Z,天蠍座,3978,否,否,否,否,否,否,是,否,41039.04761999999,23,15165.71429,10,1228.57143,1,0.0,0,0.0,0,3208.57143,2,3208.57143,2,0.0,0,0.0,0,0.0,0,否,否,否,否,否,否,0,否,否,否,否,否,0,否,否,否,,1
14537958,女,72.0,台中市南屯區,D+,雙子座,3877,是,否,否,否,否,是,是,否,37690.47619,22,31280.95238,18,12526.66667,6,4238.09524,2,1895.2381,1,4238.09524,2,4238.09524,2,4238.09524,2,4238.09524,2,0.0,0,否,否,否,否,否,否,0,否,否,否,否,否,0,否,否,否,,1
14541043,女,62.0,台北市中山區,Z,金牛座,3875,否,否,否,否,否,否,否,否,36142.85714000001,26,10190.47619,6,1885.71428,2,0.0,0,0.0,0,7771.42858,5,2352.38095,2,942.85714,1,0.0,0,0.0,0,否,否,否,否,否,否,0,否,否,否,否,否,0,否,否,否,,1
14556883,男,64.0,桃園市龜山區,Z,摩羯座,3866,否,否,否,否,否,是,是,否,38540.95239,10,23560.95239,5,19790.47619,2,17142.85714,1,2647.61905,1,29276.19047,4,19790.47619,2,19790.47619,2,17142.85714,1,2647.61905,1,否,否,否,否,否,否,0,否,否,否,否,否,0,否,否,否,"1. 家庭關係
    1) 客戶的家人有協助購買心血管保健產品，例如魚油。

2. 健康狀況
    1) 客戶有高血壓，並長期服用高血壓藥物，醫生建議減重以改善血壓狀況。
    2) 客戶的壞的膽固醇（低密度膽固醇）偏高。
    3) 客戶有乳糖不耐症，喝牛奶會引起不適。
    4) 客戶提到運動量減少，可能影響健康狀況。

3. 職業背景
    1) 客戶目前仍在工作，尚未下班。
    2) 客戶表示晚上還有活動安排，顯示其生活較為忙碌。

4. 健康食品使用心得
    1) 客戶早上飯前或飯後服用幹細胞保健品，一天服用兩顆。
    2) 客戶曾使用東森的益生菌產品，但感到腹部不適。
    3) 客戶有服用魚油等心血管保健產品。

5. 禁忌
    1) 客戶服用保養品時需與藥物隔一個小時，例如感冒藥或血壓藥。
    2) 客戶有乳糖不耐症，需避免飲用牛奶。",1
14576955,男,72.0,新北市新店區,B,天蠍座,3855,否,否,是,否,否,是,是,否,255559.04769999997,90,167853.33334999994,37,68846.66667,15,63205.71429,9,1893.33333,1,142560.95239999998,23,132522.85716,20,61157.14287,11,60921.90477,7,0.0,0,否,否,是,否,否,否,0,否,否,否,否,否,0,否,否,否,"1. 家庭關係
    1) 客戶有三個小孩，均已畢業並在國內工作。
    2) 客戶的兒子在無塵室工作，無法接電話。
    3) 客戶的女兒曾公費留學美國和德國，曾患淋巴癌，治療時使用標靶藥物，費用由保險和政府補助支付。
    4) 客戶的太太是素食者，正在服用由醫生開立的關節骨相關保健品，且指甲顏色由黑逐漸恢復正常白色，認為是保健品的效果。
    5) 客戶提到小孩對籃球非常熱衷，計劃未來到美國發展籃球事業，並曾被建議參加職業籃球聯賽。
    6) 客戶提到小孩曾考上臺大研究所，但未能順利完成學業。
    7) 客戶提到小孩的成長是靠自己改變，而不是完全依賴父母的幫助。

2. 健康狀況
    1) 客戶有高血壓，血管檢查顯示血管壁較厚，但目前血壓狀況良好，無動脈硬化或阻塞問題。
    2) 客戶有小中風病史，曾中風但未影響行動能力，目前仍在服藥控制病情。
    3) 客戶患有癌症，並提到腎絲球過濾分數下降，醫生已告知相關情況。
    4) 客戶有睡眠障礙問題，但目前睡眠狀況有所改善，從四小時延長至五小時，較容易入睡。
    5) 客戶有老花眼、青光眼（情況輕微）及眼睛乾澀疲勞的問題，視力有所改善。
    6) 客戶提到膝蓋和腳會痛，並且有痠痛的情況。
    7) 客戶曾進行痔瘡手術切除。

3. 職業背景
    1) 客戶曾在建設公司工作，負責行銷管理，並有不錯的獎金和業績。
    2) 客戶目前有時候會去工作，但並非固定上班，六日放假。

4. 健康食品使用心得
    1) 客戶每天服用多種保健食品，包括葉黃素、蚓激酶、NMN、鹿角鈣、玻尿酸等，並認為部分產品對眼睛、睡眠和血管健康有幫助。
    2) 客戶認為葉黃素和不老丹對眼睛有改善效果，眼睛較不酸澀，看東西更清楚。
    3) 客戶曾購買幹細胞產品，但效果不理想，並已停止使用。
    4) 客戶認為蚓激酶和鹿角鈣效果不錯，玻尿酸有助於皮膚水潤和關節潤滑。
    5) 客戶提到保健食品對睡眠有些幫助，但對記憶力改善效果不明顯。
    6) 客戶每天飲用米活泉，感覺睡眠和眼睛狀況有所提升。
    7) 客戶提到膠囊外殼可能對健康不利，對保健食品的效果有一定疑慮。

5. 禁忌
    1) 客戶擔心補骨生態可能對腎臟造成負擔。
    2) 客戶不希望讓太太知道自己購買相關保健產品。
    3) 客戶服用抗凝血藥，每天固定服用一次。",1
14641525,男,80.0,台南市東區,Z,處女座,3823,否,否,否,否,否,否,是,否,7343.80952,5,6591.42857,4,6591.42857,4,5647.619049999999,3,0.0,0,2828.57143,1,2828.57143,1,2828.57143,1,2828.57143,1,0.0,0,否,否,否,否,否,否,0,否,否,否,否,否,0,否,否,否,,1
14702145,女,66.0,台中市清水區,D+,處女座,3792,否,否,否,否,否,否,是,否,113953.33331,25,77857.14284,11,31299.04761,4,31014.28571,3,0.0,0,103854.2857,12,77571.42856000001,7,31014.28571,3,31014.28571,3,0.0,0,否,否,否,否,否,否,0,否,否,否,否,否,0,否,否,否,"1. 家庭關係
    1) 客戶有一個兒子和一個女兒，兒子從事服務業，需要長時間站立工作，女兒曾幫她購買洗髮精。
    2) 客戶提到她有開車接送孩子上下學，並在寒暑假接孩子回家。
    3) 客戶曾照顧過父親和公公。
    4) 客戶的表哥有三高，並且飲用某品牌的飲品。

2. 健康狀況
    1) 客戶有糖尿病，糖化血色素維持在7點多，曾高達8.7，空腹血糖有時高達130到140，但通常在100以下，目前服用長效與短效的降血糖藥物。
    2) 客戶有腎功能下降的問題，腎絲球過濾率從45%進步到接近60%，但仍低於正常值，並有腎結石，醫生建議避免攝取碳酸鈣、茶和深綠色蔬菜。
    3) 客戶有坐骨神經痛，疼痛嚴重到需掛急診，正在服用止痛藥，效果不佳，醫生建議進行核磁共振檢查。
    4) 客戶有膝蓋不適，曾經骨折，並可能有骨質疏鬆，醫生建議檢查。
    5) 客戶有乳糖不耐症，喝牛奶會拉肚子，且吃高鈣黑芝麻粉也會導致腹瀉。
    6) 客戶的眼睛有時感到疲勞和乾澀。
    7) 客戶感覺有時上完廁所後會有尿液殘留。

3. 職業背景
    1) 客戶曾在醫院工作過，目前已經沒有工作，經濟狀況有限。

4. 健康食品使用心得
    1) 客戶曾購買過保健食品，但感覺效果不明顯，家中仍有存貨，擔心過期。
    2) 客戶曾給兒子服用保健食品，但兒子表示沒什麼感覺。
    3) 客戶有時會吃女兒買的高鈣黑芝麻粉，但因為會拉肚子，所以很少吃。
    4) 客戶對清冠一號和挺立品牌有印象，並詢問挺立是否含有葡萄糖胺。

5. 禁忌
    1) 客戶儘量避免食用含草酸高的食物，並已停止喝茶。
    2) 客戶需避免攝取碳酸鈣、茶和深綠色蔬菜以防止腎結石。
    3) 客戶對乳糖不耐症，需避免飲用牛奶。",1
14973320,男,50.0,新北市土城區,B,摩羯座,3656,否,否,否,否,否,否,是,否,176250.47618,42,127764.76189000002,16,73631.42856,7,66031.42856,5,0.0,0,111040.95237,9,108679.04761,8,73631.42856,7,66031.42856,5,0.0,0,否,否,否,否,否,否,1,否,否,否,否,否,0,否,否,否,"1. 家庭關係
    1) 客戶提到幫太太購買了一款褲子，但穿起來太短，呈現九分褲的效果。
    2) 客戶表示太太沒有敷面膜的習慣。

2. 健康狀況
    1) 客戶表示自己有重度脂肪肝，並提到脂肪肝的部分專員建議早晚各服用兩顆保健品。
    2) 客戶表示上週有吃東西喝酒，這週在看報告。
    3) 客戶提到之前都有在做與肝臟相關的保健。
    4) 客戶表示目前較少補充鈣質。

3. 職業背景
    1) 客戶表示其職業是XXX人員。

4. 健康食品使用心得
    1) 客戶提到之前有購買印加果油，但後來沒有持續食用。
    2) 客戶提到有在服用葉黃素，並表示目前都有在吃一些保健食品。
    3) 客戶提到她拿了三盒XXX產品，但沒有吃那麼多，並記得產品建議一天不要超過三顆。
    4) 客戶表示每天服用幹細胞產品，早晚各兩顆，並曾購買台大幹細胞產品，表示該產品花費了一筆錢。
    5) 客戶提到家中一般都有在服用益生菌。
    6) 專員提到紅藜果膠可以直接用冷水混合，不需要用熱水泡。
    7) 專員提到珍珠鹿角鈣主要是用來顧骨頭。
    8) 專員提到一包一包喝的產品主要是針對心血管方面。

5. 禁忌
    1) 客戶提到目前不需要購買褐藻糖膠產品。
    2) 客戶提到褲子的話是東板有許可時才會購買，並非一定都買。",1
14982278,女,58.0,台中市大甲區,C,雙魚座,3648,否,否,否,否,否,否,是,否,181027.61906,22,112497.14286,14,50439.99999000001,6,50439.99999000001,4,0.0,0,177487.61906000006,18,112497.14286,13,50439.99999,5,50439.99999,4,0.0,0,否,否,否,否,否,否,0,否,否,否,否,否,0,否,否,否,"1. 家庭關係
    1) 客戶有三個小孩，其中最小的正在讀大學。
    2) 客戶提到需要詢問女兒超商的具體位置。

2. 健康狀況
    1) 客戶年齡在55歲以上，接近60歲。
    2) 客戶有時早上起床會感到勞累，下午會覺得懶懶的，關節有時候會感到不適。
    3) 客戶目前感冒尚未完全痊癒，並確認自己感冒了。
    4) 客戶提到缺少運動，因為工作繁忙而無法運動。
    5) 客戶提到服用幹細胞產品時有時會出現抽筋的情況。

3. 職業背景
    1) 客戶提到她有工作，目前經濟上有負擔。
    2) 客戶表示最近比較忙，沒有時間查看專員傳送的資訊。

4. 健康食品使用心得
    1) 客戶有購買並持續服用葉黃素，目前家中還有存貨，並每天服用兩顆，服用時間不固定。
    2) 客戶曾購買過華陀的龜鹿二仙膏，覺得效果還好，且目前尚未吃完，想到才吃，並非每天服用。
    3) 客戶有在加減吃魚油，並服用海藻類產品。
    4) 客戶曾服用B群，但最近較少吃。
    5) 客戶有服用玻尿酸和膠原蛋白，並有食用果凍形式的葉黃素。
    6) 客戶有購買過代餐產品，但目前已經沒有再使用。
    7) 客戶有在吃妍美会產品，且每天服用兩顆，僅自己食用，未與家人分享。
    8) 客戶提到她很認真在吃保健品。

5. 禁忌
    1) 客戶表示目前不需要玻尿酸產品，且沒有去打過玻尿酸。
    2) 客戶平常沒有在吃燕窩。
    3) 客戶目前使用較少刷卡，主要使用其他方式付款。",1
15017743,女,78.0,桃園市中壢區,A,摩羯座,3629,否,否,否,否,否,否,是,否,96099.04762,25,79461.90477000001,15,59608.57143,4,56761.90476,2,0.0,0,58806.66666,5,58806.66666,5,57522.85714,3,56761.90476,2,0.0,0,否,否,否,否,否,否,0,否,否,否,否,否,0,否,否,否,"1. 家庭關係
    1) 客戶有一名女兒，會購買手鏈。
    2) 客戶有一名兒子，會從日本幫她購買健康食品、緊緻產品及年菜，通常一次購買三到五瓶B群，並且每月從日本購買營養品。兒子不與她同住，但每週日晚上會過來。
    3) 客戶的先生目前住院，由客戶照顧。
    4) 客戶家中有一名外籍看護協助照顧。

2. 健康狀況
    1) 客戶有糖尿病，病情嚴重，並伴隨腳麻、無力及走路時容易跌倒的情況。
    2) 客戶有高血壓和心臟問題，並服用醫生開的血糖、血壓及心臟科的西藥。
    3) 客戶曾進行過白內障手術。
    4) 客戶有咳嗽的情況，並會到醫生處檢查及拿藥。
    5) 客戶下午通常會去復健，並有預約看中醫。

3. 職業背景
    1) 客戶目前無提及具體職業，但提到她有在看股票。

4. 健康食品使用心得
    1) 客戶有服用醫生建議的益生菌和酵素類保健食品，並認為日本購買的產品較好。
    2) 客戶曾購買過多種減肥產品，但認為效果不佳。
    3) 客戶曾購買龜鹿雙膠，但覺得沒有效。
    4) 客戶專門使用舒酸定牙膏，已使用數十年。
    5) 客戶曾購買過維他命E，從日本購買，並每天分早中晚服用三顆。
    6) 客戶曾購買過價值五萬多元的產品，但效果尚未顯現。
    7) 客戶平時有在吃保健食品，通常從十億購買，並曾購買過鴕鳥精，目前還有兩箱未吃完。

5. 禁忌
    1) 客戶不吃外面的藥物，僅服用醫生開的藥。
    2) 客戶不吃D3加鈣，認為問題太多且不想購買。
    3) 客戶擔心保健食品可能有副作用。
    4) 客戶目前B群尚未吃完，因此不需要再購買。",1
15035885,女,86.0,新竹市,D+,獅子座,3617,否,否,是,否,否,否,是,否,23965.7143,19,13199.04762,7,2828.57143,1,2828.57143,1,0.0,0,18776.1905,13,13199.04762,7,2828.57143,1,2828.57143,1,0.0,0,否,否,否,否,否,否,0,否,否,否,否,是,0,否,否,否,,1
15055536,女,79.0,新竹縣新豐鄉,E,獅子座,3607,否,否,否,否,否,是,是,否,299285.71424,76,26598.09525,9,5676.19048,6,0.0,0,5676.19048,2,247702.85711,40,26598.09525,9,5676.19048,6,0.0,0,5676.19048,2,否,否,否,否,否,否,0,否,否,否,否,否,0,否,否,否,"1. 家庭關係
    1) 客戶有兒子，每月提供她一萬六的生活費。
    2) 客戶有孫子和孫女，且他們已經大學畢業。
    3) 客戶的媳婦目前在日本。
    4) 客戶的父母身體健康，年齡已超過九十歲。
    5) 客戶有姐妹，曾一起去郵輪旅遊。

2. 健康狀況
    1) 客戶臉部皮膚偏白，但有老化和皺褶的問題。
    2) 客戶認為自己的好皮膚是遺傳自父母。
    3) 客戶平時在家裡運動，保持健康。

3. 職業背景
    1) 未提及具體職業背景。

4. 健康食品使用心得
    1) 客戶曾購買並使用過人參、燕窩、牛樟芝、龜鹿二仙膠等保健食品，並固定食用牛樟芝。
    2) 客戶使用安利產品已有三十年，並購買過安利的高蛋白產品。
    3) 客戶目前每兩天使用一瓶玻尿酸，有時三天使用兩瓶。
    4) 客戶曾使用自然美的平衡滋養霜，表示效果很好且喜歡。
    5) 客戶平時用清水洗臉，不使用肥皂或洗面乳。
    6) 客戶早餐時會搭配茶葉食用。
    7) 客戶認為她的東西很耐用，會選擇好用且耐用的物品。

5. 禁忌
    1) 客戶目前對食品安全問題感到擔憂，因此不敢隨意購買食品。",1
15140346,女,70.0,新北市汐止區,C,摩羯座,3555,是,否,是,是,否,是,是,是,265859.04756000004,170,147106.66659999997,90,55693.33333,32,11588.57142,6,32667.61906,6,118199.99998999995,31,106518.09523000004,26,37475.23811,6,6227.61905,2,31247.61906,4,否,否,否,否,否,否,1,否,否,否,否,否,0,否,否,否,"1. 家庭關係
    1) 客戶有一隻養了12年的紅貴賓犬，狗狗有白內障問題，並正在減肥。
    2) 客戶有一個女兒，目前在國外，曾提到女兒要去澳洲，並可能將商品送給女兒。
    3) 客戶的姐姐嫁到澳洲。
    4) 客戶提到兒子曾搭飛機回來。
    5) 客戶平時一個人住，但家人回來時會一起住。
    6) 客戶家族的朋友已認識四十多年。

2. 健康狀況
    1) 客戶69歲，健康狀況良好，沒有感冒六年，肝功能檢查結果正常，過敏源檢查結果正常。
    2) 客戶有膝蓋軟骨退化問題，曾摔跤導致膝蓋問題加重，並有脊椎側彎及脊椎鋼釘相關問題，曾進行脊椎手術。
    3) 客戶近期有腸胃炎症狀，連續拉肚子三天，並提到身體有發炎情況。
    4) 客戶有灰指甲問題，兩個大拇指有外翻情況，且有異位性皮膚炎。
    5) 客戶提到眼睛疼痛並有刮傷情況，且有服用葉黃素保健眼睛。
    6) 客戶提到自己年紀大，免疫力較弱，近期有開刀計劃，需住院一週，並提到開刀後需避免久站久坐及進行復健。
    7) 客戶有長期晚睡習慣，可能影響肝臟健康，目前在養肝，使用龜鹿膠等產品。
    8) 客戶曾接受大手術，並提到每天服用止痛藥、消炎藥及肌肉鬆弛劑。

3. 職業背景
    1) 客戶的工作性質為責任制，平時朝九晚五，但近期工作較忙，且每天很晚才回家。
    2) 客戶提到她在開店。

4. 健康食品使用心得
    1) 客戶有服用葉黃素、魚油、幹細胞膠囊等保健食品，並提到幹細胞膠囊有淡化皺紋和改善老人斑的效果。
    2) 客戶曾使用蜂膠搭配玫瑰果油，認為具有滋潤和美白淡斑效果，並有服用龜鹿膠養肝。
    3) 客戶每天早上空腹服用兩顆幹細胞膠囊，並注意與醫生藥物的服用間隔。
    4) 客戶曾使用合利他命保健食品，並提到家人有在吃魚油。

5. 禁忌
    1) 客戶不喜歡吃含味精的食物。
    2) 客戶對胡椒過敏，並提到需將相關食物放冰箱保存。",1
15195905,女,44.0,苗栗縣公館鄉,C,天蠍座,3520,否,否,否,否,否,否,是,否,67954.28569,42,27685.714270000008,18,21420.95237,14,20681.90475,13,0.0,0,50793.33332000001,32,22942.857130000008,16,21420.95237,14,20681.90475,13,0.0,0,否,否,否,否,否,否,0,否,否,否,否,否,0,否,否,否,,1
15208660,女,70.0,台中市西屯區,A,射手座,3511,否,是,是,否,否,是,是,否,348427.61902000004,44,226010.47618,16,215774.28571000003,10,208095.23809,8,5676.19048,1,330568.57141000003,34,223467.61904,14,215774.28571,10,208095.23809,8,5676.19048,1,否,否,否,否,否,否,0,否,否,否,否,是,0,否,否,否,"1. 家庭關係
    1) 客戶提到她的老公不支持她購買保養品，但兩人一起從事種菜活動。
    2) 客戶提到她的先生有高血壓，因此她控制先生的飲食，並限制他每週只喝兩次龜鹿膠囊。
    3) 客戶提到她的女兒曾經買過益生菌給她吃，但家裡還有未吃完的益生菌。
    4) 客戶提到她的兒子建議她更換Line帳號。

2. 健康狀況
    1) 客戶提到她快70歲，仍然注重保養，並參加瘦身計畫，對瘦身產品感興趣。
    2) 客戶提到她吸收很好，認為四個月的產品用量對她來說足夠。
    3) 客戶提到她沒有喝酒，也沒有在晚上睡前吃西藥。
    4) 客戶提到她一般中餐吃得比較多，晚餐吃得較少。

3. 職業背景
    1) 客戶未提及具體職業背景。

4. 健康食品使用心得
    1) 客戶目前正在使用NMN保健品，並有在吃納豆。
    2) 客戶提到她通常早上空腹喝保健品，認為早上喝效果更好。
    3) 客戶家中有六盒未吃完的保健品，包括益生菌、星星果油、顧骨頭產品、葉黃素、綠蜂膠、華陀扶元堂的鴕鳥精等。
    4) 客戶提到她已經購買過時空膠囊產品，並曾收到一款名為倍護的產品。
    5) 客戶表示不需要高鼓勵膠囊、B群和葉黃素，因為家中已有足夠的類似產品。

5. 禁忌
    1) 客戶提到她沒有喝酒。
    2) 客戶提到她不需要高鼓勵膠囊、B群和葉黃素，因為家中已有足夠的類似產品。
    3) 客戶提到她的先生有高血壓，因此限制他每週只喝兩次龜鹿膠囊。",1
15317631,女,77.0,新北市中和區,A,天秤座,3431,否,否,是,是,否,是,是,否,780984.7619,51,755367.61904,40,370327.61905,19,317518.09524,10,52809.523810000006,3,776414.2857100001,38,755367.6190399997,31,370327.6190499999,13,317518.09523999994,10,52809.523810000006,3,否,否,否,否,否,否,0,否,否,否,否,否,0,否,否,否,"1. 家庭關係
    1) 客戶的先生八十多歲，退休後每天打太極拳，作息正常，飲食健康，不吃保健品，早上五點半起床，六點開始打太極拳。
    2) 客戶每天五點起床為先生準備早餐，並與先生一起保持健康的飲食習慣，包括吃秋葵和蛋白粉。
    3) 客戶的兒子目前住在台大醫院，已住院十八天，曾中風，右手右腳不靈活，需要鼻胃管，並由看護照顧。兒子有高血壓和糖尿病，需服用藥物和打胰島素，身高約165公分，體重約50多公斤。
    4) 客戶的媳婦希望給兒子吃某種產品。
    5) 客戶有一位五十多歲的看護協助照顧兒子。
    6) 客戶的孫子和兒子曾幫助她處理一些事情。

2. 健康狀況
    1) 客戶有高血壓，血糖和膽固醇偏高，並有帶狀皰疹病史，神經節會痛。
    2) 客戶目前血壓維持正常，血糖問題未改善，並定期三個月抽血一次。
    3) 客戶曾感染帶狀皰疹，接種新冠疫苗後出現神經痛症狀。
    4) 客戶的先生曾中風，手麻腳麻，服用某產品後可以下床走路。

3. 職業背景
    1) 客戶的兒子在國泰大樓擔任保全工作，目前因中風住院。
    2) 客戶提到自己不會開車，並且需要去中華電信解決電話封鎖問題。

4. 健康食品使用心得
    1) 客戶曾經服用過粒線體產品、蚓激酶、再生瓶、外米提、安瓶和幹細胞產品，但對部分產品效果感到困惑，並表示吃太多保健品不好。
    2) 客戶剛開始一天喝兩支粒線體產品，後來改為早上空腹喝一支，對其效果表示關注，詢問是否能活化細胞。
    3) 客戶通常飯前吃安瓶和幹細胞產品，早上五點多會服用兩瓶安瓶，並在早上運動。
    4) 客戶曾經喝過激活產品，並對安利產品有使用經驗，但目前不再購買。
    5) 客戶購買產品主要是為了給兒子使用。

5. 禁忌
    1) 客戶不喜歡吃保健類產品，並且大哥不讓她吃這些產品。
    2) 客戶不吃麻辣鍋，不喜歡吃太甜的食物和勾芡的料理，認為湯裡的脂肪多，建議連肉一起吃以攝取蛋白質。
    3) 客戶對於蚓激酶產品表示不需要，並表示不想再購買新的保健品，因為家中還有很多未使用完的產品。",1
15317874,男,66.0,新北市板橋區,B,處女座,3431,否,否,否,否,否,否,是,否,65429.52381,15,44362.85713999999,6,38705.71428,5,38705.71428,5,0.0,0,50962.85714,8,44362.85713999999,6,38705.71428,5,38705.71428,5,0.0,0,否,否,否,否,否,否,0,否,否,否,否,否,0,否,否,否,"1. 家庭關係
    1) 客戶提到家中只有兩個人。
    2) 客戶曾幫家人購買葉黃素和綠蜂膠。
    3) 客戶表示家裡的長輩有在服用葉黃素，並認為某品牌效果較好，要求購買該品牌。

2. 健康狀況
    1) 客戶目前密集會議較多，工作忙碌，可能未使用健康專案紅利金。
    2) 客戶表示目前正在開會，下午兩點後才方便接電話。
    3) 客戶接受建議，服用B群時會與醫生開的藥分開至少一小時以上。

3. 職業背景
    1) 客戶表示工作期間不方便接聽電話，顯示工作忙碌且密集會議較多。
    2) 客戶提到需要購買東西時會主動聯絡專員。

4. 健康食品使用心得
    1) 客戶曾購買東森的妍美会葉黃素產品，用於顧眼睛，並詢問一天服用幾顆，接受建議根據眼睛狀況調整劑量。
    2) 客戶表示有開始服用葉黃素，並接受建議飯後服用。
    3) 客戶曾訂購保養品和益生菌，但目前未服用益生菌或其他保健類產品。
    4) 客戶選擇貨到付款方式購買B群保健食品，並詢問B群的種類和成分。
    5) 客戶提到自己曾從中國大陸購買龜鹿二仙膠，目前還有存貨。

5. 禁忌
    1) 客戶表示服用B群時會與醫生開的藥分開至少一小時以上。
    2) 客戶目前不缺衛生紙和洗髮精等生活用品。",1
15327330,男,47.0,新竹縣芎林鄉,A,射手座,3424,否,是,否,是,否,是,是,否,1006237.14289,67,775186.6666900004,33,85750.47621,16,44000.0,2,41750.47621,11,990457.14289,58,775186.6666900001,28,85750.47620999998,13,44000.0,2,41750.47621000001,11,是,否,否,否,否,否,0,否,否,否,是,否,1,否,否,否,"1. 家庭關係
    1) 客戶有兩個小孩，一個兒子和一個女兒，並與小孩住在一起。
    2) 客戶的兒子目前是國中生，暑假沒有安排出去玩，因為兒子要升國三。
    3) 客戶的母親住在南部，習慣從美國購買高單位納豆等保健品，並認為效果很好。
    4) 客戶的母親需要桃紅色XL尺寸的商品。

2. 健康狀況
    1) 客戶去年曾經開刀，之後感覺頭髮生長速度變慢。
    2) 客戶在八月初進行了膽結石手術，住院三天後出院，傷口很小。
    3) 客戶每天早上需要先吃藥，之後再服用保健品。
    4) 客戶的身高約160公分，體重約60多公斤。
    5) 客戶有在注意健康相關資訊。

3. 職業背景
    1) 客戶目前有工作，並提到下週一會回去上班。
    2) 客戶在七月八號和下週三下午有工作會議，無法參加其他活動。
    3) 客戶對投資理財類的活動興趣不明確，未明確表示願意收到通知。

4. 健康食品使用心得
    1) 客戶每天服用幹細胞產品，早餐後服用一顆，但專員建議每天早餐後服用兩顆。
    2) 客戶目前在吃乳新德路新的產品和合利他命。
    3) 客戶去日本時會購買一年的燕窩回來。
    4) 客戶提到他們的綜合維他命、益生菌、魚油和葉黃素產品。
    5) 客戶的母親從美國購買高單位納豆等保健品，並認為效果很好。
    6) 客戶提到他已經在吃很多保養品，擔心再吃下去會沒有存多少有效成分。
    7) 客戶曾購買過黃彩身、才報天王和類似唐朝離職的產品，對後者評價不錯。
    8) 客戶對於買一送一的優惠組合有興趣。

5. 禁忌
    1) 客戶目前不需要益生菌、血管保養的蚓激酶和萬歲牌的小魚幹產品。
    2) 客戶對石墨烯棉被和紅財神產品沒有需求。
    3) 客戶目前沒有考慮購買新的健康產品。
    4) 客戶不想再分期付款，因為有時需要刷大筆金額，並考慮使用ATM轉帳或現金支付。",1
15352091,女,67.0,新北市土城區,D,射手座,3408,否,否,是,否,否,是,是,否,110568.57143,61,70400.95238,39,13035.2381,7,6416.19048,4,5676.19048,2,31457.142870000003,16,25420.000010000003,14,3399.04762,2,3399.04762,2,0.0,0,否,否,否,否,否,否,0,否,否,否,否,是,0,否,否,否,"1. 家庭關係
    1) 客戶家中共有三人，包括先生和孫子，孫子目前就讀家附近的國小。
    2) 客戶提到孫子需要照顧，並且有幫孫子送餐。
    3) 客戶的兒子和媳婦曾打電話給她，過年期間由媳婦安排外出餐廳用餐。

2. 健康狀況
    1) 客戶有高血壓，並且有慢性發炎問題，需避免高熱量、油炸食品及刺激性食物。
    2) 客戶腸胃敏感，容易脹氣，近期有腸胃發炎情況，曾使用益生菌和酵素進行腸胃保養。
    3) 客戶眼睛容易過敏，天氣熱時乾癢，使用人工淚液滋潤。
    4) 客戶曾有乳糖不耐症，早上空腹喝牛奶會拉肚子，改在晚上飲用。
    5) 客戶喉嚨不適，曾因細菌感染導致咽喉炎，目前仍未痊癒。
    6) 客戶正在進行植牙手術，骨頭不夠需修復，花費約十幾萬台幣，並正在修養。

3. 職業背景
    1) 客戶是一位家庭主婦，強調需要精打細算，不能亂花錢。
    2) 客戶表示近期忙於家務，並且資金有限。

4. 健康食品使用心得
    1) 客戶有服用葉黃素，主要選擇金盞花葉黃素，通常飯後服用，並認為效果較好。
    2) 客戶有服用酵素，主要針對腸胃健康及排便順暢。
    3) 客戶有服用魚油及靈芝相關保健品，並搭配使用。
    4) 客戶每天會泡一罐營養補充品飲用，並曾購買龜鹿膠囊和草本膏。
    5) 客戶曾訂購萬歲牌堅果，主要給家人食用，並表示堅果油會給兒子使用。

5. 禁忌
    1) 客戶需避免高熱量、油炸食品及刺激性食物，並表示堅果類目前不能食用。
    2) 客戶不喜歡使用網路購物，偏好貨到付款方式。
    3) 客戶先生不喜歡吃魷魚干，且曾使用草本霜但效果不佳。
    4) 客戶表示西藥吃太多可能對肝臟造成不良影響，因此選擇中藥調理。
    5) 客戶提到不要搬重物，可能與身體狀況有關。",1
15359458,女,71.0,高雄市鳳山區,C,雙子座,3403,否,否,是,是,否,是,是,否,244777.14287000004,143,79352.38097,41,39966.666670000006,14,7117.14286,1,15789.523820000002,5,166893.33333,83,51849.523830000006,23,29820.95239,8,7117.14286,1,14189.523820000002,4,否,否,是,否,否,否,0,否,否,否,否,是,0,否,否,否,"1. 家庭關係
    1) 客戶有三個女兒，且三個女兒都很孝順，並且都已經成年且購買了房子，且是由她們自己支付的。
    2) 客戶的兒子和老公目前在家，兒子曾提到一些事情，但未明確說明內容。
    3) 客戶的女兒會回家，且曾送她保養品。
    4) 客戶提到家人需要酵母菌產品。
    5) 客戶的老婆有肥胖問題。
    6) 客戶提到她的寶寶在旁邊。

2. 健康狀況
    1) 客戶有高血壓，醫生表示她體內有高蛋白相關的病症，並提到她有糖分的問題。
    2) 客戶每天都會拉肚子，且每天半夜會想喝水。
    3) 客戶每三個月檢查一次腎臟，腎臟狀況良好。
    4) 客戶提到白內障相關問題，但未明確表示自己患有白內障。
    5) 客戶一年四季都不蓋棉被，冬天也不蓋，只是穿襪子取暖。
    6) 客戶晚上十點半睡覺。

3. 職業背景
    1) 客戶已經退休，目前年齡七十多歲。
    2) 客戶提到今天沒有上班。

4. 健康食品使用心得
    1) 客戶每天吃雞蛋、益生菌和防癌的保健食品，並早晚各吃一顆保養品。
    2) 客戶目前服用幹細胞和顧骨頭的保健品，並購買很貴的鈣。
    3) 客戶有B群保健品，但不常吃，且認為健康食品吃太多不好。
    4) 客戶認為人參直接吃會燥熱，因此選擇萃取人參中的活性皂苷來食用。

5. 禁忌
    1) 客戶不能吃魚油，並曾告知專員。
    2) 客戶不喜歡使用面膜。",1
15363669,男,62.0,桃園市八德區,D,雙子座,3400,否,否,否,否,否,是,是,否,111489.52373,87,39459.99999000001,27,12941.904750000002,10,3399.04762,2,0.0,0,93784.76183,73,35764.7619,24,9246.66666,7,3399.04762,2,0.0,0,否,否,否,否,否,否,0,否,否,否,否,否,0,否,否,否,"1. 家庭關係
    1) 客戶提到配偶會使用日語。
    2) 客戶住在桂林，並表示住在一千多戶的大型住戶區。

2. 健康狀況
    1) 客戶有運動習慣，骨頭和關節狀況良好，無痠痛感。
    2) 客戶身高在160到165公分之間，體重約70公斤。
    3) 客戶提到降壓藥，但未明確表示自己是否服用。
    4) 客戶表示晚上吃B群有助於入眠，可能因身體缺乏大量B群。

3. 職業背景
    1) 客戶表示工作繁忙，電話不一定能接到。

4. 健康食品使用心得
    1) 客戶每天服用葉黃素，早晚各一次，並有服用B群作為保養品。
    2) 客戶目前仍在服用挺立鈣，兩天服用一顆，但不習慣定狀形式。
    3) 客戶曾購買萬歲牌堅果及小魚干，表示小魚干尚未吃完，且是自己慢慢吃。
    4) 客戶曾購買奧利塔橄欖油，喜歡該品牌，並累積了回饋金。
    5) 客戶曾購買玄米油，但目前不需要，並偏好玻璃瓶裝的油品。
    6) 客戶表示不敢吃某些保健食品，可能偏好非口服的健康產品。

5. 禁忌
    1) 客戶拒絕寶特瓶裝的油品，偏好玻璃瓶裝。
    2) 客戶提到不想購買某些商品。",1
15373860,女,72.0,新北市深坑區,D,雙子座,8498,否,否,否,否,否,否,是,否,11567.61907,12,3321.90477,4,475.2381,1,475.2381,1,0.0,0,2768.57144,4,1912.38096,3,475.2381,1,475.2381,1,0.0,0,否,否,否,否,否,否,0,否,否,否,否,否,0,否,否,否,,1
15439742,男,68.0,高雄市三民區,E,雙子座,3341,否,否,否,否,否,否,是,否,239010.47616,156,41252.380950000006,26,10815.2381,10,1893.33334,3,0.0,0,177641.90473999997,113,41252.38095,26,10815.2381,10,1893.33334,3,0.0,0,否,否,否,否,否,否,0,否,否,否,否,否,0,否,否,否,"1. 家庭關係
    1) 客戶目前住在屏東，家中有人行動不便，需要幫忙搬運物品。
    2) 客戶提到她的先生住在屏東，家裡只有她一個人住。
    3) 客戶有一個50歲的兒子，尚未結婚，曾經去過日本。
    4) 客戶提到她的外甥女40歲未婚，喜歡跑步和游泳；侄女快50歲未婚，也喜歡跑步和游泳，並參加過日本的跑步活動。
    5) 客戶提到她的寶貝在台灣，對她的健康有幫助。

2. 健康狀況
    1) 客戶67歲，曾患有肝病，包括肝指數異常和肝臟損傷，過去因過度勞累影響健康。
    2) 客戶有高血壓，偶爾感冒，並提到流感很多。
    3) 客戶有過敏，但未明確提到是對化妝品過敏。
    4) 客戶提到空調太冷會感到不適，並提到男孩子需要多曬太陽。
    5) 客戶提到飲食清淡，並關注美白相關內容。

3. 職業背景
    1) 客戶目前從事美容相關業務，工作性質有時在室內，有時在室外。
    2) 客戶過去在和三廠工作一年多，工作時間長且勞累，經常熬夜，影響健康。
    3) 客戶提到目前需要工作，並有加班經歷，且準備機車以便加班後快速行動。
    4) 客戶提到她開貨車，並有時在外地工作。

4. 健康食品使用心得
    1) 客戶曾購買過陳美鳳代言的保健食品，但尚未吃完，也未感受到效果。
    2) 客戶有在吃參片、鈣片、益生菌、B群，並提到上次購買的葉黃素效果不佳。
    3) 客戶提到曾購買紅麴產品，並提到中國進口的紅麴產品有問題。
    4) 客戶提到多吃魚可以減少老人痴呆症的風險，並提到過去小時候有吃合利他命，且同意以優惠價格購買合利他命升級版。
    5) 客戶提到六月時有提到骨膠原產品，並最近有使用幹細胞產品。

5. 禁忌
    1) 客戶不喜歡使用蘋果手機，偏好三星手機，並對三星手機的品質表示滿意。
    2) 客戶不喜歡吵架、被騙或鑽牛角尖，害怕開刀，通常選擇自己承擔事情。
    3) 客戶不喜歡穿高跟鞋開車，認為不安全，並會提醒別人在開車時注意安全。
    4) 客戶提到她不需要購買太多生活用品，並對食物品質要求高，特別是醬油的選擇。
    5) 客戶提到她不會再去大陸，認為那邊很危險。",1
15451428,女,61.0,桃園市平鎮區,Z,摩羯座,3331,否,否,是,否,否,否,是,否,20970.47617,10,10431.42856,3,4744.7619,1,4744.7619,1,0.0,0,12179.99998,5,10431.42856,3,4744.7619,1,4744.7619,1,0.0,0,否,否,否,否,否,否,0,否,否,否,否,否,0,否,否,否,"1. 家庭關係
    1) 客戶家中有多人服用益生菌，且家人排便狀況良好。
    2) 客戶提到有親戚正在洗腎，並關注益生菌是否適合糖尿病或洗腎患者食用。

2. 健康狀況
    1) 客戶表示目前身體沒有特別不舒服的地方，且沒有骨頭或關節方面的症狀。
    2) 客戶的排便情況正常，並未因服用益生菌有明顯改善，但偶爾提到有便秘情況。
    3) 客戶服用益生菌是希望改善腸道健康並消除脂肪肝。

3. 職業背景
    1) 未提及具體職業背景。

4. 健康食品使用心得
    1) 客戶表示不習慣吃保養品，之前購買的保養品常常放到過期，且沒有吃保健食品的習慣，容易忘記服用。
    2) 客戶曾在2018年購買過膠原蛋白飲，但之後未再回購。
    3) 客戶每天服用益生菌，但一天僅服用一顆，並未感受到特別效果。
    4) 客戶提到乳霜狀保養品的使用心得，白色瓶蓋適合夏季使用，較清淡；青色瓶蓋較油，尚未使用完。
    5) 客戶表示益生菌主要是給家人服用，自己偶爾服用。

5. 禁忌
    1) 客戶關注益生菌產品的含糖量，認為許多產品含糖量較高。
    2) 客戶表示暫時不需要購買新的商品，會先查看是否有缺什麼再決定。",1
15454637,女,66.0,新竹縣竹東鎮,D,水瓶座,3328,否,否,否,否,否,是,是,否,13900.952390000002,11,5530.4762,5,475.2381,1,475.2381,1,0.0,0,2551.42858,2,2551.42858,2,475.2381,1,475.2381,1,0.0,0,否,否,否,否,否,否,0,否,否,否,否,否,0,否,否,否,,1
15493677,女,70.0,桃園市桃園區,Z,天秤座,3293,否,否,否,否,否,是,是,否,51156.19045999999,30,11812.38095,8,10869.52381,7,0.0,0,2647.61905,1,12933.33332,7,2647.61905,1,2647.61905,1,0.0,0,2647.61905,1,否,否,否,否,否,否,0,否,否,否,否,否,0,否,否,否,"1. 家庭關係
    1) 客戶提到某人月底才回來。
    2) 客戶提到相關人員目前在美國，可能要到五月才回來。

2. 健康狀況
    1) 客戶未提及具體健康狀況，但根據備註，她是一位69歲的女性。

3. 職業背景
    1) 客戶未提及具體職業背景。

4. 健康食品使用心得
    1) 客戶未提及健康食品使用心得。

5. 禁忌
    1) 客戶表示她常常不接電話。
    2) 客戶詢問床墊是否可以用洗衣機清洗，可能對清潔方式有特定要求。",1
15514452,女,57.0,新北市板橋區,A,天蠍座,3276,否,否,是,是,否,是,是,否,5247654.285629999,307,1880938.09515,118,637546.66664,43,585291.4285600001,24,40838.09524,5,5236989.5237300005,301,1880938.09515,116,637546.6666399998,42,585291.4285600001,24,40838.09524,5,否,否,否,否,否,否,1,否,否,是,是,否,0,否,否,否,"1. 家庭關係
    1) 客戶有一個32歲的兒子和一個女兒，女兒目前在高三就讀，曾在專科畢業後可能幫助她還貸款，並有打工經歷。
    2) 客戶的兒子目前在高雄讀大三，曾在軍校學習，現在在飲料店和餐飲業工作，自力更生支付生活費和學費，但有抽菸和喝飲料的習慣。
    3) 客戶的母親退休後沒有收入，生活節儉。
    4) 客戶提到她的父親健康狀況不佳，需要打工。
    5) 客戶提到她的家庭支出包括父母的支出，並提到家裡有人有糖尿病。
    6) 客戶提到她的兒子與樓上住戶因漏水問題發生過衝突。

2. 健康狀況
    1) 客戶有甲亢、腎臟問題、脂肪肝、眼壓高、慢性過敏性結膜炎、乾眼症、牛皮癬、退化性關節炎、睡眠不足、長期發炎、視力問題、微血管容易破裂等健康問題。
    2) 客戶提到自己懷孕時有妊娠高血壓，生產後住院，並由母親幫忙照顧。
    3) 客戶的體檢報告顯示血紅素偏低，可能與基因有關，並提到女兒可能遺傳了紅血球相關問題。
    4) 客戶提到腸胃不好，醫生開了飯前的藥，並曾經食物中毒。
    5) 客戶提到她的作息不正常，經常熬夜，導致身體出現問題，容易疲勞。
    6) 客戶提到她的情緒不穩定，容易受他人影響，並有壓力大和焦慮的情況。

3. 職業背景
    1) 客戶目前在家族辦公室工作，負責老闆的私人投資、國內轉投資業務、銀行業務及資金調度，工作壓力大且環境不喜歡。
    2) 客戶的公司實行責任制，通常不支付加班費，且工作偏向紙本作業，操作不便。
    3) 客戶的主管因生病而居家辦公，腦部有健康問題。
    4) 客戶曾在特種行業工作，對該領域熟悉。

4. 健康食品使用心得
    1) 客戶有使用魚油、葉黃素、B群、薑黃素、白藜蘆醇、幹細胞產品、益生菌、蚓激酶、人蔘等保健品，對部分產品效果滿意，但對幹細胞產品的包裝和第二代產品的口感不滿意。
    2) 客戶提到她的兒子和女兒也有使用相關保健品，兒子有時會吃排毒產品和乳酸菌，女兒有時喝保健品。
    3) 客戶提到她的同事送她含有葉黃素和魚油的綜合維他命，並提到她每天服用薑黃素，效果不錯。

5. 禁忌
    1) 客戶不吃甜點、不喝牛奶、不吃肉，並對某些水果如鳳梨不喜歡。
    2) 客戶提到她吃B群後會睡不著，並對膠囊顏色變化表示疑慮。
    3) 客戶提到她目前不敢吃幹細胞相關產品，並對某些產品的成分和效果有疑問。",1
15521038,男,53.0,桃園市八德區,C,獅子座,3270,否,否,否,否,否,否,是,否,35215.23809,11,32100.952379999995,9,28694.28571,5,28694.28571,5,0.0,0,29074.28571,6,29074.285710000004,6,28694.28571,5,28694.28571,5,0.0,0,否,否,否,否,否,否,0,否,否,否,否,否,0,否,否,否,"1. 家庭關係
    1) 客戶表示家裡只有母親，並提到要與母親溝通送貨事宜。
    2) 客戶表示自己未婚，且單身多年，並提到自己不喜歡有太多束縛。

2. 健康狀況
    1) 客戶提到自己有服用過敏藥物及中醫藥物。
    2) 客戶表示自己已經有在吃益生菌，且持續多年，並提到益生菌的服用方式有分飯前與飯後。
    3) 客戶提到自己曾經健身房運動，但最近因工作繁忙，已無法運動。
    4) 客戶表示年紀較大，認為不需要再購買房產。

3. 職業背景
    1) 客戶提到自己目前在工地工作，工作時間不固定，通常是早上八點上班，下午五點下班，但最近因工作量大，常加班到六點半或七點半，甚至週末也需工作。

4. 健康食品使用心得
    1) 客戶提到自己有使用過其他保健食品，並已經持續多年服用益生菌。
    2) 客戶提到之前購買了白蘭氏葉黃素，但尚未開始使用，並表示不需要保護心血管的魚油或顧眼睛的葉黃素。

5. 禁忌
    1) 客戶表示自己沒有使用保養品，但也提到有在服用保養品，未詳細說明具體品牌或種類。
    2) 客戶表示近十年內未曾購買房產，且未來五年內沒有購買房產的計劃。",1
15521976,女,54.0,嘉義縣六腳鄉,B,水瓶座,3269,否,否,是,是,否,是,是,否,843569.52388,114,385346.66671,51,138385.71429,18,118784.76189999998,8,2238.09524,1,828890.4762499998,103,382039.04766,46,135078.09524,13,118784.76189999998,8,2238.09524,1,否,否,否,否,否,否,0,否,否,否,否,否,0,否,否,否,"1. 家庭關係
    1) 客戶目前與家人同住，有三個小孩，其中一位女兒從事交易相關工作，另一位女兒曾建議她參加運動中心的課程。
    2) 客戶的先生年紀已超過八十歲，家人中有一位已退休且年紀較大。
    3) 客戶的母親曾工作三十年後退休，擁有兩筆退休金，並計劃在六十歲後領取部分退休金。
    4) 客戶的母親眼睛狀況不佳，曾開刀並計劃換人工關節。
    5) 客戶的兒子和女兒有健康意識，兒子使用橄欖油烹飪，女兒有過敏性體質並服用魚油。

2. 健康狀況
    1) 客戶目前正在進行癌症治療，包括標靶治療和電療，治療過程順利，恢復良好，預計今年五月完成。
    2) 客戶患有B肝，定期追蹤健康狀況，並有代謝異常和更年期症狀。
    3) 客戶的血壓穩定，藥物劑量已減少，總膽固醇偏高，右腳有健康問題需按摩緩解。
    4) 客戶體質偏寒冷，腸胃敏感，曾有宿便問題，近期確診新冠並有頭痛後遺症。
    5) 客戶有鼻子過敏，天氣變化時容易發作，並有舌燥情況。

3. 職業背景
    1) 客戶目前沒有工作，收入有限，但計劃明年三月回去上班。
    2) 客戶曾經在工作中非常負責任，重視工作崗位，並提到過年期間需要輪班上班。

4. 健康食品使用心得
    1) 客戶目前服用褐藻和葉黃素，對其效果滿意，並有分期付款購買葉黃素的需求。
    2) 客戶曾服用青春錠和益生菌，但因身體狀況或效果減弱而停止使用。
    3) 客戶認為氨基酸產品和香檳茸產品效果良好，對修復燙傷和改善小毛病有幫助。
    4) 客戶注重營養，晚餐會準備兩樣菜和一樣有蛋白質的肉，並在晚餐後服用營養品。
    5) 客戶對保健食品的使用有顧慮，擔心不適合自己的身體狀況。

5. 禁忌
    1) 客戶不吃鴨肉，對某些食物敏感，吃後容易拉肚子。
    2) 客戶的母親不喜歡鹿茸角，且家人目前正在接受療程，不適合飲用某些飲品。
    3) 客戶對粉狀奇異果產品和過於營養的面膜表示擔憂，認為可能會引起不適。",1
15532651,女,67.0,台南市安平區,C,巨蟹座,3260,否,否,是,否,否,是,是,否,607324.76196,178,100191.42859000002,25,9494.28571,3,9487.61904,2,0.0,0,426252.38091,72,100184.76192,24,9487.61904,2,9487.61904,2,0.0,0,否,否,否,否,否,否,0,否,否,否,否,否,0,否,否,否,"1. 家庭關係
    1) 客戶有四個孩子，其中兩個兒子在身邊，一個兒子在台北工作，女兒和女婿住在桃園。
    2) 客戶的兒子在台北工作，薪水高，但因投資失敗，客戶用退休金幫他還款，金額約一百萬，並將兒子的帳戶轉移到自己名下。
    3) 客戶的女兒曾購買葉黃素和顧骨頭的產品給她，並且客戶以前幫女兒照顧小孩。
    4) 客戶的兒子很孝順，會提醒她吃保健品。

2. 健康狀況
    1) 客戶有鼻竇炎，曾開過兩次刀，但效果不佳，仍有鼻塞、流血及鼻息肉問題，且晚上睡覺時有時會鼻塞。
    2) 客戶最近做了一個小手術，正在恢復中，醫生表示恢復情況不錯，但目前仍無法走路。
    3) 客戶的手術費用需自費，金額約五萬八，且不在二代健保支付範圍內，保險理賠尚未確定。
    4) 客戶開刀時傷到眼睛，導致視神經受損，體重正在恢復中。
    5) 客戶有時半夜會起來上廁所一到兩次，並曾使用植物性產品改善更年期荷爾蒙問題。
    6) 客戶對大豆異黃酮補充持謹慎態度，因為之前有乳房問題。

3. 職業背景
    1) 客戶目前在水果店打工，工作時間為凌晨四點半到晚上八點，並認為保持忙碌有助於身心健康。
    2) 客戶曾在公家機關工作過，現在還在做兩份工作，其中一份是週末在緬甸工作。

4. 健康食品使用心得
    1) 客戶曾購買並使用過白藜蘆醇、蚓激酶、心血管保健品、益生菌、維他命C、葉黃素等產品，對於白藜蘆醇和益生菌的效果表示滿意，特別是華陀品牌的益生菌，使用後隔天排便有改善。
    2) 客戶對於除皺效果的產品、葉黃素和洗衣精產品有興趣，並同意購買妙管家的洗衣精。
    3) 客戶早晚各服用一顆某產品，並知道某產品有抗發炎功效。

5. 禁忌
    1) 客戶對大豆異黃酮的補充持謹慎態度，因為之前有乳房問題。
    2) 客戶對鼻竇炎手術效果表示懷疑，認為手術後效果不佳。",1
21005318,女,55.0,屏東縣長治鄉,C,處女座,9510,否,否,是,是,否,是,是,否,226169.66666,63,169793.33332999996,29,15050.47619,7,0.0,0,6627.61905,2,147830.47619,14,137850.47619,11,6627.61905,2,0.0,0,6627.61905,2,否,否,是,否,否,否,0,否,否,否,否,否,0,否,否,否,"1. 家庭關係
    1) 客戶與家人同住，家中有三個孩子，其中兩個是女兒，一個是兒子，最小的孩子已經上大學，年齡約20至23歲。
    2) 客戶的老公長期從事務農工作，膝蓋不好，並有在喝人蔘精。
    3) 客戶提到家中每月開銷大約在一萬五到兩萬之間。

2. 健康狀況
    1) 客戶有高血壓，每天早上需服用高血壓藥物，並定期到診所檢查健康指標。
    2) 客戶有三高，血脂偏高，但沒有糖尿病。
    3) 客戶提到目前有掉頭髮和睡眠問題。
    4) 客戶平時飲食偏重口味，且長期久坐。
    5) 客戶的老公膝蓋不好，可能與長期務農有關。

3. 職業背景
    1) 客戶是上班族，工作性質需要長時間久坐。
    2) 客戶提到她這幾天不在公司，但禮拜日有在公司，並確認禮拜一有上班。

4. 健康食品使用心得
    1) 客戶目前正在服用活泉幹細胞產品，每天服用一到兩顆，尚未吃完，並計劃暫停一段時間。
    2) 客戶之前有飲用粒線體產品，但目前已停止使用。
    3) 客戶每天喝一支保健品，搭配300cc的水。
    4) 客戶之前購買過黃金貝產品、華陀漢方中西合併的益生菌及其他保健食品，但部分產品已停止使用或尚未食用。
    5) 客戶的朋友曾提供一些產品給她，並且她的同事對三倍關鍵和非變性二型膠原蛋白的價格感興趣。
    6) 客戶的老公和她曾一起服用幹細胞產品。
    7) 客戶目前有購買美容產品，但從其他品牌購買。
    8) 客戶提到有時候會忘記服用購買的商品。

5. 禁忌
    1) 客戶不擦保養品，且沒有使用面霜的習慣。
    2) 客戶平時不喝咖啡，但偶爾喝茶。
    3) 客戶請專員記錄如何服用商品以及哪些東西不能一起食用。",1
21007575,女,78.0,宜蘭縣礁溪鄉,D+,摩羯座,9502,否,否,否,是,否,是,是,否,1784656.23808,458,232700.9524599999,130,70980.00001999999,37,13428.57143,5,10672.38096,6,27751.42856,11,3027.61905,2,2266.66667,1,0.0,0,2266.66667,1,否,否,否,否,否,否,0,否,否,否,否,否,0,否,否,否,"1. 家庭關係
    1) 客戶有三個小孩，其中小兒子會幫忙收貨。
    2) 女兒會幫助購買需要的產品及化妝品。
    3) 媳婦是一名美容師。

2. 健康狀況
    1) 客戶提到自己有記憶退化的情況。
    2) 客戶提到便秘的問題，但未明確表示自己是否有此問題。

3. 職業背景
    1) 客戶目前已經77歲，未提及具體職業。
    2) 客戶提到現在有請司機。

4. 健康食品使用心得
    1) 客戶曾購買過維骨力產品，但未提及具體使用心得。
    2) 客戶每天早上空腹飲用一瓶營養飲品。

5. 禁忌
    1) 客戶每天早上進行消脂氣功，可能對健康管理有特定需求。
    2) 客戶未表達對特定代言產品的興趣或了解。",1
21013385,女,64.0,屏東縣潮州鎮,C,雙魚座,9480,否,是,是,是,否,是,是,否,979946.95258,420,293924.7619599999,106,100713.33334999996,32,25115.2381,7,7435.23808,7,13285.71429,5,5657.14286,2,5657.14286,2,5657.14286,2,0.0,0,否,否,是,否,否,否,0,否,否,否,否,否,0,否,否,否,"1. 家庭關係
    1) 未提及具體家庭成員或關係。

2. 健康狀況
    1) 客戶有購買葉黃素來保養眼睛，可能有眼部保健需求。

3. 職業背景
    1) 客戶在菜市場工作，主要從事素食食材的銷售。
    2) 工作時間為每天到下午兩三點。

4. 健康食品使用心得
    1) 客戶已經擁有葉黃素，並提到其用於保養眼睛。
    2) 客戶曾訂購過一款名為「美麗先過」的產品，並在電視平台上以特價購買。

5. 禁忌
    1) 客戶未提及具體禁忌事項。",1
21017643,男,60.0,新北市新店區,C,金牛座,9468,否,否,是,是,否,是,是,否,530910.52384,273,59998.09524000001,19,36857.14286,8,32238.09524,3,1885.71429,1,57551.42857,11,49989.52381,9,32999.04762,4,32238.09524,3,0.0,0,否,否,是,否,否,否,0,否,否,否,是,否,0,否,否,否,"1. 家庭關係
    1) 客戶提到家族有高血壓的遺傳問題。

2. 健康狀況
    1) 客戶有三高（高血壓、高血糖、高血脂）問題，並且患有心臟病。
    2) 客戶有脂肪肝和老花眼，並提到眼睛退化的問題。
    3) 客戶定期回診控制高血壓和血糖問題，並服用相關慢性處方簽藥物。
    4) 客戶早上服用慢性藥，並在服藥後約一個半小時進行其他活動。
    5) 客戶提到空腹狀況還好，未提到食慾控制需求。
    6) 專員建議客戶晚上睡覺時注意水量補充，因為天氣太熱影響新陳代謝。

3. 職業背景
    1) 客戶目前正在上班，工作時間為早上八點半開始。
    2) 客戶表示自己忙碌，近期無法專注於其他事務。
    3) 客戶表示對藝術品投資沒有興趣，並希望將機會讓給其他人。

4. 健康食品使用心得
    1) 客戶每天服用一顆南瓜籽保健食品，目前還有五盒，並計劃六盒吃完後再看效果。
    2) 客戶曾服用葉黃素，但認為效果不佳，因此停止使用。
    3) 客戶目前仍在服用魚油，每天服用一顆，但尚未服用完，並表示很少吃魚油，認為不需要再使用。
    4) 客戶曾使用人工淚液，但效果有限，因此未再使用。
    5) 客戶曾使用過蚓激酶產品，但有時候會忘記服用，並表示目前不用蚓激酶產品。
    6) 客戶曾購買超濃縮產品，但未提到具體效果。

5. 禁忌
    1) 客戶表示目前不需要購買維他命C產品。
    2) 客戶表示目前沒有購買商品的需求。
",1
21020776,男,63.0,新北市土城區,A,水瓶座,9461,否,是,是,否,否,是,是,否,2475196.42864,575,1203549.52384,174,462633.33333999984,47,362087.61903,17,24078.09525,10,1487285.52382,207,1154592.3809599995,150,457076.19047999993,44,362087.61903,17,24078.09525,10,是,否,是,否,否,否,0,是,否,是,否,否,0,否,否,否,"1. 家庭關係
    1) 客戶與家人同住，有兩個子女，其中一個在外縣市，約每三個月與家人聚會一次。
    2) 客戶的妻子有在使用健康食品，如葉黃素、益生菌、維骨力等，並對其效果感到滿意。
    3) 客戶的姐姐也開始服用蚓激酶，並曾幫姐姐訂購保養品。
    4) 客戶家中養有兩隻狗，由妻子每週帶去洗澡。
    5) 客戶和家人喜歡吃牛小排，並支持捐贈健康狗糧。

2. 健康狀況
    1) 客戶血糖和血壓多年來維持正常，血壓約120多，並有慢性處方簽。
    2) 客戶有B型肝炎病史，曾進行肝臟健康追蹤，情況穩定後停止服藥。
    3) 客戶提到有骨刺問題，並希望改善精神狀況。
    4) 客戶偶爾會喝無糖飲料，並很少抽菸喝酒。
    5) 客戶每年在流感季節接種流感疫苗，已持續十多年。

3. 職業背景
    1) 客戶從事自營工作，主要在東森從事修理工作，工作地點不固定，經常在外面工作。
    2) 客戶從二十幾歲開始從事目前的工作，並持續至今。

4. 健康食品使用心得
    1) 客戶每天服用葉黃素兩顆，對其效果感到滿意，並考慮在活動期間購買。
    2) 客戶每天早晚各服用一顆幹細胞產品，感覺效果不錯，之前有不適情況改善。
    3) 客戶每天早晚各服用一顆蚓激酶，雖無明顯感覺，但檢查數據有改善。
    4) 客戶和妻子每天各喝一支激活安瓶，感覺飲用順口，無不適。
    5) 客戶曾購買南瓜籽產品，每天服用兩顆，並對其效果滿意。
    6) 客戶提到玻尿酸產品效果明顯，並希望在特價時被通知。
    7) 客戶的妻子覺得維骨力有效，並持續服用。
    8) 客戶提到印加果油對血管和代謝有幫助。
    9) 客戶對奧核心產品和葉黃素產品有興趣，並考慮使用點數購買。
    10) 客戶曾購買華陀的超順街產品和噬脂菌，對部分產品效果滿意。

5. 禁忌
    1) 客戶的妻子曾因使用人工淚液而不吃葉黃素，但後來改為服用葉黃素。
    2) 客戶提到某產品增加排便次數至三到四次，感到不方便。
    3) 客戶表示目前不想增加其他保健品。",1
21023331,女,74.0,雲林縣斗六市,D+,白羊座,9454,否,否,是,是,否,是,是,否,687297.1428599998,439,386376.19049,233,123416.19046999996,81,41439.04762,29,6019.04762,4,70699.04758,61,40693.33331000001,35,9748.57143,12,5199.047619999999,8,0.0,0,否,否,否,否,否,否,0,否,否,否,否,否,0,否,否,否,"1. 家庭關係
    1) 客戶提到她沒有家人。
    2) 客戶提到她的母親有訂購某些產品。
    3) 客戶提到她的女兒曾改變了一些東西。
    4) 客戶提到她的妹妹最近一直給她出問題。
    5) 客戶提到家中有阿公，並提到阿公的保固相關事宜。
    6) 客戶提到家中可能需要看護。

2. 健康狀況
    1) 客戶提到她有胃炎、血壓高、動脈問題、心臟衰弱和糖尿病。
    2) 客戶提到她有脊椎側彎，手腳不靈活，並提到年紀大了。
    3) 客戶提到她進行過24小時心電圖檢查，並提到醫生有給她開抗過敏藥。
    4) 客戶提到青光眼和白內障相關問題，但未明確是否為自身問題。
    5) 客戶提到她過年前或過年後有受傷。
    6) 客戶提到她每天早上會吃薑黃，並提到每天喝一罐飲品。
    7) 客戶提到她有養生的飲食習慣，並提到戒菸限酒調整得很快。
    8) 客戶提到她每天都懶得弄東西，並提到她的身體狀況很嚴重，不能吃某些食物。

3. 職業背景
    1) 客戶提到她現在住的地方「好都有」。
    2) 客戶提到現在的老闆都退休了，現在的老闆比較年輕。

4. 健康食品使用心得
    1) 客戶提到她有購買葉黃素、B群、蜂王漿、膠原蛋白、魚油、紅藜果膠、龜鹿精、華陀珍珠鹿角鈣等保健品，並提到她家中有龜鹿錠。
    2) 客戶提到她每天一定要保養，並提到美白相關話題。
    3) 客戶提到她以前吃過魚油，並表示魚油對健康有幫助。
    4) 客戶提到她有在吃B群，並提到她購買了三盒B群，預計可以吃半年。
    5) 客戶提到她昨天晚上喝了玫瑰飲茶，並提到早上會吃薑黃。
    6) 客戶提到她使用泡錠一套，但未提到具體的使用頻率。
    7) 客戶提到她購買過台鹽免疫力牙膏和B群產品，並提到益生菌和維骨力。
    8) 客戶提到她每天洗臉，並提到需要保濕產品。
    9) 客戶提到她對於購買的商品價格有一定的敏感度，並提到五九九的價格。

5. 禁忌
    1) 客戶提到她不能吃某些食物，因為她的身體狀況很嚴重。
    2) 客戶提到如果產品被破壞就沒有功能了，因此不敢使用。",1
21025599,女,55.0,桃園市平鎮區,D+,天蠍座,9446,否,是,是,否,否,是,是,否,3416166.285729999,1915,480925.71434000006,368,81721.90474000001,32,61218.09522999999,4,634.28574,6,114522.80952,5,113523.80952,4,56761.90476,2,56761.90476,2,0.0,0,否,否,是,否,否,否,0,否,否,否,否,否,0,否,否,否,"1. 家庭關係
    1) 客戶家中有人，但未明確表示全天有人接收快遞。
    2) 客戶有小朋友，但對於小朋友使用的維他命C等產品沒有需求。

2. 健康狀況
    1) 客戶有三高問題，即高血糖、高血脂和高血壓。
    2) 客戶表示擔心過敏，並詢問產品中是否含有中藥成分。
    3) 客戶表示不吃藥。

3. 職業背景
    1) 客戶目前在上班。

4. 健康食品使用心得
    1) 客戶每天早上空腹飲用激活粒線體產品，並提到還有一盒未吃完。
    2) 客戶對產品效果的反應是還好，沒有特別的變化。
    3) 客戶以前晚上曾飲用張淑芬的產品。
    4) 客戶目前沒有在使用魚油或B群等保健品。
    5) 客戶對贈送的益生菌體驗試吃表示不需要。

5. 禁忌
    1) 客戶對於折抵商品如顧眼睛、固腸胃的產品沒有興趣。
    2) 客戶對日常用品如衛生紙、濕紙巾有需求。
    3) 客戶不習慣看型錄。",1
21025977,女,71.0,桃園市桃園區,D+,天秤座,9445,否,否,否,否,否,否,是,否,141299.8095,71,18843.8095,16,8276.19046,7,8276.19046,7,0.0,0,16301.904740000002,13,16301.90474,13,8276.19046,7,8276.19046,7,0.0,0,否,否,否,否,否,否,0,否,否,否,否,否,0,否,否,否,"1. 家庭關係
    1) 未提及家庭成員或關係。

2. 健康狀況
    1) 客戶表示鼻子過敏問題吃益生菌後仍未改善。
    2) 客戶曾購買益生菌產品改善排便問題，但效果不明顯。
    3) 客戶目前每天服用五種保養品。
    4) 客戶提到她目前在服用葉黃素，但覺得效果不明顯。
    5) 客戶曾喝過杏仁粉產品使用了兩三年，但效果未達預期。

3. 職業背景
    1) 客戶目前仍在工作，尚未退休。
    2) 客戶是一位70歲女性會員。

4. 健康食品使用心得
    1) 客戶曾購買葉黃素、酵素、益生菌、B群及杏仁粉等保健品。
    2) 客戶提到奇異果抗過敏益生菌和修復視神經的葉黃素產品，但效果有限。
    3) 客戶表示益生菌產品未改善鼻子過敏及排便問題。
    4) 客戶提到葉黃素效果不明顯，杏仁粉使用多年效果未達預期。

5. 禁忌
    1) 客戶目前經濟狀況不佳，表示不方便購買商品。
    2) 客戶提到可能要到三月份才方便處理相關事宜。",1
21028067,女,62.0,台北市文山區,Z,巨蟹座,9439,否,否,是,否,否,否,是,否,298798.9047800001,209,80724.76193999998,51,29833.333339999997,18,27947.619059999997,16,0.0,0,31351.42857,21,2837.14286,2,2457.14286,1,2457.14286,1,0.0,0,否,否,是,否,否,否,0,否,否,否,否,否,0,否,否,否,"1. 家庭關係
    1) 客戶提到她與哥哥關係良好，曾購買關節類產品並轉送給哥哥使用。
    2) 客戶表示她的母親有三高問題，並且正在服用慢性病藥物。
    3) 客戶提到貨物需要先送到她這邊再轉送給哥哥。

2. 健康狀況
    1) 客戶提到她的母親有三高問題，並且正在服用慢性病藥物。
    2) 客戶曾購買過維骨力及關節類產品，顯示對骨骼健康有一定關注。
    3) 客戶對瘦身效果感興趣，並詢問相關產品資訊。

3. 職業背景
    1) 未明確提及客戶的職業背景，但客戶是一位61歲女性會員，可能已退休或非全職工作。

4. 健康食品使用心得
    1) 客戶曾購買過維骨力，且一次購買了三組，顯示對該產品有一定信任。
    2) 客戶提到她目前有使用其他產品，並且母親有在使用挺立保健品。
    3) 客戶表示她曾購買過東森的洗碗精及其他日用品，顯示對品牌有一定認知。
    4) 客戶提到她還在考慮購買阿桐伯的果凍類產品，但擔心效果不佳且價格昂貴。
    5) 客戶詢問酵素產品的費用與使用方式，並表示一天一顆的建議用量。

5. 禁忌
    1) 客戶提到她不需要價位較高的商品，即使有折扣也不感興趣。
    2) 客戶表示之前購買的產品沒有效果，因此不再需要。
    3) 客戶提到家裡目前衛生紙存量充足，因此不需要再購買。",1
21030122,女,60.0,新北市三重區,C,巨蟹座,9434,否,否,是,否,是,否,是,否,258408.19047,88,12615.2381,6,11996.19048,4,11996.19048,4,0.0,0,13976.19048,6,11996.19048,4,11996.19048,4,11996.19048,4,0.0,0,否,否,是,否,否,否,0,否,否,否,否,否,0,否,否,否,,1
21030174,女,67.0,嘉義縣竹崎鄉,A,摩羯座,9434,否,否,是,否,否,是,是,否,792508.5713800001,129,379574.2856899999,46,270549.52382,26,247996.19048999995,19,0.0,0,709858.0951999999,82,361364.7618899999,38,261135.23811,21,243540.9524,17,0.0,0,否,否,是,否,否,否,0,否,否,否,否,否,0,否,否,否,"1. 家庭關係
    1) 客戶的父親住院，出院後體力不佳且不聽醫生的話，季節轉換時容易氣喘。
    2) 客戶的母親88歲，有在喝其他品牌的保健品。
    3) 客戶的媳婦家有賣魚，客戶喜歡吃普陀魚。
    4) 客戶提到她的孩子曾訂購過價格較高的商品。
    5) 客戶計劃購買保健食品給父母。

2. 健康狀況
    1) 客戶今年64歲，明年65歲，最近健康狀況不佳，感冒持續了一個多月，氣溫變化會影響感冒情況。
    2) 客戶提到自己不是胰島素阻抗，但未提到糖尿病前期症狀。
    3) 客戶提到缺少運動，蔬菜攝取量較少，並有排便問題。
    4) 客戶提到她的同學有骨質疏鬆問題，並提到同學的老公稱讚她的皮膚光亮。
    5) 客戶的班機子本來要開刀，但因為使用某產品後改善了狀況。

3. 職業背景
    1) 客戶剛退休，已辦理勞保退休。
    2) 客戶一三五會開車，週六和週日不在家。

4. 健康食品使用心得
    1) 客戶經常食用益生菌，早上吃一包漢方益生菌，但對益生菌效果有疑問，認為吃到三顆也沒什麼用，第一顆最有效。
    2) 客戶曾購買過紅色益生菌、雙纖益生菌、果凍型產品、紅色膠囊、褐藻、魚油、日夜產品等，對部分產品效果滿意。
    3) 客戶經常食用蚓激酶產品，但目前不需要購買其他相關產品。
    4) 客戶有燉雞燉排骨的習慣，並有在吃葉黃素。
    5) 客戶提到之前喝酒，並有敷面膜的習慣，認為紅色面膜讓皮膚更亮。
    6) 客戶提到她的媽媽有在喝其他品牌的保健品。

5. 禁忌
    1) 客戶不喜歡發泡錠產品。
    2) 客戶不想再吃幹細胞產品，並表示目前不需要購買玻尿酸產品。
    3) 客戶認為一天吃兩顆補骨胜肽太少，沒有效果。
    4) 客戶對代言人陳美鳳的形象不喜歡，認為其形象不自然。
    5) 客戶提到目前不想購買保養品，因為家中已有很多存貨，且認為產品價格較高。",1
21030367,女,61.0,嘉義縣六腳鄉,C,巨蟹座,9433,否,否,否,是,否,是,否,否,496510.14288,155,21157.14287,13,5295.2381,2,0.0,0,5295.2381,2,337040.9523800001,65,14645.714289999998,7,5295.2381,2,0.0,0,5295.2381,2,否,否,是,否,否,否,0,否,否,否,否,否,0,否,否,否,"1. 家庭關係
    1) 客戶家中有多人使用洗髮精。
    2) 客戶是一位60歲的女性。

2. 健康狀況
    1) 無明確提及健康狀況。

3. 職業背景
    1) 無明確提及職業背景。

4. 健康食品使用心得
    1) 客戶提到家中有很多保健食品，但以前購買的保健食品尚未吃完，因此不需要再購買新的。
    2) 客戶表示自己沒有益生菌。
    3) 客戶固定使用保養品。
    4) 客戶使用奧利塔橄欖油。

5. 禁忌
    1) 客戶對購買新保健食品持保留態度，需查看型錄後再決定是否購買。
    2) 客戶對石墨烯材質的褲子感興趣，但需了解價格後再考慮。",1
21034936,女,64.0,屏東縣長治鄉,A,天蠍座,9421,否,否,是,是,否,是,是,否,1655748.0949499998,760,613615.23793,188,248464.76183000003,82,138457.14286,5,9885.71429,2,1021767.61887,273,506180.9523199999,96,202868.5714,44,138457.14286,5,8095.2381,1,否,否,是,否,否,否,0,否,否,是,否,否,0,是,否,否,"1. 家庭關係
    1) 客戶有一位弟弟，弟弟是小學老師，曾在桃園工作多年，現已調回來。
    2) 客戶有一位妹妹，妹妹與丈夫正在談離婚，並與四個孩子住在一起，且正在學習睫毛相關技術。
    3) 客戶的家庭成員包括三個女兒和一個兒子。
    4) 客戶的父親健康狀況良好，客戶每天帶父親出去曬太陽。
    5) 客戶的媽媽已過世，家中每天播放佛經以平靜心情。
    6) 客戶的男朋友開了一家能力公司，住在新社。

2. 健康狀況
    1) 客戶曾接受過直腸手術，並提到有大腸癌風險。
    2) 客戶提到有痛風問題。
    3) 客戶正在減肥，並多喝水和運動。
    4) 客戶有過敏問題。
    5) 客戶吃素，家中有運動習慣，幾乎每天運動。

3. 職業背景
    1) 客戶的男朋友經營一家能力公司。
    2) 客戶的妹妹正在學習睫毛相關技術。

4. 健康食品使用心得
    1) 客戶每天服用安瓶產品，並對其效果表示滿意。
    2) 客戶曾購買並使用過人蔘、燕窩、粒線體相關產品，對粒線體產品效果表示滿意。
    3) 客戶對氨基酸產品有使用經驗，並詢問其對心臟和肌肉的效果。
    4) 客戶對益生菌產品有興趣，但家中仍有存貨，尚未使用。
    5) 客戶對於天然植物成分的產品感興趣，並偏好不含人工添加劑的產品。
    6) 客戶對於石墨烯產品和能量褲的效果表示滿意。
    7) 客戶對於某些產品的甜味和成分有疑慮，偏好不甜或純度較高的產品。
    8) 客戶認為人蔘加紅棗枸杞泡茶很好喝。
    9) 客戶對於某些進口產品和傳統產品有較高的興趣，認為進口產品和傳統產品較好。
    10) 客戶對於某些產品的價格和效果有疑慮，認為部分產品價格過高。
    11) 客戶對於防曬產品有興趣，並詢問是否有一瓶搞定的產品。
    12) 客戶對於某些產品的味道和成分表示關注，偏好天然成分的產品。
    13) 客戶對於膝關節相關產品有購買經驗，並會在momo購買。
    14) 客戶對於香檳茸產品和失智症預防產品目前沒有興趣。

5. 禁忌
    1) 客戶不喜歡吞膠囊，偏好喝的或粉末狀的產品。
    2) 客戶對於褐藻、葉黃素、美白產品、果凍產品、面膜產品、失智症預防產品等表示沒有興趣。
    3) 客戶不想購買過多保健食品，認為家中已有足夠存貨。
    4) 客戶對於常溫保存的產品表示懷疑，認為應該冷藏。
    5) 客戶對於產品的甜味有疑慮，偏好不甜或純度較高的產品。
    6) 客戶對於活動產品的質量持懷疑態度，認為活動產品質量不佳。",1
21036737,男,53.0,新北市萬里區,B,處女座,9416,否,否,是,否,是,是,是,否,687307.4761799999,219,233351.42856000003,42,106534.28570999995,15,102252.38094999998,11,0.0,0,419719.04761,41,194347.61905,19,102252.38095,11,102252.38095,11,0.0,0,否,否,是,否,否,否,0,否,否,是,否,否,0,否,否,否,"1. 家庭關係
    1) 家中有父母，年齡約七十多歲，父親曾服用含人參的中藥保健品，母親有膝關節問題並進行過手術，目前注射玻尿酸。
    2) 家中有弟弟和妹妹，弟弟生活作息不同，工作性質不固定。
    3) 家中有高血壓遺傳，家人有服用排便藥的習慣，家人喜歡吃堅果類食品，過年期間通常吃火鍋。

2. 健康狀況
    1) 客戶52歲，身高174公分，患有高血壓，糖化血色素數值在6.1到6.2之間，屬於及格邊緣，並每天服用高血壓藥。
    2) 客戶腸胃狀況正常，無胃食道逆流或脹氣問題，但曾提到胃不好，且曾確診一次新冠肺炎。
    3) 客戶曾摔傷左手，使用人工皮處理傷口，感冒期間選擇自然療法，未看醫生。
    4) 家中有長輩需要化療，並有高血壓和糖尿病。

3. 職業背景
    1) 客戶從事服務業，在飯店工作超過十年，工作性質為輪班制，休假時間少且不固定。
    2) 客戶目前工作繁忙，月薪約四萬元，經濟壓力較大，通勤時間僅需一到兩分鐘，住家距離台北約需搭公車一個半小時。

4. 健康食品使用心得
    1) 客戶曾購買多種健康食品，尤其在疫情期間購買了兩三種，並曾購買龜鹿精產品給母親使用，但效果不明顯。
    2) 客戶每天早上空腹服用褐藻糖膠，認為對健康有幫助，並在感冒期間加量服用。
    3) 客戶曾嘗試減肥保健食品，但效果不佳，主要靠運動減重，每天快走五到六公里。
    4) 客戶早晚各服用一顆葉黃素，並有服用益生菌和體內環保產品，詢問是否可與益生菌一起服用。
    5) 客戶喜歡吃烤夏威夷豆，早餐有時喝豆漿搭配白煮蛋，家人每週會吃一到兩次健康食品，且家人喜歡堅果類食品。
    6) 客戶曾購買褐藻糖膠、龜鹿顧骨膠、華陀益生菌、石墨烯襪子、逆齡霜等產品，對鴕鳥龜鹿精的味道有好評，但因價格高昂停止購買部分產品。

5. 禁忌
    1) 客戶不需要眼睛保健產品、回春產品及男性保健品。
    2) 客戶減少麵食攝取，對車子、珠寶及藝術品不感興趣，認為價格太高且不實際。",1
21037704,女,81.0,新北市淡水區,C,巨蟹座,9412,是,否,是,是,是,是,是,否,643437.8095199999,114,333683.8095299999,67,54884.76191,10,46076.190480000005,6,8808.57143,4,615135.23808,91,331321.90477,63,54884.76191000001,10,46076.190480000005,6,8808.57143,4,否,否,否,否,否,否,1,否,否,否,否,否,0,否,否,否,"1. 家庭關係
    1) 客戶的父親患有老人痴呆症，且目前生病。
    2) 客戶的母親住在醫院，與孩子住在一起。
    3) 客戶有一個兒子正在讀大學，並且有健康狀況問題。
    4) 客戶有一個女兒，女兒曾辭掉工作，讓客戶感到生氣。
    5) 客戶提到她的老公愛她，但有喝酒的習慣。
    6) 客戶提到家中有一位老年人年紀太大，醫生表示無法治療。
    7) 客戶提到家中有人患有糖尿病、高血壓、乙肝、中風及癌症。

2. 健康狀況
    1) 客戶有糖尿病、高血壓、白內障、耳鳴、胃酸問題、便秘、膽結石、肝功能問題、胃食道逆流、風濕及甲狀腺問題。
    2) 客戶提到自己處於更年期，並表示不想開刀，偏好使用復健方式。
    3) 客戶提到自己經常熬夜，且有睡眠問題，常在凌晨三點醒來後無法入睡。
    4) 客戶提到自己有神經方面的問題，並擔心中醫藥。
    5) 客戶提到自己有膝蓋問題，無法走路，且骨骼問題不可修復。
    6) 客戶提到自己有乳腺癌和子宮癌的問題。
    7) 客戶提到血糖和血壓控制不佳，並有三高問題。

3. 職業背景
    1) 客戶提到自己有快遞經驗。
    2) 客戶的兒子曾從事車禍理賠相關工作，並成功處理過一些事情。

4. 健康食品使用心得
    1) 客戶使用過氨基酸、褐藻糖膠、磷蝦油、魚油、香檳茸、燕窩、膠原蛋白等產品，並對褐藻糖膠和香檳茸產品有興趣。
    2) 客戶提到氨基酸產品幫助長肌肉和提供力量，效果良好。
    3) 客戶提到葉黃素產品，並交替使用三種葉黃素產品。
    4) 客戶提到使用保健食品改善了睡眠。
    5) 客戶提到益生菌產品，並表示對其有興趣。
    6) 客戶提到每日使用的產品，但未明確具體內容。

5. 禁忌
    1) 客戶提到拔牙後兩天需避免食用魚油和蚓激酶等產品。
    2) 客戶提到不吃豆類、麵包、柑橘類水果及加工食品，因為容易脹氣或加重胃酸。
    3) 客戶提到不吃辣、不喝酒，並儘量避免經過製造的食物。
    4) 客戶提到纖維納豆產品可能會傷胃。
    5) 客戶提到星星果油目前不建議使用。
",1
21039200,女,68.0,台北市中正區,Z,射手座,9408,否,是,是,是,否,是,是,否,935865.09526,374,228576.19052,75,56055.23810000002,29,6000.0,2,8570.47619,6,55721.90475,20,8304.76191,2,2647.61905,1,0.0,0,2647.61905,1,否,是,是,否,否,否,0,否,否,是,否,否,0,否,否,否,"1. 家庭關係
    1) 客戶提到她的先生有購買葉黃素並正在服用。
    2) 客戶提到她的女兒喜歡使用從日本買回來的面膜。
    3) 客戶提到她的孫子從美國幫她帶回保健食品。
    4) 客戶提到小孩子回來家裡，但未明確表示是否同住。

2. 健康狀況
    1) 客戶表示她對保健食品不習慣，且曾因食用某些保健食品而拉肚子。

3. 職業背景
    1) 客戶提到她目前正在上班，並表示公司這邊很忙。
    2) 客戶提到她在二二八公園土地公廟工作，已經二十幾年了，並表示星期六會處理公廟的事務。
    3) 客戶提到她年底即將退休。

4. 健康食品使用心得
    1) 客戶表示她沒有吃葉黃素，並且不想吃。
    2) 客戶提到她之前已經購買過緊緻產品，但吃不慣泰山品牌的產品。

5. 禁忌
    1) 客戶表示她不喜歡戴貴重的飾品，對收藏類商品沒有興趣。
    2) 客戶提到她曾因食用某些保健食品而拉肚子。",1
21040713,男,73.0,台北市士林區,Z,獅子座,9404,否,否,否,否,否,是,是,否,304159.23812000005,104,12183.80952,8,2828.57143,1,2828.57143,1,0.0,0,31517.14287,12,2828.57143,1,2828.57143,1,2828.57143,1,0.0,0,否,否,是,否,否,否,1,否,否,否,否,否,0,否,否,否,"1. 家庭關係
    1) 客戶提到母親曾生病並服用糖漿，但效果不佳，最終過世。

2. 健康狀況
    1) 客戶目前仍在服用家倍健的葉黃素，主要用於顧眼睛。
    2) 客戶曾使用院長推薦的眼袋霜，但效果不佳，甚至眼袋變大。
    3) 客戶認為保健品需要間隔使用，不能長期連續服用。

3. 職業背景
    1) 未提及具體職業背景。

4. 健康食品使用心得
    1) 客戶曾購買過葉黃素、蚓激酶及益生菌，主要用於顧眼睛。
    2) 客戶表示葉黃素平均價格約為每顆20元，並曾購買家倍健品牌及日本味王的葉黃素。
    3) 客戶目前仍在使用葉黃素，並已收到相關產品。
    4) 客戶認為某些保健品效果不佳，例如院長推薦的眼袋霜。

5. 禁忌
    1) 客戶提到自己不適合使用某些產品或參加某些活動。
    2) 客戶對演唱會、藝術品展覽等活動沒有興趣。
    3) 客戶提到他很少看簡訊。",1
21046478,女,55.0,桃園市桃園區,Z,巨蟹座,9386,否,否,否,否,否,否,是,否,35825.57143,17,6177.14285,5,6177.14285,5,2828.57143,1,0.0,0,2828.57143,1,2828.57143,1,2828.57143,1,2828.57143,1,0.0,0,否,否,是,否,否,否,0,否,否,否,否,否,0,否,否,否,"1. 家庭關係
    1) 客戶的家人有在使用葉黃素。
    2) 客戶明天才要回家回屏東。

2. 健康狀況
    1) 客戶自己有在使用葉黃素。

3. 職業背景
    1) 未提及具體職業背景，但客戶提到需要保養車子，近期有支出。

4. 健康食品使用心得
    1) 客戶及其家人都有在使用葉黃素。

5. 禁忌
    1) 客戶目前採用貨到付款的消費方式。
    2) 客戶要求取消所有商品訂單。",1
21065204,女,75.0,台北市文山區,D+,雙子座,9333,否,否,否,否,否,否,是,否,235678.2857,161,37158.09524,19,6413.33335,7,3790.47619,1,0.0,0,52539.04761000001,26,37158.09524,19,6413.33335,7,3790.47619,1,0.0,0,否,否,是,否,否,否,0,否,否,否,否,否,0,否,否,否,"1. 家庭關係
    1) 客戶未提及具體家庭成員或關係，但提到家中大量購買生活用品如衛生紙和廚房紙巾，顯示居家生活需求較高。

2. 健康狀況
    1) 客戶有過敏性鼻炎，近期症狀加重，包括流鼻涕、鼻塞和頭暈目眩。
    2) 客戶有乾眼症，並曾懷疑眼球受損，左眼視力清楚但兩眼視力有落差。
    3) 客戶腸胃對抗生素和防腐劑敏感，容易排斥並導致拉肚子。
    4) 客戶有過敏體質，對海鮮類產品、魚類成分及小龍蝦等容易過敏，症狀包括紅疹、流鼻涕和眼睛充血。
    5) 客戶表示自己身體狀況良好，腸道功能正常，早晨喝水後能順利排便。

3. 職業背景
    1) 客戶未提及具體職業背景，但提到不參加社團活動，主要使用語音方式，並偶爾去錢櫃唱歌或打麻將。

4. 健康食品使用心得
    1) 客戶曾服用玻尿酸產品，但因過敏反應（如流鼻涕、口腔不適）而停用，並認為效果不佳。
    2) 客戶曾使用益生菌產品，但效果不明顯，且部分品牌引發腹瀉或不適。
    3) 客戶曾使用靈芝膠囊、納豆及其他保健品，但效果不如預期，部分產品引發過敏或腸胃不適。
    4) 客戶偏好天然食品，如堅果類、獼猴桃和奇異果，並認為這些食品對健康有益。
    5) 客戶認為喝牛奶有助於改善睡眠，且不會引起腹瀉。

5. 禁忌
    1) 客戶不使用化妝品或人工保養品，偏好天然產品。
    2) 客戶不考慮購買加工食品、保健品及含魚類成分的產品，擔心對腎臟和肝臟有害。
    3) 客戶不使用植物油或橄欖油，改用豬油。
    4) 客戶對澱粉類食物需求量低，擔心發胖。
    5) 客戶不喜歡佩戴耳環或項鏈等飾品，偏好純棉材質的產品，避免化學纖維。
",1
21088950,男,60.0,雲林縣古坑鄉,D+,天秤座,9277,否,否,否,否,否,是,是,否,267743.28568,148,53857.14285,31,19693.33333,3,17142.85714,1,464.7619,1,38563.8095,9,17142.85714,1,17142.85714,1,17142.85714,1,0.0,0,否,否,是,否,否,否,0,否,否,是,否,否,0,否,否,否,"1. 家庭關係
    1) 無相關資訊提及。

2. 健康狀況
    1) 客戶目前沒有糖尿病或高血壓。
    2) 客戶目前沒有在量血糖。

3. 職業背景
    1) 客戶目前在科技廠上班，且工作不需要輪班。

4. 健康食品使用心得
    1) 客戶曾購買過泰國的保健品，用於身體保健。
    2) 客戶曾服用過葉黃素及針對血管的保健品。
    3) 客戶曾購買過骨頭關節保養品，可能是為了保養身體。

5. 禁忌
    1) 無相關資訊提及。",1
21089083,女,67.0,屏東縣屏東市,D,天蠍座,9276,否,否,否,否,否,是,是,否,223228.19041000004,167,44708.571390000005,32,11906.66665,11,5468.57142,5,1219.04762,1,49641.2381,27,19660.95237,11,1694.28571,2,1694.28571,2,0.0,0,否,否,是,否,否,否,0,否,否,否,否,否,0,否,否,否,"1. 家庭關係
    1) 客戶目前與兒子和弟弟一起居住，家中共有三人。
    2) 客戶的女兒目前在台北從事護膚相關工作，已工作近一年，曾在澳洲工作並學習外語，現已回台灣。
    3) 客戶的兒子已婚並有一個孩子。
    4) 客戶的妹妹住在台北，未婚，並購買了一間房子供她們一起居住。
    5) 客戶的母親曾因腦炎住院數月，並由客戶主要負責照顧，現已過世。
    6) 客戶的家庭是原住民，兄弟姐妹之間感情很好。
    7) 客戶住在屏東，家靠近醫院和學校，與家人住得很近。

2. 健康狀況
    1) 客戶有三高、糖尿病、白內障、類風濕性關節炎、膝蓋骨刺及腫瘤，醫生建議五年內進行手術。
    2) 客戶血液循環較差，膝蓋問題有所改善，並感謝專員的建議。
    3) 客戶最近確診兩次，並且最近感冒。
    4) 客戶每天服用血管相關藥物，並需要補充骨骼相關營養。
    5) 客戶的白內障需要手術，醫生建議術前進行驗光，並有使用眼藥水。

3. 職業背景
    1) 客戶曾從事貿易行業已有十年。
    2) 客戶目前無法工作，已休息一年多。

4. 健康食品使用心得
    1) 客戶曾購買並服用蚓激酶、葉黃素、納豆、紅麴、高單位魚油、葡萄糖胺鈉、蜂王乳及B群等健康食品。
    2) 客戶每天服用蚓激酶，表示效果不錯，血液循環有所改善。
    3) 客戶有服用葉黃素，並表示效果良好，最近剛拿到一盒尚未開封。
    4) 客戶曾購買三送三的蚓激酶優惠組合，並每天服用一顆。
    5) 客戶對購買的鹿龍產品效果表示疑問。
    6) 客戶的媳婦會幫忙購買益生菌。
    7) 客戶有在服用蜂王乳，並表示有效。

5. 禁忌
    1) 客戶經濟預算有限，需確認是否有現金後再進行購買。
    2) 客戶表示過年前不需要著急購買產品，可能八月份會有一筆錢進來。
    3) 客戶不想出門，認為待在家裡比較安全。",1
21099939,男,67.0,台北市大安區,D+,射手座,9245,否,否,是,否,是,是,是,否,224469.99997,95,69277.14284000001,39,9835.23809,7,0.0,0,3590.47619,2,107213.33331,37,30005.71428,16,6997.142849999999,6,0.0,0,3590.47619,2,否,否,是,否,否,否,1,否,否,否,否,否,0,否,否,否,"1. 家庭關係
    1) 客戶與媽媽同住，平常不在家，做飯主要是給媽媽吃。
    2) 客戶的媽媽主要吃蔬菜，不吃魚。
    3) 客戶的太太喜歡購買百貨公司的化妝品，並且偏好特定品牌，對化妝品品牌非常挑剔，固定使用自己喜歡的品牌。
    4) 客戶的太太有敷臉，但只使用自己的品牌面膜。

2. 健康狀況
    1) 客戶曾訂購茯苓寶馬諾貝爾的保健食品，但忘記服用。
    2) 客戶詢問牛樟芝的效果，並提到保肝膠囊。
    3) 客戶曾購買安素作為老人家使用的營養補充品。

3. 職業背景
    1) 未提及具體職業背景。

4. 健康食品使用心得
    1) 客戶擁有日本進口的B群保健食品、顧眼睛的葉黃素保健食品及益生菌保健食品，但未認真服用，且有多盒未使用。
    2) 客戶固定使用益生菌，並有固定品牌偏好。
    3) 客戶表示自己沒有在吃益生菌。

5. 禁忌
    1) 客戶沒有在使用舒酸定牙膏。
    2) 客戶的生活用品偏好購買熟悉的品牌。
    3) 客戶需要確認太太是否習慣使用新的產品，以及剩餘的使用量。
",1
21108442,女,63.0,新竹縣竹東鎮,D+,摩羯座,9220,否,否,否,否,否,否,是,否,79857.23808,49,6322.85715,3,5657.14286,2,5657.14286,2,0.0,0,6513.33334,3,5657.14286,2,5657.14286,2,5657.14286,2,0.0,0,否,否,否,否,否,否,0,否,否,否,否,否,0,否,否,否,,1
21114070,男,71.0,新北市板橋區,D+,金牛座,9208,是,否,是,否,否,是,是,否,501161.90485,170,390206.6666899999,90,16228.57143,7,12072.38095,5,2270.47619,1,321119.04762,49,314519.0476099999,46,4933.33333,1,4933.33333,1,0.0,0,否,否,否,否,否,否,0,否,否,否,否,否,0,否,否,否,"1. 家庭關係
    1) 客戶目前單身，一個人居住，家中白天無人。
    2) 客戶有一位孫女，家人會幫忙訂便當並選擇有營養的食材。
    3) 客戶的阿嬤接近八十歲，身體狀況良好，能夠上下樓梯無需幫助，且平時有吃營養食品。
    4) 客戶的女兒目前在美國，並有在美國食用健康食品。
    5) 客戶提到有一位最好的朋友，計劃與其見面並到其他地方看看。

2. 健康狀況
    1) 客戶有支氣管相關健康問題，冬天容易因支氣管發炎感到不適。
    2) 客戶有牙周病，使用鹽巴刷牙後症狀有所改善，最近牙齦健康有問題，並曾看牙醫。
    3) 客戶最近喉嚨發炎紅腫，伴隨咳嗽和感冒症狀，服藥後有所改善。
    4) 客戶有退化性關節炎，右膝蓋在爬山後感到疼痛，骨科醫師建議購買特定產品，但無法負擔。
    5) 客戶提到腎臟功能可能下降到70%-80%，身體感到越來越虛弱。
    6) 客戶提到眼睛疼痛情況有所改善，可能與使用龜鹿膏有關。
    7) 客戶提到肚子有點大，穿西裝不太好看。

3. 職業背景
    1) 客戶目前從事高強度的體力工作，每天進行高強度活動，工作收入為半個月19,500元。
    2) 客戶提到目前正在住院，可能與健康狀況有關。
    3) 客戶提到目前每月支付36,700元的保險費，另有每三個月支付18,000元的保險費。

4. 健康食品使用心得
    1) 客戶曾購買並使用多種保健食品，包括保肝靈芝、新樂雄、葉黃素、綠蜂膠、人蔘片、龜鹿膠囊、鹿胎盤、幹細胞產品、紅棗、蚓激酶、一氧化氮產品、紅麴、亞培產品、氨基酸產品等，對部分產品效果表示滿意。
    2) 客戶每天早晚各服用兩顆膠囊，並有使用鼻腔沖洗器，感覺效果良好。
    3) 客戶喜歡飯後食用幫助消化的產品，並對按期啦的諾麗果產品有好感。
    4) 客戶對幹細胞產品有興趣，並認為某款幹細胞產品有效。
    5) 客戶喜歡用龜鹿膏泡茶飲用，並認為其對健康有幫助。

5. 禁忌
    1) 客戶不喜歡吃紅肉，偏好魚類。
    2) 客戶對某些產品可能會過敏。
    3) 客戶目前沒有在服用西藥。",1
21125989,女,55.0,新北市汐止區,D+,白羊座,9190,否,否,是,否,否,是,是,否,513048.76188,231,5475.2381000000005,3,2076.19048,1,2076.19048,1,0.0,0,121923.80953,19,5475.2381000000005,3,2076.19048,1,2076.19048,1,0.0,0,否,否,是,否,否,否,0,否,否,否,否,否,0,是,否,否,"1. 家庭關係
    1) 無相關資訊提及。

2. 健康狀況
    1) 客戶有肝炎的問題。
    2) 客戶的胃部狀況良好，沒有胃食道逆流的問題。

3. 職業背景
    1) 客戶目前正在上班，工作繁忙。

4. 健康食品使用心得
    1) 客戶每天服用兩顆保健食品。
    2) 客戶目前有在使用魚油。
    3) 客戶通常在吃完東西後服用葉黃素。
    4) 客戶之前使用過妍美会的葉黃素，但覺得效果不明顯。
    5) 客戶目前正在使用新的葉黃素，但感覺效果差不多，沒有特別的改善。
    6) 客戶家中還有許多小藍膠存貨，尚未用完。

5. 禁忌
    1) 客戶目前不想購買洗髮精，因為有固定使用的護髮產品。
    2) 客戶表示一百片面膜用不完，並且不需要面膜產品。
    3) 客戶認為升級版產品的推出可能意味著之前的產品效果不佳，因此對購買新產品持保留態度。
    4) 客戶目前沒有多餘的錢，且沒有許可購買東西，因此拒絕購買任何產品。",1
21137976,女,65.0,苗栗縣三義鄉,C,天蠍座,9173,否,否,是,是,否,是,是,否,629472.9523300001,298,125819.04763000004,61,69246.66665,20,54932.38093,9,2647.61905,1,176056.19049,18,57255.2381,6,51598.09524,5,48189.52381,3,2647.61905,1,否,否,是,否,否,否,0,否,否,否,否,否,0,否,否,否,"1. 家庭關係
    1) 未提及具體家庭關係。

2. 健康狀況
    1) 客戶有胃食道癌，目前正在住院。
    2) 客戶有落髮問題，認為與年齡增長有關。
    3) 客戶每天都有正常排便，無排便問題。
    4) 客戶希望能減少體重，瘦幾公斤。

3. 職業背景
    1) 未提及具體職業背景。

4. 健康食品使用心得
    1) 客戶每天飲用一支健康食品進行檢核，並提到一個療程包含28支產品，後續三盒產品每三到四天飲用一支。
    2) 客戶曾購買過魚油產品，認為該產品有助於代謝不好的油脂，但目前尚未吃完。
    3) 客戶曾購買過葉黃素作為保健品。
    4) 客戶喝過高濃度口服玻尿酸，但覺得效果不明顯，目前仍在分期付款購買一萬多元的玻尿酸產品。
    5) 客戶表示希望先試用產品再決定是否多次購買，並提到產品效果不如預期。

5. 禁忌
    1) 客戶對洗髮精的使用較為謹慎，表示不敢亂用。
    2) 客戶詢問產品飲用時是否需要使用溫開水或冷開水。
    3) 客戶目前不需要購買眼罩或護膝等商品，因為已有足夠存貨。",1
21142117,女,78.0,新北市淡水區,D+,白羊座,9168,是,否,否,否,否,是,是,否,123050.47613999996,105,47206.66666000002,36,22433.33333,16,2828.57143,1,951.42857,1,15414.28572,10,2828.57143,1,2828.57143,1,2828.57143,1,0.0,0,否,否,是,否,否,否,0,否,否,否,否,是,0,否,否,否,,1
21142578,女,71.0,新北市新店區,B,水瓶座,9167,否,否,是,否,否,是,是,否,506401.23805,268,102870.47621,16,59445.71429999999,10,59445.71429999999,10,0.0,0,102650.47621,15,102650.47621,15,59445.71429999999,10,59445.71429999999,10,0.0,0,否,否,是,否,否,否,0,否,否,否,否,是,0,否,否,否,"```
1. 家庭關係
    1) 客戶有兩個兒子，並且他們都與客戶住在一起。
    2) 客戶的兒子有鼻子過敏的問題，容易感冒，免疫力下降。

2. 健康狀況
    1) 客戶有胃食道逆流和腸胃不適的問題，並且對膠囊類產品較敏感。
    2) 客戶有便秘的問題，兩三天才會排便，且排便時糞便很硬。
    3) 客戶有白內障和飛蚊症的問題。
    4) 客戶對海鮮過敏，吃海鮮會導致拉肚子和不適。
    5) 客戶在側躺左邊時會聽到心跳聲，並且心跳不規律。
    6) 客戶提到她的頭髮掉得很多，尤其是在打了疫苗之後。
    7) 客戶提到她的家族有遺傳疾病的擔憂。
    8) 客戶提到她的媽媽有失智症的情況。

3. 職業背景
    1) 客戶以前在台中港工作。
    2) 客戶對於金融投資有一定的經驗，並且會根據市場狀況做出投資決策。

4. 健康食品使用心得
    1) 客戶對葉黃素產品的使用經驗表示在使用後眼睛的乾澀和模糊情況有所改善。
    2) 客戶對幹細胞產品有一定的期待，並表示吃完後會再訂。
    3) 客戶對於不同品牌的保健食品有不同的感覺，雖然成分相似。
    4) 客戶表示她對於產品的效果非常重視，並希望看到明顯的效果才會繼續使用。
    5) 客戶提到她對於自然奇蹟品牌的產品有好感，認為其產品效果不錯。

5. 禁忌
    1) 客戶不能吃膠囊，因為會讓胃不舒服。
    2) 客戶不吃辣，喜歡食物的原味。
    3) 客戶喝茶和咖啡會影響睡眠，因此幾乎不喝。
    4) 客戶對糖的攝取非常謹慎，儘量少吃糖類食物。
    5) 客戶不吃冷的食物，喜歡吃熱的食物。
    6) 客戶對於海鮮類產品過敏，並且吃海鮮會導致拉肚子。
    7) 客戶表示自己不會再購買巧克力，因為不想攝取糖分。
    8) 客戶不太適合從海水中萃取的產品。
```",1
21142942,女,55.0,新北市三重區,Z,獅子座,9167,否,否,否,否,否,是,是,否,210122.42852,119,38002.85715,21,6719.047620000001,5,0.0,0,3033.33334,2,144395.23805,74,36783.80953,20,6719.047620000001,5,0.0,0,3033.33334,2,否,否,是,否,否,否,0,否,否,否,否,否,0,否,否,否,"1. 家庭關係
    1) 客戶提到她有兒子和先生，並且會與媽媽一起使用某些產品。
    2) 客戶的兒子和先生曾食用苦瓜胜肽，但感到不適，因此全家不再食用該產品。

2. 健康狀況
    1) 客戶曾開過腦手術，表示身體狀況需要經過醫生同意才能使用保健食品。
    2) 客戶及家人在食用苦瓜胜肽後感到不適，因此停止使用。
    3) 客戶提到前陣子有去醫院，並且早上也曾去醫院。

3. 職業背景
    1) 客戶未提及具體職業背景，但提到她是東森的會員，已加入超過二十年。

4. 健康食品使用心得
    1) 客戶對營養補給品有一定了解和興趣，曾購買過滴雞精、B群、葉黃素等產品。
    2) 客戶對苦瓜胜肽的使用感到不適，並停止食用。
    3) 客戶的先生有在服用保健食品，但不吃膠囊形式的產品。
    4) 客戶家中有許多保健食品，但不是她購買的。

5. 禁忌
    1) 客戶無法食用菌菇類產品。
    2) 客戶及家人不再食用苦瓜胜肽，因為食用後感到不適。",1
21143755,女,73.0,台中市北屯區,C,射手座,9165,否,否,是,是,否,是,是,否,908419.04761,469,359435.23809,129,136144.76189999995,54,73507.61904,14,13176.19048,6,458761.90475,175,221782.85711999997,63,91982.85714999997,29,53991.42857,5,9385.71429,5,否,否,否,否,否,否,1,否,否,否,否,是,0,否,否,否,"1. 家庭關係
    1) 客戶的兒子和媳婦負責準備年菜。
    2) 客戶的家人容易過敏，皮膚較為敏感。

2. 健康狀況
    1) 客戶有血糖問題、高血壓、眼壓過高及三高問題，並有內臟脂肪較多的情況。
    2) 客戶的眼睛因車禍受傷，導致視網膜剝離、視神經受損，並進行過手術，目前仍在治療中，視力模糊，醫生建議服藥半年。
    3) 客戶的膝蓋不適，選擇每半年打一次玻尿酸，未進行手術。
    4) 客戶的身體狀況已大致復原，骨頭恢復良好，且最近體重減輕約五公斤。
    5) 客戶的臉部有皺紋和下垂情況，眼尾有因車禍造成的明顯傷口。

3. 職業背景
    1) 客戶每天早上六點起床，整天在山上工作，晚上才回家，中午會稍作休息。
    2) 客戶在生日當天仍在工作，未外出慶祝。

4. 健康食品使用心得
    1) 客戶有使用幹細胞、粒線體產品及代謝相關產品，對幹細胞產品效果有一定認可，並考慮購買新版本。
    2) 客戶曾使用雅頓時空膠囊，覺得效果不錯，但對青春露和某些保養品效果不滿意。
    3) 客戶對葉黃素產品感興趣，考慮用於改善眼睛問題，但尚未詢問醫生是否可使用。
    4) 客戶曾購買過多種保健食品和保養品，包括膠原蛋白、葡萄糖胺、龜鹿葡萄糖胺飲等，對某些產品效果不明顯。
    5) 客戶目前每天早上空腹飲用一支保健產品，並曾使用幹細胞產品幫助燃脂和減少內臟脂肪。
    6) 客戶對靈芝產品價格感到過高，對某些產品材質和效果不滿意。

5. 禁忌
    1) 客戶吃素，不吃肉類產品。
    2) 客戶擔心同時食用多種保健品可能會產生衝突，導致不適。
    3) 客戶目前眼睛正在修復中，暫時不食用其他保健品。",1
21147051,女,57.0,台中市豐原區,Z,摩羯座,9160,否,否,否,是,否,是,否,否,330959.28561,154,23023.80952,9,10744.7619,3,0.0,0,6372.38095,1,9010.47619,4,6372.38095,1,6372.38095,1,0.0,0,6372.38095,1,否,否,是,否,否,否,0,否,否,否,否,否,0,否,否,否,"1. 家庭關係
    1) 未提及相關內容。

2. 健康狀況
    1) 客戶提到她有在服用西藥。
    2) 客戶表示她的皮膚本來就很敏感。
    3) 客戶提到使用粒線體產品時感到有些不適。

3. 職業背景
    1) 未提及相關內容。

4. 健康食品使用心得
    1) 客戶曾購買奧利塔的油。
    2) 客戶提到她用過一些其他品牌的產品，但覺得效果不是很好。

5. 禁忌
    1) 客戶表示不需要購買高劑量B群。
    2) 客戶表示不需要購買面膜。
    3) 客戶表示不需要購買三A魚油，並表示以後也不需要。
    4) 客戶表示不需要購買乳鐵蛋白的益生菌和成長雙鈣。
    5) 客戶比較不喜歡生鮮類的東西。",1
21150276,男,71.0,桃園市平鎮區,Z,天秤座,9155,否,否,是,否,否,否,是,否,382150.47615,182,40260.95236,22,16085.71426,11,9428.5714,10,0.0,0,56514.28569,15,9428.5714,10,9428.5714,10,9428.5714,10,0.0,0,否,否,是,否,否,否,0,否,否,是,否,否,0,否,否,否,"1. 家庭關係
    1) 客戶表示自己是何大哥的兒子。

2. 健康狀況
    1) 客戶年紀大了，膝蓋偶爾會感到不舒服，但不需要開刀。

3. 職業背景
    1) 客戶未提及具體職業背景，但表示自己沒有投資股票，認為現金留在身邊最實際。

4. 健康食品使用心得
    1) 客戶平常保養一天喝一瓶保健食品，若有運動或膝蓋感到疲累時會多喝一瓶。

5. 禁忌
    1) 未提及具體禁忌。",1
21150985,女,59.0,新北市土城區,Z,白羊座,9154,否,否,是,否,是,是,是,否,221295.52382000003,123,42552.38095,26,25465.714280000004,14,3724.7619,1,3580.95238,2,19260.95239,8,760.95238,1,760.95238,1,0.0,0,0.0,0,否,否,否,否,否,否,0,否,否,否,否,否,0,否,否,否,"1. 家庭關係
    1) 客戶提到她的先生會處理益生菌的購買事宜。
    2) 客戶表示平常家中都有其他人在。

2. 健康狀況
    1) 客戶提到她目前在醫院，但並非醫護人員。
    2) 客戶表示她目前有壓力，認為一天五十元的支出會造成負擔。

3. 職業背景
    1) 客戶提到她目前正在上班，無法停留太久。
    2) 客戶提到她目前正在坐車，可能與工作相關。

4. 健康食品使用心得
    1) 客戶提到她老公並未使用挺立鈣這個牌子的產品，而是購買其他品牌的鈣片。
    2) 客戶明確表示她沒有說過要牛樟芝產品。

5. 禁忌
    1) 客戶表示她沒有要使用面膜。
    2) 客戶表示對父親節檔期商品沒有興趣。",1
21151858,女,68.0,苗栗縣獅潭鄉,D,水瓶座,9152,否,否,否,是,否,是,是,否,437752.66673,192,60418.09531,39,19491.42859,14,1885.71429,1,5390.476189999999,2,36390.47618,12,1959.04762,3,437.14286,1,0.0,0,0.0,0,否,否,是,否,否,否,0,否,否,否,否,是,0,否,否,否,"1. 家庭關係
    1) 客戶提到家裡在地震中一切平安，沒有物品倒下或損壞。
    2) 客戶有孫子，並提到家人都一起使用保健品進行保養。
    3) 客戶的姊姊曾經購買過美妝產品。
    4) 客戶的女兒有時候會送她保健品，但她擔心女兒吃太多保健品會影響健康。
    5) 客戶提到之前購買的保健品是為婆婆購買的，婆婆有在吃鴕鳥精和鹿角鈣。

2. 健康狀況
    1) 客戶的關節目前狀況良好，沒有特別需要保養。
    2) 客戶提到自己的眼睛沒有飛蚊症或乾澀的問題。
    3) 客戶表示臉上有斑，對淡斑效果特別在意。
    4) 客戶提到需要保養腰部。

3. 職業背景
    1) 客戶提到自己開農場，假日可能會更忙。
    2) 客戶表示最近工作比較忙。

4. 健康食品使用心得
    1) 客戶提到她有在吃益生菌，並表示益生菌對代謝和過敏有幫助，且已多次購買。
    2) 客戶提到之前購買過東森的龜鹿鴕鳥精和華陀產品，但這些產品是為婆婆購買的，自己並未使用。
    3) 客戶表示目前很少吃保健食品，也不想吃，並提到自從女兒送她保健品後，她就不再購買保健品。
    4) 客戶提到曾購買過纖維粉類型的保健品，但對某款保健品的實際效果與宣傳效果不符感到不滿。
    5) 客戶提到家中還有未用完的益生菌存貨，但目前沒有再使用。

5. 禁忌
    1) 客戶提到自己沒有吃保健食品的習慣，並表示不需要購買保健食品。
    2) 客戶提到她沒有購買B群產品，並表示這些產品對她沒有用。",1
21152941,女,54.0,台北市文山區,Z,雙子座,9151,否,否,是,否,否,否,是,否,354870.28573,160,41261.90479,17,13785.71428,2,13785.71428,2,0.0,0,19651.42857,4,18228.57143,2,12571.42857,1,12571.42857,1,0.0,0,否,否,是,否,否,否,0,否,否,否,否,否,0,否,否,否,"1. 家庭關係
    1) 客戶提到她有養寵物，並認為寵物需要保健。

2. 健康狀況
    1) 客戶表示她有糖尿病，糖化血色素曾飆到11，目前已降至6.9。
    2) 客戶表示飯前血糖從兩百多降至一百一十幾，接近標準值。
    3) 客戶透過飲食控制和運動，體重減少了12公斤。
    4) 客戶目前仍在服用慢性病藥物，包括血壓藥。
    5) 客戶提到因老花眼問題較嚴重，開始服用葉黃素。

3. 職業背景
    1) 客戶表示她的工作勞動量很高，且每天都會流汗。
    2) 客戶提到她在全聯工作，工作型態為勞動性質。

4. 健康食品使用心得
    1) 客戶提到她一直有在服用益生菌，目前不需要再購買。
    2) 客戶表示曾經服用葉黃素，每天服用兩顆，主要是為了改善眼睛老化問題，但目前不需要再購買。
    3) 客戶提到她之前有購買磷蝦油。
    4) 客戶曾在東森購買過自然完美的紅藜果膠。

5. 禁忌
    1) 客戶表示高單價商品為了扣紅利點數不划算，因此選擇放棄。
    2) 客戶提到曾經購買過高單價商品，但使用後感覺效果不明顯。",1
21161732,女,62.0,新竹市,D+,巨蟹座,9131,否,否,是,是,否,是,是,否,639244.33332,128,112102.85716,21,18894.28572,5,15580.00001,3,2371.42857,1,92647.61905,5,81295.2381,4,12266.66667,1,12266.66667,1,0.0,0,是,否,否,否,否,否,0,否,否,否,否,否,0,否,否,否,"1. 家庭關係
    1) 未提及具體家庭關係。

2. 健康狀況
    1) 客戶目前有在服用益生菌，每天服用一包，對調整體質的益生菌感興趣。
    2) 客戶有時候會喝粒線體，但偶爾會忘記，目前已經喝掉一盒半。
    3) 客戶表示目前不想進行保養，也很少使用保養品，從來不擦保養品。

3. 職業背景
    1) 客戶是一名上班族。
    2) 客戶曾經出國旅行。

4. 健康食品使用心得
    1) 客戶之前購買過葉黃素、益生菌、安瓶、維他命D、抗齡精華乳、蝦紅素（送人）及褐藻糖膠等保健品。
    2) 客戶目前有在喝激活再生安瓶，表示還可以接受，但不是每天都喝，偶爾會忘記，目前家中還有五到六盒尚未喝完。
    3) 客戶之前購買的奇異果益生菌已經吃完，對益生菌產品感興趣，特別是調整體質的益生菌。
    4) 客戶在五月時購買過日本仁丹專利晶球益生菌，三月時購買過寶齡富錦的維他命D和台酒的抗齡精華乳。
    5) 客戶提到之前購買過益生菌和葉黃素，但都沒有食用。
    6) 客戶提到之前購買過保溫瓶。
    7) 客戶提到之前購買過褐藻糖膠，並剛買了一組五盒。

5. 禁忌
    1) 客戶表示目前不想購買任何產品。
    2) 客戶表示目前不想進行保養，也不想購買保健品。",1
21163540,女,68.0,高雄市桃源區,Z,天蠍座,9128,否,否,是,否,否,是,是,否,843451.2380499999,560,158401.90473999997,101,48797.14284,30,19458.095230000003,12,6806.6666700000005,4,43800.95238,19,13977.14286,6,1140.95238,2,1140.95238,2,0.0,0,否,否,否,否,否,否,0,否,否,否,否,是,0,否,否,否,"1. 家庭關係
    1) 客戶家中有兩人，為夫妻兩人一起住，沒有小孩。
    2) 客戶提到家裡有時候會一起到宜蘭玩，出門時由先生開車。
    3) 客戶提到家裡的東西很多，過年期間食物都吃不完。

2. 健康狀況
    1) 客戶有在診所固定拿藥。
    2) 客戶提到家裡溫差大，白天和晚上溫度差異明顯。

3. 職業背景
    1) 客戶平常沒有上班，主要忙於做家事。
    2) 客戶的阿姨從事美容相關工作。

4. 健康食品使用心得
    1) 客戶有補充益生菌、B群、葉黃素和骨關節保健食品。
    2) 客戶曾購買過原裝進口的魚油，與家人一起食用，目前手邊還有六罐。
    3) 客戶購買保健品主要是為了預防健康問題，並會用溫開水搭配服用。
    4) 客戶之前嘗試過膏狀保健品，但覺得麻煩而停止使用。
    5) 客戶目前家中保養品和保健品充足，暫時不需要購買新的。

5. 禁忌
    1) 客戶目前沒有使用眼霜或其他皮膚保養品。
    2) 客戶表示目前沒有特別需要幹細胞產品。",1
21164272,男,58.0,台南市新營區,D+,處女座,9128,否,否,否,否,否,是,是,否,264459.00008,108,68901.90478,21,40267.61905,6,28392.38095,1,2647.61905,1,42940.0,9,33511.428570000004,7,31040.0,2,28392.38095,1,2647.61905,1,否,否,否,否,否,否,0,否,否,否,否,否,0,否,否,否,"1. 家庭關係
    1) 客戶家中有小孩，為國小五年級的雙胞胎。
    2) 客戶的母親曾經服用過鹿茸精，對該產品的效果感到滿意。
    3) 客戶的母親在七月二十六號進行了髖關節手術，並且在手術前後服用激活再生安瓶，每天一支，已服用約一個月。

2. 健康狀況
    1) 客戶提到母親在服用激活再生安瓶後，感覺效果不明顯，且血糖有飆高的情況。
    2) 客戶提到自己剛從台中回來，感到心情不好和壓力大。

3. 職業背景
    1) 客戶從事保健食品相關行業，專注於粉劑產品。
    2) 客戶目前的工作是兼職和自己做生意，且沒有固定的下班時間。

4. 健康食品使用心得
    1) 客戶曾購買過粒線體保健品，但忘記了具體購買數量。
    2) 客戶表示不再服用葉黃素，並已停止服用其他保健食品，專注於嘗試新的保健品。
    3) 客戶認為半年份的保健品價格太貴，並對東森購物的紅利點數和回饋不太關注。

5. 禁忌
    1) 客戶的母親在服用激活再生安瓶後，血糖有飆高情況，需注意血糖控制。",1
21170105,女,60.0,桃園市觀音區,D+,水瓶座,9118,否,否,否,否,否,是,是,是,373495.57146,186,42033.33334,20,23190.47619,9,16239.04762,2,0.0,0,49248.476200000005,9,21915.2381,3,16239.04762,2,16239.04762,2,0.0,0,否,否,否,否,否,否,0,否,否,否,否,否,0,否,否,否,"1. 家庭關係
    1) 客戶飼養了一隻二歲的貓，貓晚上會每隔兩個多小時叫她起來餵食。
    2) 客戶提到膠原錠是給先生吃的，作為保養用途。

2. 健康狀況
    1) 客戶容易過敏，眼睛容易乾癢且有老花眼症狀，視力模糊並曾因視力問題看醫生。
    2) 客戶容易疲勞，尤其下午精神不佳，可能與飲水量少有關，睡眠品質較差。
    3) 客戶的眼袋較大但細紋不多，皮膚容易疲勞，尤其眼睛感到累。
    4) 客戶的身材維持得不錯，並未因飲食或生活習慣而發胖。

3. 職業背景
    1) 客戶的工作是保全，工作時間為早上七點到晚上七點，屬於固定值班性質。
    2) 客戶目前正在外勤工作，中午休息時間不固定。

4. 健康食品使用心得
    1) 客戶曾多次購買葉黃素產品，並嘗試過不同品牌，但效果一般，目前服用方式為早上兩顆、晚上兩顆，主要針對視力模糊問題。
    2) 客戶偶爾會吃葉黃素作為保健食品，並表示目前存量還多，暫時不需要購買。
    3) 客戶曾購買過綠蜂膠產品，但對效果感到不滿意。
    4) 客戶表示去年購買的自然美系列產品使用後感覺良好且吸收效果佳。
    5) 客戶有在吃B群，主要在疲勞時服用。

5. 禁忌
    1) 客戶表示她不會使用面膜，也不喜歡使用面膜。
    2) 客戶表示她不會吞口服的營養品或補充品。
    3) 客戶目前沒有在吃膠原蛋白，並認為膠原蛋白效果有限。
    4) 客戶表示她目前沒有在擦眼霜，之前使用過但覺得效果一般。
    5) 客戶對年菜的砂鍋魚頭產品表示沒興趣。
    6) 客戶認為粒線體產品太貴，自己不會購買。
    7) 客戶提到她平常比較少吃保養品，覺得太麻煩了。
    8) 客戶認為東森的產品價格偏高。",1
21170761,女,54.0,連江縣南竿鄉,D,摩羯座,9117,否,否,否,是,否,是,是,否,54668.7619,37,6858.09523,10,4548.57143,5,1140.95238,2,1885.71429,1,21943.80951,13,6858.09523,10,4548.57143,5,1140.95238,2,1885.71429,1,否,否,否,否,否,否,1,否,否,否,否,否,0,否,否,否,,1
21187339,女,57.0,新北市土城區,B,天蠍座,9095,否,否,是,否,否,否,是,否,685275.7619400001,194,403155.2381200001,52,49576.190480000005,10,48054.28572,7,0.0,0,482053.33335,55,396695.2380900001,43,49576.19047999999,9,48054.28572,7,0.0,0,否,否,是,否,否,否,0,否,否,否,否,否,0,否,否,否,"1. 家庭關係
    1) 未提及具體家庭成員或關係。

2. 健康狀況
    1) 客戶肚圍約55吋，擔心塑身衣是否合適，並希望改善骨頭關節的不適。
    2) 客戶血糖曾高達12.2，後來回診後降至10，並使用胜肽控制血糖和體重。
    3) 客戶膽固醇數值為140，醫生已開藥治療。
    4) 客戶曾因服藥導致水腫，後改用打針方式解決問題。
    5) 客戶提到冬天時上廁所頻率增加。

3. 職業背景
    1) 客戶已辦理退休，需控制金錢流量。
    2) 客戶曾在公司工作，並在晚上於家中處理資料。

4. 健康食品使用心得
    1) 客戶每天服用兩顆益生菌，偶爾下午會再吃兩顆，表示益生菌有助於排便順暢，但味道較重。
    2) 客戶曾多次購買並服用蚓激酶，每次服用兩顆，效果不錯，但目前存量快用完。
    3) 客戶曾購買過幹細胞產品、五穀產品及紅色包裝的產品，但目前不再食用。
    4) 客戶目前有大量魚油存貨，選擇分十二期付款購買新魚油。
    5) 客戶對於加倍訂購產品感覺較舒適，並希望使用大包裝產品。
    6) 客戶對於某些優惠活動產品有興趣，並購買了兩組產品，每月費用為990元。
    7) 客戶對於速速走、人蔘、葉黃素及龜苓膏等產品未使用或不感興趣。
    8) 客戶對於專員介紹的產品表示理解和感謝。

5. 禁忌
    1) 客戶不再使用顧骨頭關節的保健食品。
    2) 客戶對於可以沖馬桶的衛生紙不感興趣，因為碰到水會化掉。
    3) 客戶無法負擔價格較高的產品組合，偏好更便宜的選擇。",1
21188529,女,64.0,台北市文山區,D,獅子座,9093,否,否,否,否,否,否,否,否,42949.333320000005,12,2244.7619,3,1483.8095199999998,2,0.0,0,0.0,0,2474.28571,3,1521.90476,2,760.95238,1,0.0,0,0.0,0,否,否,否,否,否,否,0,否,否,否,否,否,0,否,否,否,,1
21191782,女,76.0,台北市中正區,D+,金牛座,9088,否,否,否,否,否,是,是,否,608339.5238800001,311,55825.71430000001,35,6609.523810000001,2,3771.42857,1,0.0,0,15541.90475,6,8323.80952,3,3771.42857,1,3771.42857,1,0.0,0,否,否,否,否,否,否,0,否,否,是,否,否,0,否,否,否,"1. 家庭關係
    1) 客戶與先生一起生活，並共同食用益生菌。

2. 健康狀況
    1) 客戶75歲，女性，曾因跌倒導致骨折，進行髖骨手術，目前已出院並在修養中。
    2) 客戶四個月前開過刀，目前住院中，走路仍感到無力，髖關節和腳較無力，有時膝蓋和髖關節會疼痛，需服用止痛藥。
    3) 客戶患有青光眼，雙眼視力嚴重受損，僅能看到光，需每三個月回診並定期點眼藥水。
    4) 客戶行動不便，走路不方便，無法走遠路，平時需走路來保持免疫力。

3. 職業背景
    1) 無明確提及職業背景。

4. 健康食品使用心得
    1) 客戶長期購買並食用益生菌，與先生共同使用，對產品有一定的信任。
    2) 客戶長期購買並食用葉黃素，從未間斷，曾購買高群品牌的葉黃素，可能是從MOMO或東森購買，且購買數量較多。

5. 禁忌
    1) 客戶需定期回診，並持續服用止痛藥及點眼藥水。
    2) 客戶需補充鈣質以改善髖關節和腳部無力的情況。",1
21203711,女,59.0,桃園市楊梅區,B,金牛座,9072,否,否,是,是,否,是,是,否,570305.9524,98,188920.95237,28,63646.66665999999,9,56819.04762,6,2552.38095,1,461617.14287,52,176139.04762000003,19,56819.04762,6,56819.04762,6,0.0,0,否,否,否,否,否,否,0,否,否,否,否,否,0,否,否,否,"1. 家庭關係
    1) 客戶有一名高一的孩子，女兒較為貼心，會陪她一起出遊或露營。
    2) 客戶的母親已經80歲，習慣使用桂格養氣人蔘。
    3) 客戶的先生在50多歲時中風，後來因癌症過世。
    4) 客戶計劃與妹妹一起看遍台灣的棒球場。

2. 健康狀況
    1) 客戶健康檢查結果正常，無紅字，且每年定期檢查。
    2) 客戶有糖尿病，曾接受醫生建議進行相關治療。
    3) 客戶筋骨容易痠痛，最近雙腳有些不適，並需要針對骨頭關節進行保養。
    4) 客戶表示目前經濟壓力較大，無法負擔高額保健品費用。

3. 職業背景
    1) 客戶在管理顧問公司工作，偶爾需要跑外勤，平時多為坐辦公室的工作型態。
    2) 客戶的工作壓力較大，且需出席一些重要場合或活動。
    3) 客戶經常外出差，南北奔波，偶爾住外地一到兩晚。

4. 健康食品使用心得
    1) 客戶服用葉黃素護眼，但感覺效果不明顯，尚未開始服用之前購買的葉黃素。
    2) 客戶每天服用益生菌，早中午各兩顆，晚上兩顆，但覺得排便效果一般。
    3) 客戶曾服用果膠王、膠原蛋白粉、華陀減肥食品等，但效果不明顯。
    4) 客戶目前服用蚓激酶，認為有助於心血管健康，並有服用幹細胞產品。
    5) 客戶曾購買顧肝保健品，但尚未開始使用。
    6) 客戶有記得吃顧血管的保健食品，並每天早上吃一顆金色罐子的保健品。
    7) 客戶三年前曾服用牛樟芝進行保養，半年多前已經吃完，近期又訂購並已收到。
    8) 客戶以前有服用B群，為朋友推薦的品牌。

5. 禁忌
    1) 客戶表示睡前服用某些產品可能影響睡眠品質，考慮改為早上服用。
    2) 客戶不喝酒，平常不吃人蔘或燕窩。
    3) 客戶有時愛吃零食，認為可能影響減肥效果。
    4) 客戶的飲食習慣以吃飽為主，不會花很多錢在餐飲上。",1
21206573,女,75.0,新北市汐止區,Z,天蠍座,9068,否,否,是,否,否,是,是,否,338836.71430999995,184,130533.33336999996,75,11790.47618,9,6228.57142,5,0.0,0,8114.285699999999,7,8114.2857,7,6228.57142,5,6228.57142,5,0.0,0,否,否,否,否,否,否,0,否,否,否,否,否,0,否,否,否,"1. 家庭關係
    1) 客戶表示自己只有一個兒子，但兒子不孝順，住院期間兒子未曾探望她。
    2) 客戶提到自己一個人住。

2. 健康狀況
    1) 客戶目前74歲，女性，心臟有裝支架，需定期回診，並提到心跳數值有時在100到170之間。
    2) 客戶有心臟問題，曾因血塊跑到心臟而需緊急處理，並接受過微創手術，認為手術傷口小且復原快。
    3) 客戶曾因呼吸困難住院，並在加護病房住過一週，近期從醫院出來，需注意健康狀況，目前仍在住院，且表示目前不能走路，需三個月後才能行走。
    4) 客戶提到膝蓋關節有退化性關節炎，偶爾會感到疼痛。
    5) 客戶表示晚上睡眠狀況不佳，常迷迷糊糊且會想東想西。
    6) 客戶提到身體狀況曾較虛弱，但現在已好轉許多。
    7) 客戶提到醫生建議每天飲水量不能超過1500cc，且服用利尿劑的頻率已從每天一次減少到兩天一次。
    8) 客戶表示自己沒有血糖或血壓的問題。

3. 職業背景
    1) 無明確提及職業背景。

4. 健康食品使用心得
    1) 客戶曾購買並使用華陀的保健品，包括龜鹿膠囊、龜鹿精、葡萄胺、葉黃素、滴雞精、高鼓勵膠囊等，並認為效果不錯。
    2) 客戶每天早上空腹服用葉黃素和建立膠原產品，並每天中午飯後固定服用兩顆華陀高鼓勵膠囊。
    3) 客戶曾購買正官庄的高麗蔘產品，並送給他人；也曾服用膏狀高麗蔘，直接服用後搭配溫水飲用。
    4) 客戶有服用益生菌，但為他人贈送的產品。
    5) 客戶信任粒線體產品，表示願意訂購一個療程，但目前因預算問題暫時無法購買。
    6) 客戶表示使用華陀龜鹿膠產品效果很好，並曾購買華陀的葉黃素給長輩使用。
    7) 客戶提到她曾經介紹高麗蔘產品給朋友。

5. 禁忌
    1) 客戶表示目前不會訂購幹細胞產品，考量預算問題。
    2) 客戶近期開銷較大，選擇貨到付款方式購買產品。",1
21221014,女,59.0,桃園市龍潭區,D+,天蠍座,9052,否,否,否,是,否,是,是,否,246401.66665,99,62188.57141999999,7,45740.0,4,28063.80952,1,17676.190479999997,3,61979.04762,6,56321.90475999999,5,45739.99999999999,4,28063.80952,1,17676.190479999997,3,否,否,否,否,否,否,0,否,否,否,否,否,0,否,否,否,"1. 家庭關係
    1) 客戶提到她的孫子很可愛。
    2) 客戶是一位58歲的女性會員。

2. 健康狀況
    1) 客戶未提及具體健康問題，但詢問敏感肌是否可以使用自然美參萃系列產品，可能暗示她的肌膚較為敏感。

3. 職業背景
    1) 客戶未提及具體職業背景。

4. 健康食品使用心得
    1) 客戶表示她有使用過自然美參萃系列的保養品，包括眼霜和逆齡霜，並選擇再次購買一組。
    2) 客戶目前主要使用眼霜和逆齡霜，對該系列產品有一定的使用經驗。

5. 禁忌
    1) 客戶未提及具體禁忌，但詢問敏感肌是否適合使用自然美參萃系列產品，可能對產品成分有一定的關注。",1
21229594,女,63.0,新北市土城區,D,處女座,9041,否,否,是,是,是,是,是,否,348528.33323999995,219,88727.61904000002,47,26864.76191,15,13428.57144,5,1439.04762,1,129553.33331,54,30375.23809,13,3311.42857,4,0.0,0,0.0,0,否,否,是,否,否,否,0,否,否,否,否,否,0,否,否,否,"1. 家庭關係
    1) 客戶提到她的女兒回來了，但未提及是否同住。
    2) 家中有很多肌能B群，且由醫生開給她和先生使用。

2. 健康狀況
    1) 客戶需要去配眼鏡。
    2) 客戶擔心吃太多B群會產生依賴性，因此不常服用。

3. 職業背景
    1) 客戶提到她在市場賣豬肉。

4. 健康食品使用心得
    1) 客戶有使用自然美的保濕精華液，並認為效果不錯，目前仍在使用。
    2) 客戶有使用防曬乳，夏天偏好使用物理性防曬乳，但不習慣使用某些防曬乳產品。
    3) 客戶曾經購買過珍珠粉，但已是很久以前的事。
    4) 客戶之前有吃過玻璃瓶裝的膠原飲。
    5) 客戶之前有購買過美人計的漢方益生菌。
    6) 客戶表示之前有購買定狀益生菌，並提到其效果是排便順暢。
    7) 客戶提到家中有很多肌能B群，但不常服用。
    8) 客戶之前有購買華陀的保健食品。

5. 禁忌
    1) 客戶不吃高價的燕窩產品。
    2) 客戶比較不喜歡吃寄送的食品，通常自己購買食物。",1
21232156,女,48.0,新北市五股區,D+,射手座,9037,否,否,是,否,否,是,是,否,361167.2381699999,226,92906.66671000003,57,38620.00001,23,19110.4762,10,942.85714,1,74999.04765,36,13071.428569999998,7,5321.904759999999,3,4379.04762,2,942.85714,1,否,否,是,否,否,否,0,否,否,否,否,否,0,否,否,否,"1. 家庭關係
    1) 客戶目前在家照顧生病的母親，無法外出。
    2) 母親行動不便，不能走太久路，患有肌少症需要復健，並且因感冒引起肺炎住院一週後出院，目前正在調養中。
    3) 母親需要洗腎，身體狀況較虛弱，需醫生開立適合的益生菌。
    4) 父親接近八十歲，腳無力，服用保健品後未見改善。

2. 健康狀況
    1) 客戶眼睛有飛蚊症，但使用某些保健品後效果不佳。
    2) 客戶表示沒空吃保健食品，很多產品未使用完或被丟棄。

3. 職業背景
    1) 客戶是一名護理師，目前因照顧母親暫時無法工作，需等母親健康狀況穩定後才考慮重新工作。
    2) 客戶曾進行慈善捐贈。

4. 健康食品使用心得
    1) 客戶曾購買妍美会的葉黃素（第一代、第二代及第三代），但效果不明顯，偏好簡單、小顆的產品，並購買給長輩使用。
    2) 客戶曾購買關節保養品、顧骨頭保健品（一天服用兩顆）、魚油（飯後服用）、益生菌（目前還有三盒未使用）及乳酸菌（尚未吃完，有一盒未開封）。
    3) 客戶曾購買白藜蘆醇產品，但已過期丟棄，並不再使用。
    4) 客戶表示家中有很多保健品，部分尚未使用完，通常飯後服用並吃到建議量。

5. 禁忌
    1) 客戶目前對幹細胞產品沒有興趣。
    2) 客戶對於洗碗精效果不滿意，並提到折價券在購物時使用有限。",1
21237286,女,68.0,嘉義縣六腳鄉,D,白羊座,9031,否,否,否,是,否,是,是,否,221068.57144,114,65382.85715999999,33,17056.190469999998,8,1885.71429,1,7534.28571,2,6713.33333,4,951.42857,1,951.42857,1,0.0,0,951.42857,1,否,否,否,否,否,否,0,否,否,否,否,否,0,否,否,否,"1. 家庭關係
    1) 客戶提到她的老公有教她一些事情。
    2) 客戶有一位女兒，曾提到女兒回來了，但因為太忙無法幫助她查看東森購物的官網。

2. 健康狀況
    1) 客戶目前沒有在服用三高的藥物。
    2) 客戶提到她本來頭髮就是黑色的，並有自己的保養習慣，包括使用微整形進行保養。

3. 職業背景
    1) 客戶目前正在工作，表示自己很忙。
    2) 客戶提到最近都很忙，甚至在通話時正在開車。

4. 健康食品使用心得
    1) 客戶有使用過幹細胞產品，並表示效果不錯，目前家中還有兩三罐幹細胞產品，暫時不需要再購買。
    2) 客戶曾購買過幹細胞產品，價格約八萬多，使用感覺還好，並有在持續服用理會幹細胞產品。
    3) 客戶有使用過葉黃素和益生菌等保健品，但表示不喜歡使用保健食品或吃的相關產品。
    4) 客戶有購買過英國品牌的舒酸定牙膏，並長期使用環保型洗衣精。

5. 禁忌
    1) 客戶表示她從未在東森購買過保健品，也未使用過東森的折價券。
    2) 客戶提到她有很多紅利點數，但目前沒有想要使用或扣除點數。",1
21240259,女,61.0,台中市大里區,D+,水瓶座,9027,否,否,否,是,否,是,否,否,608725.42854,250,62148.57144000002,24,6664.7619,5,0.0,0,2238.09524,1,109940.95237,24,42646.666670000006,11,3760.0,3,0.0,0,2238.09524,1,否,否,是,否,否,否,0,否,否,否,否,否,0,否,否,否,"1. 家庭關係
    1) 客戶提到她有一位合作了二十幾年的陳小姐。
    2) 客戶目前在朋友那裡，表示不太方便。

2. 健康狀況
    1) 客戶提到她的胸部較大，選擇L號外套以避免穿著過於緊繃。
    2) 客戶表示她不會很怕冷。
    3) 客戶提到她一天只在晚上使用一次積雪草相關產品。
    4) 客戶提到她長期食用珍珠粉，並有使用膠原蛋白和葉黃素。

3. 職業背景
    1) 客戶未提及具體職業背景，但提到她目前很忙。

4. 健康食品使用心得
    1) 客戶提到她長期食用珍珠粉，並有使用膠原蛋白和葉黃素。
    2) 客戶表示她一天只在晚上使用一次積雪草相關產品。

5. 禁忌
    1) 客戶多次拒絕購買幹細胞產品。
    2) 客戶提到她沒有使用面膜的習慣。
    3) 客戶表示不需要保健棉被。
    4) 客戶提到她不需要擦臉的產品，並不喜歡某些產品的效果。",1
21241382,男,72.0,南投縣草屯鎮,Z,金牛座,9025,否,否,否,否,否,是,是,否,66588.28569,41,34845.714270000004,26,14066.66665,12,5864.761910000001,4,0.0,0,2654.28571,4,2654.28571,4,1140.95238,2,1140.95238,2,0.0,0,否,否,否,否,否,否,0,否,否,否,否,是,0,否,否,否,,1
21243245,女,61.0,桃園市新屋區,C,摩羯座,9023,否,否,是,是,否,是,是,否,374789.09524,130,149384.76189999998,12,116474.28571,5,113523.80952,3,951.42857,1,198541.90479000003,18,123903.80952,5,114475.23809,4,113523.80952,3,951.42857,1,否,否,否,否,否,否,0,否,否,否,否,否,0,否,否,否,"1. 家庭關係
    1) 未提及具體家庭成員或關係。

2. 健康狀況
    1) 客戶年齡約60歲，提到自己有三高（高血壓、高血糖、高血脂），且新陳代謝失調導致健康狀況不佳。
    2) 客戶表示排便正常，未服用減肥藥。
    3) 客戶提到自己年紀大了，認為不需要特定的保養品。

3. 職業背景
    1) 客戶目前仍在上班，表示最近工作繁忙，尤其是雙十一期間。
    2) 客戶提到目前從事生意，經濟壓力不大，預計再過兩三年才會退休。
    3) 客戶提到五點之後比較有空。

4. 健康食品使用心得
    1) 客戶之前購買過萬壽元的蚓激酶產品，但目前已經停止使用。
    2) 客戶曾購買過葉黃素等保健品，但目前未提及是否持續使用。
    3) 客戶表示對粒線體相關產品有聽聞，但尚未使用過。
    4) 客戶目前正在尋找護腎、通血管相關的保健食品。

5. 禁忌
    1) 客戶表示不喜歡使用補貼的產品。
    2) 客戶目前不使用膠囊型保養品。
    3) 客戶未使用自然美及妍美会的商品。
    4) 客戶平時沒有做臉或做身體的習慣。",1
21252570,女,68.0,新北市汐止區,A,雙魚座,9011,否,否,是,是,否,是,是,否,1977314.00002,348,716189.5237900004,103,197772.38095,33,170204.7619,15,15930.476200000005,9,1821962.85716,276,711599.9999699998,100,197772.38095,33,170204.7619,15,15930.476200000005,9,否,否,是,否,否,否,0,否,否,否,否,是,0,是,否,否,"1. 家庭關係
    1) 客戶有一個女兒，女兒從事直播和線上遊戲相關工作，收入不錯，且每月會做公益。
    2) 客戶的女兒每半年從菲律賓回台灣一次，並與客戶同住。
    3) 客戶的女兒曾為她購買青春露，並帶走了家中的葉黃素。
    4) 客戶的老公不在意電話，且會寄單子給他。
    5) 客戶的兒子會開車載家人去宜蘭掃墓，掃墓後會與家人一起吃飯並唱卡拉OK。
    6) 客戶提到掃墓是去老公那邊的阿公的墓。
    7) 客戶目前一個人住。

2. 健康狀況
    1) 客戶有糖尿病，需定期服用控制血糖的藥物，並每三個月進行健康檢查，糖化血色素控制在6點多。
    2) 客戶有氣喘問題，並在確診後出現後遺症，目前服用中藥調理。
    3) 客戶有脂肪肝問題，但未進行檢查確認。
    4) 客戶的膝蓋有退化問題，最近因天氣變化感到痠痛。
    5) 客戶的膽固醇和三酸甘油酯指標正常。
    6) 客戶有乳糖不耐症，不喝牛奶和無糖豆漿。
    7) 客戶表示她很怕熱。

3. 職業背景
    1) 客戶於60歲退休，理財主要在新展銀行處理。
    2) 客戶的月生活開銷約為一萬塊，並選擇勞保給付以月領方式。

4. 健康食品使用心得
    1) 客戶每天早晚各吃一顆幹細胞膠囊，認為其有助於保持年輕。
    2) 客戶每天早上吃十幾樣保健食品，曾購買過多種保健品如葉黃素、益生菌、苦瓜胜肽、鴕鳥精、活泉幹細胞等。
    3) 客戶對葉黃素產品有興趣，經常購買妍美会的葉黃素膠囊，對果凍形式的葉黃素不感興趣。
    4) 客戶對於便宜的膠囊持懷疑態度，認為可能沒有營養。
    5) 客戶對於減重口服產品效果不佳，並不想使用。
    6) 客戶對於能量霜的使用效果表示認可。
    7) 客戶對於活泉幹細胞產品的價格有疑問，曾以優惠價購買過。
    8) 客戶對於產品的搭配有疑慮，認為需要一起吃才能有效。
    9) 客戶對於葉黃素產品的廣告效果表示懷疑。
    10) 客戶對於華華陀扶元堂含枸杞和紅棗的產品有興趣。
    11) 客戶對於褐藻糖膠膠囊和新時代保健食品有使用經驗。
    12) 客戶對於魚油產品有使用經驗，但認為價格昂貴，後來購買了白蘭氏和澳洲的魚油。

5. 禁忌
    1) 客戶不吃芋頭色素的饅頭，選擇純白的饅頭。
    2) 客戶不喝牛奶和無糖豆漿，因為有乳糖不耐症。
    3) 客戶不喜歡魚油產品，但目前有在服用。
    4) 客戶不喜歡退貨，認為退貨麻煩。
    5) 客戶不參加現場活動，偏好線上活動。
    6) 客戶不吃某種冰淇淋產品。
    7) 客戶不記得是否購買過順天堂的龜苓膏。
    8) 客戶對於投資基金、股票、藝術品、珠寶等物品不感興趣。",1
21256914,女,54.0,桃園市觀音區,D+,摩羯座,9005,否,否,是,否,否,否,是,否,150589.76191,44,86418.09524000001,12,56215.2381,7,56215.2381,7,0.0,0,115399.04762,21,86418.09524,12,56215.2381,7,56215.2381,7,0.0,0,否,否,否,否,否,否,0,否,否,否,否,否,0,否,否,否,"1. 家庭關係
    1) 客戶有兩個孩子，其中一個是大四學生，另一個是小學一年級學生。

2. 健康狀況
    1) 客戶表示因為年紀增長及曬太陽，臉上有一些斑。
    2) 客戶完全不使用保養品，也沒有擦臉或化妝的習慣，臉部僅用純水清洗，不使用洗面乳。

3. 職業背景
    1) 客戶目前正在上班，平日工作繁忙，無法參加直播活動或接聽電話。
    2) 客戶表示明天放假。

4. 健康食品使用心得
    1) 客戶每天服用葉黃素，每次服用兩顆，並表示目前仍在服用，存貨不多，因此選擇購買小組的葉黃素產品。
    2) 客戶曾購買益生菌，但目前存貨充足，近期不需要再購買，且改買其他品牌。
    3) 客戶曾購買膠原蛋白產品，包括魚膠原蛋白和胎盤素，並有在飲用膠原蛋白，但對胎盤素膠囊感到不敢食用。
    4) 客戶曾購買玻尿酸產品，並對其有印象。
    5) 客戶曾購買幹細胞產品、石墨烯商品及活泉產品，但未提及使用心得。
    6) 客戶表示之前購買的華陀益生菌目前由小孩在食用，她自己沒有在吃。

5. 禁忌
    1) 客戶對胎盤素膠囊感到不敢食用。
    2) 客戶對娘家大紅麴產品沒有興趣。
",1
21262068,男,71.0,台東縣台東市,A,摩羯座,8999,否,否,是,是,否,是,是,否,933903.33329,224,201585.71427,43,93544.76189999998,6,90612.38095,4,2171.42857,1,351247.61903,55,175886.66666000005,24,93544.7619,6,90612.38095,4,2171.42857,1,否,否,否,否,否,否,1,否,否,否,否,否,0,否,否,否,"1. 家庭關係
    1) 未提及具體家庭成員或關係。

2. 健康狀況
    1) 客戶年齡為70歲（虛歲），有高血壓，並正在服用處方藥物。
    2) 客戶不喝酒。

3. 職業背景
    1) 未提及具體職業背景。

4. 健康食品使用心得
    1) 客戶有在服用其他保健食品，包括龜鹿二仙膠、鴕鳥筋、龜鹿膠囊、鴕鳥精等，但部分尚未食用完畢。
    2) 客戶曾購買燉好的燕窩，每瓶100公克，已使用約20瓶，但目前不需要再購買燕窩，因為自己會處理相關需求。
    3) 客戶對苦茶油有興趣，考慮購買六瓶裝或十二瓶裝。
    4) 客戶對B群產品的功能有所了解，知道其有助於緩解腰痠背痛、坐骨神經痛和視神經萎縮，並具有活化神經的功能。該產品一天只能服用一顆，早上服用有助提神，晚上服用有助睡眠。
    5) 客戶表示如果產品有效，會考慮購買來送給朋友。

5. 禁忌
    1) 客戶擔心健康食品過期，因為家中物品太多，部分保健食品尚未使用。
    2) 客戶不需要環保再生紙。
    3) 客戶不喝酒。",1
21266929,女,49.0,台北市大同區,D+,天秤座,8993,否,否,是,否,否,是,是,否,237218.95239,56,46091.42857,10,31231.42857,3,28393.33333,2,2838.09524,1,31231.42857,3,31231.42857,3,31231.42857,3,28393.33333,2,2838.09524,1,否,否,否,否,否,否,0,否,否,否,否,否,0,否,否,否,"1. 家庭關係
    1) 客戶有一個五歲的小孩。
    2) 客戶需要帶三個小孩一起出門，顯示她可能有三個孩子。
    3) 客戶的母親曾經給她購買過葉黃素相關產品。

2. 健康狀況
    1) 客戶目前正在服用鹿胎盤產品，已持續使用大半年，每天服用兩顆。
    2) 客戶目前沒有葉黃素，並希望獲得葉黃素產品。
    3) 客戶家中有很多保健品，顯示她對健康管理有一定的重視。

3. 職業背景
    1) 客戶目前在上班，並表示自己很忙。

4. 健康食品使用心得
    1) 客戶表示她目前正在服用多種保健品，並希望先吃完現有的產品再考慮其他。
    2) 客戶對鹿胎盤產品的使用已持續大半年，顯示她對該產品的接受度較高。

5. 禁忌
    1) 客戶通常一次付清款項，不使用分期付款，但曾詢問是否可以分十二期或更久的付款方式。
    2) 客戶目前不需要新的保健品，因為她正在服用多種產品。",1
21266943,男,81.0,花蓮縣花蓮市,D+,摩羯座,8993,否,否,否,否,否,否,是,否,220250.19047,100,61788.571410000026,35,25300.0,12,15038.09524,2,0.0,0,94070.47617,47,40139.047610000016,19,16756.19047,7,12190.47619,1,0.0,0,否,否,是,否,否,否,0,否,否,否,否,是,0,否,否,否,"1. 家庭關係
    1) 客戶提到家裡有一組在高雄。
    2) 客戶的媳婦負責管理家中的財務。
    3) 目前有人在照顧客戶。

2. 健康狀況
    1) 客戶81歲，男性，曾住院並進行手術，剛開完刀，目前仍感到疲勞，但已經可以走路。
    2) 客戶提到自己有胃病。
    3) 客戶的藥物不能插管使用。

3. 職業背景
    1) 無明確提及職業背景。

4. 健康食品使用心得
    1) 客戶提到有在食用袋鼠精。
    2) 客戶購買了五盒瑪卡。
    3) 客戶有在食用人蔘產品。

5. 禁忌
    1) 客戶的藥物不能插管使用。",1
21268546,女,60.0,台中市大里區,Z,天秤座,8991,否,否,是,否,否,是,是,否,407041.85709,105,147940.95234999998,16,56761.90476,3,56761.90476,2,0.0,0,219338.09518,26,147350.47616000002,15,56761.90476,3,56761.90476,2,0.0,0,否,否,是,否,否,否,0,否,否,否,否,否,0,否,否,否,"1. 家庭關係
    1) 客戶與先生同住，先生是素食者，日常飲食以簡單為主。
    2) 客戶有兩個未婚的子女，與她同住，並表示若子女結婚後會讓他們搬出去住。
    3) 客戶的家庭成員還包括大嫂、侄女和侄女的丈夫，曾一起去新加坡旅行。
    4) 客戶的父親住在台南，客戶會回台南探望。
    5) 客戶的女兒有時會分享有趣的影片給她看。

2. 健康狀況
    1) 客戶身體狀況良好，但有皮膚乾燥問題，並有兩顆良性腫瘤，醫生建議觀察，暫時不需開刀。
    2) 客戶有胃潰瘍，雖然從未有過胃痛經歷，且年輕時曾有胃食道逆流的情況。
    3) 客戶每天早上運動，已持續超過20年，主要進行跑步機運動和瑜伽，運動後會喝熱水。
    4) 客戶有定期進行乳房攝影檢查，已持續將近十年。
    5) 客戶平時飲食清淡，酸甜苦辣的食物都不太吃，且每天早上吃烤地瓜。

3. 職業背景
    1) 客戶已退休，曾經經營小型服裝修改工作室長達20年，並計劃在今年過年後不再工作。
    2) 客戶年輕時曾在台北工作過好幾年，也曾在建設公司工作，對建築有一定了解。

4. 健康食品使用心得
    1) 客戶每天服用益生菌、蚓激酶、葉黃素和粒線體保健品，益生菌每天服用一顆，葉黃素在早餐後服用，蚓激酶在早上起床後或下午三點左右服用。
    2) 客戶的葉黃素是在官網購買的，品牌為『我的四角』，她和先生一起服用葉黃素。
    3) 客戶每天早上運動前會喝一瓶粒線體保健品。
    4) 客戶曾年輕時服用燕窩作為保養品，但很少吃其他保健食品。
    5) 客戶有時會自製三蒸三曬地瓜乾，並用真空包裝機保存。

5. 禁忌
    1) 客戶不喜歡酸甜苦辣的食物，飲食清淡。
    2) 客戶對鈣片產品沒興趣，因為已有太多類似產品。
    3) 客戶曾多次被網購詐騙，現在很少購買網路上的食品。",1
21268961,女,77.0,台中市大里區,A,處女座,8990,是,是,是,是,否,是,是,否,3754481.23777,885,1457824.7617599966,301,437916.1903399999,137,331467.61892999994,60,18541.90478,10,3249542.8568200003,615,1421887.6188599975,266,424234.2855699998,123,330058.09511999995,59,18524.76192,9,否,否,否,否,否,否,0,否,否,是,是,否,0,是,否,否,"1. 家庭關係
    1) 客戶有三個女兒，其中一位大女兒在店鋪工作，另一位二女兒會開監控查看她是否在家，小女兒每年會收到贈品。
    2) 客戶有兩個孫子，其中一個是男孩，並提到孫子每天備著一個杯子。
    3) 客戶的女兒們會幫她購買所需物品，並在禮拜天幫她買菜，母親節時會回家。
    4) 客戶的女兒曾經有男女朋友，後來分開又復合。
    5) 客戶的女兒曾經拿走兩萬塊錢，後來已經歸還。
    6) 客戶的女兒會購買保健品，並且有時候會購買一些商品送給朋友或同事。
    7) 客戶的先生是日本人，已經去世。
    8) 客戶的女婿曾因工地事故摔傷，客戶曾幫助處理相關費用。
    9) 客戶的媽媽需要還房貸。

2. 健康狀況
    1) 客戶有甲狀腺問題，曾經有甲狀腺亢進和甲狀腺癌，目前狀況穩定，需定期檢查，並避免食用含碘食物。
    2) 客戶有白內障問題，已進行手術，恢復良好，並減少保健品攝取量。
    3) 客戶有高血壓、高血糖、靜脈曲張、胃潰瘍、乙肝、痛風、心臟悶痛、血管硬化、胸悶等健康問題。
    4) 客戶曾中風，並有視網膜剝離、老花眼、牙齒問題（包括蛀牙、牙齒痛、需要植牙）等。
    5) 客戶有敏感體質，容易感冒，並曾有乳糖不耐症。
    6) 客戶提到自己有時候會忘記事情，並擔心記憶問題。
    7) 客戶提到自己有時候睡不著，並且每天早上三四點感到不適。
    8) 客戶提到自己有胃酸逆流和腳抽筋的問題。

3. 職業背景
    1) 客戶目前沒有工作，沒有收入，經濟狀況緊張。
    2) 客戶曾經有過投資經驗，但對理財和投資感到困惑。

4. 健康食品使用心得
    1) 客戶有在服用多種保健食品，包括酵素、蚓激酶、香檳茸、葉黃素、魚油、幹細胞產品等，並認為保健食品對健康有幫助。
    2) 客戶對某些產品效果存疑，擔心過期問題，並提到家中有大量未使用完的保健食品。
    3) 客戶提到使用酵素產品時會用冷水沖泡，並每天飲用。
    4) 客戶對於產品價格敏感，認為某些產品價格過高，並考慮特價時再購買。
    5) 客戶提到她的女兒也會購買保健食品，並有時候會送給朋友或同事。

5. 禁忌
    1) 客戶因甲狀腺問題避免食用含碘食物，如海帶、海藻類、十字花科蔬菜等。
    2) 客戶不吃肉，但有時會攝取蛋白質。
    3) 客戶不吃膽固醇高的食物，如豬腳。
    4) 客戶對於不熟悉的電話不會接聽，對詐騙行為感到擔憂。",1
21271633,男,53.0,金門縣金湖鎮,D+,天秤座,8986,否,否,是,否,否,是,是,否,452006.66662,217,32436.19048999999,29,19566.66666,15,7102.85715,4,4074.28571,3,21095.23808,9,3095.23809,3,2171.42857,1,0.0,0,2171.42857,1,否,否,否,否,否,否,1,否,否,否,否,否,0,否,否,否,"1. 家庭關係
    1) 未提及相關內容。

2. 健康狀況
    1) 未提及相關內容。

3. 職業背景
    1) 未提及相關內容。

4. 健康食品使用心得
    1) 客戶曾經購買過日本味王B群產品。

5. 禁忌
    1) 未提及相關內容。",1
21271727,女,53.0,台中市南區,D+,天蠍座,8986,否,否,是,否,否,否,是,否,141602.71428,51,17606.666660000003,6,2828.57143,1,2828.57143,1,0.0,0,27127.61903,8,14025.71428,4,2828.57143,1,2828.57143,1,0.0,0,否,否,否,否,否,否,0,否,否,否,否,否,0,否,否,否,,1
21273267,女,51.0,苗栗縣苑裡鎮,Z,雙子座,8985,否,否,否,否,否,否,是,是,109537.76192,50,67860.00001999999,28,30007.61905,5,25295.2381,2,0.0,0,25770.4762,3,25770.4762,3,25770.4762,3,25295.2381,2,0.0,0,否,否,否,否,否,否,0,否,否,否,否,否,0,否,否,否,,1
21281956,男,60.0,宜蘭縣員山鄉,Z,獅子座,8974,否,否,否,否,否,否,是,否,225321.57148,71,27578.09527,12,5657.14286,1,5657.14286,1,0.0,0,9625.71429,5,9625.71429,5,5657.14286,1,5657.14286,1,0.0,0,否,否,是,否,否,否,0,否,否,否,否,否,0,否,否,否,,1
21286832,女,61.0,新北市土城區,Z,射手座,8967,否,否,是,否,否,是,是,否,71299.04762,24,11082.857139999998,6,1140.95238,2,1140.95238,2,0.0,0,1711.42857,3,1711.42857,3,1140.95238,2,1140.95238,2,0.0,0,否,否,是,否,否,否,0,否,否,否,否,否,0,否,否,否,"1. 家庭關係
    1) 客戶提到她的經濟狀況受到老公的影響，表示自己沒有錢。
    2) 客戶提到家人服用葉黃素的頻率比自己高。

2. 健康狀況
    1) 客戶目前有在服用葉黃素，通常在飯後服用。
    2) 客戶表示家中還有一瓶葉黃素，是朋友從加拿大帶回的。

3. 職業背景
    1) 客戶目前有在上班，並表示六點過後較方便接電話。
    2) 客戶是一位60歲的女性會員。

4. 健康食品使用心得
    1) 客戶提到她有在使用日本的B群保健食品。
    2) 客戶曾購買關鍵膠原錠作為保健食品。
    3) 客戶有在服用葉黃素，且通常在飯後服用。

5. 禁忌
    1) 客戶提到她還沒開始吃B群，可能尚未形成固定使用習慣。
    2) 專員建議客戶每天服用葉黃素，早上或午餐後服用，一天一顆或兩顆視保養需求而定。",1
21288389,女,60.0,台中市西屯區,D,雙魚座,8966,否,否,否,否,否,是,是,否,1464677.7618299995,643,40731.42857999999,16,9297.14287,9,1503.80953,2,0.0,0,106157.14287,20,25475.2381,2,475.2381,1,475.2381,1,0.0,0,否,否,否,否,否,否,0,否,否,否,否,否,0,是,否,否,"1. 家庭關係
    1) 客戶的母親六十歲。
    2) 客戶三十五歲時結婚。
    3) 客戶會與家裡的長輩一起使用保健品。

2. 健康狀況
    1) 客戶曾因騎腳踏車摔倒，頭部受傷，情況較為嚴重，目前正在慢慢恢復中。
    2) 客戶目前身體不適，正在住院，預計一週內出院。
    3) 客戶有筋膜炎和血壓問題，並長期在一位權威的肝膽腸胃科醫生那裡看診。
    4) 客戶感冒很嚴重，無法與專員進行對話。

3. 職業背景
    1) 客戶前段時間因手上有事休息了兩三個月，剛剛回到工作崗位。
    2) 客戶在月初到月中是最忙的時候，十號以後會比較有空。

4. 健康食品使用心得
    1) 客戶曾購買過鴕鳥精，目前還有存貨。
    2) 客戶有服用B群和其他保健品。
    3) 客戶曾服用過幹細胞相關產品一段時間，但後來停止使用。

5. 禁忌
    1) 客戶認為幹細胞產品價格過高。
    2) 客戶目前住院，身體不適，對於接聽電話和購買食物的頻率有所限制。",1
21291787,女,76.0,桃園市龍潭區,Z,處女座,8961,否,否,否,否,否,否,是,否,206524.95235,112,40661.90475999999,10,4628.57143,2,0.0,0,0.0,0,69616.19048,10,32645.71428,4,2742.85714,1,0.0,0,0.0,0,否,否,否,否,否,否,0,否,否,否,否,否,0,否,否,否,"1. 家庭關係
    1) 客戶有一位女兒，女兒也是東森會員，曾幫她購買保健食品，包括膠原蛋白產品。
    2) 客戶提到小孩會幫忙購買家用品，因此自己較少購物。

2. 健康狀況
    1) 客戶目前75歲，關節有些不適，並擔心多種保健品可能會有衝突。
    2) 客戶眼睛狀況尚可，沒有特別需要進行眼睛保養。

3. 職業背景
    1) 未提及具體職業背景。

4. 健康食品使用心得
    1) 客戶曾經吃過很多種保養品，但覺得效果一般，因此停止使用部分產品。
    2) 客戶目前有在服用補鈣產品、益生菌、葡萄糖胺，以及其他顧眼睛和顧骨頭的保健品。
    3) 客戶認為保健品需要長期使用才能看出效果，通常不退貨。

5. 禁忌
    1) 客戶擔心多種保健品可能會有衝突。
    2) 客戶目前沒有在使用葉黃素，但曾提到有在使用營養品，包括葉黃素。",1
22003801,女,53.0,桃園市中壢區,D,射手座,8950,否,是,否,否,否,是,是,否,1206305.5715100002,171,585644.7619400001,35,0.0,1,0.0,0,0.0,0,1112658.0953,84,584796.1905100001,32,0.0,1,0.0,0,0.0,0,是,否,是,否,否,否,0,否,否,否,是,否,1,否,否,否,"1. 家庭關係
    1) 客戶的媽媽是醫生，曾經賣過衣服，工作壓力不大，目前需要進行白內障手術。
    2) 客戶的老公在某公司工作二十年，收入不錯，曾經靠直銷賺錢，並曾出差至德國和墨西哥。
    3) 客戶的兒子國小時期開始工作，現在二十歲，曾在大學時打工並有存款，目前住在宿舍，未交女朋友，曾因行駛中的缺損開過刀，現在不需要當兵。
    4) 客戶的家人不太與其他家人住在一起，過年才回去，且不會主動詢問彼此消息，但對病情的處理態度積極。
    5) 客戶的家人中有一位曾經腦中風，生活無法自理。

2. 健康狀況
    1) 客戶有異位性皮膚炎、主動脈鈣化問題，壓力大且工作繁忙，沒有時間休息。
    2) 客戶提到以前不會腳抽筋，但現在會。
    3) 客戶不太喝水，家裡不燒開水，主要喝礦泉水。

3. 職業背景
    1) 客戶的老公在某公司工作二十年，曾靠直銷賺錢。
    2) 客戶提到家中有朋友在工廠上班，晚上去江門打工，一天工作十幾個小時。

4. 健康食品使用心得
    1) 客戶曾使用益生菌產品，並表示有些產品有效果，目前還有幾盒未使用。
    2) 客戶曾使用氨基酸補充劑，但感覺效果不佳。
    3) 客戶長期使用蚓激酶產品，但感覺效果一般。
    4) 客戶曾使用過玻尿酸產品，擔心過期。
    5) 客戶曾使用過牛樟芝產品，通常在晚餐飯後服用兩顆。
    6) 客戶以前給老公買過愛之味純濃燕麥，但現在不再食用。
    7) 客戶曾經食用過諾麗果，當時是直銷產品，價格不便宜。

5. 禁忌
    1) 客戶不太敢吃辣。
    2) 客戶不喜歡喝化學味道的濃湯，覺得化學味道太重。
    3) 客戶不喜歡占人家便宜，通常不接受試用品。",1
22003825,女,64.0,桃園市中壢區,D,獅子座,8950,否,否,否,否,否,是,是,否,170541.28574,142,55108.571450000025,65,12046.66668,12,2840.95238,2,1272.38096,2,1883.80952,3,1140.95238,2,570.47619,1,570.47619,1,0.0,0,否,否,否,否,否,否,0,否,否,否,否,否,0,否,否,否,"1. 家庭關係
    1) 客戶家中有小孩。
    2) 客戶的兒子曾購買鈣片給她。

2. 健康狀況
    1) 客戶為63歲女性。
    2) 客戶未提及具體健康問題，但兒子曾為她購買鈣片，可能關注骨骼健康。

3. 職業背景
    1) 未提及具體職業背景。

4. 健康食品使用心得
    1) 客戶曾購買過萬歲牌堅果一次。
    2) 客戶曾購買堅果飲，但已退回。
    3) 客戶表示不需要益生菌和葉黃素。

5. 禁忌
    1) 客戶不需要洗髮精，因為味道太重。",1
22005001,女,53.0,新北市新莊區,D+,獅子座,8948,否,否,是,否,否,是,是,否,315171.61899,173,43091.42856,18,16064.761899999998,5,13217.142849999998,4,0.0,0,70482.85714000001,17,29321.90476,9,13217.142849999998,4,13217.142849999998,4,0.0,0,否,否,是,否,否,否,0,否,否,否,否,否,0,否,否,否,"1. 家庭關係
    1) 客戶需要接小孩，七點以後才比較自由。
    2) 客戶提到捐贈商品給慈善基金，幫助花蓮偏鄉。

2. 健康狀況
    1) 客戶目前50歲，最近甲狀腺瘤需要追蹤，並且剛開完刀。
    2) 客戶提到這幾個月需要追蹤健康狀況，因為目前是關鍵期。
    3) 客戶表示醫生建議不要亂吃保健食品，需穩定追蹤健康狀況。
    4) 客戶開刀使用了自費醫材以保護三代，花費約三萬多元。
    5) 客戶有申請癌症險及住院險，正在等待理賠結果。

3. 職業背景
    1) 客戶提到她大概六點多下班，表示工作時間較忙碌。
    2) 客戶明天整天都在外面，無法接電話，顯示工作或生活安排繁忙。

4. 健康食品使用心得
    1) 客戶表示先購買一盒補骨胜肽作為試用。

5. 禁忌
    1) 客戶表示醫生建議不要亂吃保健食品，需穩定追蹤健康狀況。",1
22010011,女,76.0,桃園市中壢區,D+,白羊座,8941,否,否,是,否,否,是,是,否,1017049.47624,322,99836.19048,47,51620.0,21,6141.904759999999,3,29209.52382,9,48573.333340000005,20,12397.142860000002,6,9075.2381,3,3399.04762,2,5676.19048,1,否,否,是,否,否,否,0,否,否,否,否,是,0,否,是,否,"1. 家庭關係
    1) 客戶的先生已確診初期老年痴呆症，並每天服用中藥，不搭配其他保健食品。
    2) 客戶提到她有做愛心捐贈的習慣。

2. 健康狀況
    1) 客戶目前76歲，身體狀況良好，但有黃斑部病變，病情尚未嚴重。
    2) 客戶的眼睛有問題，需定期看眼科醫生，並遵循醫生建議使用藥物。
    3) 客戶的血管較窄，早上會服用抗凝血劑進行預防。
    4) 客戶睡眠不好，會服用褪黑激素改善睡眠。
    5) 客戶表示穿短褲時肚子有點緊，因年紀增長改穿L號尺寸。

3. 職業背景
    1) 客戶未提及具體職業背景，但表示有很多事情需要處理，生活較為忙碌。
    2) 客戶曾經購買過一百多坪的大房子，目前考慮賣掉台北的房子以購買更好的房子，但尚未找人處理房地產事宜。

4. 健康食品使用心得
    1) 客戶每天服用葉黃素、維他命C和維他命D3，但提到目前服用的葉黃素效果不明顯。
    2) 客戶不吃保健食品，且不會隨便購買電視上賣的藥物，會先詢問醫生建議。
    3) 客戶不喝甜的飲品，對甜的東西有飲食禁忌。
    4) 客戶每天服用時空膠囊，並已用完一盒。

5. 禁忌
    1) 客戶不吃甜的食物或飲品，對甜食有飲食禁忌。
    2) 客戶不喜歡使用瓶瓶罐罐的保養品，偏好方便型產品。
    3) 客戶認為某些化妝品類產品可能是騙人的，曾要求退貨。
    4) 客戶不會隨意購買電視上販售的藥物，會先詢問醫生建議。",1
22016149,女,59.0,花蓮縣花蓮市,C,天蠍座,8931,否,否,是,是,否,是,是,否,297019.71433,154,91089.5238,47,26636.190469999998,13,5779.04762,2,1800.0,1,33967.61905,9,7579.04762,3,7579.04762,3,5779.04762,2,1800.0,1,否,否,是,否,否,否,0,否,否,否,否,否,0,否,否,否,"1. 家庭關係
    1) 客戶有一位三十幾歲的兒子。
    2) 客戶家中已有塑膠鍋鏟，並不再使用鐵鏟。

2. 健康狀況
    1) 客戶對關節健康有關注，曾購買關節保健產品如東森的關節挺立骨，並考慮購買太鼓勵（維骨力）。
    2) 客戶目前有購買瓶裝的B群，偏好小顆粒的產品，不喜歡顆粒狀的產品。

3. 職業背景
    1) 客戶目前有在上班。
    2) 客戶提到年底會有獎金，但已計劃將其用於其他用途。

4. 健康食品使用心得
    1) 客戶對於健康食品有一定需求，特別是關節保健和維生素類產品。
    2) 客戶對產品的形態有特定偏好，例如喜歡小顆粒的B群。

5. 禁忌
    1) 客戶目前不會考慮購買新的商品。
    2) 客戶不使用鐵鏟，僅使用塑膠鍋鏟。",1
22025652,男,70.0,高雄市阿蓮區,D+,獅子座,8919,否,否,否,否,否,是,是,否,700725.14284,149,81102.85715,17,43396.19048,6,39147.61905,2,0.0,0,75059.04761000001,11,66737.14286,5,39508.57143,3,39147.61905,2,0.0,0,否,否,是,否,否,否,1,否,否,否,否,否,0,否,否,否,"1. 家庭關係
    1) 未提及具體家庭關係。

2. 健康狀況
    1) 客戶提到自己有血糖問題，並與糖尿病相關。
    2) 客戶提到有血色素相關問題。
    3) 客戶提到有胃痛的情況。

3. 職業背景
    1) 未提及具體職業背景。

4. 健康食品使用心得
    1) 客戶提到使用過B群產品。
    2) 客戶剛購買了苦瓜胜肽，並且家中有苦瓜粉。
    3) 客戶提到使用過幹細胞相關產品。

5. 禁忌
    1) 客戶不想要美白產品。
    2) 客戶提到經典美白產品，但未表明是否使用。",1
22030192,女,66.0,台中市清水區,C,雙魚座,8912,否,否,否,否,否,是,是,否,108676.19045,47,27684.7619,8,15684.7619,6,13037.14285,5,2647.61905,1,73456.19045,24,27684.7619,8,15684.7619,6,13037.142849999998,5,2647.61905,1,否,否,否,否,否,否,0,否,否,否,否,否,0,否,否,否,,1
22030287,女,58.0,台中市太平區,Z,天秤座,8912,否,否,否,否,否,是,是,否,148803.47622,87,47022.85716000001,24,17872.38095,9,6285.71429,1,0.0,0,19700.95239,9,6285.71429,1,6285.71429,1,6285.71429,1,0.0,0,否,否,否,否,否,否,0,否,否,否,否,否,0,否,否,否,"1. 家庭關係
    1) 客戶目前主要在家帶孫子，感到有些疲累。
    2) 客戶的女兒已經三十多歲，與她同住。
    3) 客戶的兒子在台中工作，平日住在家中，週末回台北與家人團聚。
    4) 家人有在食用家倍他樂和挺立鈣，並有去看中醫，醫生建議避免某些食物。

2. 健康狀況
    1) 客戶有家族性血糖偏高的問題，並在乳癌手術後發現糖分過高，開始服用降糖藥。
    2) 客戶曾進行乳癌切除手術，目前需要服用荷爾蒙藥物。
    3) 客戶的肝指數偏高，醫生尚未查出原因，並有在服用保肝藥和苦瓜胜肽。
    4) 客戶有過敏問題，正在嘗試找出過敏原因。
    5) 客戶提到自己目前感到忙碌且疲累。

3. 職業背景
    1) 客戶目前主要在家中帶孫子，未提及其他職業。

4. 健康食品使用心得
    1) 客戶曾購買過三倍綠蜂膠眼睛不老丹的葉黃素（紫色盒裝），但尚未食用，仍放在抽屜中，目前正在食用另一品牌的葉黃素產品。
    2) 客戶曾購買過長庚生技的牛樟芝、褐藻醣膠和B群，並有服用免疫系統相關的健康食品，包括高劑量的維他命。
    3) 客戶目前服用醫生開的保肝藥和苦瓜胜肽。
    4) 客戶曾服用紅麴，但因醫生建議紅麴可能導致血管變薄而停用。

5. 禁忌
    1) 客戶因醫生建議停止服用紅麴，避免血管變薄。
    2) 客戶家人因中醫建議避免食用某些食物。",1
22031146,男,66.0,高雄市阿蓮區,C,水瓶座,8910,否,否,是,否,否,否,是,否,597819.47619,60,48123.80952,9,9428.57143,2,9428.57143,2,0.0,0,271923.80953,32,48123.80952,9,9428.57143,2,9428.57143,2,0.0,0,否,否,否,否,否,否,0,是,否,是,否,否,0,是,否,否,"1. 家庭關係
    1) 客戶有一個兒子和一個女兒。
    2) 客戶要求送貨前先打電話通知，因為可能不在家。

2. 健康狀況
    1) 客戶已滿六十歲，目前為65歲男性。
    2) 客戶有心血管保養需求，並提到有服用攝護腺保健品及顧骨頭關節的保健品。

3. 職業背景
    1) 客戶目前未提及具體職業背景。
    2) 客戶選擇貨到付款，並表示目前沒有使用信用卡。

4. 健康食品使用心得
    1) 客戶每天都有服用保健食品，提到有在吃益生菌，認為漢方益生菌有助於腸胃道健康。
    2) 客戶之前購買過心血管保養品（如磷蝦油、魚油），但未完全服用，部分產品仍存放在家中。
    3) 客戶選擇購買白藜蘆醇產品，並提到每天服用攝護腺保健品。
    4) 客戶家中目前還有三盒保健品。

5. 禁忌
    1) 客戶未使用洗衣精、玻璃清潔劑、農藥或洗衣球等產品。",1
22039933,男,87.0,台北市大安區,C,摩羯座,8898,是,否,否,是,否,是,是,否,1243724.23775,755,537051.4283500001,403,192167.61891,133,50508.57142,19,8323.80952,3,577921.9046800002,224,74013.33330999999,36,17347.61902,13,6409.523800000001,4,0.0,0,否,否,是,否,否,否,0,否,否,否,否,否,0,否,否,是,"1. 家庭關係
    1) 客戶有一位兒子和媳婦，兒子在大陸工作並從事保險相關工作，曾在美國讀書，獲得過獎學金，並與客戶一起經營與電線相關的生意。
    2) 客戶的兒子和媳婦在大陸崑山購買了一個262坪的房子，並在台灣郊區購買了一個九樓的毛胚屋，附有兩個停車位。
    3) 客戶的孫子已畢業，因專科學歷免服兵役，曾因胸骨問題接受手術，目前不住在家裡。
    4) 客戶的老婆是銀行退休人員，經濟狀況較好，負責支付部分家庭費用，並有健康問題如鼻咽癌、胃痛和高血壓。
    5) 客戶的父親曾在南投的銀行工作，年紀約八十多歲，需照顧，母親已不在家。
    6) 客戶家中有外勞，已在台灣居住十四年，並已成為台灣人。

2. 健康狀況
    1) 客戶86歲，使用輪椅，曾因車禍受傷，目前在家休養，行動較慢。
    2) 客戶有高血壓，曾經開過刀，並提到自己有心肌梗塞的病史。
    3) 客戶有過敏體質，對某些食物有禁忌，並提到自己在減肥。
    4) 客戶的配偶有健康問題，包括鼻咽癌、胃痛和高血壓，並且腳會痠痛。

3. 職業背景
    1) 客戶目前無職業，過去曾是電工，並在高雄工作。
    2) 客戶的兒子在南山人壽從事保險相關工作，並與客戶一起經營與電線相關的生意。

4. 健康食品使用心得
    1) 客戶曾購買過益生菌產品，對胃食道逆流有幫助。
    2) 客戶對葉黃素產品有興趣，曾購買並每天早上六點半服用，覺得效果不錯。
    3) 客戶曾購買過苦瓜胜肽膠囊，用於控制血糖，通常在飯前服用，並選擇分三期付款。
    4) 客戶曾購買過紅藜、鱼油、红枣、青梅、杏仁粉等健康食品，對部分產品表示滿意。
    5) 客戶對健康食品的價格較為敏感，偏好性價比高的產品。

5. 禁忌
    1) 客戶不喜歡使用苦茶油，偏好燙青菜，不吃主食，不能吃花旗蔘和龜板。
    2) 客戶不喜歡膠囊類保健品，偏好用煮的方式食用。
    3) 客戶不喜歡購買或服用推銷的保健品，對部分保健品效果不滿意。
    4) 客戶的配偶不使用微波爐，改用電鍋蒸食物，並且吃素。",1
22040418,女,82.0,桃園市平鎮區,C,射手座,8897,否,否,否,否,否,是,否,否,479463.71432,189,26015.238109999995,17,8359.047620000001,6,0.0,0,4476.19048,2,43751.42859,21,22002.85716,13,8359.047620000001,6,0.0,0,4476.19048,2,否,否,是,否,否,否,0,否,否,否,否,否,0,是,否,否,"1. 家庭關係
    1) 客戶提到她的兒子建議她不要攜帶太多現金。
    2) 客戶家中曬不到太陽，因為旁邊有高樓遮擋。

2. 健康狀況
    1) 客戶提到她已經82歲。
    2) 客戶認為木鱉果提煉的保健食品對乾眼症有幫助，效果不錯。

3. 職業背景
    1) 客戶提到她以前是老師，現在從事生意。
    2) 客戶每天早上五點起床，五點半開始工作。

4. 健康食品使用心得
    1) 客戶表示她不太吃保健食品，偏好天然的東西。
    2) 客戶有使用木鱉果提煉的保健食品，認為效果不錯，特別對乾眼症有幫助。
    3) 客戶有使用苦茶油，並提到朋友製作的苦茶油味道與外面不同。
    4) 客戶提到她常常購買人蔘。

5. 禁忌
    1) 客戶從來不使用面霜或隔離霜，也從來不化妝。
    2) 客戶對時空膠囊的效果持觀望態度，認為如果有效果才會考慮。
    3) 客戶不喜歡使用信用卡，偏好使用現金。",1
22042127,女,60.0,新北市板橋區,Z,處女座,8895,否,否,是,否,否,否,是,否,197186.71429000003,63,46171.42858,20,3790.47619,1,3790.47619,1,0.0,0,73169.52381000001,12,11314.28571,1,0.0,0,0.0,0,0.0,0,否,否,是,否,否,否,0,否,否,否,否,否,0,否,否,否,"1. 家庭關係
    1) 客戶提到她的女兒會買面膜給她。
    2) 客戶的Line帳號是給別人使用的。

2. 健康狀況
    1) 客戶目前有乾眼症和眼睛老化的問題，眼睛會乾澀和癢，可能與過敏有關。
    2) 客戶有在使用眼藥水來緩解眼睛乾澀和癢的症狀。

3. 職業背景
    1) 客戶目前正在上班，表示平時比較忙，沒有空接聽電話。

4. 健康食品使用心得
    1) 客戶曾購買過顧心血管的蚓激酶酵素和日本萬壽元的蚓激酶產品，但目前已經不再使用。
    2) 客戶曾購買膠原蛋白，但尚未開始食用。
    3) 客戶曾購買大量葉黃素，並提到有時候會吃白蘭氏的保健食品。
    4) 客戶曾購買葡萄王的益生菌，主要用於改善過敏。
    5) 客戶對玄米油和橄欖油感興趣，並曾購買奧利塔的玄米油。
    6) 客戶表示她看到電視台的廣告時會購買產品，但目前覺得負擔太大，因此不想再購買。

5. 禁忌
    1) 客戶提到最近沒有要購買東西，因為經濟負擔較大。
    2) 客戶提到眼罩尚未使用。",1
22042605,女,65.0,台北市松山區,C,射手座,8895,否,否,是,否,否,是,是,否,601961.0476399999,125,241845.71427,22,143327.61901999998,13,143184.76188,11,0.0,0,276089.5238,21,227508.57141,14,137508.5714,9,137508.5714,9,0.0,0,是,否,否,否,否,否,0,否,否,否,否,否,0,否,否,否,"1. 家庭關係
    1) 客戶的母親住在台中，已經88歲，肺部有纖維化問題，需特別小心選擇保健品。
    2) 客戶的丈夫在大陸做生意，因此她經常往返台灣與大陸。
    3) 客戶的小孩在自己的公司上班。
    4) 客戶需要照顧兩歲的孫女，因此比較忙。

2. 健康狀況
    1) 客戶膝蓋不好，會疼痛，可能是因為以前運動過多導致的退化問題。
    2) 客戶的母親肺部狀況較差，但使用褐藻產品後有改善。

3. 職業背景
    1) 客戶經常往返台灣與大陸，可能與丈夫的生意相關。
    2) 客戶的小孩在自己的公司上班，顯示客戶可能有經營相關事業。

4. 健康食品使用心得
    1) 客戶有服用B群，認為其有穩定神經的效果，並購買了兩組B群產品。
    2) 客戶曾在東森購買過葉黃素和益生菌，但目前改吃其他品牌的益生菌。
    3) 客戶有補充葉黃素、維骨力等營養保健品。
    4) 客戶有服用幹細胞產品，認為效果很好，但該產品價格昂貴。
    5) 客戶每天服用一顆褐藻產品，並提到其母親使用褐藻產品後對肺部有改善。
    6) 客戶有在吃賀寶芙的奶昔，作為早餐和晚餐使用。
    7) 客戶之前有購買過玻尿酸產品用於保養。

5. 禁忌
    1) 客戶的母親年紀較大，肺部狀況較差，因此需要多吃保健品，但需特別小心選擇適合的產品。",1
22047892,女,71.0,彰化縣彰化市,C,天蠍座,8889,否,否,是,否,否,否,是,否,207908.38096000004,55,95778.09524,18,23760.95239,5,20152.38096,3,0.0,0,140318.09524999998,31,95646.66667,17,23760.95239,5,20152.38096,3,0.0,0,否,否,是,否,否,否,0,否,否,否,否,否,0,否,否,否,"1. 家庭關係
    1) 未提及具體家庭關係。

2. 健康狀況
    1) 客戶為70歲女性。
    2) 客戶提到背部每年都會長東西，但未具體說明是什麼。
    3) 客戶排便正常，益生菌對其排便無影響。

3. 職業背景
    1) 未提及具體職業背景。

4. 健康食品使用心得
    1) 客戶每天服用一顆紅麴膠囊。
    2) 客戶提到紅塔黃牌和苦瓜胜肽三達標，效果還不錯。
    3) 客戶有服用合力他命F。
    4) 客戶會吃挺立產品，但未進一步說明。
    5) 客戶剛補充了鈣，醫生建議早晚各服用兩顆鈣片，情況好轉後可改為一次一顆。
    6) 客戶被提醒要記得吃之前購買的苦瓜胜肽和益生菌。
    7) 客戶被提醒之前購買的激活安瓶要記得使用。
    8) 客戶提到她有購買訂單。

5. 禁忌
    1) 客戶不喜歡加鈣的產品。
    2) 客戶表示不需要葉黃素和益生菌。
    3) 客戶未使用過安瓶產品，並認為可能不需要使用。",1
22051914,女,71.0,苗栗縣苗栗市,E,雙魚座,8884,是,否,是,否,否,是,是,否,490347.80951,286,154997.14286999995,84,44907.61905,26,0.0,0,4236.19047,3,56947.619060000005,14,17080.95239,8,4741.90477,2,0.0,0,0.0,0,否,否,是,否,否,否,0,否,否,否,否,是,0,否,否,否,"1. 家庭關係
    1) 客戶有一個兒子和一個女兒，兒子從事面膜相關工作，女兒經常購買東西回來，並且住在家裡。
    2) 客戶的兒子較忙，較少購物，女兒則會幫忙購買保健品和其他物品，並以團購方式購買。

2. 健康狀況
    1) 客戶有高血壓，並曾購買蚓激酶產品來控制血糖。
    2) 客戶的睡眠狀況良好，晚上十點半睡覺，早上六點起床，但早上起床後沒有進行運動。
    3) 客戶提到牙齒狀況不適合吃堅果，並計劃下週三或四去處理牙齒問題。
    4) 客戶提到自己偏胖，並不吃干貝。

3. 職業背景
    1) 客戶從事農業，主要種植水稻，並且是自己一個人完成所有工作。
    2) 客戶目前是獨居，生活自理。

4. 健康食品使用心得
    1) 客戶有在服用魚油、葉黃素、苦瓜胜肽和胜肽骨髖等保健食品。
    2) 客戶曾購買過玻尿酸、膠原蛋白和蚓激酶產品，但部分尚未使用完。
    3) 客戶提到家中有保健食品存貨，並表示目前不需要購買新的保健品或益生菌。

5. 禁忌
    1) 客戶不吃干貝，認為自己太胖。
    2) 客戶不吃萬歲牌的堅果，並提到牙齒狀況不適合吃堅果。
    3) 客戶和女兒都不敢再購買吃的東西。",1
22058959,女,65.0,新北市淡水區,Z,雙魚座,8877,否,否,是,是,是,是,是,否,730963.8571799999,327,288049.52385,124,154250.4762,61,34907.61906,15,6040.95237,4,18876.19048,8,18876.19048,8,8495.2381,3,8495.2381,3,0.0,0,否,否,是,否,否,否,0,否,否,否,否,否,0,否,否,否,"1. 家庭關係
    1) 客戶未婚，與母親和妹妹共同生活，家庭關係良好，與兄弟姐妹也有聯繫。
    2) 母親年齡約90歲，患有糖尿病和膝關節退化，行動不便，需長期服藥控制病情，並曾接受玻尿酸治療。
    3) 客戶特別照顧母親，經常切水果和煮東西給母親食用，並挑選適合的保健食品給母親使用。

2. 健康狀況
    1) 客戶67歲，患有晚期肺腺癌，腫瘤已轉移至脊椎，並需特別注意腫瘤是否擴散到腦部，且有骨癌。
    2) 客戶正在服用標靶藥物治療，劑量由40毫克調整至30毫克，並需經醫生確認保健食品的使用。
    3) 客戶因標靶藥物導致皮膚敏感和毛囊炎，並有血壓偏低的問題，近期身體狀況不穩定，行動不便。
    4) 客戶提到腦袋退化不如以前靈光，並有老花眼，但情況不嚴重。

3. 職業背景
    1) 客戶曾是電子遊戲配件與電腦周邊配件公司的老闆，需在兩岸三地跑業務。
    2) 客戶曾在大陸貿易公司工作，負責財務及品質檢查，並因工作壓力大選擇退休。
    3) 客戶有護士背景，對健康與藥物使用非常謹慎。

4. 健康食品使用心得
    1) 客戶曾購買多種保健食品，包括華陀的龜鹿膠、褐藻糖膠、葉黃素、貝秀、藏紅花、枸杞、人參、紅參等，並認為龜鹿膠和褐藻糖膠對健康有幫助。
    2) 客戶每天固定飲用龜鹿膠飲品，並認為其含有的姜黃成分對癌症有抑制作用。
    3) 客戶曾購買妍美会保健食品給母親使用，並提到母親服用高鼓勵膠囊後感覺有效果。
    4) 客戶購買的保健食品會先經醫生或護士確認後才使用，並認為含玻尿酸的保健品對眼睛有幫助。

5. 禁忌
    1) 客戶不喜歡吃燕窩，曾將朋友送的燕窩轉交給母親。
    2) 客戶不敢隨便使用保健品，所有產品需經腫瘤科醫生確認是否適合搭配標靶藥物。
    3) 客戶不會將自己的保健品拿給母親使用，並不希望母親服用過多西藥。",1
22059700,女,70.0,台北市北投區,C,水瓶座,8877,否,否,是,否,否,是,是,否,680616.80947,385,163151.42858000012,63,40966.66665999999,20,24188.57142,10,10113.33333,4,231794.28570000004,73,101639.04764000003,25,21043.80954,7,11998.095249999998,3,7180.952380000001,2,否,否,是,否,否,否,1,否,否,否,否,否,0,是,否,否,"1. 家庭關係
    1) 客戶目前與兒子同住，家中有朋友，其中一位是她的好朋友。
    2) 客戶提到她的小兒子目前在大陸生活，大兒子是應用化學相關的工程師。
    3) 客戶的媳婦曾從大陸回來。
    4) 客戶提到家中有管理員可以代收包裹。

2. 健康狀況
    1) 客戶目前69歲，沒有三高問題，連續兩年抽血檢查結果正常，但有骨質疏鬆問題，骨密度數值為2.1，行動不便，無法蹲下或抬腳，蹲下後難以站起來。
    2) 客戶提到頸椎退化、血液循環不佳、心血管狀況需注意，並有手腳無力、行走不便等症狀。
    3) 客戶曾有子宮肌瘤病史，提到肺腺癌但未提供進一步資訊。
    4) 客戶目前正在接受神經內科檢查，並服用醫生開的類固醇藥物，需逐漸減量。
    5) 客戶表示自己年紀大了，經常感到不舒服，走路距離有限，正在接受治療。
    6) 客戶的皮膚狀況良好，經常受到他人稱讚。

3. 職業背景
    1) 客戶提到自己大約二十年沒上班了，過去曾做零工。
    2) 客戶表示家裡是開網紅店。

4. 健康食品使用心得
    1) 客戶家中保健品種類繁多，包括益生菌、葉黃素、牛樟芝、蚓激酶、挺立鈣、台鹽安瓶、華陀產品、德國進口氨基酸、皙膠原蛋白、三得利三合一產品等。
    2) 客戶對益生菌的清腸胃效果表示滿意，但提到某些益生菌產品不適合其體質。
    3) 客戶認為蚓激酶有助於通血管和預防中風，皙膠原蛋白有助於改善健康狀況。
    4) 客戶提到兒子每月會購買魚油給她，並曾幫她購買挺立鈣。
    5) 客戶每天早上空腹服用華陀保健品，每次兩顆，並提到目前服用第二瓶保健品，快吃完了。

5. 禁忌
    1) 客戶目前暫時不能服用維他命，醫生建議停止服用相關保健品。
    2) 客戶不喜歡幹細胞相關產品及化妝品，並表示不會購買益生菌產品。
    3) 客戶不太能喝酒，偶爾會喝紅酒，過去曾喝啤酒。
    4) 客戶提到不能隨便亂買藥或隨便吃意外的東西。",1
22062449,女,63.0,台中市西屯區,D,處女座,8874,否,否,否,是,否,是,是,是,325932.90475,180,73588.57142,39,24882.85715,11,0.0,0,8140.0,4,7385.14285,8,3701.90476,4,1800.0,1,0.0,0,1800.0,1,否,否,否,否,否,否,0,否,否,否,否,否,0,否,否,否,"1. 家庭關係
    1) 客戶表示願意將部分物品捐給慈善基金會，顯示其具有愛心和關懷他人的特質。

2. 健康狀況
    1) 客戶提到她目前在吃某些東西，但未明確說明具體內容。
    2) 客戶購買了兩盒B群，可能有補充營養的需求。
    3) 客戶提到益生菌裡面的內容物是硬的，可能對產品質量有一定要求。

3. 職業背景
    1) 客戶提到自己是醫務人員，顯示其具有專業背景。
    2) 客戶表示她目前很忙，可能與其職業相關。

4. 健康食品使用心得
    1) 客戶之前購買過台酒生技的保養品，認為效果還可以，但不如其他品牌的產品好用。
    2) 客戶用過自然美的產品，但認為效果不佳，並表示不喜歡該品牌。
    3) 客戶之前購買過膠原蛋白粉，顯示其對健康食品有一定的興趣和需求。

5. 禁忌
    1) 客戶表示目前沒有購買台鹽泡的產品或內衣等商品。
    2) 客戶對某款升級後的產品表示不好用，可能對產品的升級效果不滿意。",1
22063440,男,76.0,新北市板橋區,D,雙子座,8873,否,否,是,否,否,否,是,否,490021.09521,252,36228.57141,11,942.85714,1,942.85714,1,0.0,0,264372.38086,81,22971.42857,5,942.85714,1,942.85714,1,0.0,0,否,否,否,否,否,否,0,否,否,否,否,是,0,否,否,否,"1. 家庭關係
    1) 客戶提到她有一個孫女。
    2) 客戶平常一個人住。

2. 健康狀況
    1) 客戶表示目前健康狀況控制得很好，並有在服用相關產品。
    2) 客戶目前主要食用藥品。

3. 職業背景
    1) 無相關資訊。

4. 健康食品使用心得
    1) 客戶目前有在服用葉黃素，已經服用三年，但認為效果不明顯。
    2) 客戶曾購買並服用過南極磷蝦油、山苦瓜、鈣片、益生菌、鴕鳥精、鴕鳥龜鹿精、鹿茸精膠囊、黑生津等多種保健食品。
    3) 客戶對於之前購買的保健食品（如PPLS葉黃素、S86益生菌等）效果不滿意，認為效果不明顯。
    4) 客戶目前正在使用華陀扶元堂的保健食品及針對攝護腺的保健品。
    5) 客戶會在網路上購買保健食品，並會比較價格和來源，偏好經濟實惠的產品。
    6) 客戶曾在東森購物和momo購買過保健食品，並表示家中還有很多存貨，暫時沒有購買需求。

5. 禁忌
    1) 客戶提到目前已經停止服用鴕鳥龜鹿精，因為時間過了，基本上無法再吃。
    2) 客戶不喜歡效果不明顯的保健食品，並對某些品牌的產品持保留態度。",1
22063560,女,70.0,高雄市鹽埕區,D+,天秤座,8873,否,否,否,是,否,是,否,否,558360.9047000001,152,11990.47618,7,3590.47619,2,0.0,0,2647.61905,1,210105.71425,53,6523.80952,3,2647.61905,1,0.0,0,2647.61905,1,否,否,是,否,否,否,0,是,否,否,否,否,0,是,否,否,"1. 家庭關係
    1) 客戶目前一個人居住。
    2) 客戶提到自己住在五樓。

2. 健康狀況
    1) 客戶今年快七十歲，認為自己算是老年人。
    2) 客戶偶爾血糖偏高，但目前血糖控制得還不錯，並計劃進行抽血檢查。
    3) 客戶提到自己有關節痛的問題。
    4) 客戶沒有胃食道逆流，因此不需要相關保健品。
    5) 客戶吃素，並有特定的飲食習慣。

3. 職業背景
    1) 客戶開了一家素食餐廳，但收入不穩定，餐廳經營狀況不佳。
    2) 客戶幾乎白天都很忙，因為忙碌無法使用購買的商品。

4. 健康食品使用心得
    1) 客戶已連續兩年食用細胞修復產品，每月購買一套，對產品有一定了解。
    2) 客戶提到黑蒜秘密家的產品，並購買過許多華陀的產品，但部分尚未開封。
    3) 客戶對瘦身衣和顧腎臟的益生菌等產品沒有興趣。
    4) 客戶表示對購買保健品已經沒有信心，並不打算再購買。
    5) 客戶提到自己有一定的健康管理專業知識，了解自己的身體狀況並知道如何處理。

5. 禁忌
    1) 客戶吃素，對飲食有特定要求。
    2) 客戶不需要胃食道逆流相關保健品。",1
22064344,女,78.0,台南市善化區,C,獅子座,8872,否,否,是,是,否,是,是,否,614106.4762,366,219735.2380900005,291,71712.38091000004,121,25839.99999,18,14318.09527,36,212581.90477,85,117957.14288,61,33464.761909999994,20,17680.952370000003,9,8866.66667,7,否,否,否,否,否,否,0,否,否,是,否,否,0,否,否,否,"1. 家庭關係
    1) 客戶是家庭主婦，家中三代同堂，共有六個大人和一個六歲的孫子。
    2) 客戶有兩個子女，其中一個兒子有女朋友，另一個兒子四十多歲尚未結婚。
    3) 客戶的孩子沒有給她金錢支持，家中開支由她一人負責。
    4) 客戶的兒子會帶她去看牙醫，並且孫子的媽媽會幫忙查看產品資訊。

2. 健康狀況
    1) 客戶78歲，患有腎臟病，腎功能指數下降且無法恢復，需控制蛋白質攝取，選擇低蛋白質的進口米。
    2) 客戶有高血壓和血糖問題，可能是家族遺傳，並且免疫力較差，容易感冒。
    3) 客戶有乾眼症，眼睛乾澀且有斑點，使用人工淚液緩解，但擔心依賴性。
    4) 客戶的皮膚容易過敏，且有牙齦出血的情況。
    5) 客戶曾因白內障開刀，並有運動習慣，會外出走路和曬太陽。
    6) 客戶晚上睡眠狀況不佳，但最近有所改善。

3. 職業背景
    1) 客戶是家庭主婦，主要負責家中的用品和食物採購。
    2) 客戶目前沒有收入，經濟狀況不佳，並且需要節省開支。

4. 健康食品使用心得
    1) 客戶曾購買過幹細胞產品，但因腎功能指數下降，醫生建議不要再隨意服用健康食品。
    2) 客戶曾購買過魚油、維他命B群等保健品，但目前已停止食用保健品兩年，對保健品的選擇非常謹慎。
    3) 客戶每天飲用特定品牌的低蛋白質飲品，認為方便且有效。
    4) 客戶使用橄欖油改善便秘，並有特定的使用方式。

5. 禁忌
    1) 客戶對食物和保健品的選擇非常謹慎，需經醫生確認是否適合食用。
    2) 客戶避免食用深綠色蔬菜和螃蟹，因為深綠色蔬菜鉀含量高，對腎臟病不利。
    3) 客戶不使用泡沫型洗面乳，避免眼睛過敏，並儘量避免在眼睛周圍使用保養品。
    4) 客戶對國外進口的洗碗精過敏，需使用天然成分的清潔用品。
    5) 客戶不喜歡使用冷氣，並且不會亂吃東西，對飲食非常注意。",1
22070159,女,46.0,台中市西區,C,摩羯座,8866,否,否,否,否,否,是,是,否,166285.66665,107,32363.80953,20,15968.57144,11,4714.28572,2,3599.04762,2,11133.33334,4,11133.33334,4,5476.190479999999,2,2828.57143,1,2647.61905,1,否,否,否,否,否,否,0,否,否,否,否,否,0,否,否,否,,1
22070901,女,72.0,新北市板橋區,D+,天蠍座,8866,否,否,是,否,是,是,是,否,61727.66668000001,31,10351.42858,3,4457.14286,1,0.0,0,4457.14286,1,8914.28572,2,4457.14286,1,4457.14286,1,0.0,0,4457.14286,1,否,否,是,否,否,否,0,否,否,否,否,否,0,否,否,否,"1. 家庭關係
    1) 客戶家中有第四台電視。
    2) 客戶目前表示家裡不需要補充民生用品，但對日用品有考慮購買的可能性。

2. 健康狀況
    1) 客戶提到臉部皮膚很薄，但不會過敏。

3. 職業背景
    1) 客戶提到平常很忙，沒有時間看商品。

4. 健康食品使用心得
    1) 客戶曾經很久以前購買過益生菌產品，但目前表示沒有購買過益生菌產品。

5. 禁忌
    1) 客戶表示不需要含有硫酸鋅的安瓶產品。",1
22074946,女,46.0,新北市中和區,D,雙子座,8862,否,是,否,否,否,是,是,否,988668.95232,666,167539.0475000001,138,76079.04753,65,1615.2381,2,2083.8095,17,13664.76192,21,6354.285720000001,8,1615.2381,2,1615.2381,2,0.0,0,否,否,是,否,否,否,0,否,否,是,否,否,0,否,否,否,,1
22084026,女,57.0,高雄市林園區,Z,水瓶座,8853,否,是,否,否,否,是,是,否,313856.8571,129,44607.619040000005,13,13761.90477,4,2847.61905,1,8095.2381,1,8475.238099999999,2,8095.2381,1,8095.2381,1,0.0,0,8095.2381,1,否,否,否,否,否,否,0,否,否,否,否,否,0,否,否,否,"1. 家庭關係
    1) 客戶提到她的女兒生病，目前正在忙於照顧。

2. 健康狀況
    1) 客戶有在使用保健用品，包括針對眼睛、關節和心血管的保健品。
    2) 客戶之前有購買過葉黃素和益生菌，但目前未在食用葉黃素或魚油。

3. 職業背景
    1) 客戶目前在臺東工作，經常需要全台各地到處跑。
    2) 客戶提到她是一位56歲的女性會員。

4. 健康食品使用心得
    1) 客戶有使用保健用品，主要針對眼睛、關節和心血管健康。
    2) 客戶之前購買過葉黃素和益生菌，但目前未在食用葉黃素。

5. 禁忌
    1) 客戶目前未提及特定的健康食品禁忌。",1
22103091,男,55.0,屏東縣屏東市,D,天蠍座,8833,否,否,是,否,否,是,是,否,315492.71428,122,109740.95236999998,50,38759.04761000001,19,26979.99999,11,636.19048,1,49970.4762,10,20085.71429,5,3114.28571,2,3114.28571,2,0.0,0,否,否,是,否,否,否,0,否,否,否,否,否,0,否,否,否,"1. 家庭關係
    1) 客戶提到家人偶爾會和他一起吃葉黃素。
    2) 客戶表示家人有在吃扶元堂的顧骨關節產品。
    3) 客戶提到家人之前有需求，曾經幫家人購買過健康食品。
    4) 客戶提到家人有在使用他購買的保健品，並且家人看到有興趣的產品時會請他購買。

2. 健康狀況
    1) 客戶表示平常有運動習慣，並多曬太陽，因此認為不需要額外補充維他命D。
    2) 客戶提到目前沒有特別的健康食品需求。

3. 職業背景
    1) 客戶提到自己是隔日上班一天、休息一天的工作型態。
    2) 客戶是一位54歲的男性會員。

4. 健康食品使用心得
    1) 客戶之前購買過膠原錠、好細胞紅藜、華陀龜鹿產品及妍美会的葉黃素產品。
    2) 客戶表示華陀龜鹿產品是用於保養骨頭和膝蓋的關節。
    3) 客戶提到好細胞紅藜不是每天服用，因為之前還有存貨。
    4) 客戶提到葉黃素產品有興趣，但家中還有很多存貨，尚未使用完。
    5) 客戶提到魚油是自己服用的。
    6) 客戶表示目前沒有在吃益生菌，但有購買一盒益生菌，並提到目前快吃完，想等吃完後再評估是否繼續購買。

5. 禁忌
    1) 客戶提到目前不需要使用紅利折抵券。
    2) 客戶表示目前沒有特別的健康食品需求。",1
22110709,女,75.0,台北市士林區,B,摩羯座,8825,是,否,是,是,否,是,是,否,1105261.3809099998,354,210714.28568,59,93317.14285,29,72663.80953,6,0.0,0,508810.47618,130,205839.99997,50,91033.33332,23,72663.80953,6,0.0,0,否,否,是,否,否,否,0,否,否,否,否,是,0,否,否,否,"1. 家庭關係
    1) 客戶有三個小孩，其中一個兒子已經畢業，另一個兒子每天服用谷胱甘肽產品，女兒住在築港。
    2) 客戶提到自己一個人住，家裡沒有人陪伴，並考慮未來可能會去養老院。
    3) 客戶提到她和老公已經離婚，家人目前不需要某些產品。
    4) 客戶的姐姐患有帕金森症，家中有兩人患有肺腺癌，老公有心臟疾病。

2. 健康狀況
    1) 客戶有三高、高血壓、高血脂、白內障、青光眼、血糖問題，心臟功能僅有35%，曾因跌倒導致骨頭裂開和斷掉，目前無法走路。
    2) 客戶提到自己有癌症，並於109年進行手術，目前已無癌症，但可能因治療無法食用某些食物。
    3) 客戶提到帕金森症，但未明確表示自己患有此病，並提到需要服用帕金森症的藥物。
    4) 客戶提到早上爬不起來，晚上睡覺前喝某種飲品，早上空腹喝紅色飲品，並喝水。
    5) 客戶提到需要看醫生，可能因胃病或骨科問題。

3. 職業背景
    1) 客戶提到以前的老闆娘對她很好。
    2) 客戶目前主要待在家裡，晚上三點半工作。

4. 健康食品使用心得
    1) 客戶喜歡美人膠、維他命、氨基酸產品、磷蝦油、魚油、葉黃素、紅棗鈣等保健食品，並表示以前吃的產品效果不錯。
    2) 客戶有在使用益生菌產品，但表示效果不明顯，有時會軟便，曾一天吃兩顆，目前仍在服用。
    3) 客戶提到維他命B和維他命飲品，習慣飯後飲用，並提到家人免疫力需要提高。
    4) 客戶對健康食品的成分和價格有關注，曾購買過四萬多元的產品，並在momo上購買保健品。

5. 禁忌
    1) 客戶提到自己不能吃某些食物，可能與癌症治療有關。
    2) 客戶不會喝普洱茶，也不需要預防感冒的產品。
    3) 客戶提到不能打疫苗，但未確認。",1
22111633,男,60.0,新北市板橋區,D+,雙魚座,8824,否,否,是,否,否,否,是,否,544730.19047,73,48807.61904,7,45523.80952,2,45523.80952,2,0.0,0,46094.28571,3,46094.28571,3,45523.80952,2,45523.80952,2,0.0,0,否,否,是,否,否,否,0,否,否,否,否,否,0,否,否,否,"1. 家庭關係
    1) 客戶與老婆有討論過健康產品的使用，並認為不需要高鼓勵產品。

2. 健康狀況
    1) 客戶表示自己可能有燥熱體質，建議飯後服用保健品以減少不適。
    2) 客戶參加過健康相關活動，但目前沒有其他需求。

3. 職業背景
    1) 客戶目前正在上班，表示沒有空閒時間。
    2) 客戶目前人在南部，型錄放在家裡。

4. 健康食品使用心得
    1) 客戶目前有在服用挺立鈣保健品，初期每天吃兩顆，後面改為每天一顆。
    2) 客戶表示挺立鈣目前缺貨，自己也有在吃顧骨頭關節的保健食品。
    3) 客戶平時都有服用類似的保養品，並表示已經吃了很多類似的保健用品。
    4) 客戶目前不需要葉黃素，因為已經有在吃其他保健食品且吃得太多。
    5) 客戶提到目前還有一些舊的保健品尚未吃完，計劃先吃完再開始新的療程。

5. 禁忌
    1) 客戶表示對幹細胞的功效不太清楚，但有聽過相關資訊，對費用感到還好並有興趣了解更多。
    2) 客戶表示無法再購買新的產品。",1
22122101,女,78.0,新北市三重區,Z,獅子座,8822,否,否,否,否,否,否,是,否,136584.80951999998,29,56761.90476,2,56761.90476,2,56761.90476,2,0.0,0,73160.95238,6,56761.90476,2,56761.90476,2,56761.90476,2,0.0,0,否,否,否,否,否,否,0,否,否,否,否,否,0,否,否,否,"1. 家庭關係
    1) 未提及家庭成員或關係。

2. 健康狀況
    1) 客戶表示自己沒有三高慢性病，也未服用相關藥物。
    2) 客戶眼睛健康良好，沒有老花問題，並且平時會做按摩穴道來保養眼睛。
    3) 客戶身材不胖，年齡為77歲。
    4) 客戶今天去看病，但未提及具體病情。

3. 職業背景
    1) 未提及具體職業背景，但客戶表示目前忙於許多事情，沒有時間處理其他事務。

4. 健康食品使用心得
    1) 客戶每天早上喝一支再生激活安瓶，已持續近一個月，但尚未感受到明顯效果。
    2) 客戶不喜歡吃保健食品，認為這些產品是化學加工的，可能對健康不利。
    3) 客戶平時不使用洗面乳，而是使用手工皂清潔肌膚，旅行時也攜帶手工皂使用。

5. 禁忌
    1) 客戶不喜歡吃藥或保養品，對化學加工的產品持負面態度。
    2) 客戶不游泳或爬山，平時的運動以走路為主，並跟著直播老師進行健康運動。",1
22129946,女,66.0,高雄市橋頭區,D,獅子座,8822,否,否,是,是,是,是,是,否,341347.95228,197,25389.523799999995,17,7826.666670000001,6,0.0,0,951.42857,1,140038.09518,49,17645.714279999997,12,6768.57143,5,0.0,0,951.42857,1,否,否,否,否,否,否,1,否,否,否,否,否,0,否,否,否,"1. 家庭關係
    1) 客戶有一個女兒，女兒是國家體操隊的教練，經常帶學生出國比賽，最近去過德國和法國。
    2) 客戶有一個一歲半的孫子。
    3) 客戶提到家中女兒的身高很高。

2. 健康狀況
    1) 客戶提到她的腸胃狀況有改善，但最近因腸炎就醫，曾到醫大醫院。
    2) 客戶會定期每三到四個月去長庚醫院進行檢查。
    3) 客戶對掉頭髮的問題感興趣，並詢問有無能減少掉髮的洗髮產品。

3. 職業背景
    1) 客戶已經退休。

4. 健康食品使用心得
    1) 客戶之前購買過花旗蔘杏仁粉，並表示該產品不錯。
    2) 客戶表示她不需要B群產品。
    3) 客戶提到家中有很多東西都吃不完，且不喜歡有苦味的食物。

5. 禁忌
    1) 客戶之前購買過石墨烯材質的褲子，但因為穿起來太緊，會抽筋，所以不再穿了。",1
22133221,男,57.0,基隆市信義區,D,水瓶座,8819,否,否,否,否,否,是,是,否,1081570.7143200005,285,108410.47619000002,26,4259.04762,6,0.0,0,951.42857,1,525738.0953,74,84446.66666,9,951.42857,1,0.0,0,951.42857,1,否,否,是,否,否,否,1,否,否,否,否,否,0,否,否,否,"1. 家庭關係
    1) 客戶提到年輕時有很多女生喜歡他，但他選擇了現在的太太，因為他們一起工作。
    2) 客戶的太太和他在同一天過生日。
    3) 客戶提到家人曾經購買過保健品，但有些保健品並未吃完，且家人使用量很少。

2. 健康狀況
    1) 客戶提到自己有胃病，早上有服用高血壓和糖尿病的藥物。
    2) 客戶曾經因喝醉住院，並提到不需要太多藥物，認為幹細胞產品不容易獲得。
    3) 客戶提到眼睛看不清楚，可能與年紀相關的老化有關，並使用放大鏡和磷蝦油。
    4) 客戶目前身體狀況還算不錯，但需要換大號的衣服，擔心衣服會穿不下。
    5) 客戶目前不抽菸。

3. 職業背景
    1) 客戶目前從事公安檢查的工作，並擁有多項相關證照。
    2) 客戶目前在北京工作。

4. 健康食品使用心得
    1) 客戶曾提到可能有在使用綠蜂膠和葉黃素，但未確認。
    2) 客戶每天吃一顆產品，偶爾加強到兩顆，但目前沒有吃保健食品，因為有人不讓他吃。
    3) 客戶沒有吃B群的習慣，並表示自己不需要B群產品。
    4) 客戶對健康食品的購買態度偏向於自己在網上訂購。

5. 禁忌
    1) 客戶表示不想購買健康食品，對於購買產品的態度是偏向於不再購買，並提到目前比較沒有需要購買東森提供的商品。
    2) 客戶對於產品的效果有一定要求，曾對產品效果不滿意，並詢問過產品是否可以退貨。",1
22139059,男,72.0,桃園市龜山區,D+,獅子座,8813,否,否,否,否,否,否,是,否,606358.85706,349,236380.95244000008,132,70320.95238000002,38,6724.761910000001,3,0.0,0,83336.19053,19,37000.00003,9,2828.57143,1,2828.57143,1,0.0,0,否,否,否,否,否,否,0,否,否,否,否,否,0,否,否,否,"1. 家庭關係
    1) 客戶家中有兩個女兒，其中一位女兒目前在日本。
    2) 客戶有一個孫子，最近孫子不吃巧克力。
    3) 客戶的太太胃不好，胃只剩三分之一，曾經做過化療，目前什麼都不吃，吃了就吐，連安素都不吃不喝，且需要開刀。
    4) 客戶的兒子的朋友曾購買保健品給其母親，但未食用完後轉送給客戶。

2. 健康狀況
    1) 客戶有高血壓問題，並且有在服用醫院開的高血壓藥物。
    2) 客戶有頸椎和腰椎的健康問題，曾經接受過手術。
    3) 客戶曾經做過化療，並經歷過直腸瘤手術。
    4) 客戶有筋膜炎和腎臟不好的健康問題。
    5) 客戶曾經戒菸，並在30歲後完全戒掉。
    6) 客戶平時沒有運動習慣，一年中大部分時間都待在家裡。

3. 職業背景
    1) 客戶很早就已經退休，曾經從事電子相關行業工作了十年。

4. 健康食品使用心得
    1) 客戶曾購買過牛樟芝、顧骨頭保健品、白蘭氏葉黃素、東森的秋刀魚、鱈魚和木鱸魚片產品。
    2) 客戶認為牛樟芝、紅葡萄相關產品和燕窩對自己沒有效果，顧骨頭保健食品效果也不好。
    3) 客戶表示平時不購買保健食品，主要依靠新鮮食物補充營養，並且有時候會購買保健食品送給其他人，特別是老人家。
    4) 客戶提到家中有使用苦茶油，太太目前在食用高蛋白產品。

5. 禁忌
    1) 客戶的女兒們和爸爸建議不要購買或食用某些商品。
    2) 客戶不需要魚油產品，並且不吃葉黃素、補骨胜肽和其他補品。
    3) 客戶不會購買一次要一萬多塊的產品，對某些購買的食品品質不滿意。
    4) 醫生建議客戶不要亂吃家裡的藥。",1
22142483,女,58.0,桃園市中壢區,A,白羊座,8809,否,否,是,是,否,是,是,否,849878.3333400002,177,445092.38094,37,234697.14284000007,16,234472.3809400001,15,0.0,0,545741.9047700001,46,425110.47618000006,28,234472.3809400001,15,234472.3809400001,15,0.0,0,是,否,是,否,否,否,0,否,否,否,否,否,0,是,否,否,"1. 家庭關係
    1) 客戶提到她的孩子剛出生不久。
    2) 客戶曾經幫婆婆購買過益生菌，但自己沒有吃過。
    3) 客戶表示只有自己在吃保健產品，沒有讓老公一起吃。

2. 健康狀況
    1) 客戶提到自己有肺病，壓力很大，可能與分期付款有關。
    2) 客戶腸道敏感，吃益生菌會腹瀉，因此不敢再吃。
    3) 客戶糖分偏高，服用藥物有時會有副作用，甚至導致吐血。
    4) 客戶提到最近才改善某些健康狀況。

3. 職業背景
    1) 客戶從事餐飲業，目前正在上班，工作時間較晚，晚上很晚下班。
    2) 客戶提到自己從事生意，經濟狀況不佳，收入減少。

4. 健康食品使用心得
    1) 客戶目前每天早上吃兩顆活泉幹細胞產品，並表示效果不錯。
    2) 客戶曾購買過粒線體相關產品，認為需要量多才有效。
    3) 客戶對果凍型葉黃素有了解，但對葉黃素產品的效果表示懷疑。
    4) 客戶曾購買過自然美的面膜，但目前還有很多用不完。
    5) 客戶曾試過美國的保健食品，但因價格太高而停止使用。
    6) 客戶表示目前在吃東森的產品，但沒有特別感覺到效果。
    7) 客戶提到她之前購買過幹細胞產品，已全部使用完，部分產品給了女兒使用。
    8) 客戶提到她每天有喝某種產品，通常在起床後食用，但未特別注意時間。

5. 禁忌
    1) 客戶表示沒有在吃人蔘，對於收藏人蔘也沒有興趣。
    2) 客戶對於保養品不感興趣，表示不需要購買保養品。
    3) 客戶提到自己腸道敏感，吃益生菌會腹瀉，因此不敢再吃。
    4) 客戶提到不需要補胜肽產品。
    5) 客戶對於專員提到的活動和產品不感興趣，並表示目前沒有足夠的資金購買。",1
22144879,男,73.0,新北市林口區,B,雙子座,8806,否,否,是,否,是,否,是,否,576359.04758,249,226932.38096000013,99,105842.85714999997,41,66771.42859,22,0.0,0,117831.42857000002,19,88521.90475999999,8,36000.0,3,36000.0,3,0.0,0,否,否,是,否,否,否,1,否,否,否,否,是,0,否,否,否,"1. 家庭關係
    1) 客戶有三個小孩，且小孩都在外面工作。
    2) 客戶的兒子是台大畢業，曾在台灣的外商銀行工作六七年，目前在澳洲工作，並曾遇到醫療費用高昂的情況。
    3) 客戶全家一起住，並計劃與家人一起出國旅行。

2. 健康狀況
    1) 客戶70多歲，患有糖尿病（血糖值約7點多）、高血壓（控制在130到140之間）、心血管疾病、攝護腺肥大（持續約7到10年），並曾動過物質手術和支架手術。
    2) 客戶有灰指甲問題，已去皮膚科檢查，並提到有牙周病，最近正在看牙醫。
    3) 客戶目前正在進行健康檢查，包括新陳代謝和末梢神經問題，腎功能檢查結果正常。
    4) 客戶有時感到頭痛和痠痛。

3. 職業背景
    1) 客戶已經退休，曾是公務員，月收入不到五千元，目前主要依靠五筆臨近收入。
    2) 客戶提到目前回到物流工作，經濟狀況不佳，需控制花費。

4. 健康食品使用心得
    1) 客戶曾購買並食用過多種保健食品，包括B群、補骨胜肽、善存綜合維他命、瑪咖飲、蚓激酶、苦瓜胜肽、葉黃素、褐藻糖膠、枸杞汁、降血糖產品、魚油等。
    2) 客戶認為苦瓜胜肽有穩定血糖的效果，綠茶咖啡效果不錯，但對其他產品如蚓激酶、瑪咖飲等效果不明顯，並曾因效果不如預期退貨。
    3) 客戶目前每天固定服用某種保健品，並會與西藥間隔半小時到一小時服用。
    4) 客戶目前有兩組保健品，其中一盒可以試吃，但暫時不敢開始使用，並表示經濟負擔較重。

5. 禁忌
    1) 客戶提到不需要燕麥、益生菌及攝護腺保養產品。
    2) 客戶提到袋鼠精可能需要退貨，因為無法使用。",1
22148723,女,80.0,高雄市新興區,C,金牛座,8802,否,是,是,否,否,是,是,否,1087484.2380099995,385,193982.8571,84,37361.904740000005,18,8476.19046,5,1885.71429,1,645256.19047,88,127391.42855999991,35,15123.80953,3,0.0,0,0.0,0,否,否,是,否,否,否,0,否,否,否,是,是,0,否,否,否,"1. 家庭關係
    1) 客戶提到家人目前住院，原因是摔倒導致的，可能需要住院一段時間。
    2) 客戶提到家人健康狀況不佳，回家後無法行走，可能需要使用紙尿褲，且目前不方便接電話。
    3) 客戶提到兒子相關內容，但未提供具體情境。
    4) 客戶表示家人目前不在家，外出旅遊。

2. 健康狀況
    1) 客戶提到自己有高血壓，並有服用高血壓藥物。
    2) 客戶曾因摔倒住院兩次，並提到自己目前身體狀況較為懶散，平時多待在家中，較少外出。
    3) 客戶提到自己有心導管相關健康狀況，並且容易胃痛，需要飯後服用保健食品。
    4) 客戶提到膀胱和排尿相關的健康問題，並表示身體會喘。
    5) 客戶提到自己身體有好一些，但目前仍未完全康復。
    6) 客戶提到血糖狀況，但未提供具體細節。

3. 職業背景
    1) 客戶提到『服務業』，但未明確表示自己從事服務業。
    2) 客戶提到自己曾經用過評定鍋具。

4. 健康食品使用心得
    1) 客戶提到曾購買過魚油和葉黃素，但葉黃素效果不明顯，魚油因醫生建議不能吃。
    2) 客戶提到自己有服用過挺立和補水類保健食品，並曾購買過玻尿酸飲品，但效果不明顯。
    3) 客戶提到吃過自然美的產品，但未收到目錄，並表示產品還不錯。
    4) 客戶提到家中還有一罐燕窩產品存放在冰箱中，但對效果沒有特別感覺。
    5) 客戶提到購買過苦瓜相關產品，但未明確表達對此類產品的興趣。

5. 禁忌
    1) 客戶提到不吃某些東西，但未明確說明具體內容。
    2) 客戶表示穿石墨烯襪子時感覺太緊，偏好穿寬鬆的衣物。",1
22151266,女,61.0,高雄市阿蓮區,Z,天秤座,8800,是,否,是,否,是,否,是,否,568714.09526,307,14907.61905,7,7542.85715,3,5657.14286,2,0.0,0,7266.0,4,6600.0,3,5657.14286,2,5657.14286,2,0.0,0,否,否,否,否,否,否,0,否,否,否,否,否,0,否,否,否,,1
22156680,女,81.0,新北市中和區,D+,射手座,8796,否,否,否,否,否,是,否,否,39746.66666,23,16999.99999,6,6372.38095,1,0.0,0,6372.38095,1,17244.761899999998,6,15676.190469999998,5,6372.38095,1,0.0,0,6372.38095,1,否,否,是,否,否,否,0,否,否,否,否,否,0,否,否,否,,1
22169967,男,59.0,金門縣金城鎮,D+,巨蟹座,8792,否,否,否,否,否,否,是,否,44652.38096,27,13110.4762,9,11635.238109999998,7,6835.2381,4,0.0,0,5862.85714,4,4949.523810000001,3,4949.523810000001,3,4949.523810000001,3,0.0,0,否,否,否,否,否,否,0,否,否,否,否,否,0,否,否,否,,1
22172305,女,75.0,高雄市鹽埕區,C,摩羯座,8792,否,否,否,是,否,是,是,否,90302.00001000002,51,27083.80954,16,7500.95238,5,1140.95238,2,4742.85714,1,6643.80952,5,6643.809520000001,5,5883.80952,3,1140.95238,2,4742.85714,1,否,否,否,否,否,否,0,否,否,否,否,否,0,否,否,否,,1
22182969,男,67.0,台北市中山區,B,天秤座,8791,否,否,是,否,否,是,是,否,443810.00002,170,195855.2381,52,90516.19047,20,66796.19046000001,8,0.0,0,120671.42855,10,107395.23808,8,58862.85713,4,58862.85713,4,0.0,0,否,否,是,否,否,否,0,否,否,否,否,是,0,否,否,否,"1. 家庭關係
    1) 無相關資訊。

2. 健康狀況
    1) 客戶提到目前正在食用台大第二代幹細胞產品。
    2) 客戶詢問化療患者是否可以食用台大第二代幹細胞產品。
    3) 客戶目前有使用保養品進行攝護腺保養。

3. 職業背景
    1) 無相關資訊。

4. 健康食品使用心得
    1) 客戶有服用B群維他命及活泉保健食品，並表示早上空腹服用保健品效果最好。
    2) 客戶曾購買過兩組幹細胞產品，隔一天服用一次，每次服用兩顆，並提到幹細胞產品一瓶可供一個月使用，六瓶為一個療程。
    3) 客戶提到幹細胞產品價格較高，認為這不是一般人能負擔的消費。
    4) 客戶表示幹細胞相關產品已服用好幾年，目前還有六瓶未使用完，每天僅服用兩片。
    5) 客戶曾訂購過射虎腺護頸產品，並表示該產品效果還不錯。

5. 禁忌
    1) 客戶曾考慮訂購眼霜和葉黃素，但目前決定不購買。
    2) 客戶因出國未能及時取件，並表示希望三月三十一日送貨並以貨到付款方式完成交易。",1
22185858,女,72.0,高雄市三民區,D+,天蠍座,8789,否,否,否,是,否,是,否,否,1011610.47606,558,87313.33332,37,17767.61905,7,0.0,0,15017.142860000002,6,63468.57143,13,26125.714290000004,5,8971.42858,3,0.0,0,8971.42858,3,否,否,否,否,否,否,0,否,否,是,否,否,0,否,否,否,"1. 家庭關係
    1) 客戶提到她的女兒有時候會帶回很多洗衣液，導致沒有及時用完。
    2) 客戶表示她一個人住。

2. 健康狀況
    1) 客戶提到她的牙齒狀況差不多好了，但最近在弄牙齒。
    2) 客戶提到她最近手術接近，右手有一點狀況，這幾天在休養。
    3) 客戶提到她的皮膚屬於中性，不會太乾也不會太油。
    4) 客戶提到她早上有去運動。
    5) 客戶提到她有購買葉黃素來保養眼睛。
    6) 客戶提到有在吃葡萄王的通血路產品，包含紅景天和納豆。
    7) 客戶提到她有在吃褐藻產品。
    8) 客戶提到她之前有在吃B群，但因為沒有什麼效果所以不想再買了。
    9) 客戶提到每天吃幹細胞產品，每天吃兩顆，但目前還沒有感覺到明顯的效果。
    10) 客戶提到她平常有吃保健品，但不想購買幹細胞產品，認為太貴且沒有感覺到效果。

3. 職業背景
    1) 客戶提到她目前退休，不能亂花錢。
    2) 客戶提到她的退休年資不到15年，因此無法領取退休金，目前每月可領取5000元的退休金。
    3) 客戶提到目前沒有上班。

4. 健康食品使用心得
    1) 客戶提到她吃過很多種保健食品，但不確定哪一種有效。
    2) 客戶提到她有購買益生菌產品。
    3) 客戶提到她目前購買保健品是想到才會買，且現在有很多存貨，因此不想再購買保健品。
    4) 客戶提到她是葡萄王的會員，並有在吃葡萄王的通血路產品。
    5) 客戶提到她之前有購買過華陀的產品。
    6) 客戶提到她之前有吃過台大的幹細胞產品，但目前不考慮購買幹細胞產品，認為太貴且不需要。

5. 禁忌
    1) 客戶提到她不喜歡含有葵花籽油的產品，因為使用起來感覺不舒服。
    2) 客戶表示不需要精油產品，且目前沒有使用精油產品。",1
22185989,女,58.0,台南市東區,D,白羊座,8789,否,否,否,否,否,是,是,否,85877.80953999999,59,3776.19048,2,947.61905,1,0.0,0,947.61905,1,12261.90476,5,3776.19048,2,947.61905,1,0.0,0,947.61905,1,否,否,否,否,否,否,0,否,否,否,否,否,0,否,否,否,,1
22193212,女,84.0,桃園市桃園區,A,摩羯座,8783,否,否,是,是,否,是,是,否,648718.5713999999,74,353599.0476199999,24,115862.85714,6,114328.57142,4,1058.09524,1,601187.6190300001,53,353599.04762,24,115862.85713999998,6,114328.57142,4,1058.09524,1,是,否,否,否,否,否,0,否,否,否,否,否,0,否,否,否,"1. 家庭關係
    1) 客戶提到其先生是公務員，家庭經濟穩定，無需依靠小孩的金錢支持。
    2) 客戶提到家族中有肺腺癌的病史。
    3) 客戶提到母親活到86歲，未曾服用營養品。

2. 健康狀況
    1) 客戶目前健康狀況良好，無慢性疾病或三高問題，且每年進行健康檢查，結果正常。
    2) 客戶提到自己體重55-56公斤，身高161公分，排便狀況良好，牙齒健康，無需植牙。
    3) 客戶有入睡困難，睡眠時間較短，通常只有四到五個小時，但認為睡眠品質良好，每天都有活力。
    4) 客戶曾於八月發生車禍，頭部受傷住院三週，健康狀況有所改變，目前體力較弱，醫生建議進行溫和運動。
    5) 客戶提到骨密度低，接近骨質疏鬆，並有腳痛問題。
    6) 客戶提到脖子轉動時會有聲音，但不感到不適。

3. 職業背景
    1) 客戶未提及具體職業背景，但提到家庭經濟穩定，先生為公務員。

4. 健康食品使用心得
    1) 客戶每天服用五到六種保健品，包括魚油、葉黃素、蚓激酶、萬壽元、華陀產品、益生菌等，並認為魚油和葉黃素對健康有幫助。
    2) 客戶對保健品的使用持謹慎態度，認為吃太多保健品可能對身體有負擔，通常分開服用，避免一次攝取過多。
    3) 客戶曾購買過多種保健品，包括褐藻、妍美会、萬壽元、蚓激酶、白藜蘆醇、玻尿酸等，但目前存量過多，足夠使用三年，暫時不再購買。
    4) 客戶認為保健品應量力而行，並表示目前的健康狀況不需要額外補充。
    5) 客戶曾購買過健康設備，但家人並未使用。
    6) 客戶每天早上空腹服用保健品，並飲用500cc水，總飲水量達3000cc以上，認為多喝水和飲用檸檬水對健康有益。
    7) 客戶認為外食不健康，習慣在家做飯，並每天早上飲用五種顏色的蔬果汁，已堅持四十多年。

5. 禁忌
    1) 客戶不喜歡穿襪子或長褲，睡覺時只穿短褲，即使冬天也不穿襪子。
    2) 客戶不喜歡打流感疫苗，認為無效。
    3) 客戶不喜歡分期付款，對此感到討厭。
    4) 客戶不喜歡鑽石及能量手環，並不參與抽獎活動。
    5) 客戶不喜歡膠囊類型的產品，認為購買後的售後服務可能麻煩。
    6) 客戶不吃外食，認為外面的食品不健康，可能導致癌症。
    7) 客戶不喜歡按摩，認為對自己無幫助。",1
22193317,男,59.0,新北市三重區,D,巨蟹座,8783,否,否,否,否,否,否,否,否,290903.71429,84,5958.095229999999,6,1521.90476,2,0.0,0,0.0,0,2044.7619,3,2044.7619,3,1521.90476,2,0.0,0,0.0,0,否,否,是,否,否,否,1,否,否,否,否,否,0,否,否,否,,1
22214702,女,63.0,新北市蘆洲區,C,金牛座,8776,否,否,是,否,否,否,是,否,296284.23807,140,77500.95238,29,26035.23809,8,26035.23809,8,0.0,0,22779.99999,6,21837.14285,5,15237.14285,3,15237.14285,3,0.0,0,否,否,是,否,否,否,0,否,否,否,否,否,0,否,否,否,"1. 家庭關係
    1) 客戶有一位女兒，女兒不希望她在未吃完現有保健食品前再購買新的產品。
    2) 客戶的兒子住在澳洲，會從澳洲購買魚油帶回來給她。
    3) 客戶目前在南部，需在南部和台北之間來回，因為公公有事情需要處理。
    4) 客戶目前在醫院照顧老人家。
    5) 客戶提到家裡有客人，並且正在煮東西準備拜拜。

2. 健康狀況
    1) 客戶有骨頭退化和骨刺問題，計劃進行診所檢查及可能的X光檢查。
    2) 客戶有慢性病，需早晚服用藥物，並提到有時會忘記吃藥，導致一次服用多顆。
    3) 客戶血糖曾高達8點多，透過服用苦瓜胜肽三個月後降至7.1，目前主要控制血糖，並已戒掉手搖飲。
    4) 客戶的排便不規律，腸胃狀況不佳。
    5) 客戶有時會睡午覺，但不一定每天都睡。

3. 職業背景
    1) 未提及具體職業背景，但目前主要在南部照顧老人家，並需處理家庭事務。

4. 健康食品使用心得
    1) 客戶曾購買過妍美会的葉黃素和魚油，但覺得葉黃素效果不明顯，去年可能只購買過一次或兩次。
    2) 客戶曾購買過東森的健康食品，但覺得效果不佳，後來未再購買。
    3) 客戶目前服用苦瓜胜肽，早晚各兩顆，認為對控制血糖有效。
    4) 客戶剛購買了龜鹿保健食品，一次購買了足夠食用九到十個月。
    5) 客戶會先吃完現有的保健食品再考慮是否購買新的產品。

5. 禁忌
    1) 客戶目前主要控制血糖，已戒掉手搖飲。
    2) 客戶選擇食用芭樂，因為芭樂不會太甜。",1
22236512,女,78.0,新北市中和區,D+,白羊座,8765,否,否,是,否,否,否,是,否,357378.23805999995,138,116027.61901,47,20695.23809,8,18800.95238,3,0.0,0,314818.09521,98,92950.47616,29,12190.47619,4,12190.47619,1,0.0,0,否,否,否,否,否,否,0,否,否,否,否,是,0,否,否,否,"1. 家庭關係
    1) 客戶有一個女兒和兩個兒子，並且已經是奶奶，有一個孫子。
    2) 小兒子和孫子與她同住，女兒和兒子經常幫她購買所需物品，女兒也管理她的財務。
    3) 女兒開了一間幼稚園，最近因工作繁忙較少回家，但仍然關心她的生活。
    4) 客戶的妹妹比她小十歲，經常騎腳踏車。
    5) 客戶提到大姐會來家裡拜訪，並會帶東西過來。

2. 健康狀況
    1) 客戶有高血壓、膽固醇問題、心悸、膝蓋和腳踝問題、足底筋膜炎，並且行動不便。
    2) 她的體重為78公斤，身高155公分，體脂率有所下降。
    3) 客戶有睡眠障礙，每天需要服用安眠藥才能入睡，睡眠時間約五到六小時。
    4) 客戶的眼睛有問題，需定期保養，並已看眼科醫生十多年。
    5) 客戶有時會感到口乾舌燥，手臂早上會起泡，晚上右腿有痕跡，並曾經戒菸。

3. 職業背景
    1) 客戶目前無工作，主要依靠子女的支持生活。
    2) 客戶年輕時曾有膝蓋和腳踝問題，可能影響了她的工作能力。

4. 健康食品使用心得
    1) 客戶有服用降血壓藥、降膽固醇藥、安眠藥、益生菌、蚓激酶、葉黃素、葡萄糖胺、茸以及、容易記的保健食品等，並認為保健品對她的健康有幫助。
    2) 她每天早上空腹服用膠囊，並在飯後服用其他產品，晚上睡前服用安眠藥。
    3) 客戶每天飲用粒線體激活產品，並將緊緻產品加入紫菜湯中食用。
    4) 客戶認為某些保健食品效果不明顯，並覺得有些產品使用起來麻煩。

5. 禁忌
    1) 客戶不喜歡吃干貝、魚油及含有電解質的飲料。
    2) 客戶不使用保養品、面膜或玻尿酸產品，認為年紀大了不需要。
    3) 客戶對某些產品感到不適，曾出現心裡不舒服、脖子僵硬及眼睛異常的情況。",1
22240096,女,72.0,台中市大里區,D,巨蟹座,8765,否,是,是,否,否,是,是,否,322255.23804,81,309389.52377,70,130393.33330999996,29,98799.0476,8,6924.76191,5,226949.52379,17,223207.61903,15,94450.47618,7,91047.61904,4,3402.85714,3,否,否,否,否,否,否,1,否,否,否,否,否,0,否,否,否,"1. 家庭關係
    1) 客戶與丈夫同住，孩子住在外地，兒子在台北，每月回來一次。
    2) 客戶的丈夫有慢性病，偶爾會抽血檢查，但不喜歡出門和吃保健食品。
    3) 客戶的母親年紀大了，約七十多歲，可能有三高問題。
    4) 客戶的姐姐80歲，健康狀況良好，曾送她蘭蔻保養品。
    5) 客戶的哥哥有健康問題，可能是鼻咽癌。
    6) 客戶提到家庭教育良好，兄弟姐妹之間關係融洽，互相幫助。

2. 健康狀況
    1) 客戶71歲，膝蓋有受傷，走路時會痛，腳掌也會痛，可能因車禍導致。
    2) 客戶有腫瘤、胃不適、血壓和血糖問題，並擔心健康食品對腎臟的影響。
    3) 客戶有時失眠，眼袋問題較嚴重，並提到有飛蚊症和白內障相關問題。
    4) 客戶的頭髮稀少且細，需燙髮，並使用眼藥水保養眼睛。
    5) 客戶有時會吃止痛藥緩解膝蓋疼痛，但不常吃。

3. 職業背景
    1) 客戶提到自己年紀大了，沒有再帶人。
    2) 客戶有時會參與志工活動，並幫忙搬運物品。
    3) 客戶的兒子從事電商行業。

4. 健康食品使用心得
    1) 客戶每天早上空腹服用幹細胞產品，搭配300至500cc溫開水，感覺精神變好，但有時擔心成分過強導致不適。
    2) 客戶有使用膠原蛋白產品，認為對軟骨和關節有幫助，但目前已停止使用。
    3) 客戶每天喝龜鹿產品，感覺膝蓋疼痛有所減輕，但仍有不適。
    4) 客戶有使用益生菌、胎盤素、安素、葉黃素、苦瓜保健食品等，對部分產品效果持懷疑態度。
    5) 客戶認為健康食品需要長期食用才有效，但擔心過量食用會對腎臟有負擔。
    6) 客戶提到使用過的產品有助於改善氣色和精神，但有些產品效果不佳或引起不適。
    7) 客戶對於產品的價格和優惠有興趣，但認為部分產品過於昂貴。

5. 禁忌
    1) 客戶不常做健康檢查，對健康食品的效果持懷疑態度，擔心某些產品含有消炎止痛成分或對腎臟有害。
    2) 客戶不喜歡頻繁被聯絡，認為每次聯絡都涉及花錢。
    3) 客戶對於某些產品的成分和效果有疑慮，擔心會引起不適或發胖。
    4) 客戶不會隨便亂吃保健品，對用量持謹慎態度。",1
22246785,女,67.0,高雄市前鎮區,D+,天秤座,8760,否,否,否,是,是,是,是,否,228101.19052,148,59026.66668000001,37,14564.7619,9,6439.047619999999,2,942.85714,1,5123.80952,2,4743.80952,1,4743.80952,1,4743.80952,1,0.0,0,否,否,是,否,否,否,0,否,否,否,否,是,0,否,否,否,"1. 家庭關係
    1) 客戶家裡有養貓咪。
    2) 客戶目前是自己居住。

2. 健康狀況
    1) 客戶每天都有排便，且便秘情況不嚴重。
    2) 客戶有配戴老花眼鏡，度數為150度。

3. 職業背景
    1) 客戶未提及具體職業背景。

4. 健康食品使用心得
    1) 客戶每天服用日本味王的ESV行動對策，每天兩顆，飯後使用。
    2) 客戶有服用葉黃素，主要用於眼睛保養。
    3) 客戶曾經購買過華陀的益生菌，但目前沒有在服用。

5. 禁忌
    1) 客戶不喜歡做臉或做身體的服務。
    2) 客戶不會每天使用面膜，且因購買數量過多使用不完，未來不會再購買。",1
22250527,女,62.0,高雄市苓雅區,C,巨蟹座,8756,是,是,否,否,否,是,是,否,663252.09517,399,99059.99999,65,31711.42857,23,7773.333329999999,4,9792.38096,7,70761.90475,12,17638.095230000003,9,14133.33333,8,5122.85714,2,4722.85714,3,否,否,是,否,否,否,1,否,否,否,否,否,0,是,否,否,"1. 家庭關係
    1) 客戶提到可能會讓兒子查看後再決定是否購買產品。
    2) 客戶購買膠原蛋白產品是為了家人使用。
    3) 客戶關心老人家是否可以使用益生菌。

2. 健康狀況
    1) 客戶為61歲女性。
    2) 客戶提到過去購買過多種保健品，但有些未使用而過期。

3. 職業背景
    1) 客戶提到上班時間不喜歡接電話。

4. 健康食品使用心得
    1) 客戶對葉黃素產品表示有興趣，並詢問是否有其他相關產品。
    2) 客戶提到她之前購買過某些保健食品，包括滴雞精、益生菌、魚精產品、石墨烯關節保健品等，但有些未持續使用或已過期。
    3) 客戶提到益生菌的產品都放著，尚未使用。
    4) 客戶尚未開始使用收到的膠原蛋白產品，並表示每天不喝膠原蛋白產品。
    5) 客戶提到她已經使用了XL尺寸的美胸衣，但感覺尺寸太小。
    6) 客戶提到去年12月10日購買了台鹽生技的淨膚霜。
    7) 客戶提到過去購買過東森的產品，並使用過東森幣。

5. 禁忌
    1) 客戶提到如果商品太小的話不能退換。
    2) 客戶提到退掉了一組商品，並表示該商品不好。",1
22255512,女,71.0,新北市新店區,A,處女座,8754,否,否,是,否,是,是,是,否,264412.38097,79,102316.19049,22,66018.09524,6,65257.14285999999,5,0.0,0,132407.61903,23,82730.47617999998,11,61294.28571,4,60533.33333,3,0.0,0,否,否,否,否,否,否,0,否,否,是,否,否,0,否,否,否,"1. 家庭關係
    1) 未提及家庭相關資訊。

2. 健康狀況
    1) 客戶表示有腰痠背痛的情況，且不吃某產品時症狀會加重。
    2) 客戶提到睡眠品質不佳，曾服用助眠產品但效果不佳，服用後仍多夢且無改善。
    3) 客戶年齡為70歲，可能需要更多健康管理。

3. 職業背景
    1) 客戶提到下午要上課，課程內容與老人相關，可能與健康或教育領域有關。

4. 健康食品使用心得
    1) 客戶曾購買蚓激酶，目前櫃子裡仍有三盒存貨。
    2) 客戶有服用益生菌，包括漢方益生菌，但認為效果不明顯，且目前服用量減少。
    3) 客戶曾購買苦瓜胜肽、果膠產品及甘味人蔘，但尚未吃完。
    4) 客戶去年五月購買過麗梅秀廣告的葉黃素，目前仍有存貨並持續服用。
    5) 客戶曾購買三得利保健食品，服用後有助於改善睡眠品質，通常睡前服用三顆。
    6) 客戶表示目前仍有一瓶助眠產品未使用完，且未每天服用。

5. 禁忌
    1) 客戶表示藥品和益生菌已經吃不完，因此不需要額外購買。
    2) 客戶提到最近花費較多，決定暫時不購買新產品。",1
22269061,女,80.0,台北市松山區,D,白羊座,8745,否,否,是,是,是,是,是,否,333556.38095,59,11220.95238,6,1790.47619,1,0.0,0,1790.47619,1,22568.57144,12,7503.80953,4,1790.47619,1,0.0,0,1790.47619,1,否,否,是,是,否,否,0,否,否,否,是,否,0,否,否,否,"1. 家庭關係
    1) 未提及具體家庭關係。

2. 健康狀況
    1) 客戶提到有關節痠痛的問題。

3. 職業背景
    1) 客戶提到目前比較忙，但未提及具體職業。

4. 健康食品使用心得
    1) 客戶有在服用B群，但種類與專員提到的不同。
    2) 客戶詢問是否有龜鹿二仙膏產品。

5. 禁忌
    1) 客戶目前家中防曬產品尚未用完，且不需要一次購買太多。
    2) 客戶表示目前沒有購買需求，也不需要購買粒線體再生安瓶。
    3) 客戶表示目前沒有考慮參加活動，也沒有想到要使用折價券。",1
22270769,女,59.0,桃園市龜山區,Z,雙魚座,8743,否,否,是,否,否,是,是,是,168603.99997,82,7797.14285,9,570.47619,1,570.47619,1,0.0,0,30100.952370000003,14,5436.19046,7,570.47619,1,570.47619,1,0.0,0,否,否,否,否,否,否,0,否,否,否,否,否,0,否,否,否,"1. 家庭關係
    1) 未提及具體家庭關係。

2. 健康狀況
    1) 客戶有乳糖不耐症，喝含牛奶的產品會感到不適並想吐。
    2) 客戶有心血管問題，並提到固攀升效果很好。
    3) 客戶提到糖尿病相關問題。
    4) 客戶喝某款產品後會胃不舒服並拉肚子，但有瘦下來的效果。

3. 職業背景
    1) 客戶目前在醫院上班。
    2) 客戶提到她正在上班並且正在開車。

4. 健康食品使用心得
    1) 客戶曾購買過龜鹿葡萄糖胺並已經吃完。
    2) 客戶曾購買過苦瓜酵素，但不想要苦瓜胜肽。
    3) 客戶提到之前購買的保健食品尚未使用完。
    4) 客戶提到某款產品未喝完，因為喝了會胃不舒服。

5. 禁忌
    1) 客戶不適合含牛奶的產品，因乳糖不耐症會引起不適。
    2) 客戶不想要苦瓜胜肽。",1
22276224,女,73.0,高雄市鳳山區,Z,水瓶座,8739,否,否,否,否,否,是,是,否,216685.33329,86,60730.47618000002,25,4921.904759999999,4,1140.95238,2,2838.09524,1,148606.66666,45,57892.380950000006,22,3979.04762,3,1140.95238,2,2838.09524,1,否,否,是,否,否,否,0,否,否,否,否,否,0,否,否,否,"1. 家庭關係
    1) 客戶提到家中有小朋友。
    2) 客戶提到她的兒子曾購買過日本的益生菌，且她目前正在食用這些益生菌。
    3) 客戶提到她一個人生活。

2. 健康狀況
    1) 客戶提到她目前的皮膚狀況有改變，之前使用的保養品現在都沒有再用了。
    2) 客戶提到她有在服用B群（定劑型，每天一顆）和葉黃素進行保養。
    3) 客戶表示不喜歡膠囊型保健食品，認為膠囊味道很重。
    4) 客戶提到她不喜歡喝飲料，喜歡喝開水、茶和咖啡。

3. 職業背景
    1) 未提及具體職業背景。

4. 健康食品使用心得
    1) 客戶曾購買過漢方益生菌，但因數量太多未吃完，部分分給同事食用。
    2) 客戶提到她之前購買的時空膠囊效果不明顯，因此暫時不再使用，且目前還有一瓶多的時空膠囊，計劃給兒子使用。
    3) 客戶目前在服用三得利的蜜來保養皮膚，認為一瓶就可以搞定且可以用很久。
    4) 客戶曾使用雅詩蘭黛的保養品長達二十多年，但因價格昂貴後來停止使用。
    5) 客戶提到她目前在使用保濕精華液和防曬乳，並對產品的內容物和效果有關注。
    6) 客戶對於膠囊形式的葉黃素不感興趣，偏好果凍狀的產品，但也提到白蘭氏的膠囊型葉黃素是她習慣使用的產品。
    7) 客戶提到她不喜歡果凍型產品，認為有點甜。
    8) 客戶提到她之前有購買過益生菌和時空膠囊。
    9) 客戶提到她有在吃B群，且是定劑型，每天服用一顆。

5. 禁忌
    1) 客戶不喜歡膠囊型保健食品，認為膠囊味道很重。
    2) 客戶不喜歡葉黃素和枸杞汁。
    3) 客戶不喜歡果凍型產品，認為有點甜。
    4) 客戶不喜歡喝飲料，偏好喝開水、茶和咖啡。",1
22278128,女,66.0,高雄市岡山區,D+,處女座,8738,否,否,否,否,否,是,是,否,55549.00001,27,19047.61905,6,16227.61905,4,11200.0,1,1237.14286,1,11960.95238,2,11200.0,1,11200.0,1,11200.0,1,0.0,0,否,否,是,否,否,否,0,否,否,否,否,否,0,否,否,否,,1
22288602,男,55.0,彰化縣彰化市,C,白羊座,8732,否,否,是,是,否,是,是,否,98804.76192000002,17,98804.76192,17,78928.57143000001,11,74957.14286,8,1600.0,1,74267.61905,8,74267.61905,8,65772.38095,6,64172.38095,4,1600.0,1,否,否,否,否,否,否,0,否,否,否,否,否,0,否,否,否,"1. 家庭關係
    1) 客戶已離婚，家中有一個小孩，目前在台北工作。
    2) 客戶與其他家人同住，家中有許多保健食品和燕窩。
    3) 客戶的配偶經營一家數控貿易公司，工作繁忙，回家較晚。
    4) 客戶朋友眾多，社交生活良好。

2. 健康狀況
    1) 客戶有糖尿病，糖化血色素檢驗結果為9點多，並已服用血糖藥物19年。
    2) 客戶有三高問題（血壓和血糖偏高），且為家族遺傳，擔心長期服用藥物對腎臟的影響。
    3) 客戶有白內障問題，目前正在服用葉黃素進行保養。
    4) 客戶有保養的觀念，並有服用保健品進行健康管理。

3. 職業背景
    1) 客戶是一名公務員，工作性質較特殊，平日上班時不方便接電話。
    2) 客戶的辦公室位於二樓，認為環境安全。

4. 健康食品使用心得
    1) 客戶每天服用四顆幹細胞產品，並曾購買過國外進口的幹細胞相關產品。
    2) 客戶每天服用葉黃素，並曾購買過含有葡萄成分的葉黃素產品。
    3) 客戶有在服用益生菌，並曾購買益生菌給家人食用，太太每天也會服用一到兩包益生菌。
    4) 客戶早上有喝激活安瓶，家中還有PPLS保健食品、外米提產品、原盞燕窩和燕窩等。
    5) 客戶曾購買過含南瓜籽的產品及甘味人蔘，並計劃嘗試人蔘產品。
    6) 客戶曾使用過美國品牌的膠狀保健食品及活泉幹細胞產品，並表示本身有服用國外保健食品的習慣。

5. 禁忌
    1) 客戶目前不缺物品，家中保健食品數量過多，已達無法管理的程度。
    2) 客戶尚未嘗試過華陀品牌的益生菌及人蔘產品。",1
22302359,女,65.0,嘉義市,Z,射手座,8730,否,否,是,否,否,否,是,否,243552.66658,157,32012.380939999992,26,5400.95238,4,2457.14286,1,0.0,0,2457.14286,1,2457.14286,1,2457.14286,1,2457.14286,1,0.0,0,否,否,否,否,否,否,0,否,否,否,否,否,0,否,否,否,"1. 家庭關係
    1) 客戶的先生已因攝護腺癌去世。
    2) 客戶有兩個孩子，其中一個兒子已過世，另一個兒子住在花蓮。
    3) 客戶的姐姐住在台北，姐姐的女兒是美容師。
    4) 客戶提到家裡有人骨折尚未出院。
    5) 客戶目前住在嘉義，因為這裡有朋友方便照顧。

2. 健康狀況
    1) 客戶有白內障，開刀後效果不佳。
    2) 客戶晚上睡覺時經常起夜上廁所，但白天不會。
    3) 客戶目前醫院有開肌肉相關的藥物給她。

3. 職業背景
    1) 客戶目前從事看護工作，工作為24小時輪班制，需等病人出院後才能下班。
    2) 客戶提到她今天有去工作，且目前正在接班工作。
    3) 客戶提到地震時她剛好在醫院，回家後發現物品掉落。
    4) 客戶所在的醫院沒有電視可以看。

4. 健康食品使用心得
    1) 客戶有購買過葉黃素和膠原蛋白，但表示這些產品都還沒吃完。
    2) 客戶目前有在吃B群，並已購買新的B群產品但尚未收到貨物。
    3) 客戶曾從東森購物購買過葉黃素，但效果不佳。
    4) 客戶有在吃膠原蛋白產品，並表示需要更多膠原蛋白產品，已選擇購買六盒並選擇貨到付款方式。

5. 禁忌
    1) 客戶提到冰箱空間有限，需與同事共用，可能影響食品存放。
    2) 客戶的窗戶因颱風受損，正在等待房東修理。
    3) 客戶住處因地震導致高處物品和皮箱掉落。",1
22312541,女,50.0,屏東縣屏東市,D+,獅子座,8723,否,否,否,否,否,否,是,否,175622.76187,122,72667.61902000004,46,8337.142849999998,9,0.0,0,0.0,0,35542.857119999986,23,35010.47617000001,22,4565.714279999999,6,0.0,0,0.0,0,否,否,是,否,否,否,0,否,否,否,否,否,0,否,否,否,"1. 家庭關係
    1) 客戶提到家中有管理員。
    2) 客戶提到媽媽和老公都在上班。
    3) 客戶提到她有兒子，曾經購買過三層厚抽的衛生紙並覺得不錯用。

2. 健康狀況
    1) 客戶提到目前沒有缺乏B群，也不需要購買相關產品。
    2) 客戶表示益生菌尚未用完，且之前購買的益生菌因含糖不想再購買，未來希望購買無糖產品。
    3) 客戶表示營養品已經很多，目前不需要再購買。

3. 職業背景
    1) 客戶提到她現在在忙業務。

4. 健康食品使用心得
    1) 客戶提到之前購買過益生菌，但因為含糖所以不想再購買，未來希望購買無糖的產品。

5. 禁忌
    1) 客戶表示對保養品沒有興趣，並且目前不需要購買保健品或保養品。
    2) 客戶提到她不會參與愛心活動，因為她自己有另外的安排。",1
22320157,男,65.0,新北市新店區,C,天秤座,8721,否,否,是,否,是,是,是,否,793034.19058,341,166498.09527999998,52,59088.57143000001,12,36265.71428,4,1190.47619,1,180841.90474000003,36,83977.14285999999,15,34856.19047,3,34856.19047,3,0.0,0,否,否,否,是,否,否,1,否,否,否,否,否,0,是,否,否,"1. 家庭關係
    1) 客戶的老婆完全吃素。
    2) 客戶的媽媽患有糖尿病很久了，曾經接受過高壓氧治療，效果很好，甚至白頭髮裡長出黑頭髮。
    3) 客戶家中三人會一起食用蛋白質補充品。

2. 健康狀況
    1) 客戶64歲，血壓稍微偏高，平常服用血壓藥後血壓控制在120多，但若三天不吃藥，血壓會升到140。
    2) 客戶有高血壓，血壓早上約127，晚上不到130，但有時會升高到150以上。
    3) 客戶的三酸甘油酯水平較高，牙齒狀況不太好，並提到年紀大了有黑斑。
    4) 客戶的睡眠質量很好。
    5) 客戶認為自己比較胖，想要健康瘦身。

3. 職業背景
    1) 客戶提到最近比較忙，可能與工作相關。
    2) 客戶的同學從事苦茶油製作，價格比市面上便宜。

4. 健康食品使用心得
    1) 客戶吃蛋奶素，對素食膠囊成分很注意，並要求產品不要含小魚幹。
    2) 客戶每天早上吃兩顆B群和一顆葉黃素，晚上吃骨鈣，並認為綠色盒子的葉黃素效果較好且不會引起酸澀感。
    3) 客戶有食用納豆紅麴，認為對血壓有幫助，晚上吃納豆激酶後血壓會下降。
    4) 客戶曾服用蚓激酶，認為對通血路有效，但會導致血壓升高，且對其價格感到貴。
    5) 客戶曾使用過龜鹿膠囊，但對關節無效果，且每次使用含有龜鹿的產品會導致血壓升高。
    6) 客戶曾購買過挺立鈣、台鹽、台酒產品，並對台酒精華液效果感到滿意。
    7) 客戶曾使用過德國進口產品，但對第三泡無感。
    8) 客戶通常直接從日本購買保健品，最近購買了六盒合利他命，認為當地價格便宜。
    9) 客戶曾購買過酵素，效果不錯，但目前不需要，認為酵素沒什麼用。
    10) 客戶有食用益生菌，認為其也算是酵素，平時一次購買六盒，最近益生菌產品已吃完。
    11) 客戶每天食用一顆葉黃素，並訂購了青春露，但尚未收到。
    12) 客戶提到之前購買的某些產品效果不明顯，夏天較少吃保健食品。

5. 禁忌
    1) 客戶不吃小魚幹，對膠囊成分特別注意，偏好素食膠囊。
    2) 客戶不太想吃西藥，偏好用保健品代替。
    3) 客戶不習慣使用防曬產品，認為太油膩。",1
22322552,女,66.0,基隆市安樂區,B,雙子座,8720,否,否,是,是,否,是,是,否,821969.8572099998,363,379252.38098,47,129449.52381,16,113564.76191000002,7,5950.476180000001,4,432188.57146,46,360340.9524,28,118783.80953,9,113564.76191000002,7,1790.47619,1,否,否,是,否,否,否,0,否,否,否,否,否,0,是,否,否,"1. 家庭關係
    1) 客戶與老公同住，孩子不在身邊，有兩個小孩。
    2) 客戶的孫子三歲，經常與家人每週日聚餐。
    3) 客戶的女兒曾送她母親節禮物。
    4) 客戶的老公喜歡食用美國帶回的果凍類保健品，不喝飲料只喝白開水。

2. 健康狀況
    1) 客戶曾患有甲狀腺癌，已切除甲狀腺，需長期服用甲狀腺素，並因服用導致甲狀腺素過多，影響心臟健康。
    2) 客戶有甲狀腺亢進，心跳較快，曾因心臟跳動過快就醫，結果顯示心臟無問題。
    3) 客戶有老花眼、磨牙、牙齒敏感、尿液有泡泡、顏色較重、常感疲累及貧血等症狀。
    4) 客戶家族有糖尿病遺傳，最近體檢發現血脂升高，總膽固醇曾達280，後降至210。
    5) 客戶每天有排便，一天1-2次，偶爾感覺排便不順暢。
    6) 客戶的蛋白質水平良好，體力不錯，無骨質疏鬆或肌少症情況。
    7) 客戶有飲食禁忌，需避免高碘量的海藻類食物（如紫菜、海帶、昆布）及高含香的食物，並不吃烤肉和內臟。

3. 職業背景
    1) 客戶目前有在上班，早上工作，偶爾只工作半天。
    2) 客戶最近剛上班，工作較忙。

4. 健康食品使用心得
    1) 客戶每天早晚服用甲狀腺素，早上服用某種藥物可能引起心悸。
    2) 客戶每天早上攝取蛋白質，並自己製作，還會喝蜂蜜。
    3) 客戶有服用鈣片、關節保健品、葉黃素、益生菌、蚓激酶、萬壽元、激活產品、膠原蛋白補充劑等，認為益生菌和舒酸定牙膏效果不錯。
    4) 客戶對幹細胞產品效果有疑慮，但有興趣，考慮等現有產品用完後再購買。
    5) 客戶對褐藻產品效果持懷疑態度，對激活安瓶效果滿意。
    6) 客戶認為某些產品初期效果較好，但後期效果不如從前。
    7) 客戶有時候會在睡前服用保健食品，並認為能量霜的使用方式不錯。
    8) 客戶對於葉黃素的價格感到優惠，並有存貨。
    9) 客戶每天喝一瓶鱸魚精，三天喝一支其他產品。
    10) 客戶對於清血脂產品有意購買，並考慮慢慢使用現有產品。

5. 禁忌
    1) 客戶需避免高碘量的海藻類食物（如紫菜、海帶、昆布），並需吃清淡食物。
    2) 客戶不吃烤肉和內臟，對高含香的食物敏感。",1
22322787,女,69.0,新竹市,A,摩羯座,8719,否,否,是,是,否,是,是,否,1169730.19046,169,416337.1428300002,55,146549.52377,27,94572.38091,24,51977.14285999999,3,1119935.23808,138,411410.47617000015,52,143711.42852999998,26,91734.28566999998,23,51977.14285999999,3,否,否,是,否,否,否,0,否,否,否,否,否,0,否,否,否,"1. 家庭關係
    1) 客戶有小朋友，小朋友目前上學但未上安親班。
    2) 客戶有孫子，並提到孫子在身邊，且有幫孫子洗澡。
    3) 客戶的兒子們不住在家裡。
    4) 客戶的丈夫有時會買外食，並與客戶分享午餐便當。
    5) 客戶的姐姐不吃牛排。

2. 健康狀況
    1) 客戶有三高血壓問題，早上會服用魚油、葉黃素及血壓藥。
    2) 客戶提到自己體重從過年時的51公斤增加到目前的54公斤。
    3) 客戶有鼻子過敏問題，近期感冒持續一週，伴隨咳嗽和痰，計劃回診。
    4) 客戶的臉部異位性皮膚炎狀況已改善，但左臉頰仍有問題，可能需要後續處理。
    5) 客戶一天排便兩次，但量不多。

3. 職業背景
    1) 客戶未提及具體職業背景，但提到目前資金有限，需等到十二月底才有更多資金。
    2) 客戶不會使用網路訂購商品，通常請專員協助，對網路購物信心不足。

4. 健康食品使用心得
    1) 客戶每天早上飯後服用魚油和葉黃素，並搭配血壓藥。
    2) 客戶每天服用膠原蛋白粉，並認為之前購買的白色膠原蛋白產品效果較好。
    3) 客戶有服用液態益生菌，並搭配雙纖一起食用，目前有五盒益生菌存貨。
    4) 客戶有服用粒線體相關產品，目前還有兩盒存貨。
    5) 客戶曾購買過紫色盒子的保健品，但尚未吃完，還有三至四盒保健品未使用完。
    6) 客戶一年花費十幾萬在保健品上，媳婦曾幫忙購買保健品。
    7) 客戶不需要幹細胞產品，認為太貴且不必要。
    8) 客戶表示紅寶產品尚未開始使用，因為現在是夏天。

5. 禁忌
    1) 客戶不喜歡使用精油，且完全沒有使用精油的習慣。
    2) 客戶不敢使用某些保養品，可能因為皮膚狀況，並提到不敢使用某款紅色面霜，認為太油。
    3) 客戶的化妝水已過期，效期至2024年。
    4) 客戶使用某款唇膏後嘴唇脫皮，僅使用一次便出現問題。
    5) 客戶不使用鐵鏟，偏好其他材質的鍋鏟。",1
22322900,女,60.0,桃園市蘆竹區,C,雙魚座,8719,否,否,否,否,否,是,是,否,287834.57144,96,52131.42860000001,20,37788.57146,14,34267.61908,10,0.0,0,31449.52382,4,31449.52382,4,22020.00001,3,22020.00001,3,0.0,0,否,否,否,否,否,否,0,否,否,否,否,否,0,否,否,否,"1. 家庭關係
    1) 客戶是一位59歲的女性會員。
    2) 客戶的先生正在使用華金養生產品，並且仍在持續使用。

2. 健康狀況
    1) 未提及客戶或其先生的具體健康狀況。

3. 職業背景
    1) 未提及客戶或其先生的職業背景。

4. 健康食品使用心得
    1) 客戶之前有購買益生菌。
    2) 客戶表示華金養生產品不是她在使用，而是她的先生在使用。

5. 禁忌
    1) 未提及任何健康食品或其他產品的禁忌。",1
22335022,女,62.0,台中市豐原區,D,巨蟹座,8711,否,否,否,否,否,是,是,否,131235.42856000003,60,8996.190480000001,7,3111.42858,3,2082.85715,2,1028.57143,1,2082.85715,2,2082.85715,2,2082.85715,2,2082.85715,2,0.0,0,否,否,是,否,否,否,0,否,否,否,否,否,0,否,否,否,,1
22337848,女,53.0,新北市三重區,D,天蠍座,8709,否,否,否,否,否,否,否,否,149116.38105000005,181,25994.28568,45,760.95238,1,0.0,0,0.0,0,2473.33334,3,760.95238,1,760.95238,1,0.0,0,0.0,0,否,否,是,否,否,否,0,否,否,否,否,否,0,否,否,否,,1
22347221,女,69.0,桃園市桃園區,B,天秤座,8702,否,否,是,否,是,是,是,否,2762809.80941,382,594454.2856899999,38,355247.61901999987,18,218933.33331000005,12,0.0,0,1210270.47611,89,577102.8571299999,29,339104.76187999995,15,218933.33331000005,12,0.0,0,否,否,否,是,否,否,1,否,否,否,是,否,0,否,是,否,"1. 家庭關係
    1) 客戶目前住在自己的房子，並未與兒子及媳婦同住。
    2) 客戶的兒子曾邀請她出國，但她拒絕了。
    3) 客戶的媳婦購買了許多保健品並要求她食用。
    4) 客戶提到孫女最近身體不舒服。
    5) 客戶的妹妹在林口長庚醫院上班。

2. 健康狀況
    1) 客戶最近因跌倒導致骨關節問題，需緊急開刀並更換人工關節，目前住在長庚醫院。
    2) 客戶曾檢查骨質疏鬆，結果顯示正常，但她行動不便，且曾兩次受傷。
    3) 客戶有胃食道逆流問題，最近情況較好。
    4) 客戶最近生病，表示十年來都未曾生病。
    5) 客戶有便秘問題，並提到中午喝酒會臉紅。
    6) 客戶害怕打疫苗，選擇不接種疫苗。

3. 職業背景
    1) 客戶目前正在賣價值約三千多萬的大樓。
    2) 客戶已投入一千五百萬於儲蓄險，每月可領十一至十二萬利息，且本金可全額領回。
    3) 客戶參與全國婦女會及公益活動，並表示明年和後年會更忙。
    4) 客戶提到她十幾歲就開始代收。

4. 健康食品使用心得
    1) 客戶曾經食用十二年的燕窩，休息五年後又開始食用，目前家中仍有大量存貨。
    2) 客戶每天食用鱸魚精，但目前還有未使用完的存貨。
    3) 客戶有使用精油，並提到與上次使用的相同。
    4) 客戶曾購買華齊堂產品，並成功以八萬元購得。
    5) 客戶提到曾經食用人蔘，並有喝粒線體相關產品。
    6) 客戶選擇購買六盒保健食品，並希望分十二期付款以減輕負擔。
    7) 客戶表示不想吃太多保健食品，並提到目前只需要一組產品。

5. 禁忌
    1) 客戶不喜歡脖子有東西，覺得不舒服。
    2) 客戶目前不考慮購買床墊，並表示床和枕頭使用狀況良好。
    3) 客戶表示不想出國，認為出國很累且浪費時間。
    4) 客戶不想添購新物品，因家中物品過多。
    5) 客戶目前不需要購買任何產品，包括陳美鳳推薦的保健品。",1
22348658,男,73.0,台中市南屯區,A,雙魚座,8701,否,否,是,否,否,否,是,否,399240.99998,25,350717.14283,19,152965.71428,6,152965.71428,6,0.0,0,360779.99998,20,349465.71426,18,152965.71428,6,152965.71428,6,0.0,0,是,否,否,是,否,否,0,否,否,否,否,否,0,否,否,否,"1. 家庭關係
    1) 客戶有一位兒子（六十年次）和一位女兒（六十七年次），兩人年齡相差不大。
    2) 客戶提到與大嫂一起飲用保健品。
    3) 客戶的妹妹每三個月會幫他抽血檢查。
    4) 客戶提到家中有管理員。
    5) 客戶提到只有他一個人在喝產品，太太沒有一起喝。

2. 健康狀況
    1) 客戶目前74歲，生活較為獨立，外出較少。
    2) 客戶平常有在吃保養心血管的保健品。
    3) 客戶提到目前可能沒有使用西藥，因為他本身有公司在生產益生菌。
    4) 客戶提到之前有吃過某種產品，但表示沒有用。
    5) 客戶目前有在喝保健品，但沒有喝得很勤。

3. 職業背景
    1) 客戶提到他以前有蓋房子的經驗。
    2) 客戶本身有公司在生產益生菌。
    3) 客戶提到他的朋友多為高階主管，並且他與王令麟是超過三十年的老朋友。
    4) 客戶是東森超過二十年的老會員。

4. 健康食品使用心得
    1) 客戶有在吃幫助排便的益生菌，並曾在雙十一期間購買過藍色盒子紅色膠囊的益生菌產品。
    2) 客戶曾購買過粒線體相關的保健食品，最多每天喝一支。
    3) 客戶之前購買過粉紅色的保健品，裝在酒紅色的玻璃瓶中，並且已經喝完了，覺得產品還不錯。
    4) 客戶曾購買過五盒產品，目前家中還有一到兩盒，等用完後再聯絡。
    5) 客戶表示最多只需要購買一組益生菌，並接受購買一組產品。
    6) 客戶提到計劃購買葡萄讓他感到感動。

5. 禁忌
    1) 客戶目前葉黃素沒有在使用。
    2) 客戶表示不需要購買過多的商品，暫時不需要購買新的保健食品。
    3) 客戶提到暫時不需要購買幹細胞產品，若有需要會再聯繫。
    4) 客戶表示目前暫時不需要購買粒線體相關產品。
    5) 客戶提到不需要分期付款，選擇一次付清。",1
22353345,女,64.0,台中市大里區,D+,雙子座,8697,否,否,否,是,否,是,否,否,229294.28573,60,51069.52383,15,10400.00001,4,0.0,0,5676.19048,1,49269.523830000006,11,43612.38097,10,5676.19048,1,0.0,0,5676.19048,1,否,否,是,否,否,否,0,否,否,否,否,否,0,否,否,否,"1. 家庭關係
    1) 客戶未提及具體的家庭成員或關係，但提到家中物品充足，可能反映其家庭生活較為穩定。

2. 健康狀況
    1) 客戶未提及具體健康問題，但有使用保養品和健康食品的習慣，顯示其對健康和保養有一定的重視。

3. 職業背景
    1) 客戶未提及具體職業背景。

4. 健康食品使用心得
    1) 客戶提到家中益生菌存量充足，暫時不需要購買新的。
    2) 客戶已收到並開始使用保養品，包括機能液和賦活膠囊，並認為保養品有點像面膜的感覺。
    3) 客戶曾購買過三套漢方產品，並使用過自然美品牌的精華液。
    4) 客戶認為自然美品牌的產品價格偏高，但仍購買了逆齡時空膠囊四瓶，價格為5500元。
    5) 客戶對機能液的容量表示不滿，並詢問其是否類似於精華液。

5. 禁忌
    1) 客戶對電話詐騙保持高度警惕，認為現在詐騙很多。
    2) 客戶目前暫時未使用大利路的服務。",1
22361685,女,68.0,新北市三重區,A,處女座,8692,否,是,否,否,否,是,是,否,881888.19046,257,129482.85714,37,106273.33332999998,23,56761.90476,2,0.0,0,225255.23811,22,71650.47619,6,71650.47619,6,56761.90476,2,0.0,0,否,否,是,否,否,否,0,否,否,否,否,否,0,是,否,否,"1. 家庭關係
    1) 客戶的家人不認同食用健康食品，認為正常飲食即可。
    2) 客戶購買燕窩部分是自己食用，部分是送人，但家人不吃。

2. 健康狀況
    1) 客戶有三高（高血壓、高血糖、高血脂）問題，並已服藥十幾年。
    2) 客戶曾經開過刀，需注意飲食，不能太快食用鱸魚等促進肉生成的食物。

3. 職業背景
    1) 客戶目前67歲，沒有在上班，平時待在家裡。
    2) 客戶已經做瑜伽十幾年，現在在家裡自行練習。

4. 健康食品使用心得
    1) 客戶對健康食品持保留態度，主要依靠運動保持健康，對保健食品較為排斥。
    2) 客戶對燕窩產品有興趣，喜歡已經煮好的燕窩，因為不會自己煮，並詢問燕窩的食用方式，是否早上空腹食用效果較好。
    3) 客戶曾購買燕窩產品，部分送人，部分自己食用，並提到開過的燕窩需要放入冰箱保存。

5. 禁忌
    1) 客戶可能不能飲用某些產品，並考慮燕窩與其他藥物的效果差異。
    2) 客戶需注意飲食，避免食用促進肉生成的食物如鱸魚。",1
22367168,女,54.0,台中市豐原區,C,射手座,8688,否,是,否,否,否,否,是,否,85059.09522999999,18,66014.28571999999,7,15234.28572,4,15234.28572,4,0.0,0,62662.85715,5,62662.85715,5,15234.28572,4,15234.28572,4,0.0,0,否,否,是,否,否,否,0,否,否,否,是,否,0,否,否,否,,1
22380936,女,66.0,高雄市三民區,D+,天秤座,8680,否,否,否,是,否,是,是,否,6252949.428630001,589,75539.04766000005,57,13263.80954,10,3617.14288,6,5095.238090000001,2,331522.6191,89,25535.23812,35,3617.14288,6,3617.14288,6,0.0,0,否,否,是,否,否,否,1,否,否,否,是,是,1,是,否,否,"1. 家庭關係
    1) 客戶的弟弟即將退休，身體狀況不佳，有椎間盤突出問題。
    2) 客戶的媽媽健康狀況不佳，肌肉萎縮，無法正常行走，需客戶照顧，並有腎功能不良、消化吸收差等問題，需補充鈣，曾因避邪住院，且不喜歡外國人。
    3) 客戶的表姐有記憶力退化問題，生活不便，考慮因健康和家庭原因從澳洲回台灣。
    4) 客戶的表姐的女兒收入不高，需依賴家人，無法負擔試管嬰兒費用。
    5) 客戶提到自己對家族有責任感，即使不平衡也會照顧家人。

2. 健康狀況
    1) 客戶有癌症病史，腫瘤已消除，但囊袋組織仍需控制活性以防復發，並有家族遺傳癌症基因。
    2) 客戶曾接受化療，體力下降，需十天恢復，並有過敏和副作用問題。
    3) 客戶腎臟功能不佳，需每月追蹤，依賴中藥維持，並對高營養飲品持保留態度。
    4) 客戶有過敏體質，皮膚容易過敏，對某些保養品和B群產品有過敏反應。
    5) 客戶在39歲時進行手術，44歲時停經，體重在更年期後有所變化。
    6) 客戶的眼睛容易疲勞，且最近一個多禮拜晚上無法入睡。

3. 職業背景
    1) 客戶在美國的醫院工作，工作繁忙，有時需凌晨兩點開始工作。
    2) 客戶的公司與代理公司合作，涉及大陸訂單，金額達六百多萬台幣，但疫情影響合作進展。
    3) 客戶的會計師建議將未付款項做壞帳處理，並與代理商的會計師溝通。

4. 健康食品使用心得
    1) 客戶對中醫療效有信心，認為中藥能減輕化療副作用，效果較好。
    2) 客戶對蛋白質補充有興趣，曾服用日本抗氧化植物產品和NAD+補充劑，但對效果持懷疑態度。
    3) 客戶認為不應同時食用多種健康食品，偏好天然食補，對化學合成營養品持懷疑態度。
    4) 客戶對保健食品的效期和回購率有關注，選擇時會參考朋友經驗。
    5) 客戶選擇小瓶裝高氧飲品，認為大瓶裝容易氧氣流失，並遵循醫生建議慢慢飲用。

5. 禁忌
    1) 客戶不吃紅肉或一週只吃一次，蔬菜需川燙後食用。
    2) 客戶對深海魚油持謹慎態度，擔心重金屬含量過高。
    3) 客戶不使用某些牙膏，選擇不澀的產品。
    4) 客戶不購買龜苓膏禮盒和年菜，認為無需使用或送人。
    5) 客戶不願購買发泡錠，認為效果不好。
    6) 客戶化療期間不能喝某些產品，避免浪費。
    7) 客戶對類固醇持保留態度，認為會壓抑免疫力。
    8) 客戶的眼科醫生建議少碰某些產品，避免增加腎臟負擔。",1
22407642,女,85.0,台北市中正區,Z,白羊座,8665,否,否,否,否,否,是,否,否,340237.76171,289,86193.33333,57,27387.61904,18,0.0,0,10394.28572,8,24359.04761,23,3960.95238,4,1694.28571,2,0.0,0,0.0,0,否,否,否,否,否,否,0,否,否,否,否,否,0,否,是,是,"1. 家庭關係
    1) 客戶家中有先生，並有小孩，其中一位小孩在國外，另一位小孩會回家探望生病的母親，且非常孝順，經常幫她購買物品。
    2) 客戶提到家中有外籍看護，該看護需要寄錢回家，家裡有三個孩子在讀書。
    3) 客戶有孫子，年齡層包括五六歲和大學生。

2. 健康狀況
    1) 客戶84歲，行動不便，需物流協助送貨上樓。
    2) 客戶患有腎臟病，需定期洗腎，並服用相關藥物，且有心臟衰竭、氣血虛、心臟支架及心導管手術史，心臟病史已近十年。
    3) 客戶血管狀況不佳，血管僵硬且彈性不足，曾因血管問題進行過六次手術。
    4) 客戶患有筋膜炎，感到不適，且眼睛視力受損。
    5) 客戶皮膚敏感，需使用特定產品。

3. 職業背景
    1) 客戶曾參加過台大的真善美俱樂部。
    2) 客戶目前無明確職業背景提及。

4. 健康食品使用心得
    1) 客戶家中已有多個能量被，並有在使用。
    2) 客戶曾購買亞培營養品，認為價格昂貴。
    3) 客戶近期購買珍珠膏，並表示使用效果良好。
    4) 客戶不使用鱸魚精或相關產品。

5. 禁忌
    1) 客戶因腎臟病需注意飲食，不能吃某些食物，並避免食用含亞硝酸的食物。
    2) 客戶不能吃燕窩，且不喝黑咖啡，認為太苦，但偶爾會喝少量咖啡。",1
22408618,女,47.0,屏東縣恆春鎮,B,水瓶座,8664,否,否,是,是,否,是,是,否,583073.3809,125,424898.09524,36,143006.66667,9,138473.33333,7,4533.33334,2,414937.14287,26,414937.1428699999,26,143006.66667,9,138473.33333000002,7,4533.33334,2,否,否,否,否,否,否,0,否,否,否,否,否,0,否,否,否,"1. 家庭關係
    1) 客戶家中有五個人，包括母親、先生、小孩、婆婆及其他家人。
    2) 客戶的母親患有肺癌，正在接受標靶藥物治療，並已開始化療。
    3) 客戶的婆婆與她關係不太好，且婆婆有自己的群組，經營自己的商品。
    4) 客戶的先生有健康問題，並有規律服用幹細胞相關保健食品。
    5) 客戶的姐姐經營一家早餐店。
    6) 客戶的妹妹仍在學校就讀。
    7) 客戶的孩子目前正在吃益生菌，身高已達173公分。

2. 健康狀況
    1) 客戶的母親患有肺癌，正在接受標靶藥物治療，腫瘤範圍縮小了一半，但有胸腔問題和心臟問題，並因無法承受全身麻醉而需考慮心導管手術。
    2) 客戶的母親曾因香檳茸出現腹瀉，並有尿道感染問題，服用產品後有所緩和。
    3) 客戶的先生有三酸甘油酯高的問題，曾服用保健食品但效果不明顯。
    4) 客戶的家人有血糖偏高、脂肪肝及三酸甘油酯高的健康問題，並有抽菸和喝酒的習慣。
    5) 客戶本人有糖尿病，需服用糖尿病藥，並提到自己最近感冒。
    6) 客戶的皮膚狀況有所改善，並偶爾會去做臉。

3. 職業背景
    1) 客戶是家庭主婦，早上會去圖書館當志工。
    2) 客戶提到她三點和七點有課程，並提到目前有客人，正在忙。

4. 健康食品使用心得
    1) 客戶家中有多種保健食品存貨，包括B群、膠原蛋白、益生菌、粒線體產品等。
    2) 客戶和母親曾一起服用某種保健品，母親服用15天，客戶服用超過一個月。
    3) 客戶的先生和她本人都有飲用粒線體產品，先生感覺比較不會累，但客戶覺得效果不明顯。
    4) 客戶對保濕和美白產品感興趣，並有在服用維他命C和膠原蛋白飲品。
    5) 客戶曾購買過多種保健食品，包括B群、葉黃素、益生菌等，並考慮購買香檳茸和多醣體給母親改善健康。
    6) 客戶對專員推薦的保健品有興趣，但尚未開始使用。

5. 禁忌
    1) 客戶的母親服用香檳茸後曾出現腹瀉，因此停止使用。
    2) 客戶的母親因服用標靶藥物，皮膚有不適，且需避免全身麻醉。
    3) 客戶的家人目前不敢隨意進食其他食品，因正在進行檢查和治療。",1
22412877,女,70.0,桃園市桃園區,C,射手座,8661,否,否,否,是,否,是,是,否,101211.23808,65,36050.47619,20,8617.14286,4,1140.95238,2,7476.19048,2,28967.61905,15,28967.61905,15,8617.14286,4,1140.95238,2,7476.19048,2,否,否,是,否,否,否,0,否,否,否,否,否,0,否,否,否,"1. 家庭關係
    1) 客戶有子女，其中一位已經結婚。
    2) 客戶的女兒會自己購買相關產品。
    3) 客戶有房子需要支付相關費用，花費較大。

2. 健康狀況
    1) 客戶目前眼睛狀況改善，曾需要點眼藥水才能睜開眼睛，但現在已不需要。
    2) 客戶有青光眼問題，但目前沒有藥物治療。
    3) 客戶有糖尿病，並曾因糖尿病問題去看醫生。
    4) 客戶提到腰椎問題已久，但未進行科學治療。
    5) 客戶提到自己七十歲，外出時常被認為比實際年齡年輕。

3. 職業背景
    1) 客戶已經退休，曾經經營早餐店六年。
    2) 客戶目前在餐飲行業工作，負責切菜。
    3) 客戶表示自己曾在工廠工作。
    4) 客戶目前在家煮晚飯。

4. 健康食品使用心得
    1) 客戶目前服用葉黃素，用於眼睛保養，並表示一直有在吃。
    2) 客戶曾購買挺立鈣，表示數量蠻多，正在努力吃完。
    3) 客戶有吃PPLS，但不會吃很多。
    4) 客戶曾吃過維C和LPPS，感覺有改善但有時候會忘記吃。
    5) 客戶曾購買苦瓜胜肽，但目前暫時不需要再購買。
    6) 客戶曾購買白冰冰代言的膠狀保健品，但至今仍有三瓶未使用，且目前不敢食用。
    7) 客戶已購買DHA魚油產品。
    8) 客戶曾購買日本的保健品，主要用於抗發炎。
    9) 客戶提到之前購買的保健食品還未吃完，因此暫時不考慮新的購買。

5. 禁忌
    1) 客戶表示不需要B群，並表示目前有太多保健品。
    2) 客戶不喜歡穿有鋼圈的內衣，認為對身體不好。
    3) 客戶曾購買東森運動型內衣，但覺得不好穿。
",1
22414876,女,59.0,新北市淡水區,A,獅子座,8660,否,是,是,是,否,是,是,否,605617.5714100001,213,324340.00001,41,210710.47619000004,18,199771.42856000003,11,6215.2381000000005,4,319636.1904700001,28,302341.90475,23,204247.61904000005,13,199771.42856000003,11,4476.19048,2,否,否,否,否,否,否,0,否,否,否,否,否,0,否,否,否,"1. 家庭關係
    1) 客戶目前一個人居住，沒有家人照顧。
    2) 客戶有三個孩子，但與其中兩個幾乎沒有聯繫，孩子們對她不太友好。
    3) 客戶的先生已經過世。
    4) 客戶的父親生病時，其他家人未提供經濟支持，且家人曾要求分配遺產，讓她感到不滿。
    5) 客戶的姐姐曾花費數萬元購買某產品。

2. 健康狀況
    1) 客戶有膽固醇過高（總膽固醇235）、尿道感染、腰痠背痛、手腳冰冷等健康問題。
    2) 客戶曾感染新冠病毒兩次，並對流感和免疫力提升有關注。
    3) 客戶對大腸健康有擔憂，曾安排大腸鏡檢查，並有泌尿道感染的檢查經驗。
    4) 客戶目前正在看新陳代謝科，並有睡眠不佳的問題，晚上經常失眠。
    5) 客戶有牙齒問題，計劃在出國前處理。
    6) 客戶對骨頭關節改善和三高預防的講座有興趣。

3. 職業背景
    1) 客戶目前沒有正式工作，但有在打工，月收入約一萬多元，主要資產在股票和ETF。
    2) 客戶以前從事紡織工作，可能因此有脊椎問題。
    3) 客戶的工作時間有時候到凌晨三四點才結束，工作較為辛苦。

4. 健康食品使用心得
    1) 客戶有服用幹細胞產品，每天早晚各兩顆，但有時會忘記服用，對其效果有疑問。
    2) 客戶有服用芝麻明E、葉黃素、魚油、褐藻產品、粒線體產品等保健食品，對芝麻明E和粒線體產品的口感和效果感到滿意。
    3) 客戶認為牛樟芝對她有幫助，對葡萄王產品有興趣，並曾購買過褐藻糖膠、益生菌等產品。
    4) 客戶經常購買保健食品，最近購買了約七萬元的保健食品，並選擇分24期付款。
    5) 客戶對白蘭氏等味道不好的產品無法接受。

5. 禁忌
    1) 客戶對於含有雌激素的產品表示不建議使用。
    2) 客戶對高價產品持保留態度，認為價格過高。
    3) 客戶不喜歡味道過於濃烈的香水。",1
22416636,女,74.0,新北市中和區,D,金牛座,8659,否,否,否,否,否,是,是,否,110684.42861,82,20582.85716,13,6720.95238,4,3874.28572,2,1903.80952,1,9221.90476,6,3874.28572,2,3874.28572,2,3874.28572,2,0.0,0,否,否,是,否,否,否,0,否,否,否,否,否,0,否,否,否,"1. 家庭關係
    1) 客戶目前沒有老公，並提到她的兒子提前攢錢，且幫她購買了六七罐魚油。
    2) 客戶提到羊毛衣是她兒子要穿的，並表示兒子不穿黑色褲子，喜歡其他顏色如藍色或綠色。
    3) 客戶表示她的兒子喜歡吃魚油，但不吃海鮮，且對魚油的接受度較高。

2. 健康狀況
    1) 客戶最近因腎結石開刀，腎結石大小約為1.2至1.38公分，並曾開過膽結石和腎結石手術，手術是在十年前進行的。
    2) 客戶有潔癖，洗屁股時可能導致細菌感染，且有過敏體質，皮膚容易紅，對某些食物和產品過敏。
    3) 客戶表示口腔黏膜因年紀增長變得較薄，使用某些產品會刺激黏膜。
    4) 客戶有睡眠問題，已服用安眠藥長達一二十年，且年紀大了代謝不好，血糖偶爾會偏高。
    5) 客戶有膝關節退化，但仍能爬樓梯和跳舞，並持續運動以延緩退化。

3. 職業背景
    1) 客戶未提及具體職業背景，但表示自己很忙，且目前在外面買菜。
    2) 客戶住六樓，習慣爬樓梯，一天跑好幾趟，並每天早上在床上做三十分鐘運動，且有慢跑習慣。

4. 健康食品使用心得
    1) 客戶曾購買益生菌產品，認為益生菌對腸胃有幫助，但某些品牌的益生菌會引起刺激，目前使用粉狀益生菌，覺得方便攜帶。
    2) 客戶最近購買膠原蛋白產品，食用後感覺良好，已經吃了六盒，且產品形式為一小包一小包。
    3) 客戶曾購買染髮劑，但使用後皮膚過敏，因此退貨。
    4) 客戶曾購買魚油給兒子食用，並表示兒子對魚油的接受度較高。
    5) 客戶提到醫生建議她慎重選擇鈣片產品。

5. 禁忌
    1) 客戶對某些食物和產品有過敏反應，皮膚容易紅，且染髮劑曾引起皮膚過敏。
    2) 客戶曾食用某些品牌的益生菌產品後感到不適，因此退貨。
    3) 客戶需慎重選擇鈣片產品，避免影響腎結石狀況。",1
22423070,女,60.0,台東縣鹿野鄉,Z,雙子座,8654,否,否,否,否,否,否,是,否,291995.52388,213,50726.66666999999,29,8580.0,5,4742.85714,1,0.0,0,47799.04766,29,20624.76191,9,5694.28571,2,4742.85714,1,0.0,0,否,否,否,否,否,否,0,否,否,否,否,否,0,否,否,否,"1. 家庭關係
    1) 客戶提到她的老公有在看益生菌產品，並且她曾訂購益生菌給老公食用。
    2) 客戶提到益生菌是她和她的老公一起使用。
    3) 客戶提到已經購買了益生菌，並提到是為兒子購買的。

2. 健康狀況
    1) 客戶有老花眼、退化性關節炎和骨刺的問題。
    2) 客戶有長期失眠的問題，需服用安眠藥。
    3) 客戶旅遊後感到神經痛，並已就醫。
    4) 客戶有抽筋情況，正在服用含有鎂的保健品。
    5) 客戶每天早晚各服用一顆鈣片補充鈣質，但專員建議改為早上吃一顆即可，避免結石。
    6) 客戶目前在服用保健食品，包括葉黃素、魚油、含鎂保健品及膠原蛋白。

3. 職業背景
    1) 客戶的職業背景未明確提及。

4. 健康食品使用心得
    1) 客戶曾購買過葉黃素、益生菌、幹細胞產品、膠原蛋白及含鎂保健品。
    2) 客戶提到葉黃素快用完，但尚未開始食用新購的葉黃素，並詢問是否應飯前或飯後食用。
    3) 客戶曾購買過寶齡的含鎂保健品，並表示目前正在服用。
    4) 客戶提到之前吃的益生菌每天會排便，但現在吃的益生菌效果不佳，兩三天才排便一次。
    5) 客戶曾購買過幹細胞產品，並有時一次服用三到五顆。
    6) 客戶提到她目前在吃一種保健食品，但感覺效果不佳，且即將出國，故不打算繼續服用。
    7) 客戶提到她有使用魚油來補充營養。
    8) 客戶提到她有在服用膠原蛋白。

5. 禁忌
    1) 客戶表示不需要健康食品，也不需要喝的產品。
    2) 客戶對醬油的顏色有偏好，喜歡黑色的醬油，並曾因不滿意瑞昇品牌的醬油品質而丟棄。",1
22427032,男,50.0,新竹縣新豐鄉,D,水瓶座,8653,否,否,否,否,否,否,是,否,83498.57141,36,12268.57142,8,4531.42857,4,570.47619,1,0.0,0,9817.14286,4,1331.42857,2,1331.42857,2,570.47619,1,0.0,0,否,否,是,否,否,否,0,否,否,否,否,否,0,否,否,否,,1
22430192,女,66.0,高雄市梓官區,D,天秤座,8651,否,否,是,否,是,是,是,否,266510.76195,162,86337.14287999996,55,28235.23810999999,21,2828.57143,1,818.09524,1,14002.85713,11,7634.285709999999,6,4350.476189999999,3,2828.57143,1,0.0,0,否,否,是,否,否,否,0,否,否,否,否,否,0,否,否,否,"1. 家庭關係
    1) 客戶有一位兒子，曾為兒子購買羊毛蠶絲衣。
    2) 家中有朋友會幫忙購買好市多的商品。

2. 健康狀況
    1) 客戶已進行過白內障手術，目前視力狀況良好。
    2) 客戶因皮膚問題，醫生建議避免曬太陽。

3. 職業背景
    1) 未提及具體職業背景。

4. 健康食品使用心得
    1) 客戶曾收到土耳其的無花果乾商品。
    2) 客戶參與團購時會收到四包咖啡豆。

5. 禁忌
    1) 客戶對鍋寶鍋具的外層清潔性能不滿意，認為外層不易清潔且看起來臟兮兮，因此不再使用鍋寶產品。
    2) 客戶曾購買過日本的鑄鐵鍋，但認為其過於沉重而不方便使用。",1
22430400,女,83.0,新北市三重區,Z,巨蟹座,8651,否,是,是,否,否,是,是,否,702392.5237399999,288,142573.33331000002,37,12951.42856,6,8748.57142,2,0.0,0,251078.0952,100,63719.99999,4,8748.57142,2,8748.57142,2,0.0,0,否,是,是,否,否,否,0,否,否,否,是,是,0,否,否,否,"1. 家庭關係
    1) 客戶每月生活費主要來自政府提供的四千元及兒子給的兩千元。

2. 健康狀況
    1) 客戶有過敏問題，需醫生證明才能確定過敏源。
    2) 客戶晚上若喝太多水，隔天眼睛會腫脹，醫生建議她七點後不要喝太多水。
    3) 客戶每天飲水量約為兩千毫升，使用容量為三百毫升的杯子分次飲用。

3. 職業背景
    1) 客戶過年期間會到苗栗的三床媽祖廟幫忙，該廟已有六十年歷史，是當地最大的一間廟。
    2) 客戶在廟裡幫忙至初六，期間廟裡會送湯圓給大家吃。

4. 健康食品使用心得
    1) 客戶有在飲用膠原蛋白飲品。
    2) 客戶購買過枸杞汁，並認為其可能對泌尿道健康有幫助。

5. 禁忌
    1) 客戶不需要使用面膜，因為她沒有外出或曬太陽的需求。
    2) 客戶提到家裡已有很多保健品，目前仍有多瓶安瓶存貨，包括五瓶、三瓶和兩瓶。
    3) 客戶表示她沒有購物的習慣，通常只是看看，不會主動購買。
    4) 客戶目前經濟狀況不佳，無法負擔額外的消費。",1
22433216,女,60.0,基隆市安樂區,Z,天秤座,8648,否,是,是,是,否,是,是,否,4652422.190149999,2362,618076.19045,303,249830.4761800001,121,42540.0,9,18845.71428,13,416607.619,125,34916.190480000005,5,34916.19048,5,34916.190480000005,5,0.0,0,否,是,是,否,否,否,0,否,否,是,是,否,0,否,否,否,"1. 家庭關係
    1) 客戶提到有女兒，並提到女兒曾與其討論保障相關事宜。
    2) 客戶提到有阿媽，並提到家中有記錄一些相關資訊。

2. 健康狀況
    1) 客戶主要為了解決排便問題而食用相關健康產品。
    2) 客戶不抽菸。

3. 職業背景
    1) 無明確提及客戶的職業背景。

4. 健康食品使用心得
    1) 客戶曾購買過華陀的龜鹿商品及鴕鳥精產品，但對鴕鳥精的使用狀況不清楚。
    2) 客戶最近訂購了華陀的葡萄糖胺產品，並已出貨完成。
    3) 客戶開始使用益生菌和魚油，並曾食用華陀漢方的產品。
    4) 客戶之前購買的產品主要與關節相關。

5. 禁忌
    1) 客戶不養狗。
    2) 客戶提到不習慣某些產品。",1
22433872,男,56.0,高雄市鳳山區,D+,處女座,8648,否,否,否,否,否,是,是,否,143902.42855,56,20501.90476,14,15312.38095,10,6807.61904,6,0.0,0,7378.095230000001,7,7378.09523,7,6807.61904,6,6807.6190400000005,6,0.0,0,否,否,是,否,否,否,1,否,否,否,否,否,0,否,否,否,,1
22436418,男,56.0,台北市大安區,D+,雙子座,8645,是,否,否,否,否,是,是,否,1594324.04759,284,630365.7142899999,55,149098.09523,9,143887.61904,6,0.0,0,1346209.5238100002,159,628060.0000000002,49,149098.09523,9,143887.61904,6,0.0,0,是,否,是,否,否,否,0,否,否,是,是,否,0,否,否,否,"1. 家庭關係
    1) 客戶目前一人生活，沒有小孩。
    2) 客戶家中養了兩隻狗，其中一隻體質較弱，需要經常看醫生並進行治療。
    3) 客戶的母親曾罹患癌症，化療後出現膀胱出血的情況。

2. 健康狀況
    1) 客戶行動不便，左腳受傷需使用拐杖，並正在進行復健。
    2) 客戶曾因摔倒導致大腿拉傷，並接受急診治療。
    3) 客戶有脊椎問題、足底筋膜炎、自律神經失調、尿酸問題、風濕問題及蜂窩性組織炎的經歷。
    4) 客戶術後傷口尚未完全癒合，並有發炎情況，需小心行動。
    5) 客戶無近視但有閃光問題，並提到站起來時感到吃力。
    6) 客戶有抽菸習慣，術後抽菸量減少，並無飲酒習慣。
    7) 客戶每月安排健康檢查，並考慮進一步治療脊椎問題。

3. 職業背景
    1) 客戶目前有在上班，工作時間可能延長至晚上十一點。
    2) 客戶提到曾將資金投入媒體和虛擬貨幣，並擁有美元保單。

4. 健康食品使用心得
    1) 客戶使用幹細胞產品多年，早晚各服用兩顆，對其效果有一定認識，認為有助於骨頭修復。
    2) 客戶曾購買並使用黃金土龍、蚓激酶、紅藜果膠、磷蝦油、葉黃素、紅麴、人參等保健品，對部分產品效果滿意。
    3) 客戶對於幹細胞產品的新版本有所了解，並對促銷活動感興趣。
    4) 客戶曾給狗餵食褐藻糖膠和含葡萄糖胺的產品，認為對狗的效果顯著。

5. 禁忌
    1) 客戶不吃牛肉，但曾給狗餵食牛肉。
    2) 客戶提到腦出血後某些食物不能吃，但未明確指出具體食物。
    3) 客戶術後醫生建議暫時不要使用蚓激酶產品以免影響傷口癒合。
    4) 客戶對中藥價格敏感，認為其價格較高。",1
22436494,女,59.0,屏東縣琉球鄉,Z,摩羯座,8645,否,否,否,否,否,是,是,否,329803.23792000004,302,74851.42844999996,93,31125.714239999998,32,5009.523810000001,3,570.47619,1,1885.71428,2,1885.71428,2,1885.71428,2,0.0,0,0.0,0,否,否,是,否,否,否,0,否,否,否,否,否,0,否,否,否,"1. 家庭關係
    1) 未提及具體家庭關係。

2. 健康狀況
    1) 未提及具體健康狀況。

3. 職業背景
    1) 客戶提到她現在很忙，沒有空閒時間，可能從事需要投入較多時間的工作或活動。

4. 健康食品使用心得
    1) 客戶可能在十二月購買了萬歲牌新的小魚干，但未明確表示購買。

5. 禁忌
    1) 未提及具體禁忌。",1
22444249,女,83.0,苗栗縣苑裡鎮,D,巨蟹座,8642,否,否,是,否,否,是,是,否,702908.0953599999,411,182103.80958000003,97,53158.09523,30,25146.66666,13,951.42857,1,37221.904760000005,23,12833.33331,14,10207.61903,9,8495.23808,7,951.42857,1,否,否,是,否,否,否,0,否,否,否,否,是,0,否,否,否,"1. 家庭關係
    1) 客戶提到她的老公有使用貝薇濃產品。
    2) 客戶提到她的兒子在家。

2. 健康狀況
    1) 客戶提到她的腳不舒服，骨幹了。

3. 職業背景
    1) 未提及具體職業背景。

4. 健康食品使用心得
    1) 客戶提到她喜歡豆幹類的產品。
    2) 客戶提到紙質都很好，可能對產品包裝有一定要求。

5. 禁忌
    1) 未提及具體禁忌。",1
22447479,女,74.0,新北市平溪區,D+,雙魚座,8639,是,否,是,否,否,否,是,否,327935.52377,298,51375.23808,48,11906.66666,12,2456.19047,3,0.0,0,32394.28569,29,7229.523800000002,14,2416.19048,4,1513.33333,2,0.0,0,否,否,否,否,否,否,0,否,否,否,否,是,0,否,否,否,"1. 家庭關係
    1) 客戶家中有七個人住在一起，屬於三代同堂。
    2) 客戶有一個小孩正在讀初中，其他孩子已經在讀大學。
    3) 客戶的小孩子因房租太貴而與家人同住。
    4) 客戶的女兒曾購買顧眼睛的產品並分享給她使用。
    5) 客戶的兒子曾幫她購買益生菌及保養品，但因工作忙碌無法幫助她照顧家務。
    6) 客戶正在照顧弟弟，弟弟行動不便且需要輪椅，並且需要喂食及幫助。

2. 健康狀況
    1) 客戶表示自己七十多歲，狀態良好，已經戒菸。
    2) 客戶的弟弟健康狀況不佳，包括心臟不好、血壓問題、太瘦住院並開刀，目前仍在醫院住院，需進行檢查以評估是否可以出院。
    3) 客戶提到去年家人因攝護腺問題進行手術，目前因心臟衰竭需要特定藥物治療。
    4) 客戶的弟弟曾食用生根品牌的保健食品，並需服用心臟藥且飲食受到限制。

3. 職業背景
    1) 客戶曾在某地工作了二十多年。
    2) 客戶目前在家，忙於照顧弟弟，沒有空閒時間。

4. 健康食品使用心得
    1) 客戶有在服用挺立鈣、葉黃素及善存洛，並一天服用一顆葉黃素以保養眼睛。
    2) 客戶曾購買綠四號產品及苦瓜胜肽，但未提及具體效果。
    3) 客戶表示她忙碌且常忘記使用保健品，且有一瓶魚油尚未開封。
    4) 客戶不需要膠原蛋白飲，因魚油還在代謝中。
    5) 客戶通常購買Costco的洗碗精，價格約三百多元，使用效果很好。
    6) 客戶購買銀保善存，表示該產品適合五十歲以上的人使用。

5. 禁忌
    1) 客戶提到家人不能吃湖水的東西。
    2) 客戶表示家裡不需要訂購年菜，因為都自己煮，且已購買湯品。",1
22450493,女,71.0,台中市太平區,D+,處女座,8637,否,否,否,否,否,否,是,否,28521.90475,34,13080.952380000002,18,6746.666669999999,7,2828.57143,1,0.0,0,12756.19047,18,11710.47619,16,6746.666669999999,7,2828.57143,1,0.0,0,否,否,是,否,否,否,0,否,否,否,否,否,0,否,否,否,,1
22453595,女,67.0,台南市北區,D+,水瓶座,8634,否,否,是,是,否,是,是,否,579372.23812,143,74490.47620000002,16,14168.57143,5,11314.28572,2,2854.28571,3,382577.14289,38,64854.285720000014,10,14168.57143,5,11314.28572,2,2854.28571,3,否,否,是,否,否,否,0,否,否,否,否,否,0,否,否,否,"1. 家庭關係
    1) 客戶提到家中經常煮飯，應該是每天都煮，家裡有很多醬油，但需要橄欖油。
    2) 客戶有小孩，並提到五點要去接小孩。
    3) 客戶的先生不讓她刷卡購買保健食品。
    4) 客戶家中目前無人方便接收貨物。

2. 健康狀況
    1) 客戶提到以前膝蓋不會痛，但現在會感到膝蓋痛。
    2) 客戶表示睡眠狀況還好，並收到過幫助睡眠的粉紅色產品。
    3) 客戶提到最近兩個月有看醫生並服用藥物，但未明確表示是否已經康復。
    4) 醫生建議客戶不要吃太多保健品。

3. 職業背景
    1) 客戶提到她有投資股票。
    2) 客戶目前在台南的百貨公司，並提到台南天氣很好。

4. 健康食品使用心得
    1) 客戶每天吃保健品，一天吃兩次，並提到她平常有在吃很多保養品或保健品。
    2) 客戶有在服用葉黃素，但吃的時間不長，感覺還好。
    3) 客戶飲用粒線體飲品已有四個月，專員提醒她要空腹喝並多喝水，但她表示飲用後沒有特別的感覺，目前還有兩盒粒線體產品。
    4) 客戶之前購買過四盒再生安瓶，但對效果感覺還好。
    5) 客戶提到她有在吃益生菌，但沒有吃膠原蛋白。
    6) 客戶之前有喝過幹細胞相關的保健品，並購買過眼睛保健相關產品。
    7) 客戶提到她之前購買過一盒64片的龜鹿膠囊，已經喝完，但因味道不好不想再喝，部分分給了其他人。
    8) 客戶有收到白藜蘆醇產品，但尚未開始使用，並詢問使用方式。
    9) 客戶有收到東森寄送的12罐魚油，並提到她和先生都有在吃魚油。
    10) 客戶提到她目前正在服用某種產品，並表示想繼續服用該產品。
    11) 客戶提到她知道PPLS產品，認為不錯，並表示有興趣。

5. 禁忌
    1) 客戶提到她不會再購買保健食品，因為她已經有很多了。
    2) 客戶提到她很少在外面吃東西。
    3) 客戶提到她很少在賣場購買橄欖油。",1
22463664,男,63.0,桃園市桃園區,D,射手座,8628,否,否,是,否,是,否,是,否,650177.33331,205,4741.904769999999,3,4741.904769999999,3,4741.904769999999,3,0.0,0,9885.76192,7,4741.90477,3,4741.904769999999,3,4741.904769999999,3,0.0,0,否,否,是,否,否,否,0,否,否,是,否,否,0,否,否,是,"1. 家庭關係
    1) 未提及家庭相關資訊。

2. 健康狀況
    1) 客戶為62歲男性。
    2) 未提及具體健康問題或狀況。

3. 職業背景
    1) 未提及職業相關資訊。

4. 健康食品使用心得
    1) 客戶曾購買過苦瓜胜肽產品。
    2) 客戶之前有食用善存的益生菌。
    3) 客戶目前有益生菌在使用中。

5. 禁忌
    1) 未提及禁忌相關資訊。",1
22469010,女,80.0,基隆市中山區,D+,射手座,8625,否,否,是,否,否,是,是,否,957091.09526,374,135877.14284999995,71,51115.23807,29,8434.28571,3,636.19048,1,56792.38095,13,9676.19047,4,3791.42857,1,3791.42857,1,0.0,0,否,否,是,否,否,否,0,否,否,否,否,是,0,否,否,否,"1. 家庭關係
    1) 客戶提到她的女兒曾幫她購買保健品，目前在國外。
    2) 客戶的妹妹有推銷葉黃素，並且她曾從妹妹那裡購買葉黃素。

2. 健康狀況
    1) 客戶最近感到很累，剛從外出回來。
    2) 客戶腸道健康狀況良好，沒有腸胃不適的情形。
    3) 客戶提到她前幾天去看眼科，並且等會要出門回診。
    4) 客戶提到她下午要去台北整形。

3. 職業背景
    1) 無明確提及職業背景。

4. 健康食品使用心得
    1) 客戶曾購買過東森的葉黃素、益生菌產品及日本妍美会的葉黃素、B群和關節霜蓉錠，但覺得效果不明顯，因此不再購買。
    2) 客戶目前有在服用葉黃素，並且一直有在吃魚油和磷蝦油，這些產品是女兒從澳洲購買的。
    3) 客戶曾經吃過很多種益生菌，包括華陀的益生菌，但不確定是否有吃過東森的產品。
    4) 客戶之前有購買過吃骨頭保養的產品，並考慮是否購買德國原裝進口氨基酸營養液。

5. 禁忌
    1) 客戶不敢隨便購買東西，對於未曾嘗試過的產品會考慮再三。
    2) 客戶表示目前有很多保健品，暫時不需要再購買新的，除非非常需要才會考慮購買。
    3) 客戶提到她吃的東西已經很多，對於推薦的產品沒有興趣。
    4) 客戶認為市面上的保健品種類繁多，讓她難以選擇。",1
22481184,女,50.0,桃園市中壢區,Z,摩羯座,8613,否,否,是,否,是,否,是,否,102997.71429,29,16971.42857,2,5657.14286,1,5657.14286,1,0.0,0,22628.57143,3,16971.42857,2,5657.14286,1,5657.14286,1,0.0,0,否,否,是,否,否,否,0,否,否,否,否,否,0,否,否,否,"1. 家庭關係
    1) 客戶表示自己有家族遺傳糖尿病。
    2) 客戶提到今天晚上要與家人聚餐。

2. 健康狀況
    1) 客戶確認自己是高血糖患者，並有家族遺傳糖尿病。
    2) 客戶提到自己有糖尿病，且特別關注食品中的糖分。
    3) 客戶表示自己有老花眼且症狀嚴重。
    4) 客戶的眼睛容易乾澀，並考慮使用含玻尿酸成分的葉黃素產品來改善眼球保濕。

3. 職業背景
    1) 客戶提到她的工作性質是辦公室工作。
    2) 客戶目前在加班。

4. 健康食品使用心得
    1) 客戶使用葉黃素主要是為了顧眼睛，減少疲勞並預防眼部病變，目前仍在服用葉黃素產品。
    2) 客戶曾使用妍美会的葉黃素產品，包括果凍型和膠囊型，並曾於2022年購買妍美会的綠蜂膠葉黃素產品。
    3) 客戶曾購買白蘭氏的保健食品及魚油產品。
    4) 客戶之前有補充葉黃素果凍型產品，但目前已改用其他產品進行加餐補充。
    5) 客戶每天記得服用兩顆保健食品。
    6) 客戶提到葉黃素已到貨，但尚未去警衛室領取。

5. 禁忌
    1) 客戶表示自己沒有額外服用其他控制血糖的保健食品，僅服用處方簽藥物來控制血糖。
    2) 客戶表示自己沒有吃過和力他命。",1
22483210,男,58.0,台中市西區,D+,巨蟹座,8612,否,否,是,否,否,是,是,否,306023.33341,158,168823.80959,91,45341.90475999999,19,25776.19048,10,1508.57143,1,3808.57143,1,3808.57143,1,3808.57143,1,3808.57143,1,0.0,0,否,否,否,否,否,否,1,否,否,否,否,否,0,否,否,否,"1. 家庭關係
    1) 客戶提到他的老公患有肺癌。

2. 健康狀況
    1) 客戶表示有瘦身的需求。

3. 職業背景
    1) 未提及具體職業背景。

4. 健康食品使用心得
    1) 客戶常常食用益生菌，並已收到相關產品。
    2) 客戶經常使用橄欖油來煮菜，並訂購了橄欖油和橄欖六號。
    3) 客戶對代謝類產品（如酵素產品）感興趣，並希望選擇效果較好的產品。

5. 禁忌
    1) 客戶目前不需要累積產品，並計劃兩個禮拜後再訂購。",1
22494685,女,54.0,新北市板橋區,D+,巨蟹座,8608,否,否,是,是,否,是,是,否,219311.76188,88,53539.047600000005,17,53539.047600000005,17,34705.71427,10,7580.95238,2,27046.85714,4,13142.85714,1,13142.85714,1,13142.85714,1,0.0,0,否,否,否,否,否,否,1,否,否,否,否,否,0,否,否,否,"1. 家庭關係
    1) 無相關資訊。

2. 健康狀況
    1) 無相關資訊。

3. 職業背景
    1) 無相關資訊。

4. 健康食品使用心得
    1) 客戶曾於2019年之前購買過玻尿酸產品。
    2) 客戶對是否收到葉黃素不確定。

5. 禁忌
    1) 無相關資訊。",1
22500705,男,66.0,桃園市桃園區,D+,金牛座,8604,否,否,是,否,否,否,是,否,517695.33332,209,32472.38095,15,9522.85714,1,9522.85714,1,0.0,0,15180.0,2,9522.85714,1,9522.85714,1,9522.85714,1,0.0,0,否,否,是,否,否,否,0,否,否,否,否,否,0,否,否,否,,1
22501328,女,61.0,雲林縣斗六市,C,射手座,8604,否,否,否,否,否,否,是,否,247377.4285,96,88510.47618000001,32,23130.47619,8,18418.09524,3,0.0,0,175459.99997000003,37,69629.5238,15,19179.04762,4,18418.09524,3,0.0,0,否,否,否,否,否,否,1,否,否,否,否,否,0,否,否,否,"1. 家庭關係
    1) 客戶提到家人喜歡吃萬歲牌紅棗核桃腰果和南瓜籽。
    2) 客戶曾提到家人對萬歲牌堅果有興趣，但未明確提及口味。

2. 健康狀況
    1) 客戶提到她的胃不太好。
    2) 客戶表示她這個年齡段比較需要代謝相關的產品。

3. 職業背景
    1) 客戶提到下禮拜二有學校的事情要處理，但未明確提及具體職業。

4. 健康食品使用心得
    1) 客戶曾購買過華陀的保健食品，但尚未吃完，並表示她沒有吃過華陀的產品。
    2) 客戶認為購買玻尿酸不划算，並提到她比較拒絕吃眼睛相關的產品。
    3) 客戶提到她剛買了另一組葉黃素產品，可能含有綠蜂膠成分，並表示已經吃了一陣子葉黃素，想要換其他品牌。
    4) 客戶每天吃兩顆葉黃素，並提到目前還有其他保健品尚未吃完。
    5) 客戶提到使用過一二三的濃縮蛋白營養素，但覺得很難泡開。
    6) 客戶提到她有使用益生菌，但最近這一期的效果不如之前的好，並對益生菌感興趣，詢問價格和分期付款選項。
    7) 客戶決定購買益生菌，選擇一盒分三期付款，七盒分六期付款。
    8) 客戶選擇購買蔓越莓口味的萬歲牌堅果，並詢問萬歲牌紅棗核桃腰果和南瓜籽是否有特價，並希望使用點數折扣。
    9) 客戶提到她不喜歡東森的綠茶產品，覺得味道太香。
    10) 客戶表示她比較喜歡嘗試不同的產品，不想一直吃一樣的。

5. 禁忌
    1) 客戶提到她不希望一次購買太多產品，因為放太久會過期。
    2) 客戶認為產品價格太貴，並提到東西越來越貴。
    3) 客戶提到她可能不需要購買半年份的產品，因為她認為自己吃不完。
    4) 客戶會考慮是否購買石墨烯的褲子，因為她之前買的褲子款式不太一樣。
    5) 客戶表示不想一次購買大量產品，想先試用一兩包。
    6) 客戶提到她比較拒絕吃眼睛相關的產品。",1
22511082,男,75.0,新竹縣竹北市,C,水瓶座,8596,否,否,是,否,否,是,是,否,290961.76194,57,91706.66667,16,36933.33333,3,36933.33333,3,0.0,0,258164.76193,33,87157.14285999999,12,36933.33333,3,36933.33333,3,0.0,0,否,否,是,否,否,否,0,否,否,否,否,是,0,否,否,否,"1. 家庭關係
    1) 客戶有一個女兒，女兒曾經購買平板電腦和保健品（如維骨力和B群）給他。
    2) 客戶曾購買一台四萬八的洗衣機送給女兒，女兒家中已有洗脫烘洗衣機，養有寵物，並且最近買了新房子。

2. 健康狀況
    1) 客戶有脊椎壓迫神經的問題，導致腳麻，並曾接受脊椎手術，但對手術效果不滿意，術後症狀未改善，甚至更嚴重。
    2) 客戶有腰椎問題，曾在台北榮總和新竹醫院進行檢查，並接受過復健、針灸和核心肌群運動等治療。
    3) 客戶有血糖偏高，醫生建議控制飲食，少吃澱粉，並有低血壓情況，舒張壓有時低至六十幾。
    4) 客戶有末梢循環神經障礙和末梢血液性障礙，血液循環良好但體質偏熱。
    5) 客戶曾有顏面神經麻痺的經歷，並有植牙經驗，使用德國材料，花費五十多萬。
    6) 客戶有少量白髮，情況不嚴重，並有爬山的習慣。

3. 職業背景
    1) 客戶主要投資於股票和基金，偏好熟悉的投資項目，對收藏品投資不熟悉。
    2) 客戶曾持有紅海股票多年，最終虧損約28萬元，並在短期內從其他股票中獲利約五千元。
    3) 客戶目前進行股票操作，主要是來回操作幾檔股票，但對長期投資不感興趣。

4. 健康食品使用心得
    1) 客戶目前服用維骨力、B群、益生菌和蚓激酶，對益生菌效果感到不錯，認為對腸道菌群有幫助。
    2) 客戶曾購買過幹細胞產品、葉黃素、珍珠粉、AB優酪乳、黃金土龍進等保健品，但對幹細胞產品效果存疑。
    3) 客戶曾服用攝護腺藥物和通血管產品，並購買過促進循環和消除內臟脂肪的機器。
    4) 客戶對某些洗髮精和護髮產品效果不滿意，但對某些護髮產品和護髮素效果感到滿意。

5. 禁忌
    1) 客戶不喜歡含化學藥物的洗髮產品，因為會引起過敏，偏好不會引起過敏的產品。
    2) 客戶不太可能吃燕窩，並對蘭花海系統的產品不感興趣。
    3) 客戶因血糖偏高，減少澱粉和糖分攝取，並改吃黑米。
    4) 客戶在手術後被醫生建議暫時不能進行牽引或使用按摩椅。",1
22515479,女,62.0,台南市中西區,C,金牛座,8593,否,否,是,是,否,是,是,否,563456.90482,260,115270.47621,23,83380.00000000001,6,74847.61903999999,4,8095.2381,1,94388.57144,9,85675.2381,6,74341.90476,4,73904.7619,3,0.0,0,否,否,否,否,否,否,0,否,否,否,否,否,0,否,否,否,"1. 家庭關係
    1) 未提及具體家庭關係。

2. 健康狀況
    1) 客戶目前62歲，提到自己已經滿60歲。
    2) 客戶有持續服用保健品進行養生，並幾乎都吃中藥。

3. 職業背景
    1) 客戶從事保險業務相關工作。
    2) 客戶提到她從事業務工作。

4. 健康食品使用心得
    1) 客戶有購買並使用過膠原蛋白精華液，認為價格偏高，約八千多元，並以分期付款方式支付。
    2) 客戶有服用SOD產品，每天服用一顆，並提到朋友因乳癌服用SOD產品後效果不錯。
    3) 客戶有服用幹細胞產品，但表示沒什麼感覺，未提及具體服用形式或時間。
    4) 客戶曾購買過葉黃素、時空膠囊及白藜蘆醇等保健食品。
    5) 客戶確認膠原蛋白精華液的使用方式為早上空腹舌下吸收，晚上睡前三十分鐘再使用一次。

5. 禁忌
    1) 客戶提到她的信用卡額度很低，只有兩萬多，且未提高額度。
    2) 客戶表示今年在光漾花了很多錢，對產品價格偏高有意見。",1
22521054,女,55.0,台中市南區,D,金牛座,8589,否,否,否,否,否,否,否,否,190076.52377,100,9553.33333,5,4809.52381,4,0.0,0,0.0,0,22087.61904,8,4743.80952,2,0.0,1,0.0,0,0.0,0,否,否,是,否,否,否,0,否,否,否,否,否,0,否,否,否,,1
22521730,女,59.0,高雄市三民區,D,水瓶座,8588,否,否,否,是,是,是,是,否,384148.33334,239,90334.28568,64,9803.80953,7,4607.619049999999,3,1819.04762,1,125625.71429,27,37432.38096,5,475.2381,1,475.2381,1,0.0,0,否,否,是,否,否,否,0,否,否,否,否,否,0,否,否,否,"1. 家庭關係
    1) 客戶與先生共同生活，先生即將退休，家庭收入有限，需節省開支。
    2) 客戶有一名女兒，需幫女兒準備晚餐，女兒目前在上課。

2. 健康狀況
    1) 客戶目前血壓穩定，血壓範圍在110到127之間，曾經血壓高達170，現已穩定到120左右，並有服用高血壓藥物。
    2) 客戶的血壓、三酸甘油酯和膽固醇均在正常範圍內，體重約50公斤，屬偏瘦，目標是增重2到3公斤。
    3) 客戶有子宮肌瘤，不能使用含有雌激素或蜂王乳的產品。
    4) 客戶年輕時有老花眼，目前無白內障、青光眼或乾眼症等眼部不適。
    5) 客戶的皮膚為混合型，較敏感，不能使用過於滋潤的產品，否則會過敏，且臉頰曾因保養品或天氣炎熱出現小紅點。
    6) 客戶的主要健康需求是保養血管，並關注拉提和抗皺效果。
    7) 客戶的先生曾因五十肩和自律神經失調問題服用保健食品，目前透過運動改善健康狀況。

3. 職業背景
    1) 客戶已經退休在家，先生即將退休，未來家庭收入將減少。
    2) 客戶曾經被詐騙，對於購物和消費較為謹慎。

4. 健康食品使用心得
    1) 客戶不喜歡吃保健食品，認為無感且不需要，曾購買魚油、鈣片、挺立產品等，但多數未使用。
    2) 客戶會輪流食用不同品牌的鈣片，包括天然的海藻鈣，並曾購買過梅託洛保健食品，但因無效而停止使用。
    3) 客戶主要食用排便用的益生菌和酵素，排便情況正常，通常一到兩天排一次。
    4) 客戶的先生曾服用樂行錠改善五十肩，效果良好，目前仍有存貨。
    5) 客戶認為高價保健食品不一定需要，並對購物台的魚油產品價格較高感到不滿。

5. 禁忌
    1) 客戶不能使用含有雌激素或蜂王乳的產品，因為有子宮肌瘤。
    2) 客戶不敢食用含有紅麴成分的產品，對其成分有疑慮。
    3) 客戶對精華油產品不感興趣，認為高雄天氣炎熱，油性產品不適合使用。
    4) 客戶不使用面膜，認為買了也會放著不用。",1
22524406,女,81.0,新北市樹林區,C,白羊座,8586,否,否,是,是,否,是,是,否,921562.90493,373,215749.52381,87,63521.90473999999,24,45714.28571,12,2627.61905,2,710863.80961,241,176892.38094999996,61,51667.61903999999,15,44572.38095,11,1800.0,1,否,否,否,否,否,否,0,否,否,否,否,否,0,否,否,否,"1. 家庭關係
    1) 客戶提到家中有一位90歲的長輩，最近眼睛狀況不佳。
    2) 客戶的女兒曾購買三組產品供她使用，並且女兒有購買美容相關產品。
    3) 客戶的兒子尚未結婚，隨著太陽作息，且不敢吃藍莓。
    4) 客戶的孫子曾從日本回來，並試過某款產品。
    5) 客戶提到她的婆婆中風，最近需要使用輪椅。
    6) 客戶提到她的媳婦在保養方面有涉略。

2. 健康狀況
    1) 客戶目前66歲，提到自己有高血壓、糖尿病、腎臟病、膽固醇偏高（數值約220），以及淋巴結節、青光眼、飛蚊症、視神經問題、骨質疏鬆和肌少症。
    2) 客戶提到自己眼睛中風，曾接受手術，目前狀況稍有改善但仍需檢查。
    3) 客戶有便秘問題，腸胃消化不良，容易脹氣，尤其在晚上五六點時更明顯，並提到腸胃道因老化不易自行蠕動。
    4) 客戶提到自己最近臉部會出現熱潮紅現象，並詢問是否與年齡相關。
    5) 客戶提到自己最近有時候會手抖，且有神經和肝功能問題。
    6) 客戶提到她不戴眼鏡就看不清楚，並需要去看醫生。

3. 職業背景
    1) 客戶表示她是臺大醫學院畢業。
    2) 客戶提到她有做生意。

4. 健康食品使用心得
    1) 客戶提到她有服用葉黃素、B群、酵素、蜂膠、牛樟芝、納豆紅麴、蜂王乳、燕窩等保健食品，並表示葉黃素和B群可以一起服用，建議白天服用以避免影響睡眠。
    2) 客戶每天服用鈣片（一天兩顆），對鈣片的吸收效果表示關注，並提到以前吃檸檬酸鈣效果不錯且不會便秘。
    3) 客戶提到她每天只吃兩顆保健食品，認為吃多了不必要。
    4) 客戶表示B群有提神效果，並計劃下個月再購買B群。
    5) 客戶提到她服用酵素產品，每天兩包，並提到益生菌可能對便秘有幫助。
    6) 客戶提到她喜歡養生黑巧克力，並詢問是否有85%可可含量的巧克力。
    7) 客戶提到她從小喝牛奶到現在都不會拉肚子，但不喝豆漿。
    8) 客戶提到她有在健走，並提到白天服用藥物。

5. 禁忌
    1) 客戶表示她不吃補血產品，因為吃了會長高。
    2) 客戶提到她不吃無糖產品，也不喜歡太甜的食物。
    3) 客戶提到她不喝牛奶和豆漿。
    4) 客戶提到免疫系統不適合涼開水。
    5) 客戶提到不能吃人參，但可以吃粉光參和花旗參。
    6) 客戶提到她不愛喝水。",1
22524487,女,78.0,台中市西屯區,B,白羊座,8586,否,否,是,否,否,是,是,否,707795.14289,184,418129.5238199999,49,194821.90477,14,176761.90476,5,16632.380960000002,8,413447.09524,33,372699.0476199999,24,193394.28572,13,176761.90476,5,16632.380960000002,8,是,否,是,否,否,否,1,否,否,是,否,是,0,否,是,否,"1. 家庭關係
    1) 客戶與先生同住，育有三個小孩，其中兩個在台北工作，回家頻率不固定。
    2) 客戶的丈夫是業務，負責家中平日的煮飯，週末則由客戶負責。
    3) 客戶的丈夫有輕微腦部退化症狀，會忘記關火，且晚上會多次起床，早起，並有在服用中藥和魚油。
    4) 客戶的女兒是協會的辦公室經理，且是基督教徒，認識許多牧師。
    5) 客戶的姐姐無法行動。
    6) 客戶養了一隻養了十年的琪娃娃。

2. 健康狀況
    1) 客戶有胃潰瘍和十二指腸潰瘍，情況有所改善，但偶爾仍會胃痛。
    2) 客戶有高血壓，但未服用降壓藥，血壓曾飆高並感到不適。
    3) 客戶有甲狀腺問題，需空腹服用甲狀腺素藥物。
    4) 客戶有免疫球蛋白缺乏，導致免疫力低下。
    5) 客戶有白內障和視力問題，需定期追蹤。
    6) 客戶的腳趾頭發炎，已看骨科一年但效果不佳，可能與神經系統有關。
    7) 客戶的小拇指外翻，使用從大陸網購的矯正器，效果良好。
    8) 客戶的骨質情況不錯，醫生表示恢復良好，曾服用骨質疏鬆藥物，並有在吃鈣片。
    9) 客戶最近心率不穩，且睡眠不佳，已持續一個多月。
    10) 客戶感冒發燒，正在吃藥。
    11) 客戶的關節最近較少疼痛。
    12) 客戶希望減少內臟脂肪，對減重產品有興趣。

3. 職業背景
    1) 客戶目前沒有上班，每年接受政府提供的老年人健康檢查。
    2) 客戶曾參加長青班，並在課堂上幫助其他同學。
    3) 客戶曾邊上班邊上課，展現出很強的毅力。
    4) 客戶訂閱了兩個協會，並參與佛教團體活動。

4. 健康食品使用心得
    1) 客戶有使用氨基酸產品，認為對腳有改善效果。
    2) 客戶每天飲用粒線體產品，但未感受到明顯的精神體力改善。
    3) 客戶曾購買華陀扶元堂的龜鹿膠，但尚未吃完。
    4) 客戶最近喝黃耆，認為對眼睛有益。
    5) 客戶曾使用鴕鳥土龍鴕鳥龜鹿精產品，但覺得無效。
    6) 客戶對外米提產品效果持懷疑態度，表示未感受到明顯效果。
    7) 客戶尚未開始使用香檳茸產品。

5. 禁忌
    1) 客戶不能喝酒。
    2) 客戶不習慣使用面膜，即使購買了也不會使用。
    3) 客戶對某些產品的味道無法接受，拒絕嘗試。
    4) 客戶對幹細胞療法不感興趣。",1
22525006,女,65.0,南投縣名間鄉,B,處女座,8586,否,否,是,是,否,是,是,否,186793.3333,59,68029.52381,13,50133.33333,6,15981.90476,2,2647.61905,1,68506.66666,12,64716.19047,11,50133.33333,6,15981.90476,2,2647.61905,1,否,否,是,否,否,否,0,否,否,否,否,否,0,否,否,否,"1. 家庭關係
    1) 客戶家中人口較多，適合使用32公分的鍋具。
    2) 客戶家中有兩歲半的小孩和一位快三歲的孫子。
    3) 客戶的兒子是七十三年次。
    4) 客戶家中有雙胞胎，且是龍鳳胎。
    5) 家人曾幫客戶介紹過產品。

2. 健康狀況
    1) 客戶未提及具體健康問題，但提到家中保健品沒有人吃，覺得浪費。
    2) 客戶提到家中有很多人參和益生菌，尚未吃完。

3. 職業背景
    1) 未提及具體職業背景，但客戶是一位65歲的女性會員。

4. 健康食品使用心得
    1) 客戶之前購買過黃色包裝的中西合併漢方益生菌，並確認上次購買了七盒益生菌。
    2) 客戶目前家中還有很多益生菌，需先消化完才能再進貨。
    3) 客戶提到家中保健品會送給其他人，但其他人因為有固定品牌而不接受。
    4) 客戶詢問益生菌是否還有特價。
    5) 客戶提到她去韓國購買產品，認為價格比較便宜。

5. 禁忌
    1) 客戶不使用保養品，因為買回去會忘記使用，導致過期。
    2) 客戶目前不需要多帶葉黃素，表示下一次再購買。
    3) 客戶要求中午12點到下午3點不要送貨，因為家中沒有人。",1
22529505,女,66.0,新北市淡水區,Z,獅子座,8585,否,否,否,是,否,是,是,否,1101902.76172,758,96122.85719000004,55,61157.14293,31,32117.14289999999,14,23104.76193,12,317499.99995,192,4533.33334,2,4533.33334,2,0.0,0,4533.33334,2,否,否,是,否,否,否,0,否,否,否,否,否,0,否,否,否,"1. 家庭關係
    1) 客戶目前居住在台北，已滿65歲。
    2) 客戶有女兒，女兒剛生完小孩，並有女婿。
    3) 客戶家中有長輩需要照顧，並提到目前正在照顧父母。
    4) 客戶曾購買益生菌給女兒和女婿使用，並購買高麗人蔘給父母。

2. 健康狀況
    1) 客戶曾進行白內障手術，術後兩週不能洗臉，目前眼睛狀況良好。
    2) 客戶服用葉黃素以保養眼睛，並未有退化或乾眼的問題。
    3) 客戶曾因更換保養品導致臉部過敏，現在固定使用日本保養品。

3. 職業背景
    1) 客戶目前提到自己很忙，並需要經常外出。
    2) 客戶表示自己有自己的商品，但未提及具體職業。

4. 健康食品使用心得
    1) 客戶有服用葉黃素，早晚服用以保養眼睛健康，並提到醫生建議購買的品牌。她會定期更換葉黃素品牌，曾使用華陀品牌的葉黃素，認為效果不錯，但也提到效果一般。
    2) 客戶平常有吃益生菌，曾購買曾國城代言的益生菌，並提到益生菌是買給家人（女兒和女婿）食用。
    3) 客戶有使用綠蜂膠，並提到原本就有服用該產品。
    4) 客戶有在吃最新版本的彌陀胜肽產品。
    5) 客戶曾購買華陀扶元堂的產品，但認為價格太高，並提到電商平台的同類商品價格便宜且效果相似。

5. 禁忌
    1) 客戶術後兩週不能洗臉，並使用素眼霜以適應不使用肥皂洗臉的情況。
    2) 客戶因曾經更換保養品導致臉部過敏，現在固定使用日本保養品，不再購買其他品牌。",1
22543648,男,45.0,台南市安南區,D,巨蟹座,8578,否,否,否,否,否,否,是,否,151277.09525,39,2474.28571,2,2474.28571,2,2474.28571,2,0.0,0,1513.47619,2,570.47619,1,570.47619,1,570.47619,1,0.0,0,否,否,否,否,否,否,0,否,否,否,否,否,0,否,否,否,,1
22554683,男,48.0,高雄市小港區,Z,天蠍座,8571,否,否,否,否,否,否,是,否,71580.61905000001,32,16789.52381,5,10189.52381,3,9428.57143,2,0.0,0,22943.80953,7,15846.66667,4,10189.52381,3,9428.57143,2,0.0,0,否,否,是,否,否,否,0,否,否,否,否,否,0,否,否,否,,1
22557795,女,68.0,桃園市觀音區,D+,摩羯座,8570,否,否,否,是,否,是,是,否,229493.23808,125,29437.14286,7,24238.09524,4,5657.14286,1,18580.95238,3,64132.38096,17,26694.28572,6,24238.09524,4,5657.14286,1,18580.95238,3,否,否,是,否,否,否,0,否,否,否,否,否,0,否,否,否,"1. 家庭關係
    1) 未提及家庭關係相關內容。

2. 健康狀況
    1) 客戶提到吃得太多，可能需要注意飲食控制。
    2) 客戶年齡為67歲，需留意健康管理。

3. 職業背景
    1) 未提及職業背景相關內容。

4. 健康食品使用心得
    1) 客戶之前有食用美國的魚油，可能對魚油產品有一定了解。
    2) 客戶曾購買過台鹽生技的紫色瓶產品，對該品牌有一定認識。

5. 禁忌
    1) 客戶表示不需要膠原蛋白產品，並明確表示目前不需要購買相關商品。
    2) 客戶提到需要時會再聯絡專員購買商品，表明目前不希望被推銷。",1
22572885,女,62.0,桃園市平鎮區,C,水瓶座,8559,否,否,是,否,否,是,是,否,535646.4762200001,280,103299.04763000002,58,31271.42858,16,6246.6666700000005,3,5313.333339999999,3,37471.42857,15,6246.6666700000005,3,6246.6666700000005,3,6246.6666700000005,3,0.0,0,否,否,是,否,否,否,0,否,否,否,否,否,0,是,否,否,"1. 家庭關係
    1) 客戶有一位兒子，目前不在家。
    2) 客戶提到家中有小朋友，並表示小朋友可以幫忙處理一些事情。
    3) 客戶的老公目前在服用韓國的六年參人蔘。
    4) 客戶提到家族有遺傳病史，母親、阿姨和姑姑都需要洗腎。

2. 健康狀況
    1) 客戶有高血壓，早上需要服用高血壓藥，且不能空腹服用其他產品。
    2) 客戶有服用控制血糖的自費藥。
    3) 客戶提到家族有遺傳病史，與腎臟相關。
    4) 客戶每三年會去韓國購買高血壓相關藥物，但目前已經是第四年未購買。

3. 職業背景
    1) 客戶未提及具體職業，但提到中秋節期間會很忙，可能涉及相關活動或準備工作。

4. 健康食品使用心得
    1) 客戶願意購買一盒B群試用，並提到優惠價格為599元，但表示手邊還有很多東西在吃，之前訂購的B群尚未吃完。
    2) 客戶通常在睡前服用B群，並表示不會影響睡眠。
    3) 客戶現在較少飲用天使娜拉的膠原蛋白。
    4) 客戶曾購買白蘭氏的葉黃素果凍。
    5) 客戶有購買多肽銘的緊緻產品。
    6) 客戶詢問是否有賣挪威的魚油，並表示曾經食用過。
    7) 客戶每年會去泰國購買燕窩，並直接帶回來食用。

5. 禁忌
    1) 客戶不能空腹服用其他產品，需先服用高血壓藥。
    2) 客戶對於保健食品價格敏感，希望能獲得更多折扣。",1
22574151,女,74.0,新北市三重區,Z,雙魚座,8558,否,否,否,否,否,否,是,否,168770.95233000003,113,12780.000009999998,12,3233.3333299999995,5,2281.90476,4,0.0,0,3042.85714,5,2281.90476,4,2281.90476,4,2281.90476,4,0.0,0,否,否,否,否,否,否,0,否,否,否,否,否,0,否,否,否,"1. 家庭關係
    1) 客戶目前是獨居，兒子已經離開家。

2. 健康狀況
    1) 客戶患有癌症，醫生建議不能亂吃東西。
    2) 客戶提到自己目前身體不舒服，需要休息。
    3) 客戶曾檢查過眼睛，並未有飛蚊症或其他問題，眼睛狀況良好。
    4) 客戶表示自己走路很快，且有游泳的習慣。
    5) 客戶提到幹細胞產品需要正確配對，否則可能存在危險。

3. 職業背景
    1) 客戶表示她禮拜三和禮拜天休息，其他時間在工作。
    2) 客戶提到她目前在公司吃飯。

4. 健康食品使用心得
    1) 客戶有服用B群，每天服用一顆，兩個月的量足夠。
    2) 客戶也有服用葉黃素，但因眼睛狀況良好，未特別依賴此產品。
    3) 客戶表示她有服用多種營養品，包括由營養師推薦的產品。

5. 禁忌
    1) 客戶表示不想購買綠蜂膠葉黃素產品。
    2) 客戶表示不想購買痠痛貼布。",1
22576179,女,67.0,新北市鶯歌區,Z,水瓶座,8557,否,否,否,否,否,是,是,否,1028049.47618,367,54800.0,31,10538.09523,6,0.0,0,2647.61905,1,5019.047619999999,2,2647.61905,1,2647.61905,1,0.0,0,2647.61905,1,否,否,是,否,否,否,0,否,否,否,否,否,0,否,否,否,"1. 家庭關係
    1) 客戶提到她有一位妹妹，並提及妹妹需要使用某種特定種類的產品。

2. 健康狀況
    1) 無明確提及健康狀況的相關資訊。

3. 職業背景
    1) 客戶表示她到晚上九點才下班，且周末也需要上班，包括禮拜六。
    2) 客戶提到她目前非常忙碌，因為還有客人來找她。

4. 健康食品使用心得
    1) 客戶提到她已經購買了足夠的保健品，並表示這些保健品可以使用到明年。
    2) 客戶表示她非常喜歡購買東森的商品，但有時會忘記自己買了哪些東西。

5. 禁忌
    1) 無明確提及禁忌的相關資訊。",1
22580982,女,51.0,台南市北區,D+,雙子座,8554,否,否,否,是,否,是,是,否,247903.14285,176,9818.09524,7,2171.42857,1,0.0,0,2171.42857,1,45779.61905,19,4341.904759999999,3,2171.42857,1,0.0,0,2171.42857,1,否,否,否,否,否,否,1,否,否,否,否,否,0,否,否,否,"1. 家庭關係
    1) 客戶的家人和小朋友曾一起食用葉黃素。
    2) 客戶提到家人和小朋友對葉黃素有使用經驗。

2. 健康狀況
    1) 客戶目前有在食用葉黃素。
    2) 客戶表示目前沒有補充B群等其他保健食品。

3. 職業背景
    1) 客戶目前有工作，且在上班時不方便長時間接聽電話。
    2) 客戶提到她現在在外面並且要上班。

4. 健康食品使用心得
    1) 客戶曾購買過葉黃素和膠原蛋白飲，對葉黃素有使用經驗。
    2) 客戶曾購買東森的家倍健葉黃素，並確認該產品是一包裡面有兩顆。

5. 禁忌
    1) 客戶認為部分產品價格過高，會再考慮是否購買。
    2) 客戶表示目前不缺物品，僅需要購買風扇。",1
22581848,女,49.0,桃園市中壢區,C,獅子座,8554,否,是,否,否,否,是,是,否,472127.47621000005,196,72773.33334,25,29693.33333,7,26188.57143,6,3504.7619,1,163632.38097,44,57452.380950000006,18,29693.33333,7,26188.57143,6,3504.7619,1,否,否,否,否,否,否,1,否,否,否,否,否,0,否,否,否,"1. 家庭關係
    1) 客戶有一位丈夫，曾與其討論工作相關事宜。
    2) 客戶有一個兒子和一個女兒，兩人都在上大學，兒子即將去台中上大學並計劃購買摩托車，車貸由客戶負擔。
    3) 客戶的兒子有申請助學貸款來支付學費，女兒曾發生車禍，目前正在處理相關事宜。
    4) 客戶曾購買保健品和保養品給母親和妹妹使用。

2. 健康狀況
    1) 客戶有潰瘍，最近壓力大，導致頭皮出汗且感覺洗不乾淨。
    2) 客戶最近因荷爾蒙不足進行了打針，感覺有改善，例如睡眠、心肌炎減少等。
    3) 客戶有肌膚過敏，可能與工廠消毒有關，並曾進行醫美療程。
    4) 客戶有時感到胸口疼痛，可能與心血管疾病相關，醫生建議購買心臟健康相關產品。
    5) 客戶最近膝蓋疼痛，計劃看骨科醫生。
    6) 客戶提到自己和大哥的身體狀況不太好，主要因過於勞累。

3. 職業背景
    1) 客戶目前從事服務業，工作型態為長時間站立，工作時間為中午12點到晚上11點，有時延長至12點，工作壓力大。
    2) 客戶之前曾在工廠工作，工時長且無休息時間，薪水較低。
    3) 客戶目前是非正式員工，未滿一年且沒有年終獎金。
    4) 客戶六日有打工，從過年後持續至今。

4. 健康食品使用心得
    1) 客戶主要服用龜鹿錠、葉黃素、大豆異黃酮、蜂王乳、膠原蛋白和維他命C，並認為這些產品效果不錯。
    2) 客戶認為膠原蛋白和維他命C搭配使用對膝蓋疼痛改善較快。
    3) 客戶對紅藜麥和中藥味道的保健品不感興趣，尤其是一條一條的產品。
    4) 客戶曾購買納豆紅麴產品，並認為效果不錯。
    5) 客戶對保健品反應敏感，認為打針效果更快，因此不敢同時服用太多種類的保健品。

5. 禁忌
    1) 客戶不喜歡紅色保健品和中藥味道的產品。
    2) 客戶不喜歡發泡錠的味道，且不習慣使用。
    3) 客戶不喜歡太油或太厚重的保養品，並最怕使用後有血血的情況。",1
22592585,女,60.0,新北市三峽區,A,金牛座,8548,否,否,是,是,是,是,是,否,3529493.8573,1058,1476489.523939999,369,424692.3809199999,91,319376.19044,34,30609.52383,17,2403806.66673,381,1108496.190499999,161,338128.57138999994,42,300816.19045,23,16708.57143,7,否,否,是,否,否,否,0,否,否,否,否,否,0,是,否,否,"1. 家庭關係
    1) 客戶有三個女兒和一個兒子，家人住在一起。
    2) 客戶的兒子27歲，身高175公分，體重超過100公斤，患有糖尿病、高血壓及三高問題。
    3) 客戶的先生61歲，曾在工廠工作，目前有膝蓋關節問題和腰痠背痛，正在做復健。
    4) 客戶的母親年紀較大，有高血壓等健康問題。
    5) 客戶的孫子有時感冒，會去看中醫，並使用綠蜂膠。

2. 健康狀況
    1) 客戶有高血壓、高血糖、腎臟問題、白內障、黃斑部病變、喉嚨沙啞、胃食道逆流、腸胃不適、灰指甲、頭暈等健康問題。
    2) 客戶的兒子有糖尿病、高血壓、高血脂、腎臟水腫、蛋白尿、血管問題及三酸甘油酯高，並曾有眼睛中風的情況。
    3) 客戶的先生有膽固醇過高、腰痠背痛及膝蓋關節問題。
    4) 客戶家族有高血糖、白內障及黃斑部病變的遺傳問題。

3. 職業背景
    1) 客戶曾經擔任會計，數學能力很好。
    2) 客戶的先生曾在工廠工作，環境較為炎熱。

4. 健康食品使用心得
    1) 客戶及家人經常購買和使用保健食品，主要透過東森購物，對其產品品質感到滿意。
    2) 客戶購買並使用靈芝、白藜蘆醇、蜂蜜、葉黃素、魚油、益生菌、紅麴、龜鹿精、褐藻、燕窩等產品，並對部分產品效果表示滿意。
    3) 客戶的兒子服用益生菌、降血糖藥物、魚油等，認為益生菌有助於減少復胖。
    4) 客戶的先生和兒子有在使用活泉產品，並對其效果感興趣。
    5) 客戶對粒線體產品、幹細胞及神秘定的修復效果有興趣，特別是對肝臟、腎臟及眼睛的幫助。
    6) 客戶認為無糖豆漿有助於降膽固醇，苦茶油適合高溫烹調，燕窩對呼吸道和皮膚有益。
    7) 客戶對於產品的價格、成分及效果有較高要求，並偏好原味、不甜、不含番瀉葉的產品。

5. 禁忌
    1) 客戶不吃豬肉，避免食用太鹹、太甜的食物及含番瀉葉成分的產品。
    2) 客戶的喉嚨不適時，醫生建議暫時不要食用堅果。
    3) 客戶對日本進口食品持有疑慮，因核污染問題不敢購買。
    4) 客戶認為感冒或發炎時不應食用補品如龜鹿精。
    5) 客戶不喝咖啡，避免含茶多酚的產品，並不喜歡含激素的產品。",1
22593139,女,55.0,澎湖縣馬公市,Z,射手座,8547,否,否,是,是,否,是,是,否,440013.61913000006,235,206732.3809900001,87,61581.90477,24,33046.66668,6,1798.09524,1,65008.57143,16,61200.000000000015,14,30190.4762,5,30190.4762,5,0.0,0,否,否,否,否,否,否,0,否,否,否,否,否,0,否,否,否,"1. 家庭關係
    1) 客戶的母親身體狀況不佳，曾因脊椎裂掉行動不便，目前已恢復良好，能使用拐杖行走，與客戶的弟弟同住。
    2) 客戶的兒子在年初購買了一間房子，近期將與媳婦一起回家探望，兒子身高185公分，體重約80公斤，血壓偏高但尚未服用血壓藥，且有過敏和支氣管不適的情況。
    3) 客戶的孫子尚未出生。

2. 健康狀況
    1) 客戶有高血壓和血糖偏高的問題，但尚未服用相關藥物，糖化血色素檢查結果為四點幾，並已進入更年期，關注骨質疏鬆問題。
    2) 客戶目前有泌尿道發炎，醫生建議暫時不要飲用枸杞產品。
    3) 客戶的母親有糖尿病和高血壓問題，腎功能正常，但因身體不適食慾不佳，體重從六十幾公斤減少到四十幾公斤，醫生建議補充營養品如雞精。

3. 職業背景
    1) 客戶曾經銷售過手持式熨斗，但後來被人拿走。
    2) 客戶對廚具有一定的使用經驗，對炒鍋的深度和使用效果有明確的偏好。

4. 健康食品使用心得
    1) 客戶固定食用苦瓜胜肽以穩定血糖，並關注心血管保養相關的保健食品。
    2) 客戶曾購買三得利的保健食品，了解其劑量與價格資訊，並服用過一組產品。
    3) 客戶的母親目前服用維骨力作為保健品，並不喜歡喝酸的東西，對食物口味挑剔。
    4) 客戶希望透過燕窩改善兒子的健康狀況，並計劃讓兒子試用燕窩產品。

5. 禁忌
    1) 客戶因泌尿道發炎，醫生建議暫時不要飲用枸杞產品。
    2) 客戶提到同事腎臟功能較差，因此不建議食用某些高鈉成分的保健食品。",1
22593482,女,47.0,台中市沙鹿區,Z,獅子座,8547,否,否,是,否,是,是,是,否,106440.71431,43,56428.57145000002,24,5962.85714,2,5962.85714,2,0.0,0,46210.47619,17,38667.61905,15,5962.85714,2,5962.85714,2,0.0,0,否,否,是,否,否,否,0,否,否,否,否,否,0,否,否,否,"1. 家庭關係
    1) 客戶有丈夫和兩個兒子，兒子年紀相差兩歲，目前是小學生，且其中一位已結婚並有一個快兩歲的小孩。
    2) 客戶提到家中有小朋友，且小朋友有時會弄壞家中的物品。
    3) 客戶的婆婆有吃素的習慣，並有缺血的情況。
    4) 客戶和丈夫有計劃購買房子，需共同存錢。
    5) 客戶購買的東西會讓丈夫知道，並需與丈夫商量後再決定是否購買某些產品。

2. 健康狀況
    1) 客戶生完小孩後經絡較差，彎腰時會有不適感。
    2) 客戶的腸胃狀況良好，但皮膚為敏感性膚質，對某些產品容易過敏，特別是含有蜂王乳成分的產品。
    3) 客戶的丈夫腸胃敏感，屬於虛不受補的體質，且對含高甜味劑的保健食品不適應，排便習慣不規律，睡眠品質不好，早上經常沒有精神。
    4) 客戶的家人全都有過敏性體質，並有過敏性鼻炎的問題。

3. 職業背景
    1) 客戶目前幫忙家人做便當。
    2) 客戶曾在中醫診所打工，對中藥材有一定了解。

4. 健康食品使用心得
    1) 客戶和丈夫都有服用葉黃素，兒子可能較喜歡顆粒狀的葉黃素。
    2) 客戶有在服用膠原蛋白膠囊，並覺得效果不錯，曾與妹妹一起購買某品牌的膠原蛋白產品。
    3) 客戶的丈夫每天服用某種保健食品，並覺得效果不錯。
    4) 客戶對改善過敏的益生菌感興趣，並希望小朋友和大人可以一起食用。
    5) 客戶之前吃過日本的膠原蛋白產品，但因含甜味劑且不易代謝，後來改用其他產品。
    6) 客戶之前購買的三色利賣保健食品已經吃完。

5. 禁忌
    1) 客戶的皮膚敏感，對某些產品會有刺痛或紅腫，特別是含蜂王乳成分的產品。
    2) 客戶不敢隨便使用面膜，曾試用美白面膜後感到不適，皮膚出現紅腫，認為自己適合使用舒緩型面膜。
    3) 客戶的丈夫腸胃敏感，對含高甜味劑的保健食品不適應。
    4) 客戶的家人不喜歡重口味的產品。",1
22604041,女,69.0,台南市北區,D+,水瓶座,8542,否,否,是,否,否,是,是,否,188585.66666,81,34461.90476,10,20690.47619,7,15660.95238,3,0.0,0,35523.809519999995,9,26975.23809,5,15660.95238,3,15660.95238,3,0.0,0,否,否,否,否,否,否,0,否,否,否,否,否,0,否,否,否,,1
22605546,女,51.0,台南市新營區,D,金牛座,8541,否,否,否,否,否,否,是,是,136727.90476,48,17583.80953,9,10957.14285,5,5687.6190400000005,2,0.0,0,7483.809520000001,5,5181.90476,2,5181.90476,2,4744.7619,1,0.0,0,否,否,是,否,否,否,1,否,否,否,否,否,0,否,否,否,,1
22606381,女,66.0,新北市三重區,C,金牛座,8540,否,否,否,否,否,否,是,否,162621.99998000002,81,64686.66665,15,15772.38094,5,12286.66666,3,0.0,0,58315.23809,8,51772.380950000006,6,12286.66666,3,12286.66666,3,0.0,0,否,否,是,否,否,否,0,否,否,否,否,否,0,否,否,是,"1. 家庭關係
    1) 客戶與老公共同經營童裝生意，家中有小朋友，假日才會回來。
    2) 客戶表示家中沒有聘請看護，暫時沒有家庭服務需求。
    3) 客戶提到老公不喜歡吃多種類保健食品，且不讓她購買石墨烯產品。

2. 健康狀況
    1) 客戶目前65歲，體重約55公斤，胸圍尺寸34D，早上起床左手有麻麻的感覺，可能與工作搬運物品有關。
    2) 客戶提到自己有腎虛問題，並擔憂保健食品的副作用。
    3) 客戶認為自己保養得很好，沒有斑點。

3. 職業背景
    1) 客戶從事零售業，主要經營童裝生意，工作忙碌且時間不固定。
    2) 客戶提到家裡是賣菜的，且在蘆洲地區。

4. 健康食品使用心得
    1) 客戶有服用玻尿酸、紅麴、葉黃素及益生菌等保健食品，對玻尿酸的使用方式為含在舌下吸收後吞下，並表示效果一般。
    2) 客戶曾購買過膠原蛋白、定狀保健食品及酒紅色盒子的激活再生安瓶玻尿酸產品，但認為效果不明顯。
    3) 客戶每天早上飲用玻尿酸，並計劃改為隔天飲用，且不想吃太多保健食品。

5. 禁忌
    1) 客戶表示不吃膠質兒飲，早上沒有喝牛奶的習慣。
    2) 客戶對保健食品的副作用感到擔憂，並表示不敢讓配偶知道購買情況。",1
22610512,女,55.0,新北市新莊區,D+,巨蟹座,8536,否,否,否,否,否,是,是,否,1038421.8095299996,724,100404.76191000004,146,16029.52381,10,6380.0,2,0.0,0,18894.28571,5,3808.57143,1,3808.57143,1,3808.57143,1,0.0,0,否,否,是,否,否,否,1,否,否,否,否,否,0,否,否,否,"1. 家庭關係
    1) 無相關資訊。

2. 健康狀況
    1) 客戶提到剛睡醒，可能有睡眠需求或習慣。

3. 職業背景
    1) 無相關資訊。

4. 健康食品使用心得
    1) 客戶曾購買過西班牙的棗精，但未提及具體使用心得。

5. 禁忌
    1) 無相關資訊。",1
22612508,女,60.0,新北市鶯歌區,D+,射手座,8535,否,否,否,否,否,否,是,否,483012.0,140,30130.47619,11,21027.61905,7,21027.61905,3,0.0,0,117061.90476,13,22549.52381,5,21027.61905,3,21027.61905,3,0.0,0,否,否,是,否,否,否,0,否,否,否,否,否,0,否,否,否,"1. 家庭關係
    1) 未提及家庭相關資訊。

2. 健康狀況
    1) 客戶表示骨頭痠痛的情況不一定每天發生，並使用骨頭相關的保健食品緩解痠痛問題。
    2) 客戶明天需要去看醫生，顯示可能有健康需求。
    3) 客戶目前59歲，女性。

3. 職業背景
    1) 客戶表示目前忙碌，通常在休息時間不接電話，下午通常在睡覺，早上時間較方便接聽電話。
    2) 未提及具體職業或工作內容。

4. 健康食品使用心得
    1) 客戶曾購買過幹細胞產品、參鹿產品、鴕鳥精、龜鹿膏等保健食品，但目前已停止使用幹細胞、鴕鳥精及龜鹿膏。
    2) 客戶每天早上吃飽飯後服用一顆B群，曾訂購過B群產品。
    3) 客戶目前使用濃縮型態的骨頭保健食品，選擇龜鹿二仙膏作為骨頭保養產品。
    4) 客戶表示目前沒有在使用任何其他營養品或保養品，包括葉黃素、益生菌、關節骨頭保養品及口服幹細胞產品。

5. 禁忌
    1) 客戶表示平時不使用擦臉的保養品。
    2) 客戶中午不吃飯。
    3) 客戶未使用葉黃素加購券，也沒有在吃葉黃素。",1
22616596,女,68.0,台北市士林區,Z,處女座,8531,否,否,是,否,是,否,是,否,91593.85715,19,66016.19048,7,56761.90476,2,56761.90476,2,0.0,0,69019.04762,4,62419.04762,3,56761.90476,2,56761.90476,2,0.0,0,否,否,是,否,否,否,0,否,否,否,否,是,0,否,否,否,"1. 家庭關係
    1) 客戶有一男一女兩個孩子，並希望家庭和睦。
    2) 客戶提到兒子今年暫時休息未工作，但仍固定給客戶生活費。
    3) 客戶表示兒子喜歡吃重口味食物，例如牛肉和五花肉，且飲食習慣不健康。

2. 健康狀況
    1) 客戶有白內障、青光眼、黃斑部病變等眼部健康問題，右眼已進行白內障手術，左眼視力模糊且有散光問題，並定期使用眼壓藥水及人工淚液。
    2) 客戶有慢性鼻炎、過敏問題及乾眼症，並且眼睛容易流眼淚，可能與鼻子堵塞有關。
    3) 客戶有甲狀腺問題及B肝病史，但多年未進行健康檢查。
    4) 客戶有骨質疏鬆問題，曾服用鈣片及維生素D3補充鈣質，目前已停止購買鈣片。
    5) 客戶有膝蓋問題，服用膝蓋保健產品後改善了疼痛和活動能力。
    6) 客戶有呼吸中止症，並使用呼吸儀器進行改善。
    7) 客戶有抽筋問題，尤其在小腿和腳趾頭，晚上睡覺時偶爾發作。
    8) 客戶因壓力大出現手抖及睡眠品質下降，常焦慮且難以入睡，甚至需要服用安眠藥。
    9) 客戶體內燥熱，容易流汗，尤其在背部和臀部，考慮看中醫調理。
    10) 客戶退休後免疫系統下降，皮膚出現對稱性紫色斑點。

3. 職業背景
    1) 客戶今年退休，過去曾從事與保健食品相關的工作。
    2) 客戶曾使用直銷健康產品，並提到效果因人而異。
    3) 客戶表示退休後希望享受生活，但因跌倒需要進行復健。

4. 健康食品使用心得
    1) 客戶長期食用葉黃素保健品以維持眼部健康，主要使用棉花田品牌，並理解其服用方式。
    2) 客戶曾服用益生菌，認為益生菌對腸胃和健康有幫助。
    3) 客戶曾購買日本原裝藍藻產品，認為其對身體有益。
    4) 客戶曾使用幹細胞產品，花費約三十幾萬，但效果不明顯。
    5) 客戶曾服用B群補充劑，感覺有些改善，最近購買了三多女性專用B群。
    6) 客戶曾購買固力申保健品及甲魚產品，但未完成全部食用或認為價格過高。
    7) 客戶對保健食品成分比例和品質有要求，偏好天然產品，並對吞咽膠囊有恐懼感，偏好液態或可含服的保健品。

5. 禁忌
    1) 客戶食用某款茶產品後感到肚子脹氣、不舒服，並且晚上腹瀉多次。
    2) 客戶不喜歡使用乳液或黏膩的保養品，洗完臉後不使用化妝水或乳液。
    3) 客戶提到葉黃素膠囊中含有食用色素，可能影響尿液顏色。
    4) 客戶對乳清蛋白的分解機制及功效有疑問，並詢問其是否主要針對血管方面。
",1
22616894,女,57.0,台南市柳營區,D,摩羯座,8531,否,否,否,是,否,是,是,否,206598.80956,121,26600.000000000004,16,11106.66667,6,0.0,0,2837.14286,2,3043.80952,4,3043.80952,4,951.42857,1,0.0,0,951.42857,1,否,否,是,否,否,否,1,否,否,否,否,否,0,否,否,否,"1. 家庭關係
    1) 未提及具體家庭關係。

2. 健康狀況
    1) 客戶為57歲女性。
    2) 客戶目前健康狀況未提及具體問題，但有基本保養習慣。

3. 職業背景
    1) 客戶目前有工作，且提到有加班情況。
    2) 平常上班時間有其他人在，可能從事團隊合作性質的工作。

4. 健康食品使用心得
    1) 客戶有時會服用維他命C，認為這是基本的保養。
    2) 客戶對維他命C的長效型及含量有關注。
    3) 客戶未補充B群。

5. 禁忌
    1) 客戶對產品了解不多，需進一步了解後才會考慮購買。
    2) 客戶目前忙碌，無法詳細了解產品。",1
22633348,女,75.0,台北市中山區,C,金牛座,8524,否,否,是,是,否,是,是,否,453977.66659,199,146619.04762000003,55,63137.14283999999,19,42256.19046,9,6345.71428,3,92205.71426999998,18,32619.04761,4,32619.04761,4,32619.04761,4,0.0,0,否,否,是,否,否,否,0,否,否,否,否,否,0,否,否,否,"1. 家庭關係
    1) 客戶提到她的兒子是理會品牌的法律顧問。
    2) 客戶提到她的孩子目前沒有接手公司經營的意願。

2. 健康狀況
    1) 客戶表示她有高血壓，血壓不穩定，並且每天頭暈，目前正在服用降血壓藥物。
    2) 客戶提到她的眼睛開始模糊，戴眼鏡也看不清楚。
    3) 客戶提到她的皮膚天生麗質，但隨著年齡增長出現皺紋，目前保養狀況良好。
    4) 客戶提到她目前的身體狀況還不錯，但最近血壓偏高。

3. 職業背景
    1) 客戶表示她目前仍然每天需要去公司工作。
    2) 客戶提到公司是她年輕時創立的，並經營至今。

4. 健康食品使用心得
    1) 客戶提到她有在吃中藥進行調理，並且已經購買並服用魚油、理會品牌的保健品（包括鹿胎盤和幹細胞產品），以及葡眾品牌的益生菌。
    2) 客戶表示她每天早上空腹喝一支保健品，晚餐後和睡前再喝一支。
    3) 客戶提到她曾服用過鹿胎盤，但後來停止使用；也曾使用過東森的時空膠囊和自然美的保養品，但認為效果不佳。
    4) 客戶表示她購買商品時注重效果，不會因為便宜而購買，並傾向於在康是美或屈臣氏購買保養品。
    5) 客戶提到她平常腸道保養使用葡眾的產品，並曾購買妍美会的葉黃素，但尚未開始服用。

5. 禁忌
    1) 客戶表示她不吃人參，並對苦瓜胜肽持謹慎態度，因為聽說可能導致洗腎。
    2) 客戶提到她對電商和電視購物的推銷產品沒有興趣，並對東森購物的服務有反感。",1
22651909,女,59.0,新竹市,B,巨蟹座,8515,否,否,是,是,否,是,是,否,1935591.9047199995,841,269740.95235000004,124,111048.57138999994,48,42644.76190999999,5,7595.23808,6,392927.61904,47,108837.14283,18,46961.90475999999,6,39806.66666999999,4,0.0,0,否,否,是,否,否,否,0,否,否,否,否,否,0,否,否,否,"1. 家庭關係
    1) 客戶與老公一起服用益生菌，每天一顆，偶爾全家大小也會一起食用。
    2) 客戶的老公可能有脂肪肝或油包心的問題，專員建議他搭配液態益生菌食用。
    3) 客戶提到家人沒有吃魚油的習慣。

2. 健康狀況
    1) 客戶提到自己快六十歲，平常會開車，包括在高速公路上駕駛。
    2) 客戶目前沒有在吃骨頭相關的保健品，認為剛開始有效，但後續效果不明顯。
    3) 客戶表示她沒有吃魚油或海豹油的習慣。
    4) 客戶每天喝某種飲品，會含在嘴裡兩三秒再吞下。

3. 職業背景
    1) 客戶的職業背景未明確提及，但提到她平常會開車，可能與工作相關。

4. 健康食品使用心得
    1) 客戶對益生菌的效果有一定認知，了解其對腸胃健康的幫助，並與老公一起每天服用益生菌。
    2) 客戶曾使用過液態益生菌、日本千日釀酵素、積雪草產品、官燕窩、葉黃素、蚓激酶、復興品牌產品、黃金莓等，對部分產品效果滿意，但對燕窩、葉黃素、骨頭保養品等效果不明顯。
    3) 客戶目前仍有在吃益生菌和酵素，但認為效果一般。
    4) 客戶曾購買過奧利塔橄欖油和葵花油，認為橄欖油價格漲幅大。
    5) 客戶家中目前有存貨的產品包括益生菌、葉黃素、牙膏、黃金莓等，暫時不需要補充。

5. 禁忌
    1) 客戶對幹細胞產品沒有興趣。
    2) 客戶不吃魚油和海豹油，家人也沒有食用魚油的習慣。
    3) 客戶不想囤積保養品，認為買來放著不使用是不行的。",1
22652488,女,69.0,台南市仁德區,D,雙魚座,8515,否,否,否,否,否,是,是,否,31034.90478,16,10952.38095,5,942.85714,1,0.0,0,942.85714,1,8114.28571,4,8114.28571,4,942.85714,1,0.0,0,942.85714,1,否,否,否,否,否,否,0,否,否,否,否,否,0,否,否,否,,1
22660284,女,67.0,高雄市阿蓮區,D+,水瓶座,8509,否,否,否,否,否,否,是,是,572004.47615,267,97756.19043,57,20300.00001,13,2828.57143,1,0.0,0,16416.14285,8,2828.57143,1,2828.57143,1,2828.57143,1,0.0,0,否,否,是,否,否,否,0,否,否,否,否,否,0,否,否,否,"1. 家庭關係
    1) 客戶有女兒，女兒主要負責幫她操作電腦購物並購買安利的保養品。
    2) 客戶有兒子，兒子會幫她購買葉黃素，最近幫她買了兩瓶。
    3) 客戶已經有孫子，並提到兒子七歲，但可能是表述錯誤，應為孫子七歲。
    4) 客戶有養寵物，寵物已經十幾歲。

2. 健康狀況
    1) 客戶目前66歲，未提到具體健康問題。
    2) 客戶有參與醫美相關的事情。

3. 職業背景
    1) 客戶從事理財相關工作。

4. 健康食品使用心得
    1) 客戶平時有服用B群和益生菌，但未明確說明具體情況。
    2) 客戶使用安利的保健品，並由女兒代為購買。
    3) 客戶的兒子會幫她購買葉黃素，且最近購買了兩瓶。

5. 禁忌
    1) 客戶不需要訂購某些商品，並表示不喜歡固定的東西。
    2) 客戶沒有在吃人蔘。
    3) 客戶對東森回饋的商品不感興趣，認為商品有限定且對她沒有用。",1
22664264,女,64.0,台北市文山區,C,雙魚座,8506,否,否,是,是,否,是,是,否,185630.61901,64,129426.66662999998,31,36784.76189999999,12,28930.47619,6,4732.38095,3,121981.90472,26,121981.90471999996,26,33946.66666,11,26092.38095,5,4732.380950000001,3,否,否,否,否,否,否,0,否,否,否,否,否,0,否,否,否,"1. 家庭關係
    1) 客戶的先生曾患大腸癌，目前癌細胞已控制住，並曾在萬方醫院接受手術，後來因攝護腺問題轉至新光醫院治療。
    2) 客戶的最小孩子目前在台中讀研究所，並租房子居住。
    3) 家中有一位小孩無法吞膠囊，因此改用粉末狀產品。
    4) 客戶提到家中有四個人在使用益生菌，其中小女兒使用後過敏情況改善，打噴嚏減少。

2. 健康狀況
    1) 客戶今年開始有高血壓問題，並因耳鳴症狀去看醫生後確診。
    2) 客戶最近檢查出膽固醇超標，正在服用降膽固醇的藥物。
    3) 客戶提到最近腸胃狀況不佳，醫生建議暫時不要食用保健食品或健康食材。
    4) 客戶的三高問題一直未改善，雖然每天服用相關保健食品。

3. 職業背景
    1) 客戶未提及具體職業，但表示平日早上會外出處理銀行、菜市場等事務，走路量不少。
    2) 客戶偶爾會觀看健康二點零節目，顯示對健康資訊有一定關注。

4. 健康食品使用心得
    1) 客戶一直有在服用益生菌，效果良好，主要幫助排便，且全家都有在使用。
    2) 客戶曾購買氨基酸補充品，但因口感不佳未完成服用；老公嘗試補充氨基酸產品效果不佳。
    3) 客戶曾購買幹細胞相關產品，但認為效果不佳，目前不考慮再購買。
    4) 客戶對於保健食品較為謹慎，不會隨便嘗試新的產品，擔心膠囊外殼可能含有化學成分。
    5) 客戶家中收到很多人送的養生飲品，但都放著未喝；之前購買的華陀保健食品尚未吃完。

5. 禁忌
    1) 客戶的先生不能喝人參相關的保健品，因中醫交代最好不要碰。
    2) 客戶表示目前暫時停止使用東森的保健食品，並因腸胃狀況不佳而避免食用保健食品或健康食材。",1
22664788,女,69.0,台北市萬華區,A,天秤座,8506,否,否,是,否,否,否,是,否,749304.9523900001,66,523805.7143000001,42,210867.61904,12,199553.33332,10,0.0,0,742028.5714400001,59,523805.7143000001,39,210867.61904,12,199553.33332,10,0.0,0,否,否,否,否,否,否,1,否,否,否,否,否,0,否,否,否,"1. 家庭關係
    1) 客戶的老公70歲，對購買保健品持懷疑態度，僅信任醫生開的藥物，且患有糖尿病。
    2) 客戶提到她的女兒是健身房的VIP會員，並有一對一教練。
    3) 客戶提到她的孫子一歲，並且孫子的父母不允許其食用某些產品。
    4) 客戶提到她的媽媽曾經接受過心臟移植手術。
    5) 客戶提到她的父親對母親的要求不會反對，母親性格樂觀。
    6) 客戶提到她的女兒不讓她出門，並會帶她出去玩。

2. 健康狀況
    1) 客戶有中風病史，曾因腦部血管破裂導致眩暈症，並有心跳偏低的問題。
    2) 客戶有三高，需每天服用降血脂藥物，並有慢性病，需持續服用處方藥。
    3) 客戶的膝蓋和髖關節有老化問題，膝蓋受傷且疼痛，醫生建議注射玻尿酸，並正在進行復健。
    4) 客戶的骨質密度檢查結果顯示正常，像25歲的骨頭密度。
    5) 客戶提到自己有胃潰瘍，並且半夜會起來上廁所。
    6) 客戶提到自己很少感冒，但對於膝蓋問題感到困擾。
    7) 客戶提到自己有散光問題，並需要一小時的眼睛營養。
    8) 客戶提到她的健康狀況因疫情影響，四年無法外出活動。

3. 職業背景
    1) 客戶曾在建築公司工作。
    2) 客戶提到她現在經濟狀況不佳，無法負擔高價產品。

4. 健康食品使用心得
    1) 客戶每天服用多種保健食品，包括活泉、褐藻糖膠、蚓激酶、葉黃素、魚油、龜鹿二仙膠等。
    2) 客戶對於益生菌、減肥產品和牛樟芝的效果表示不滿，認為效果不明顯。
    3) 客戶對於石墨烯產品的效果表示滿意，認為具有保護和修復功能。
    4) 客戶提到花草咖啡幫助排便效果很好，台鹽產品效果也不錯。
    5) 客戶對於褐藻糖膠和蚓激酶產品的效果有一定信任，認為有療效。
    6) 客戶提到她每天早上喝兩瓶活泉，並搭配水飲用。
    7) 客戶提到她對於保健食品的更新速度感到不滿，因為產品還沒吃完就有新產品推出。

5. 禁忌
    1) 客戶提到感冒或腹瀉時不能服用某些產品。
    2) 客戶提到某些產品睡前服用會影響睡眠。
    3) 客戶認為喝咖啡對膝蓋不好，但每天仍有喝三杯咖啡的習慣。
    4) 客戶擔心保健食品之間的衝突，但專員告知不會有影響。
    5) 客戶提到她的女兒不讓她去打疫苗，擔心副作用。",1
22664824,女,49.0,宜蘭縣五結鄉,D+,天秤座,8506,否,否,是,否,否,是,是,否,415637.5714500001,255,64719.04761999998,32,48440.95237999999,24,21854.28571,10,13600.00001,6,10179.04762,5,2647.61905,1,2647.61905,1,0.0,0,2647.61905,1,否,否,否,否,否,否,0,否,否,否,否,否,0,否,否,否,"1. 家庭關係
    1) 未提及具體家庭成員或關係。

2. 健康狀況
    1) 客戶目前無提及具體健康問題。
    2) 客戶目前沒有購買保養或保健相關產品的計劃。

3. 職業背景
    1) 客戶目前有工作，並提到明天會比較方便聯繫。
    2) 客戶的朋友從事美髮行業，並曾教過她相關知識。

4. 健康食品使用心得
    1) 客戶家中目前保有益生菌、魚油等保健食品。
    2) 客戶的魚油是從澳洲購買回來的，益生菌品牌為“一家人”和“葡中”。
    3) 客戶提到朋友從日本帶回六七瓶合利他命。
    4) 客戶提到膠原蛋白產品，但未具體說明使用心得。

5. 禁忌
    1) 客戶提到她最近在大阪，因此有些東西無法使用。",1
22668336,女,53.0,桃園市大溪區,D,雙子座,8503,否,否,否,否,否,否,是,否,113324.38098,84,22646.66668,17,12248.571429999998,10,1141.90476,1,0.0,0,437.14286,1,437.14286,1,437.14286,1,0.0,0,0.0,0,否,否,是,否,否,否,0,否,否,否,否,否,0,否,否,否,,1
22670088,女,49.0,台南市東區,A,水瓶座,8501,否,是,否,是,否,否,是,否,908807.14272,197,593909.5237400001,60,281233.33332,18,251332.38094,12,0.0,0,748357.14276,125,584548.57138,43,279713.33332,13,251332.38094,12,0.0,0,是,否,是,否,否,否,0,否,否,否,是,否,0,否,否,否,"1. 家庭關係
    1) 客戶有一位先生，兩人關係和睦，互相支持，並共同保養身體。
    2) 客戶有兩個孩子，分別為八歲和六歲，兒子在台中讀書且有游泳習慣，女兒目前在台中實習，住在北屯的公寓。
    3) 客戶曾經有一段婚姻，已離婚五年，對再婚持隨緣態度。
    4) 客戶有媽媽和婆婆，並考慮送保健品給長輩。
    5) 客戶提到家人平安健康是最重要的，並希望一切順其自然。

2. 健康狀況
    1) 客戶健康狀況正常，無明顯症狀，但有老花眼、皮膚暗沉、過敏（皮膚癢和鼻子過敏）等問題。
    2) 客戶有子宮肌瘤，並懷疑與某些產品有關。
    3) 客戶的先生經常熬夜，感到疲累，並有腎功能相關問題和尿蛋白。
    4) 客戶最近因天氣變化感冒，感到不適，並提到眼睛酸澀可能與長時間看電腦有關。
    5) 客戶提到兒子最近有肚子不舒服的情況，可能與病毒或消化問題有關。

3. 職業背景
    1) 客戶從事行銷工作，主要依靠業務和電話進行銷售，並有室內行政工作。
    2) 客戶工作繁忙，每月僅休息一天，有時幾個月或半年才有機會休息。

4. 健康食品使用心得
    1) 客戶和先生共同使用幹細胞產品，客戶每天食用一顆，先生則需要補充更多。
    2) 客戶早上空腹服用胎盤素，並對鹿胎盤產品有興趣，認為其吸收效果較好。
    3) 客戶和家人食用益生菌，認為對改善腸胃和上廁所有幫助，但減重效果不明顯。
    4) 客戶對褐藻產品有使用經驗，但對效果不滿意，並提到親戚服用後月經量增加。
    5) 客戶對葉黃素、B群、美白產品等保健品有使用經驗，並對其功效有一定了解。
    6) 客戶對安瓶、玻尿酸、胎盤素等保養品有使用經驗，並對某些產品的保濕效果表示滿意。
    7) 客戶對鱸魚精、蜂蜜等產品感興趣，並認為鱸魚精的健康價值高。
    8) 客戶對產品的吸收效果和製作方式有一定關注，並建議專員進一步了解。

5. 禁忌
    1) 客戶對某些產品的價格和功效有疑慮，認為定價過高或效果不明顯的產品不值得購買。
    2) 客戶不喜歡衝動購物，會先確認需求再決定是否購買。
    3) 客戶不喜歡分期付款，偏好一次付清或ATM轉帳，並擔心刷卡資料外洩。
    4) 客戶對某些物品的擺放位置有禁忌，例如不能放在廁所。
    5) 客戶對產品的品質和保存方式有要求，對掉漆、效期短等問題表示不滿。",1
22685521,女,54.0,台中市豐原區,D+,天秤座,8493,否,否,是,否,否,否,是,否,64375.66667,38,17348.57143,11,2560.0,1,2560.0,1,0.0,0,5388.57143,2,5388.57143,2,2560.0,1,2560.0,1,0.0,0,否,否,否,否,否,否,0,否,否,否,否,否,0,否,否,否,,1
22686884,男,57.0,新北市新店區,C,雙魚座,8492,否,否,是,否,否,是,是,否,307489.38099000003,186,128800.00005,70,47025.71427000001,15,35695.23808,6,2838.09524,1,73023.80950000002,24,36112.38094,7,36112.38094,7,29485.71428,2,2838.09524,1,否,否,否,否,否,否,0,否,否,否,否,否,0,否,否,否,"1. 家庭關係
    1) 客戶目前為獨居狀態。
    2) 客戶曾表示希望捐贈款項給東森慈善基金會，用於幫助偏遠地區小朋友的營養午餐。

2. 健康狀況
    1) 客戶超過55歲，現年56歲，表示目前作息不穩定，日夜顛倒，早上可能在睡覺或上網，晚上需要上班。
    2) 客戶腸胃較為敏感，無法食用某些食物，並會將膠囊打開服用以改善消化問題。
    3) 客戶有控制血糖的需求，並提到需要注意血糖問題。
    4) 客戶提到自己有在保養筋骨，效果良好，並有進行長期保養。
    5) 客戶膚況良好，黑頭粉刺等問題較少，並有在中醫診所進行除斑治療，效果不錯。
    6) 客戶提到自己平常有曬太陽，並已補充鈣。
    7) 客戶表示不需要聽關於痠痛管理的講座，因為痠痛問題不困擾他。

3. 職業背景
    1) 客戶目前正在上班，但暫時沒有擔任管理員工作。
    2) 客戶提到目前暫時在休息中，可能是因為修養需要。

4. 健康食品使用心得
    1) 客戶家中健康食品種類繁多，包括苦瓜胜肽、魚油等，並表示目前健康食品已吃太多，僅聽從醫生開的處方。
    2) 客戶每天固定服用兩顆魚油，並曾購買過葡萄糖胺、骨生素、朱總代言的保健食品、正官庄高麗蔘、活泉幹細胞產品、苦瓜胜肽、B群、益生菌、松樹皮保健食品等，部分產品效果良好。
    3) 客戶曾購買過由代言人推薦的苦瓜胜肽產品，並提到一盒產品有三十顆，日常保養一天吃一顆，若夜尿頻尿問題改善後，會減少用量。
    4) 客戶表示之前服用活泉幹細胞效果不錯，認為目前身體狀況已經很好。
    5) 客戶提到人參可以提振精神，並曾購買人參產品，但尚未使用。
    6) 客戶喜歡喝茶，並提到紅棗、枸杞、黃耆等中藥材煮湯有補氣效果，平常會選擇方便的茶包飲用。
    7) 客戶曾購買過東森的洗髮精及華陀的鹿茸產品，並表示之前有購買過市面上的鱸魚產品，但不確定是否為某品牌。

5. 禁忌
    1) 客戶無法食用酸酸鈉的食物。
    2) 客戶不能吃發泡錠，並提到不適合使用此類產品。
    3) 客戶提到平常食物中已經含有B群，因此不需要額外補充。
    4) 客戶對傳統中藥材可能含重金屬的問題有所了解，並表示醫生建議只需服用中藥即可，不需要其他保健品。",1
22687938,女,60.0,新北市蘆洲區,A,射手座,8491,否,否,是,是,否,是,是,否,1538413.7618900002,326,524382.8571699997,94,159605.71427999996,32,115580.95237000004,13,11209.52381,3,631212.38093,95,417750.47617,40,132213.33332,15,109904.76189000002,11,8761.90476,1,是,否,是,否,否,否,0,否,否,否,否,否,1,否,否,否,"1. 家庭關係
    1) 客戶已婚，與丈夫共同生活，丈夫對其健康狀況非常關心，並參與購買決策。
    2) 客戶有一子一女，兒子正在準備考大學，女兒曾接受雷射手術，且每年獲得模範員工獎。
    3) 客戶有一隻貓，沒有養狗。
    4) 客戶的孫子認為她很愛買東西。
    5) 客戶的丈夫主要負責家中保健品的管理和安排，並且大部分時間負責賣橄欖油。

2. 健康狀況
    1) 客戶有脂肪肝問題，肝指數曾高達234，近期服用幹細胞產品後降至100多。
    2) 客戶有三酸甘油酯偏高的問題，曾高達500多，醫生建議調整飲食。
    3) 客戶有白內障問題，並提到更年期已經三年多。
    4) 客戶睡眠狀況不佳，需服用安眠藥改善，曾因三年未抽血檢查而被醫生警告有肝纖維化風險。
    5) 客戶身高162公分，體重46公斤，認為自己太瘦但健康。
    6) 客戶有抽菸習慣，已持續四十多年，會注意不在家人面前抽菸。

3. 職業背景
    1) 客戶目前沒有在上班，過去從事餐廳相關工作。
    2) 客戶的丈夫是農工，並且長期配合公司。

4. 健康食品使用心得
    1) 客戶有20年服用保健品的習慣，認為保健品雖然昂貴但值得。
    2) 客戶目前服用幹細胞產品，每天早晚各服用一顆，並與其他保健品間隔一小時服用。
    3) 客戶對幹細胞產品的效果表示肯定，認為其有助於降低肝指數。
    4) 客戶有服用鳳梨酵素、益生菌、燕窩等保健品的習慣，並認為益生菌和燕窩對健康有幫助。
    5) 客戶對燕窩產品有興趣，認為其有潤肺和保護器官的效果，並習慣將燕窩與人蔘一起食用。
    6) 客戶對保健品的保存期限和成分非常重視，並希望產品日期是最新的。
    7) 客戶對低等級保健品如白蘭氏產品不感興趣，認為其成分不符合需求。
    8) 客戶對益生菌的功效表示認可，但認為其價格偏高。
    9) 客戶曾服用過攝護腺相關產品和男性保健產品，但效果不佳。
    10) 客戶對魚油產品有一定了解，但因為顆粒過大而不喜歡服用。

5. 禁忌
    1) 客戶不吃羊肉爐，對泌尿科保健講座和粒線體產品無興趣。
    2) 客戶不會在小孩面前抽菸，並且抽菸時會注意環境。
    3) 客戶不會同時服用藥物和保健品，會間隔一小時以上。
    4) 客戶對某些商品不感興趣，並表示以後不會購買。
    5) 客戶對幹細胞產品的保存期限有疑問，並希望產品能保存兩到三年。",1
22700334,女,78.0,台北市信義區,B,水瓶座,8483,否,否,是,是,否,是,是,否,1020274.2378999996,549,475203.8094399999,234,129952.38092999993,50,76681.90475,12,1219.04762,1,319409.52379,44,150155.23807999998,25,70800.0,7,67600.0,5,0.0,0,否,否,否,否,否,否,0,否,否,否,否,否,0,否,否,否,"1. 家庭關係
    1) 客戶家中有一位80多歲的奶奶，由外籍看護照顧。
    2) 客戶提到家中有一位阿公。
    3) 客戶提到她的媽媽不喜歡吃樟芝相關產品。
    4) 客戶提到她的爸爸是癌症患者。
    5) 客戶提到她的兒子會幫忙收貨。
    6) 客戶提到她有二女兒，但未明確其與家庭成員的具體關聯。

2. 健康狀況
    1) 客戶表示自己的身體很好，平常有在保養，但提到自己已經老化。
    2) 客戶有六個子宮肌瘤，膝蓋有退化問題，走路時會痛，並提到骨頭狀況不好。
    3) 客戶的糖化血色素數值為6.6，屬於稍微偏高的範圍，醫生建議注意飲食控制。
    4) 客戶提到膀胱無力，偶爾會有漏尿情況。
    5) 客戶提到自己感冒了。
    6) 客戶提到晚上睡眠質量有所改善，較少出現多夢現象。

3. 職業背景
    1) 客戶提到平常在上班，假日比較有空。
    2) 客戶提到假日不會出門，通常都待在家裡。

4. 健康食品使用心得
    1) 客戶有服用幹細胞產品，早上吃兩顆，晚上睡眠質量有所改善。
    2) 客戶有服用益生菌、葉黃素、魚油、膠原蛋白、關節骨頭保健品、龜鹿精、苦瓜胜肽、薑黃產品等，並對部分產品效果表示接受。
    3) 客戶提到幹細胞產品價格昂貴，但對手腕痠痛改善及睡眠質量提升有幫助。
    4) 客戶對葉黃素產品效果表示一般，但仍有興趣，並提到其母親使用後無效果。
    5) 客戶對第一代苦瓜胜肽效果表示接受，並提到其劑量建議為一天四顆。
    6) 客戶提到舒暢醇益生菌粉改善排便不順，對其效果表示滿意。
    7) 客戶提到土龍精需用溫水泡，不能用滾燙熱水，以免破壞營養成分。
    8) 客戶提到龜鹿膠需空腹食用，並對其修復關節骨頭的效果表示認同。
    9) 客戶提到葡萄籽油的口感澀且不舒服，但對其有一定興趣。
    10) 客戶對酵素是否能減肥表示懷疑。

5. 禁忌
    1) 客戶表示不想吃B群產品，且晚上不能吃B群。
    2) 客戶提到腎臟不好的人可能不能喝某些產品，並希望了解相關資訊。
    3) 客戶提到老人家不能吃太多月餅。
    4) 客戶提到某些沐浴乳使用後感到不舒服，可能與皮膚過敏有關。
    5) 客戶提到她的媽媽不喜歡吃樟芝相關產品。",1
22704729,女,49.0,新北市板橋區,D+,水瓶座,8480,否,否,是,是,否,是,是,否,160781.33331000005,76,46037.14288,22,19276.1905,8,6228.57144,3,7371.42858,3,4533.33334,2,4533.33334,2,4533.33334,2,0.0,0,4533.33334,2,否,否,否,否,否,否,0,否,否,否,否,否,0,否,否,否,"1. 家庭關係
    1) 客戶已婚且有小孩。

2. 健康狀況
    1) 客戶提到眼睛會模糊，但尚未去看醫生檢查原因。

3. 職業背景
    1) 客戶是一名護士，主要從事老人護理工作。
    2) 客戶的工作與護理相關，且不需要上妝，因為需要戴口罩。

4. 健康食品使用心得
    1) 客戶曾經服用葉黃素，但不記得品牌，且是很久之前吃的。
    2) 客戶目前還有未吃完的保健食品。

5. 禁忌
    1) 無明確提及禁忌事項。",1
22706178,女,75.0,彰化縣埔心鄉,D+,天蠍座,8479,否,否,是,否,否,否,是,否,297102.66662,124,86142.85713000002,19,45519.04761,6,42325.71428,3,0.0,0,193662.85713,53,74278.09524,10,42325.71428,3,42325.71428,3,0.0,0,否,否,否,否,否,否,0,否,否,否,否,否,0,否,否,否,"1. 家庭關係
    1) 客戶有兒子和女兒，並提到孫子沒有與自己同住。
    2) 過年期間與家人一起吃飯，並有購買刮刮樂。
    3) 客戶提到小朋友都在外面。

2. 健康狀況
    1) 客戶有乾眼症和乾燥症，並持續看醫生，使用特殊眼藥水。
    2) 客戶腸胃不太好，經常便秘，且女兒也有便秘問題。
    3) 客戶的膽固醇指數超過220，且需要服用慢性病藥物。
    4) 客戶的皮膚容易過敏，使用某些化妝品會導致皮膚長小肉瘤。
    5) 客戶目前血壓正常，沒有高血壓或心血管問題。
    6) 客戶睡覺需要服用神經內科的鎮定藥物來幫助睡眠。
    7) 客戶提到回越南旅遊後感冒，但情況尚可，未就醫。
    8) 客戶已接種流感疫苗。

3. 職業背景
    1) 客戶以前在銀行工作過，對詐騙較為敏感。
    2) 客戶提到目前每週都要上課並量體重。

4. 健康食品使用心得
    1) 客戶有服用膠原蛋白多年，剛開始服用時感到胃不適，但現在已習慣，認為對軟骨有幫助。
    2) 客戶曾購買過葉黃素，但感覺效果不明顯，後來部分分給朋友。
    3) 客戶目前在嘗試專員推薦的氨基酸產品，已服用一個月。
    4) 客戶有服用幹細胞產品，但感覺不太舒服，現階段暫停食用。
    5) 客戶有在食用活泉保健食品及含膠原蛋白的固力申，認為對骨頭和關節有幫助。
    6) 客戶早上吃飽飯後會服用漢方益生菌，但目前很少吃其他益生菌。
    7) 客戶曾收到直銷員贈送的薑黃產品，並曾購買過專員推薦的益生菌產品。

5. 禁忌
    1) 客戶醫生建議不能吃含有土龍成分的保健食品。
    2) 客戶不喜歡退貨，認為退貨過程麻煩。",1
22715161,女,74.0,新北市泰山區,B,金牛座,8472,否,否,否,是,否,是,是,否,133953.42862,38,71354.28575,15,37297.14287,9,11314.28572,4,24097.14286,4,83277.1429,18,69468.57145999999,14,35411.42858,8,11314.28572,4,24097.14286,4,否,否,是,否,否,否,0,否,否,否,否,否,0,否,否,否,"1. 家庭關係
    1) 客戶表示母親節時媳婦曾送了兩套保養品。
    2) 客戶提到她有警衛可以幫忙接收包裹。

2. 健康狀況
    1) 客戶提到她的臉在冬天整個垮掉了，並表示冬天容易皮膚老化，需要特別保養。
    2) 客戶表示如果天氣太冷，她可能不會出門。

3. 職業背景
    1) 客戶目前沒有薪水，沒有上班。
    2) 客戶提到最近比較忙，有事需要回屏東。

4. 健康食品使用心得
    1) 客戶目前擁有時空膠囊產品，並表示可能剩下兩瓶。
    2) 客戶表示她會早晚使用保養品，並認為這是正確的保養方式。

5. 禁忌
    1) 客戶表示最近比較少看電視。
    2) 客戶提到她可能不會在天氣太冷時出門。",1
22723823,女,60.0,台南市安南區,D,處女座,8466,否,否,否,否,否,否,否,否,413288.90473,266,3340.95238,4,1819.04762,2,0.0,0,0.0,0,5100.952380000001,6,2282.85714,3,760.95238,1,0.0,0,0.0,0,否,否,是,否,否,否,0,否,否,否,否,否,0,否,否,否,,1
22726792,男,65.0,台北市大同區,D+,白羊座,8464,否,否,否,否,否,是,是,否,916062.33357,447,193090.47624999995,91,24717.14286,12,12683.80953,5,0.0,0,130718.09526,18,19047.61905,4,2076.19048,1,2076.19048,1,0.0,0,否,否,是,否,否,否,0,否,否,否,否,否,0,否,否,否,"1. 家庭關係
    1) 客戶的兒子曾為其購買魚油產品。
    2) 客戶認為投資理財的事情應該由小孩子處理。

2. 健康狀況
    1) 客戶為64歲男性，患有遺傳性二型糖尿病，並有進行血糖保養。
    2) 客戶有關節問題，並有在進行補鈣。
    3) 客戶每四個月會抽血檢查健康狀況。

3. 職業背景
    1) 無明確提及客戶的職業背景。

4. 健康食品使用心得
    1) 客戶每天服用多種保健品，包括南瓜籽、葉黃素、B群等，並對蚓激酶產品效果表示滿意。
    2) 客戶通常在睡前食用南瓜籽作為保養，並有購買過木鱉果產品但尚未使用。
    3) 客戶曾購買過華陀扶元堂的蟲草、龜鹿及錠狀產品，主要為關節問題。
    4) 客戶對於腎臟健康產品有興趣，並考慮購買。
    5) 客戶經常購買電視廣告的保健品，並在有特惠時購買。
    6) 客戶近期訂購的苦瓜胜肽已收到，並確認數量正確。

5. 禁忌
    1) 客戶對於幹細胞產品和石墨烯產品表示不需要，因為已有足夠相關產品。
    2) 客戶目前有大量存貨，包括葉黃素、南瓜籽、蚓激酶等，部分產品快過期。",1
22748171,男,61.0,高雄市前鎮區,D,處女座,8452,否,否,否,否,否,否,是,否,70876.7143,50,9901.90477,9,570.47619,1,570.47619,1,0.0,0,1635.2380899999998,3,1635.2380899999998,3,570.47619,1,570.47619,1,0.0,0,否,否,是,否,否,否,0,否,否,否,否,否,0,否,否,否,,1
22754625,女,60.0,台南市安南區,D+,雙子座,8448,否,否,否,是,否,是,否,否,229223.14286,83,5114.28572,2,2266.66667,1,0.0,0,2266.66667,1,4627.619049999999,3,2266.66667,1,2266.66667,1,0.0,0,2266.66667,1,否,否,否,否,否,否,0,否,否,否,否,否,0,否,否,否,,1
22757893,女,60.0,高雄市三民區,Z,水瓶座,8446,否,否,否,否,否,是,是,否,172127.23809999996,103,30622.857150000003,25,14410.4762,10,0.0,0,951.42857,1,4158.09523,6,4158.09523,6,951.42857,1,0.0,0,951.42857,1,否,否,是,否,否,否,0,否,否,否,否,否,0,否,否,否,"1. 家庭關係
    1) 未提及相關內容。

2. 健康狀況
    1) 未提及相關內容。

3. 職業背景
    1) 未提及相關內容。

4. 健康食品使用心得
    1) 客戶目前沒有在使用營養品。
    2) 客戶表示不需要購買補骨胜肽五八產品。

5. 禁忌
    1) 客戶提到洗髮精不好用，可能對產品品質有較高要求。
    2) 客戶對生活用品有特定需求，例如衛生紙和洗衣精，並詢問是否有推薦品牌。",1
22763190,男,61.0,新北市三峽區,D+,巨蟹座,8443,否,否,否,否,否,否,是,否,27798.09524,21,22703.80953,18,18932.38095,16,7231.42857,7,0.0,0,7231.42857,7,7231.428570000002,7,7231.428570000002,7,7231.428570000002,7,0.0,0,否,否,否,否,否,否,0,否,否,否,否,否,0,否,否,否,"1. 家庭關係
    1) 客戶的家人共同使用益生菌作為保健品。

2. 健康狀況
    1) 客戶正在恢復期，並且剛開完刀。

3. 職業背景
    1) 未提及客戶的職業背景。

4. 健康食品使用心得
    1) 客戶曾訂購葉黃素產品並享有優惠。
    2) 客戶表示益生菌是家人共同使用的保健品。

5. 禁忌
    1) 客戶並未吃素。
    2) 專員建議葉黃素一天服用一顆，最多可服用兩顆。",1
22769028,女,57.0,高雄市大寮區,Z,金牛座,8439,否,否,是,否,否,否,是,否,578864.4285699999,151,74727.61906,61,21479.99999,16,15140.95237,12,0.0,0,1028.57143,1,1028.57143,1,1028.57143,1,1028.57143,1,0.0,0,否,否,是,否,否,否,0,否,否,否,否,否,0,否,否,否,"1. 家庭關係
    1) 未提及相關內容。

2. 健康狀況
    1) 未提及相關內容。

3. 職業背景
    1) 未提及相關內容。

4. 健康食品使用心得
    1) 客戶曾購買羅威華陀的魚油，並於上個月加購了三罐，每罐60顆。
    2) 客戶表示魚油為其個人食用。

5. 禁忌
    1) 未提及相關內容。",1
22771664,男,55.0,新北市新莊區,D+,射手座,8437,是,否,是,否,否,是,是,否,206786.95239,134,72295.23810000002,54,25669.52379,20,15812.38095,11,4058.09523,3,10130.52381,7,4626.66667,4,4626.66667,4,4626.6666700000005,4,0.0,0,否,否,否,否,否,否,1,否,否,否,否,否,0,否,否,否,"1. 家庭關係
    1) 客戶提到其母親正在服用海苔類的保健食品。

2. 健康狀況
    1) 客戶有中風的病史，並提到紅麴產品會引發不適，可能與中風病史相關。
    2) 客戶尿酸較高，腎絲球過濾率最近有下降。
    3) 客戶提到脂肪很多，並有內臟脂肪分布的問題。
    4) 客戶提到消化狀況不佳，可能與其平常開車的生活習慣有關。

3. 職業背景
    1) 客戶平常有開車的習慣，可能與其職業相關。

4. 健康食品使用心得
    1) 客戶曾購買過價格約為一千九百多元的魚油產品，並希望購買能改善三高和心血管健康的魚油產品。
    2) 客戶之前購買過兩盒含有牛樟芝的保肝產品，認為其具有增加代謝和保肝的效果，且當時為促銷價。
    3) 客戶曾購買過東森廣告的瘦身產品。
    4) 客戶不太喜歡紅麴產品，並提到紅麴產品會引發不適。

5. 禁忌
    1) 客戶對紅麴產品不適，可能與其中風病史相關。
    2) 客戶對產品價格較為敏感，認為價格太貴。",1
22774468,女,59.0,新北市樹林區,Z,金牛座,8436,否,否,否,否,否,是,是,否,2145073.80941,471,99203.80954,10,60556.19048,4,56784.7619,2,3771.42858,2,301188.57146,29,89318.09524,5,56784.7619,2,56784.7619,2,0.0,0,否,否,否,否,否,否,1,否,否,否,否,否,1,否,否,否,"1. 家庭關係
    1) 客戶有兩個女兒，一個31歲，另一個19歲。
    2) 客戶提到她的19歲女兒目前在大學，並且有便秘問題。
    3) 客戶和女兒都在食用薑黃膠囊，並一次訂購了兩大箱。
    4) 客戶和家人有食用魚油，且已經固定購買多年。

2. 健康狀況
    1) 客戶長期服用B群，每天服用一顆，並曾購買台塑生醫的B群產品。
    2) 客戶長期有在保養，包括喝膠原蛋白等保健品。
    3) 客戶購買保健品的主要目的是針對關節問題。
    4) 客戶提到她的女兒有便秘問題。

3. 職業背景
    1) 客戶目前在經營店面，經常忙碌，需接待客人。
    2) 客戶曾從事美容相關工作，但目前已經不再從事該行業。

4. 健康食品使用心得
    1) 客戶表示她已經購買了很多保健食品，但有些保健品被閒置，且效果不如預期。
    2) 客戶曾喝過四個月的粒線體保健品，但效果不如預期。
    3) 客戶曾使用罐裝顆粒型保健食品，並提到膠囊型保健食品不方便使用。
    4) 客戶購買了幹細胞相關的保健食品。
    5) 客戶和女兒食用薑黃膠囊，並對此產品有需求。

5. 禁忌
    1) 客戶認為膠囊型保健食品不方便使用。
    2) 客戶對於效果不佳的保健食品會選擇閒置。",1
22776916,女,76.0,高雄市鳳山區,C,金牛座,8434,否,否,否,否,否,是,是,否,136990.1905,90,33757.14287999999,20,11358.09523,7,1140.95238,2,3303.80952,2,6930.476189999999,4,6930.476189999999,4,6930.476189999999,4,1140.95238,2,0.0,0,否,否,否,否,否,否,0,否,否,否,否,否,0,否,否,否,"1. 家庭關係
    1) 未提及具體家庭成員或關係。

2. 健康狀況
    1) 客戶有白內障，已進行了一隻眼睛的手術，計劃半年後再進行另一隻眼睛的手術。
    2) 客戶傾向於選擇健康飲食，避免吃太甜或不健康的食物。

3. 職業背景
    1) 客戶經常外出參與公益活動，因此不常在家。
    2) 客戶對公眾人物的言行有一定的期待，認為他們應該注意自己的言行。

4. 健康食品使用心得
    1) 客戶提到她吃完了之前收到的燕窩。
    2) 客戶喜歡吃烏魚子和海參，並且偏好元十五的產品。

5. 禁忌
    1) 客戶避免吃太甜或不健康的食物。",1
22779823,女,50.0,台中市北屯區,D,金牛座,8432,否,否,否,否,否,是,是,否,1198569.9998999997,752,101918.09524999995,66,11576.19048,9,1332.38095,1,6464.761910000001,4,14591.42858,4,1058.09524,1,1058.09524,1,0.0,0,1058.09524,1,否,否,否,否,否,否,0,否,否,否,否,否,0,否,否,否,"1. 家庭關係
    1) 無相關資訊提及。

2. 健康狀況
    1) 無相關資訊提及。

3. 職業背景
    1) 客戶目前有工作，且在上班時不方便接聽電話。
    2) 客戶表示晚上或周末聯絡比較方便。

4. 健康食品使用心得
    1) 客戶曾購買過保健品，例如葉黃素。
    2) 客戶表示已經購買過保健品，目前不需要再購買。

5. 禁忌
    1) 客戶需要考慮是否購買粒線體激活再生產品，尚未決定。
    2) 客戶偏好在東森購物及其他平台購買商品，並熟悉使用東森幣及專案折價券。",1
22789131,女,84.0,台中市西區,D,雙子座,8428,否,否,否,否,否,是,否,否,110042.2381,60,14179.04762,11,7050.476189999999,6,0.0,0,1617.14286,2,17472.38095,8,8015.238090000001,6,2494.28571,2,0.0,0,951.42857,1,否,否,否,否,否,否,0,否,否,否,否,否,0,否,否,否,,1
22790055,男,75.0,新北市蘆洲區,D,天蠍座,8428,否,否,否,否,否,否,是,否,130798.33335000002,50,11309.52381,11,1513.33333,2,570.47619,1,0.0,0,13551.42857,3,570.47619,1,570.47619,1,570.47619,1,0.0,0,否,否,否,否,否,否,0,否,否,否,是,否,0,否,否,否,,1
22792245,女,59.0,屏東縣屏東市,D+,雙魚座,8428,否,否,否,否,否,否,是,否,25988.85714,20,4714.28572,2,2828.57143,1,2828.57143,1,0.0,0,2828.57143,1,2828.57143,1,2828.57143,1,2828.57143,1,0.0,0,否,否,否,否,否,否,0,否,否,否,否,否,0,否,否,否,,1
22793540,女,49.0,高雄市橋頭區,Z,射手座,8428,否,否,否,否,否,否,是,否,142367.619,63,66806.66662999999,22,9428.5714,10,9428.5714,10,0.0,0,57374.28567,22,20742.85711,11,9428.5714,10,9428.5714,10,0.0,0,否,否,否,否,否,否,0,否,否,否,否,否,0,否,否,否,"1. 家庭關係
    1) 客戶提到家中沒有人，貨到付款會不方便。
    2) 客戶提到家人有在食用補骨胜肽相關產品。

2. 健康狀況
    1) 客戶表示她沒有在吃鈣片。

3. 職業背景
    1) 無相關資訊。

4. 健康食品使用心得
    1) 客戶提到家人有在食用補骨胜肽相關產品，但未提及具體心得。

5. 禁忌
    1) 客戶提到家中沒有人，貨到付款方式對她來說不方便。",1
22799056,女,54.0,新北市三重區,D,天秤座,8427,否,否,否,否,否,是,否,否,60120.38094999999,23,3035.23809,4,951.42857,1,0.0,0,951.42857,1,2092.38095,3,2092.38095,3,951.42857,1,0.0,0,951.42857,1,否,否,否,否,否,否,0,否,否,否,否,否,0,否,否,否,,1
22799608,女,71.0,基隆市七堵區,D+,摩羯座,8426,否,否,是,否,否,否,是,否,345986.00000000006,135,75541.90478,38,27711.42857,14,11651.42857,6,0.0,0,230544.76190000004,74,35921.90476,12,5657.14286,1,0.0,0,0.0,0,否,否,是,否,否,是,0,否,否,否,否,否,0,否,否,否,"1. 家庭關係
    1) 客戶有一位兒子，兒子每天上班，白天只有她一人在家。
    2) 客戶的兒子能力較強。
    3) 客戶的閨蜜曾經幫助過她，並且她會支付閨蜜幫忙的費用。
    4) 客戶的朋友住得很遠，年齡大約六十幾歲。

2. 健康狀況
    1) 客戶有高血壓，目前透過藥物控制。
    2) 客戶的壞膽固醇偏高。
    3) 客戶有便秘的情況。
    4) 客戶的膝蓋偶爾會痛。
    5) 客戶在過年前因旋轉肌破裂進行手部手術，可能與多年從事物流工作及過去跌倒有關，手術花費一二十萬，部分費用由保險理賠。術後調養半年，恢復得不錯，醫生表示進步很多。

3. 職業背景
    1) 客戶年紀大了，已經不再上班。
    2) 客戶過去從事物流相關工作，工作內容包括搬運重物。

4. 健康食品使用心得
    1) 客戶每天服用葉黃素，因用眼過度導致眼睛退化。
    2) 客戶有購買並服用益生菌，平時一天服用一包，感冒時會增加到一天兩包。
    3) 客戶有購買過膠原蛋白、鹿角鈣、時空膠囊等保健食品，並表示會繼續服用鹿角鈣。
    4) 客戶術後調養期間，食用鱸魚和雞腿補充蛋白質，並提到鱸魚精對傷口修復效果很好。

5. 禁忌
    1) 客戶不接聽不認識的電話。
    2) 客戶手頭上還有很多東西需要用完才會再購買。",1
22805793,女,59.0,高雄市林園區,Z,處女座,8425,否,否,否,否,否,否,否,否,102086.28569999998,77,1521.90476,2,760.95238,1,0.0,0,0.0,0,7691.42857,6,1521.90476,2,760.95238,1,0.0,0,0.0,0,否,否,是,否,否,否,0,否,否,否,否,否,0,否,否,否,,1
22806395,女,45.0,雲林縣斗六市,Z,射手座,8425,否,否,否,否,否,否,是,否,48949.14288000001,24,2828.57143,1,2828.57143,1,2828.57143,1,0.0,0,13247.61905,3,2828.57143,1,2828.57143,1,2828.57143,1,0.0,0,否,否,否,否,否,否,0,否,否,否,否,否,0,否,否,否,,1
22818127,0,66.0,新北市中和區,C,處女座,8424,否,否,是,否,否,否,是,否,183872.9524,114,10665.71429,4,10665.71429,4,9446.66667,3,0.0,0,9256.19048,3,8400.0,2,8400.0,2,8400.0,2,0.0,0,否,否,是,否,否,否,0,否,否,否,否,否,0,否,否,否,,1
22820831,女,47.0,台北市大安區,D+,白羊座,8424,否,是,是,否,否,是,是,否,1972188.38088,1087,383011.33333,161,133448.57146000004,69,33239.04761,17,30016.19049,13,13261.4762,9,4342.85714,2,4342.85714,2,0.0,0,4342.85714,2,是,否,是,否,否,否,0,否,否,是,否,否,0,是,否,否,"1. 家庭關係
    1) 未提及具體家庭關係。

2. 健康狀況
    1) 客戶有排便不順的問題，並有在使用軟便劑。
    2) 客戶對益生菌產品的效果不滿意，認為效果不佳。

3. 職業背景
    1) 未提及具體職業背景。

4. 健康食品使用心得
    1) 客戶曾購買過果凍狀的保健食品，可能是針對腸胃道的產品。
    2) 客戶有在食用葉黃素和益生菌，但對益生菌效果不滿意。
    3) 客戶對專員介紹的葉黃素產品表示認同，但未表達具體興趣。
    4) 客戶表示會回家查看自己的保健品，並提到之前購買的產品尚未吃完。

5. 禁忌
    1) 客戶對於收到的簡訊感到擔心，若無法確認時間和內容，會刪除簡訊。
    2) 客戶覺得某些保養品價格太貴，對目前提供的產品沒有特別喜歡的，表示會等到看到喜歡的再購買。",1
22825144,女,73.0,基隆市七堵區,Z,天蠍座,8423,否,否,是,否,是,是,是,否,150914.47621999998,57,11639.04762,5,2171.42857,1,2171.42857,1,0.0,0,60196.190480000005,14,8209.52381,3,2171.42857,1,2171.42857,1,0.0,0,否,否,否,否,否,否,0,否,否,否,否,否,0,否,否,否,"1. 家庭關係
    1) 客戶提到主任都沒空看型錄。
    2) 客戶表示下個禮拜再聯絡，因為這三天要出門。

2. 健康狀況
    1) 客戶表示自己年紀大了，體重一直增加，並關注瘦身產品。
    2) 客戶目前的健康目標是保持身體健康，而非追求極端瘦身。
    3) 客戶表示不太需要鈣片產品。
    4) 客戶提到她目前沒有特別需要瘦身或代謝相關的保健品。

3. 職業背景
    1) 未提及具體職業背景。

4. 健康食品使用心得
    1) 客戶表示自己吃素，並強調保健食品中含有不適合素食者的成分，因此無法食用該產品。
    2) 客戶提到她是全素食者，但有喝牛奶，並且不吃蒜頭，並注意食品成分是否含有明膠或大蒜等不符合素食要求的成分。
    3) 客戶表示每天都有在服用益生菌，主要功能是幫助排便，並會更換不同種類的產品。
    4) 客戶提到之前購買的三色里產品已經吃完了，並表示效果還好。
    5) 客戶提到她之前曾購買蘭舍賦活膠囊，但目前不需要再購買，因為她才剛買過，可能還要等半年才會需要。
    6) 客戶表示使用益生菌是為了健康保養，而非特定需求如減重或改善排便問題。
    7) 客戶表示使用狀況還可以。
    8) 客戶提到她會先試吃一個月的代餐產品，並視效果再決定是否續購。

5. 禁忌
    1) 客戶表示自己是全素食者，並且不吃蒜頭。
    2) 客戶表示她很在意膠囊是否含明膠，並確認自己吃素。
    3) 客戶要求確認代餐產品的成分是否符合她的飲食需求，並表示如果不符合會退貨。",1
22832382,女,69.0,台中市東區,Z,雙魚座,8423,否,否,是,是,否,是,是,否,734958.9048499999,364,204442.85713,82,39667.619040000005,27,8237.14286,4,7377.14286,6,346271.47619,64,92732.38093,12,1902.85714,2,0.0,0,1902.85714,2,否,否,是,否,否,否,0,否,否,否,否,否,0,是,否,否,"1. 家庭關係
    1) 客戶有一位老公，老公會自己去市場購物，並且開車。
    2) 客戶有兩個子女，兒子和女兒，兒子有宵夜習慣且不運動，媳婦也有不良飲食習慣，孫女三歲。
    3) 客戶的父親長期使用相關產品，母親也有提及。
    4) 客戶的女兒和女婿曾幫助處理退貨事宜。
    5) 客戶的妹妹曾購買紅薑黃產品。

2. 健康狀況
    1) 客戶68歲，過年期間體重增加了一公斤，曾經因車禍導致牙齒斷掉，手關節晚上會痛，並有甲狀腺低下問題，需早上服用半顆藥。
    2) 客戶有鼻子過敏問題，感冒時會咳痰，且皮膚在冬天容易乾燥發癢。
    3) 客戶提到自己脊椎開過刀，身高從156公分變成152公分。
    4) 客戶有掉髮問題，三十歲開始掉髮，並希望改善毛囊狀況。
    5) 客戶的兒子體重從106公斤降到75公斤，但仍覺得效果不佳，且有宵夜習慣和不運動的問題。
    6) 客戶的媳婦幾乎每天吃宵夜，晚餐吃得多，減肥困難。
    7) 客戶的孫子在冬天皮膚會癢，擔心抓到眼睛或吃到嘴巴。

3. 職業背景
    1) 客戶提到自己曾在辦公室工作，並在半年前因車禍住院。
    2) 客戶提到林先生曾打電話給她，後來可能離開公司。

4. 健康食品使用心得
    1) 客戶使用東森產品來預防腦心血管疾病，並每天早上吃燕窩，認為新鮮度很重要，但對燕窩效果表示懷疑。
    2) 客戶曾購買紅藜果膠，對其排便效果滿意，但兒子使用後效果不佳。
    3) 客戶曾購買過益生菌產品，飯後食用效果很好，但對果凍產品和減肥藥效果不滿意。
    4) 客戶對白藜蘆醇和花青素的抗氧化能力有興趣，並對紐西蘭胎盤產品感興趣。
    5) 客戶對於產品的代謝和循環效果感興趣，並提到某些產品對排便有幫助。
    6) 客戶曾購買過粒線體產品，但認為價格太高而停止購買。
    7) 客戶對奧利塔橄欖油和葵花油組合感興趣，並已訂購。
    8) 客戶對於咖啡的口味有偏好，曾購買過深焙咖啡，並對日本理想咖啡感興趣。

5. 禁忌
    1) 客戶不喜歡吃油膩食物，但老公和兒子喜歡。
    2) 客戶不需要能量被，因為怕熱。
    3) 客戶對於某些產品的味道和效果表示不滿意，並曾要求退貨。
    4) 客戶不願意購買太貴的產品，對於購買新鍋子持保留態度。
    5) 客戶不需要濾水壺，認為不常外出使用不到。
    6) 客戶對負離子能量產品和法令紋保養品表示不感興趣。",1
22843560,女,71.0,新竹市,A,天秤座,8423,否,是,是,否,否,是,是,否,1598450.38076,584,971670.4761399996,168,423461.9047500001,62,202892.38091,19,95980.95242000002,15,1075039.04747,233,861130.4761200002,110,394987.6190300001,48,200512.38091,18,95980.95242000002,15,是,否,是,否,否,否,0,否,是,否,是,否,0,否,否,否,"1. 家庭關係
    1) 客戶有四個小孩，其中一個在園區工作、一個在銀行工作、一個是公務員，還有一個是秘書，收入都很高，且小孩們都很孝順，會主動幫她補鈣並與她住在一起。
    2) 客戶的兒子目前在馬來西亞工作，職位是工程師，薪水以美金計算，另一個兒子在大陸工作，近期出差。
    3) 客戶的孫女曾進行牙齒矯正，並已拆掉矯正器。
    4) 客戶與家人住在一起，家人住得很近，方便回家吃飯。
    5) 客戶的先生已退休，曾從事物業工作，現因天氣炎熱待在家中。

2. 健康狀況
    1) 客戶有高血壓，需每天服用藥物，並有脂肪肝和B肝，醫生表示情況穩定，無需特別處理。
    2) 客戶有腰椎痠痛、膝蓋和腳踝不適，可能是退化性關節炎，並曾接受物理治療和推拿。
    3) 客戶有乾眼症，眼睛容易疲勞，並有老化問題，需使用眼藥水和魚油。
    4) 客戶曾因跌倒導致疼痛，進行檢查後無大礙，但仍需休養。
    5) 客戶有胃食道逆流、過敏、牙齦痛等問題，並曾接受中醫治療。
    6) 客戶提到胸部拉傷、手麻、頭痛等症狀，並擔心疫情影響健康。

3. 職業背景
    1) 客戶目前沒有上班，曾因年輕時工作過度導致職業病。
    2) 客戶的先生曾從事物業工作，後因健康和天氣原因退休。

4. 健康食品使用心得
    1) 客戶每天服用多種保健食品，包括魚油、葉黃素、幹細胞產品等，對部分產品效果表示滿意，但也提到有些產品效果不明顯。
    2) 客戶對益生菌、三得利固力申等產品有正面評價，認為疼痛有所改善。
    3) 客戶對減重類產品效果存疑，曾使用多種產品但效果不佳。
    4) 客戶對粒線體產品、酵素液等表示效果一般，對果凍型保健食品不感興趣。
    5) 客戶認為保健食品應該有用才會購買，並表示不想再吃太多種類。

5. 禁忌
    1) 客戶不喜歡甜食、果凍型保健食品及褐藻產品，並有忌食麵包和牛肉的習慣。
    2) 客戶不喜歡打針，對瘦身針的副作用感到擔憂。
    3) 客戶對某些國外保養品過敏，認為不適合台灣人體質。
    4) 客戶不希望送貨到家，偏好超商取貨，並要求送貨前提前聯絡。",1
22847349,男,50.0,高雄市梓官區,Z,雙魚座,8422,否,是,否,否,否,否,是,否,247322.66684,148,114795.23826999994,106,6251.42857,3,3771.42857,1,0.0,0,19771.42857,2,19771.42857,2,3771.42857,1,3771.42857,1,0.0,0,是,否,否,否,否,否,0,否,否,否,否,否,0,否,否,否,"1. 家庭關係
    1) 已婚，結婚20年，有一個20歲的孩子。
    2) 孩子目前仍在讀書。
    3) 客戶是客家人，來自苗栗。

2. 健康狀況
    1) 客戶目前有在服用益生菌。
    2) 客戶沒有服用葉黃素，並表示自己沒有需要。
    3) 客戶很少使用保養品，仅在洗臉后使用一种霜。

3. 職業背景
    1) 客戶目前正在上班，無法接聽太久電話。

4. 健康食品使用心得
    1) 客戶已經使用產品四天，早上空腹吃了兩顆產品。
    2) 客戶目前是自己先試用產品，尚未讓其妻子使用。

5. 禁忌
    1) 客戶表示現在購買的保健品不敢帶回家，因為擔心被妻子發現。
    2) 客戶上次購買東森的活泉產品時曾被妻子責罵。",1
22850939,男,60.0,苗栗縣頭份市,B,白羊座,8421,否,是,是,否,否,是,是,否,983417.28575,296,395681.9047599999,76,85187.61906,19,75253.33334,13,0.0,0,422816.19045,69,298816.19045999995,23,71273.33333,10,67482.85714000001,8,0.0,0,是,否,是,否,否,否,0,否,否,否,是,否,1,是,否,否,"1. 家庭關係
    1) 客戶提到父母親不在一起。
    2) 客戶有一個姐姐，姐姐是藥劑師，對某些產品不感興趣。
    3) 客戶有一個女兒，是職業軍人，將於下個月升士官。
    4) 客戶提到與家人同住，並有一個小孩。
    5) 客戶的哥哥曾有健康問題，但已是過去的事情。

2. 健康狀況
    1) 客戶表示身體健康，無三高問題，血壓正常，僅眼睛有些不適，體檢結果顯示眼睛有紅字。
    2) 客戶曾確診過，但目前身體健康，無不適或需求。
    3) 客戶容易感到酸痛，平時有運動，但運動量不足，增加運動後身體狀況改善。
    4) 客戶體重控制良好，無啤酒肚，身材很好。
    5) 客戶提到自己是燥熱體質，無排便問題，吸收能力良好。
    6) 客戶認為身體有自我調節機制，營養應以食物為主，偶爾補充營養品，過度補充可能導致身體功能萎縮。

3. 職業背景
    1) 客戶目前在工作，工作時間為下午一點到晚上九點半，平時工作繁忙，週六通常也需上班。
    2) 客戶提到自己曾是教徒。

4. 健康食品使用心得
    1) 客戶曾服用維他命B群，但因過量導致身體敏感，停用後改善，偶爾補充B群和綜合維他命。
    2) 客戶曾購買葉黃素，感覺效果不明顯，僅特定品牌PL有些許效果。
    3) 客戶曾服用幹細胞產品，感覺精神有所提升，但尚未每天服用。
    4) 客戶曾購買膠原飲、魚油、乳清蛋白等保健食品，但對某些產品效果不明顯，對新產品持觀望態度。
    5) 客戶認為健康食品應有認證，對未經認證的產品持懷疑態度。
    6) 客戶認為健康食品僅為補充，應搭配運動和健康飲食，健康人不需過多補充。
    7) 客戶表示不會購買第一代產品，偏好技術成熟的後續版本。
    8) 客戶曾使用清冠一號，對台鹽產品感興趣，並考慮購買葉黃素和乳清蛋白。

5. 禁忌
    1) 客戶不能吃玉荷包，認為某些食品可能對腎臟造成負擔。
    2) 客戶不吃海鮮，認為不乾淨且腥味無法接受。
    3) 客戶不吃牛小排，但會吃牛肉麵，曾嘗試重新吃牛肉但感到麻煩。
    4) 客戶不吃某些保健食品，因為會導致痘痘或上火。
    5) 客戶不喜歡太甜的巧克力、白色衣服、某些精油味道及軟軟的燕窩產品。",1
22851891,女,52.0,台中市西屯區,C,摩羯座,8420,否,是,否,否,否,是,是,是,379878.1905,174,113431.42860000004,86,40110.476200000005,22,17207.619059999997,16,6340.0,5,113431.4286,86,113431.4286,86,40110.476200000005,22,17207.619059999997,16,6340.000000000001,5,否,否,是,否,否,否,0,否,否,是,否,否,0,否,否,否,,1
22869280,女,64.0,高雄市橋頭區,D+,射手座,8412,否,否,否,否,否,是,是,否,79124.33335999999,32,17840.00002,10,15279.04764,8,1980.95238,1,6955.23811,4,5550.47619,4,4638.095240000001,2,2838.09524,1,0.0,0,2838.09524,1,否,否,是,否,否,否,0,否,否,否,否,否,0,否,否,否,,1
22876900,女,50.0,彰化縣埔鹽鄉,D,白羊座,8408,否,否,否,否,否,是,是,否,37972.80953,18,5770.476200000001,3,1046.66667,1,0.0,0,0.0,0,3884.76191,2,3884.76191,2,1046.66667,1,0.0,0,0.0,0,否,否,是,否,否,否,0,否,否,否,否,否,0,否,否,否,,1
22891485,女,51.0,新北市汐止區,D+,摩羯座,8401,否,否,是,否,否,是,是,是,1694732.0475500005,569,94280.00003999996,50,19542.85715,7,10401.90476,2,6725.71429,3,30859.99999,12,30859.99999,12,17127.61905,5,10401.90476,2,6725.71429,3,否,否,是,否,否,否,1,否,否,否,否,否,0,否,否,否,"1. 家庭關係
    1) 客戶的家庭成員包括先生和兒子，兒子目前就讀高二。
    2) 客戶表示全家人都有服用魚油，包括兒子和先生。

2. 健康狀況
    1) 客戶膝蓋痠痛嚴重，可能因年紀增長導致關節退化，且工作需要頻繁使用膝蓋。
    2) 客戶曾因跌倒導致脊椎受傷，進而開始退化。
    3) 客戶有過敏問題，包括鼻子敏感和皮膚癢，並有便秘的困擾，益生菌對此有幫助。
    4) 客戶目前正在助眠，並有使用膝蓋保健食品。

3. 職業背景
    1) 客戶表示自己做生意，白天上班較忙，下午時間較適合接電話。
    2) 客戶是東森的二十年以上會員，退貨率幾乎為零，低於2%。

4. 健康食品使用心得
    1) 客戶每天服用益生菌顆粒，效果不錯，特別是改善排便問題，且不會引起肚子絞痛，有時一天會吃到三包。
    2) 客戶曾使用粉狀益生菌，需食用兩三包才有感覺，並表示某款益生菌包裝為藍色，效果良好。
    3) 客戶每天服用龜鹿膠囊，早上兩顆，傍晚兩顆，並有使用龜鹿雙寶產品，但不敢喝濃縮罐裝版本。
    4) 客戶有服用三得利的膝蓋保健食品，並計劃嘗試含胜肽和龜鹿成分的保健食品。
    5) 客戶曾購買白蘭氏魚油產品，但尚未開始服用，並表示全家人都有使用。
    6) 客戶曾購買台酒生技的酒粕無痕彈潤特潤霜，每天早上使用，感覺不黏且吸收良好。
    7) 客戶曾購買醫結合的保健食品，但因味道不佳不太敢喝。
    8) 客戶曾購買白蘭氏的葉黃素顆粒，但尚未食用。
    9) 客戶曾訂購華陀的益生菌，表示益生菌是給家人使用的。
    10) 客戶決定訂購一組膠原蛋白飲品以嘗試效果。

5. 禁忌
    1) 客戶表示不使用化妝品，並不需要通知美妝保養品的活動資訊。
    2) 客戶對補骨胜肽產品沒有興趣。",1
22895835,女,75.0,基隆市七堵區,Z,摩羯座,8399,否,否,是,否,否,否,是,否,215462.1904,110,9128.57142,3,9128.57142,3,9128.57142,3,0.0,0,106218.09520999998,20,9128.57142,3,9128.57142,3,9128.57142,3,0.0,0,否,否,是,否,否,否,0,否,否,否,否,否,0,否,否,否,"1. 家庭關係
    1) 客戶有一個兒子，兒子有三個女兒，客戶總共有九個孫子。
    2) 客戶幫忙照顧小孩多年，過年期間通常待在家裡，未外出旅遊。
    3) 客戶提到家人曾患肺炎。

2. 健康狀況
    1) 客戶有過敏問題，持續看醫生檢查，但過敏源尚未明確。
    2) 客戶很少看醫生，感冒時通常自行購買藥物。
    3) 客戶不敢吃肉，主要以青菜為主食。
    4) 客戶曾服用幹細胞產品，服用後皮膚有反應，已服用一個多月，花費四五千元。

3. 職業背景
    1) 客戶目前在工廠工作，並提到最近在工地工作感到煩躁。
    2) 客戶曾在醫院工作超過二十五年。

4. 健康食品使用心得
    1) 客戶曾購買並服用多種保健食品，包括蚓激酶、磷蝦油、魚油、葉黃素、骨鈣、鴕鳥精、苦瓜胜肽及幹細胞產品，主要用於心血管保健。
    2) 客戶表示過去大量購買保健食品，但現在很少購買，因為擔心吃不完會過期。
    3) 客戶習慣團購保健品，並提到東森的魚油產品濃度高且顆粒小，對其印象良好。
    4) 客戶曾收到玫顏飲作為禮品，無需額外付費。
    5) 客戶提到以前的幹細胞產品效果更好。

5. 禁忌
    1) 客戶不敢吃肉，主要以青菜為主食。
    2) 客戶目前個人不方便接受送貨。",1
22898388,男,76.0,高雄市鳳山區,D,巨蟹座,8398,否,否,否,否,否,否,是,否,581569.9999899999,92,57201.904760000005,10,1521.90476,2,0.0,0,0.0,0,469925.61904,63,57201.90476,10,1521.90476,2,0.0,0,0.0,0,否,否,否,否,否,否,0,否,否,否,否,是,0,否,否,否,"1. 家庭關係
    1) 客戶有一個兒子和孫子，他們已經搬出去住並且買了房子。
    2) 客戶提到媳婦曾經去買衛生紙。
    3) 客戶提到姐姐有在吃葉黃素。

2. 健康狀況
    1) 客戶有糖尿病病史，已經持續二十年，血糖偏高，糖化血色素接近12（最近一次測量為三個月前）。
    2) 客戶目前服用醫院開的藥物控制血糖，但不敢打胰島素，並表示苦瓜膠囊對血糖沒有明顯效果。
    3) 客戶有過敏性蕁麻疹，醫生診斷為過敏體質。
    4) 客戶有膝蓋問題，並固定服用一種白色的膝蓋保健品。
    5) 客戶有坐骨神經痛，並進行復健和按摩來緩解症狀。
    6) 客戶提到自己年紀大了，形容自己老了。

3. 職業背景
    1) 客戶已經退休，平時不會在假日外出。
    2) 客戶在家裡從事加工工作。

4. 健康食品使用心得
    1) 客戶每天服用苦瓜胜肽和蚓激酶，並表示苦瓜膠囊對血糖沒有明顯效果。
    2) 客戶有在服用葉黃素進行保養，但認為葉黃素產品價格偏高，且目前葉黃素尚未吃完。
    3) 客戶有服用銀保善存綜合維他命，已經持續服用二十年。
    4) 客戶曾經吃過活泉，但出現過敏性蕁麻疹，後來將剩餘的活泉送給朋友。
    5) 客戶每天吃兩顆保健食品，並且不敢吃贈品。

5. 禁忌
    1) 客戶不吃水果，且飲食量較少，但在外用餐時不太控制飲食。
    2) 客戶可能是過敏體質，對某些保健食品（如活泉）可能會引發過敏反應。",1
22899545,女,56.0,台中市北屯區,A,雙子座,8398,否,否,是,是,否,是,是,否,151469.47621,45,82525.71431,12,74397.14287000001,9,68095.2381,5,5676.19048,1,79428.57144,7,79428.57144,7,73771.42858,6,68095.2381,5,5676.19048,1,否,否,是,否,否,否,0,否,否,否,否,否,0,否,否,否,"1. 家庭關係
    1) 客戶目前獨居，家中沒有公公、婆婆、爸爸、媽媽，也沒有小孩。
    2) 客戶提到媽媽已經過世，家中沒有供奉佛像，也不參與宗教相關活動。

2. 健康狀況
    1) 客戶有眼睛視力不好的問題，並有服用葉黃素來保養眼睛。
    2) 客戶提到呼吸道、鼻腔和支氣管狀況不太好，這是長期問題，並且住在空氣品質不佳的台中。
    3) 客戶有習慣性生病的情況，並提到今天人不舒服且大腦當機。
    4) 客戶有熬夜的習慣。

3. 職業背景
    1) 客戶目前有工作，工作時間為早上八點半到下午五點，中午有一小時休息時間。
    2) 客戶在六日通常待在家裡處理家務。

4. 健康食品使用心得
    1) 客戶有服用葉黃素，主要用於保養眼睛健康，但有時會忘記吃，目前家中和公司都有存放葉黃素，家裡吃完會去公司拿。
    2) 客戶曾購買過葉黃素、益生菌、療肺草及粒線體相關產品，但對粒線體產品未感受到明顯效果。
    3) 客戶認為保健食品不是天然食品，吃多了可能會有不好的影響，因此很少吃保健食品，主要針對眼睛健康。
    4) 客戶有時候會忘記喝粒線體保健品，通常早上飲用，若早上沒喝則改到晚上。
    5) 客戶提到專員建議她將療肺草含在嘴裡食用，但她直接飲用，未按照建議方式。

5. 禁忌
    1) 客戶不吃益生菌和鈣片。
    2) 客戶對幹細胞產品沒有興趣，認為某些產品價位過高且對效果表示懷疑。
    3) 客戶目前沒有在化妝，因此不需要購買化妝品。",1
22905294,男,65.0,彰化縣社頭鄉,B,雙魚座,8396,是,否,否,否,否,是,是,否,356563.66666,151,108826.66667,13,99712.38095,8,98664.76189999998,5,0.0,1,108404.7619,11,105197.14286,7,99520.95238,6,98664.76189999998,5,0.0,0,是,否,否,否,否,否,1,否,否,否,否,否,0,否,否,否,"1. 家庭關係
    1) 客戶有孫子。
    2) 客戶曾提到母親節，但未提供具體資訊。

2. 健康狀況
    1) 客戶65歲，身高約171公分，體重約80公斤，偶爾運動。
    2) 客戶有高血壓，但目前不常服用高血壓藥，僅在血壓高時服用，並每三到五天量一次血壓。
    3) 客戶日夜顛倒，從事夜班工作，睡眠時間較少，但已習慣此作息。
    4) 客戶目前有在服用魚油、瑪卡、NMN、牛樟芝等保健食品，並提到一天吃兩粒幹細胞產品，睡前服用。
    5) 客戶提到目前有很多補骨產品和益生菌，但不確定該如何使用。

3. 職業背景
    1) 客戶已退休，現從事保全工作，主要為夜班，工作時間為晚上七點到隔天早上七點半，已工作一年多。
    2) 客戶以前在某公司工作了約28至30年，期間曾被挖角到大陸工作三年多，後來又回到原公司工作，並於61歲時退休。
    3) 客戶在55歲時可領取退休金，但選擇在61歲時才開始領取。
    4) 客戶對於之前工作的公司內部人事問題感到不滿，認為公司內部人員管理存在問題。

4. 健康食品使用心得
    1) 客戶目前有在服用魚油，已經吃了半年，且魚油是以一小包一小包的形式。
    2) 客戶提到目前有在服用瑪卡、NMN、牛樟芝等保健食品，並表示一天吃兩粒幹細胞產品，睡前服用。
    3) 客戶表示目前手邊有很多保健品，但有些未使用，暫時不需要購買新的產品。
    4) 客戶提到自己買了很多保健品，但都沒有再使用。
    5) 客戶表示目前有在吃一些東西來保健身體。

5. 禁忌
    1) 客戶對紅麴類的納豆和苦瓜胜肽等產品沒有興趣。
    2) 客戶提到目前不需要購買新的保健產品。",1
22905616,女,55.0,台中市大里區,Z,金牛座,8395,否,否,否,是,否,是,否,否,102982.09524,57,6103.80953,6,6103.80953,6,0.0,0,2647.61905,2,3590.47619,2,2647.61905,1,2647.61905,1,0.0,0,2647.61905,1,否,否,是,否,否,否,1,否,否,否,否,否,0,否,否,否,,1
22914140,男,57.0,彰化縣員林市,D+,天蠍座,8392,否,否,否,否,否,否,是,否,50569.52382,10,9056.19048,4,5657.14286,2,5657.14286,2,0.0,0,19113.33334,6,9056.19048,4,5657.14286,2,5657.14286,2,0.0,0,否,否,否,否,否,否,0,否,否,否,否,否,0,否,否,否,,1
22918914,女,69.0,南投縣南投市,D,處女座,8390,否,否,是,是,否,是,是,否,126642.38097,66,41866.66666,29,18843.809519999995,13,5931.42857,4,4064.7619,2,73141.90475,24,24249.52381,14,5931.42857,4,5931.42857,4,0.0,0,否,否,否,否,否,否,0,否,否,否,否,否,0,否,否,否,"1. 家庭關係
    1) 客戶有一位先生，先生健康狀況不佳，且不喜歡吃膠囊。
    2) 客戶有一位兒子，在藥廠擔任工程師。
    3) 客戶提到家人不喜歡她與他人交談。
    4) 客戶提到小孩目前正在日本旅遊。
    5) 客戶表示家裡有人正在升級設備。
    6) 客戶提到家裡正在進行裝潢，並購買了新房子。

2. 健康狀況
    1) 客戶平時較少曬太陽，因此有補充維生素D。
    2) 客戶有眼睛乾澀的情況，會服用葉黃素保健。
    3) 客戶有在服用抗發炎產品，包含含有山竹果的飲品。
    4) 客戶表示不能吃太燥熱的東西，曾覺得台鹽的產品太燥熱。
    5) 客戶提到經濟狀況不佳，花費較多，無法再購買更多產品。

3. 職業背景
    1) 客戶目前無提及具體職業，但提到經常在外辦事情。
    2) 客戶提到她經常不在家，並且一般處於待機狀態。

4. 健康食品使用心得
    1) 客戶曾購買並食用過多種保健食品，包括三得利秘魯可納、福停保健品、葉黃素、維生素D、魚油、B群、益生菌、台鹽產品、陳美鳳代言的補骨胜肽產品、妍美会產品、自然美的時空膠囊等。
    2) 客戶目前家中囤積了多種保健食品，包括益生菌、葉黃素、維生素D等，並表示不想再購買新的產品。
    3) 客戶對葉黃素的使用有一定心得，通常一天吃一顆，眼睛乾澀時會吃兩顆。
    4) 客戶不喜歡膠囊形式的保健食品，先生也不喜歡。
    5) 客戶有在使用益生菌，主要是為了日常保養，並與先生一起使用。
    6) 客戶對某些運動相關產品不滿意，曾考慮退貨。
    7) 客戶經常在東森購物和momo購物平台購買商品。

5. 禁忌
    1) 客戶不能吃太燥熱的東西，曾覺得台鹽的產品太燥熱。
    2) 客戶不喜歡膠囊形式的保健食品。",1
22922035,女,61.0,台北市中山區,Z,雙魚座,8388,否,否,否,否,否,是,是,否,371770.5234699999,102,10037.14285,4,5294.28571,3,3884.7619,2,0.0,0,2742.85714,1,2742.85714,1,2742.85714,1,2742.85714,1,0.0,0,否,否,否,是,否,否,0,否,否,否,否,否,0,否,否,否,"1. 家庭關係
    1) 未提及家庭相關資訊。

2. 健康狀況
    1) 客戶年齡為60歲，健康狀況未明確提及。

3. 職業背景
    1) 客戶目前正在上班。

4. 健康食品使用心得
    1) 客戶曾購買葉黃素和益生菌產品，對健康食品有一定的興趣。
    2) 客戶詢問益生菌品牌，得知是華陀品牌後決定試用一組益生菌產品。

5. 禁忌
    1) 未提及任何健康食品或生活習慣的禁忌。",1
22927854,女,51.0,台中市北屯區,D+,金牛座,8385,否,否,是,否,否,否,是,否,39422.476200000005,21,14641.90477,6,7217.14286,3,7217.14286,3,0.0,0,4379.04762,2,4379.04762,2,4379.04762,2,4379.04762,2,0.0,0,否,否,是,否,否,否,0,否,否,否,否,否,0,否,否,否,,1
22929500,女,57.0,台中市西屯區,D+,水瓶座,8385,否,否,否,否,否,是,是,否,1136670.7617599997,467,41476.19048,9,32749.52381,4,28380.95238,1,3516.19048,1,41229.95238,6,32658.09524,3,32658.09524,3,28380.95238,1,3516.19048,1,否,否,是,是,否,否,0,否,否,否,否,否,0,是,否,否,"1. 家庭關係
    1) 客戶有兩個小孩。
    2) 客戶提到可能會詢問姐姐是否有購買意願。

2. 健康狀況
    1) 客戶表示需要增胖。
    2) 客戶有在使用其他品牌的葉黃素進行補充，並由小朋友幫忙準備。
    3) 客戶提到她有在吃芝麻粉及骨頭關節保養的產品，但不清楚具體品牌。
    4) 客戶提到過去家人或朋友有購買過需要沖泡的龜鹿精產品。
    5) 客戶目前不需要益生菌，且沒有吃益生菌的習慣。

3. 職業背景
    1) 客戶的上班時間是早上八點到下午五點。
    2) 客戶表示下班後不一定會煮飯，偶爾會煮。

4. 健康食品使用心得
    1) 客戶曾購買過妍美会品牌的顧眼睛產品和益生菌。
    2) 客戶之前購買過安瓶，使用情況還好。
    3) 客戶經常在東森網路上訂購商品，並且是東森購物的VIP會員，已超過20年。
    4) 客戶有在吃芝麻粉，並同意扣芝麻分進行購買。

5. 禁忌
    1) 客戶目前不需要益生菌，且沒有吃益生菌的習慣。
    2) 客戶目前沒有考慮購買第二組產品。",1
22937164,女,55.0,澎湖縣馬公市,D+,天秤座,8382,否,否,是,否,否,否,是,否,120854.38096,37,47875.23808,11,16084.7619,3,13246.66666,2,0.0,0,28867.61905,3,22581.90476,2,10581.90476,1,10581.90476,1,0.0,0,否,否,是,否,否,否,0,否,否,否,否,否,0,否,否,否,"1. 家庭關係
    1) 客戶有孩子，並提到孩子可能無法接受魚油。
    2) 客戶提到會推薦東森自然美的服務給澎湖的家人或親友。

2. 健康狀況
    1) 客戶曾經購買過蚓激酶產品。
    2) 客戶提到她有喝過口服安瓶，並已喝完。
    3) 客戶提到她加購了珍珠粉，但感覺效果不明顯。
    4) 客戶提到孫藝珍代言的產品效果很好，但價格昂貴。
    5) 客戶今天早上空腹喝了三百到五百cc的水。

3. 職業背景
    1) 客戶目前正在上班，並提到她正在接小孩。
    2) 客戶表示目前沒有上網購物的習慣。

4. 健康食品使用心得
    1) 客戶曾購買過玻尿酸口服安瓶，並提到去年購買的玻尿酸是60毫克的版本。
    2) 客戶曾購買過珍珠粉，但感覺效果不明顯。
    3) 客戶曾購買過口服安瓶，並已喝完。
    4) 客戶考慮購買果凍狀的葉黃素產品，因孩子可能無法接受魚油。

5. 禁忌
    1) 客戶對於購買東森自然美的洗髮精表示先不用。
    2) 客戶提到她平常沒有按摩或美容保養的習慣，但對東森自然美的服務有興趣。",1
22940201,女,54.0,桃園市平鎮區,Z,獅子座,8381,否,否,否,否,否,否,是,否,281437.57142000005,83,35629.52379,16,3885.71429,1,3885.71429,1,0.0,0,169426.66668,31,19439.04761,6,3885.71429,1,3885.71429,1,0.0,0,否,否,否,否,否,否,0,否,否,否,否,否,0,否,是,否,"1. 家庭關係
    1) 客戶與姐姐一起分食保健食品。
    2) 客戶目前租房子居住，住處安全性較高且管理良好。

2. 健康狀況
    1) 客戶有代謝不良及過敏問題。
    2) 使用優立立即產品後，上廁所狀況規律且無不適。

3. 職業背景
    1) 客戶上班時間無法接電話，工作時間較為忙碌。

4. 健康食品使用心得
    1) 客戶曾購買並使用益生菌產品，主要為改善代謝不良及過敏問題。
    2) 客戶對優立立即產品的使用感受良好，認為有助於改善排便規律。
    3) 客戶曾購買華陀益生菌產品，並與姐姐分食保健食品。
    4) 客戶選擇購買四瓶B群產品，每瓶60顆，折抵後價格為2396元。

5. 禁忌
    1) 客戶上次使用貨到付款方式時曾遇到詐騙問題，可能對此支付方式較為謹慎。",1
22940857,女,57.0,基隆市中山區,Z,處女座,8380,否,否,是,否,否,是,是,否,164895.52378999998,74,58621.90474000001,31,16599.04762,6,6800.0,3,9038.09524,2,61131.42852,26,26133.33329,17,1703.8095199999998,2,0.0,0,942.85714,1,否,否,否,否,否,否,1,否,否,否,否,否,0,否,否,否,"1. 家庭關係
    1) 客戶提到目前生活用品由其丈夫準備，暫時不需要額外購買。
    2) 客戶正在照顧病人，並提到其母親腳腫且住院，曾陪母親去看醫生。

2. 健康狀況
    1) 客戶曾因車禍傷及脊椎與腳踝，並接受脊椎微創手術，花費約二十幾萬，但五年後仍感到疼痛。
    2) 客戶曾進行PRP療程及幹細胞治療，但效果不佳，仍感到疼痛。
    3) 客戶有乾眼症，並曾服用京東的葉黃素，但感到口乾。
    4) 客戶表示她沒有打預防針。

3. 職業背景
    1) 未提及具體職業背景。

4. 健康食品使用心得
    1) 客戶曾服用益生菌，表示一天服用一包且直接服用而非泡水飲用，目前家中存量充足，暫時不需要再購買。
    2) 客戶曾服用京東的葉黃素，但感到口乾，目前存量充足，計劃明年再購買。
    3) 客戶曾購買過鴕鳥龜鹿精、華陀的魚油、高固力、龜鹿鈣及減肥產品，但表示效果不佳，現在已不再食用任何保健食品。
    4) 客戶提到她剛剛才購買了皮膚保養產品，並對抗皺、保濕、提拉等功能感興趣。

5. 禁忌
    1) 客戶不服用魚油，並提到抗血凝的產品不能吃。
    2) 客戶不吃顧眼睛的保健品，並表示家中還有未吃完的存貨。
",1
22954241,女,50.0,苗栗縣後龍鎮,Z,雙魚座,8374,否,否,否,否,否,是,是,否,31056.714290000007,13,18242.85714,7,6351.42857,2,3791.42857,1,2560.0,1,3791.42857,1,3791.42857,1,3791.42857,1,3791.42857,1,0.0,0,否,否,否,否,否,否,0,否,否,否,否,否,0,否,否,否,,1
22958442,女,81.0,台中市太平區,C,雙魚座,8372,是,否,是,否,否,是,是,否,613160.9046499999,306,184543.80948999996,91,42510.47619,22,17542.85714,9,6883.809520000001,4,202894.28569,41,51320.95238,10,9752.38095,3,2838.09524,1,0.0,0,否,否,否,否,否,否,0,否,否,否,否,否,0,否,否,否,"1. 家庭關係
    1) 客戶已婚，並有一位女兒。
    2) 女兒曾幫助客戶購買過幹細胞產品。

2. 健康狀況
    1) 客戶目前80歲，身體狀況良好，無腰痠背痛等問題，但有時腳會不舒服。
    2) 客戶曾滑倒導致手部受傷，並且手部骨折後仍有些不適。
    3) 客戶表示最近身體狀況有所好轉，但有時會感到酸痛。
    4) 客戶壓力較大，經濟狀況緊張。

3. 職業背景
    1) 客戶未提及具體職業，但提到每天都開車，顯示其生活仍然較為獨立。

4. 健康食品使用心得
    1) 客戶每天服用葉黃素兩顆，主要用於改善視神經修復、眼睛乾澀、老化及白內障問題，對日本妍美会的葉黃素產品有使用經驗。
    2) 客戶早上會服用膠原蛋白、青島鹿茸、葉黃素和胜肽飲品，並認為玻尿酸有助於淡斑、美白、彈潤和緊緻效果。
    3) 客戶有使用胎盤素、幹細胞產品及益生菌，益生菌主要用於調整腸道及補充好菌。
    4) 客戶曾購買過多種保健品和保養品，包括葡萄王產品、鹿茸、高麗蔘、精華霜、賦活霜、黑斑產品、美白面膜等，並對玻尿酸產品效果表示滿意。
    5) 客戶家中存有一箱蘆薈產品，並提到目前家中保養品和保健品存量充足，暫時不需要購買新的產品。

5. 禁忌
    1) 客戶表示自己吃全素。
    2) 客戶不喜歡食用瓶瓶罐罐的保健食品。",1
22959382,女,57.0,高雄市林園區,D,巨蟹座,8372,否,否,是,否,否,是,是,否,2858510.95231,1064,126708.57144999996,63,8911.42857,3,5657.14286,1,0.0,0,213627.14284,38,17732.380960000002,5,6418.09524,2,5657.14286,1,0.0,0,否,否,否,否,否,否,0,否,否,是,否,否,0,否,否,否,"1. 家庭關係
    1) 客戶曾經幫姐姐購買過產品。
    2) 客戶有時購買保健品是給家人使用。

2. 健康狀況
    1) 客戶有骨頭關節不適的情形，使用穆拉德產品後有所改善，但未完全解決。
    2) 客戶被建議綠蜂膠早上空腹吃效果最好，且晚上食用對腦神經有幫助，可改善睡眠。

3. 職業背景
    1) 無相關資訊。

4. 健康食品使用心得
    1) 客戶曾使用參鹿膠囊，花費七萬多元。
    2) 客戶有在使用善存的護眼產品，認為不同品牌的護眼產品效果大同小異。
    3) 客戶購買過葉黃素產品，認為不同品牌效果差不多，但價格較高，並曾在東森購買超過三次，後因個資問題停止購買。
    4) 客戶最近購買了另一品牌的葉黃素，可能是骨科唄，並有時會給家人使用。
    5) 客戶有時候會訂購B群產品，但目前還有未吃完的存貨，最近剛購買過新的。
    6) 客戶購買產品時會根據需要而非衝動購買，並有時使用折價券購買。
    7) 客戶知道粒線體產品，但無購買意願。

5. 禁忌
    1) 客戶被提醒葉黃素早上空腹吃效果最好，飯前飯後吃都可以。
    2) 客戶被提醒綠蜂膠早上空腹吃效果最好，一天不要超過兩顆。",1
22962297,女,46.0,高雄市鳳山區,C,射手座,8371,否,否,否,否,否,是,是,否,379371.14289,191,64580.00001000001,30,21795.2381,16,18986.66667,14,2371.42857,1,30955.238099999995,15,30955.2381,15,13831.428579999996,12,13394.285720000002,11,0.0,0,否,否,是,否,否,否,0,否,否,否,否,否,0,否,否,否,"1. 家庭關係
    1) 客戶提到家人有需要苦瓜胜肽產品，並與家人商量是否購買。
    2) 客戶提到家人有另外購買銀保善存產品。
    3) 客戶表示家裡面的人有需要時才會聯絡。

2. 健康狀況
    1) 客戶目前有在服用B群，每天一顆。
    2) 客戶表示目前沒有在吃益生菌，但之前購買過含600億活菌的顆粒軟膠囊益生菌產品。
    3) 客戶表示魚油對她來說需求不大。
    4) 客戶有使用燕窩成分的醫美級面膜。

3. 職業背景
    1) 客戶目前表示有點忙，並提到有網路時可以查看訊息。
    2) 客戶表示如果有需要保養品會先傳訊息給專員再約時間。

4. 健康食品使用心得
    1) 客戶曾經購買過苦瓜胜肽產品，但表示該產品是家人需要的。
    2) 客戶有購買過挺立鈣，並希望重新下單。
    3) 客戶之前在實體藥局購買過銀保善存產品，目前暫時不需要再購買。
    4) 客戶對益生菌產品有一定了解，曾購買過含600億活菌的顆粒軟膠囊。
    5) 客戶對魚油產品沒有特別需求。

5. 禁忌
    1) 客戶表示需要指定時間送貨。
    2) 客戶表示晚一點有空再查看防曬產品資訊。",1
22981395,男,57.0,宜蘭縣宜蘭市,Z,雙子座,8362,否,否,否,否,否,否,是,否,144455.66661,49,32466.66667,2,32466.66667,2,28380.95238,1,0.0,0,28760.95238,2,28380.95238,1,28380.95238,1,28380.95238,1,0.0,0,否,否,否,否,否,否,0,否,否,否,否,否,0,否,否,否,,1
22984581,女,65.0,澎湖縣馬公市,D,獅子座,8361,否,否,否,否,否,是,否,否,480896.95241,126,23723.80953,7,2837.14286,2,0.0,0,951.42857,1,951.42857,1,951.42857,1,951.42857,1,0.0,0,951.42857,1,否,否,是,否,否,否,0,否,否,否,否,否,0,否,否,否,"1. 家庭關係
    1) 客戶目前家中只有一個人在家，且她目前獨自一人。

2. 健康狀況
    1) 客戶提到有腸息肉相關問題。
    2) 客戶有在使用葉黃素。

3. 職業背景
    1) 客戶年齡為65歲，具有醫療相關背景。
    2) 客戶為藥局的自營業者，藥局非連鎖性質，且中午休息時間較少。
    3) 客戶提到她正在開設新的藥局。

4. 健康食品使用心得
    1) 客戶表示家中有葉黃素，且自己有在使用。
    2) 客戶目前使用青草產品。

5. 禁忌
    1) 客戶不常在外購買保養品和魚油，因為這些產品她的藥局已有供應。
    2) 客戶對某些產品不感興趣，因為她的藥局內已經有類似的產品。
    3) 客戶尚未使用購買的洗髮精，因為她的新開藥局的原料尚未用完。
    4) 客戶表示藥局會贈送她洗面乳，因此不需要購買。",1
22984664,女,69.0,苗栗縣頭份市,D,水瓶座,8361,否,否,否,否,否,是,否,否,54475.66666,32,6996.190480000001,7,4808.57143,4,0.0,0,1587.61905,2,4062.85714,3,1712.38095,2,951.42857,1,0.0,0,951.42857,1,否,否,是,否,否,否,0,否,否,否,否,否,0,否,否,否,,1
22985431,女,51.0,宜蘭縣宜蘭市,D,雙魚座,8361,否,否,是,否,否,是,是,否,138921.90478,61,17037.14285,15,5361.90476,5,2932.38095,3,2429.52381,2,6227.61905,2,570.47619,1,570.47619,1,570.47619,1,0.0,0,否,否,否,否,否,否,0,否,否,否,否,否,0,否,否,否,,1
22992203,男,55.0,新北市鶯歌區,Z,摩羯座,8358,否,否,是,否,是,否,是,否,62661.0476,31,20724.76188,8,18839.0476,6,16010.47618,3,0.0,0,14868.57142,2,14868.57142,2,14868.57142,2,14868.57142,2,0.0,0,否,否,否,否,否,否,0,否,否,否,否,否,0,否,否,否,"1. 家庭關係
    1) 客戶目前與家人住在一起，因生病後需要照顧。

2. 健康狀況
    1) 客戶因血壓過高導致腦血管爆裂而中風，錯過黃金治療期，半年內躺在床上不能動，導致神經受損，右手和右腳不方便，無法拿東西或寫字，也無法提重物。
    2) 客戶目前正在進行復健，並定期到醫院看診，每三個月回診腦神經科醫生進行檢查，已持續三年。
    3) 客戶目前服用降血壓藥，並同時接受中醫和西醫的治療。
    4) 客戶曾有三高問題，但目前已改善，數據都標準。
    5) 客戶以前體重曾達到90至100公斤，目前已減重。
    6) 客戶表示目前走路有改善，膝蓋比較不會痛，感覺效果不錯。
    7) 客戶希望身體能恢復到以前的狀態，能正常走路和騎腳踏車。
    8) 客戶目前身體有比較多小問題，可能包括疑難雜症。

3. 職業背景
    1) 客戶以前同時兼職三份工作，包括快遞、學校保全和麥當勞大夜班。
    2) 客戶目前已經沒有工作，現在在家休養。

4. 健康食品使用心得
    1) 客戶以前有服用B群和葉黃素作為保健品，但在兩三年前生病後停止購買。
    2) 客戶曾喝亞培安素，但生病後停止飲用。
    3) 客戶目前正在服用幹細胞膠囊，並認為效果良好，計劃先吃完舊版幹細胞膠囊再考慮升級版。

5. 禁忌
    1) 客戶的睡眠時間長且不固定，白天通常在睡覺，晚上睡覺時間可能在九點到一兩點之間。
    2) 客戶的服藥時間是隨機的，並非固定。",1
23005225,女,62.0,高雄市旗津區,D,天秤座,8352,否,否,否,否,否,是,否,否,142641.47618,82,24328.57144,15,7580.00001,6,0.0,0,3134.28572,2,19064.76191,5,9617.14286,3,760.95238,1,0.0,0,0.0,0,否,否,否,否,否,否,0,否,否,否,否,否,0,否,否,否,,1
23006375,女,55.0,新北市泰山區,Z,摩羯座,8352,否,否,否,否,否,是,是,是,57386.80950999999,36,38253.33332,26,9657.142849999998,8,942.85714,1,0.0,0,1885.71428,2,1885.71428,2,942.85714,1,942.85714,1,0.0,0,否,否,是,否,否,否,0,否,否,否,否,否,0,否,否,否,"1. 家庭關係
    1) 未提及家庭相關資訊。

2. 健康狀況
    1) 客戶平常有在吃葉黃素，但目前不需要購買。
    2) 客戶提到她沒有在吃B群。
    3) 客戶確認收到三盒葡萄糖胺飲。
    4) 客戶提到她有聽過粒線體相關產品。

3. 職業背景
    1) 客戶目前正在上班。
    2) 客戶提到她目前在忙，可能需要下週一中午再聯繫。

4. 健康食品使用心得
    1) 客戶表示平常有在吃葉黃素，但目前不需要購買。
    2) 客戶提到她目前沒有在使用其他品牌的膠原蛋白產品。
    3) 客戶表示膠原蛋白產品的價格偏高，需要考慮是否購買。
    4) 客戶提到膠原蛋白產品，但未明確表示平常有在使用。

5. 禁忌
    1) 客戶表示她沒有使用舒酸定牙膏。
    2) 客戶提到她目前用的東西都已經買齊了，這一陣子先不用再購買。
    3) 客戶表示續存量都還有，暗示她可能已經擁有相關產品。
",1
23006720,女,54.0,高雄市鳥松區,D,獅子座,8351,否,否,否,否,否,是,是,否,60363.85714,42,6204.76191,8,1140.95238,2,1140.95238,2,0.0,0,6072.38095,5,2281.90476,4,1140.95238,2,1140.95238,2,0.0,0,否,否,否,否,否,否,0,否,否,否,否,否,0,否,否,否,,1
23009792,女,57.0,台北市中正區,D,白羊座,8350,是,否,否,否,否,是,是,否,18108.14284,16,6462.85713,10,1710.47619,3,1140.95238,2,0.0,0,3024.7618999999995,5,3024.7618999999995,5,1140.95238,2,1140.95238,2,0.0,0,否,否,否,否,否,否,0,否,否,否,否,否,0,否,否,否,,1
23012682,女,79.0,台北市松山區,D+,射手座,8349,否,是,是,否,否,是,是,否,665685.38097,238,85680.00001000003,35,34160.95239,12,20931.42858,4,6642.85714,3,262333.33334,52,29902.85715,5,18093.33334,3,18093.33334,3,0.0,0,否,否,是,否,否,否,1,否,否,否,否,否,0,否,否,否,"1. 家庭關係
    1) 客戶需要照顧家人。
    2) 客戶目前參加教會活動。

2. 健康狀況
    1) 客戶有血壓相關問題。
    2) 客戶的膝蓋和脊椎骨因年輕時工作受損，老年後感到不適，曾接受整骨治療並有改善。

3. 職業背景
    1) 客戶目前已退休。
    2) 客戶曾參加過政府或社區舉辦的活動，例如語言班或運動課程。

4. 健康食品使用心得
    1) 客戶目前有很多葉黃素尚未吃完，因為她是一個人使用，消耗速度較慢。
    2) 客戶曾購買幹細胞膠囊、華陀的龜鹿產品、補骨胜肽護關節產品、修復乳及德國進口的維生素D3發泡錠，但因保健品過多，部分尚未使用完畢。
    3) 客戶目前暫時不需要其他保健品，例如葉黃素或益生菌。

5. 禁忌
    1) 客戶對網路購物有顧慮，曾因誤點網路廣告被扣款，對此感到害怕並避免使用相關平台。
    2) 客戶目前經濟狀況不佳，沒有收入，對購買大額商品較為謹慎，並計劃更換冷氣和冰箱，但因額度不高尚未完成購買。",1
23018839,女,75.0,嘉義市,Z,摩羯座,8346,否,否,是,否,否,是,是,否,167737.90480999998,113,56052.38098000001,37,11313.33333,7,4723.80953,2,0.0,0,1711.42857,3,1711.42857,3,760.95238,1,0.0,0,0.0,0,否,否,是,否,否,否,0,否,否,否,否,否,0,否,否,否,"1. 家庭關係
    1) 未提及具體家庭成員或關係。

2. 健康狀況
    1) 客戶有筋膜炎問題，走路時會感到疼痛。
    2) 客戶目前固定在醫院看醫生。

3. 職業背景
    1) 未提及具體職業背景。

4. 健康食品使用心得
    1) 客戶每天服用保健品，早晚各2顆，共4顆，並已經食用褐藻多年。
    2) 客戶每月花費好幾萬元購買有品牌且價格昂貴的保健食品，家中保養品種類繁多，包括骨骼保健品和其他營養品。
    3) 客戶曾訂購過三罐芝麻粉的組合，並收到贈送的200克芝麻粉。

5. 禁忌
    1) 客戶不喜歡喝人蔘飲品。
    2) 客戶不習慣使用直筒型的衛生紙，並偏好蒲公英品牌的衛生紙。",1
23031805,女,87.0,桃園市龜山區,A,處女座,8341,否,否,是,是,否,是,是,是,1800849.4282999998,586,814357.1426900009,298,191186.66668,74,107007.61906,16,2647.61905,1,1153997.76184,134,492629.5237499997,73,99212.38095,12,95493.33333,10,2647.61905,1,否,否,是,否,否,否,0,否,否,否,否,否,0,否,否,否,"1. 家庭關係
    1) 客戶有兩個兒子和一個孫女，孫女目前一年級，週末會回家。
    2) 客戶家中有三個人會一起吃保健品，家裡還有一隻寵物狗，會帶去寵物醫院檢查和洗澡。
    3) 客戶的先生曾在台北榮總看腎臟問題，並認識護理長。
    4) 客戶的女兒在長榮航空工作，已經工作四五年。
    5) 客戶家裡有三個兒子，其中一個兒子已婚並有雙胞胎。

2. 健康狀況
    1) 客戶有糖尿病，血糖控制在110至130之間，並定期測量血糖和血壓，三高指數已正常。
    2) 客戶有骨質疏鬆問題，膝蓋和腳部不適，右腳膝蓋下方疼痛，需使用拐杖或輪椅。
    3) 客戶有脂肪肝，胃部發炎、痔瘡、白內障、食道癌和咽喉癌等健康問題，並有腎臟問題。
    4) 客戶有睡眠品質不佳的情況，晚上睡眠時間短，偶爾需要服用安眠藥。
    5) 客戶有時候健忘，並提到自己年紀大了，走路不便，臉色差，擔心外出會昏倒。

3. 職業背景
    1) 客戶未提及具體職業背景，但提到年紀大了，通常自己處理事情，除非無法行動才會請小孩幫忙。
    2) 客戶曾參加公司舉辦的座談會，並提到公司請客的情況。

4. 健康食品使用心得
    1) 客戶每天服用多種保健食品，包括益生菌、葉黃素、紅麴、蚓激酶、膳食纖維膠囊、幹細胞產品等，並對部分產品效果表示滿意。
    2) 客戶認為益生菌有助於腸胃健康，紅麴有助於體重控制，果凍產品有飽足感且能抑制食慾。
    3) 客戶對某些保健食品如龜鹿二仙膠和苦瓜胜肽的味道不滿意，並表示不再購買。
    4) 客戶對保健食品的效果有期待，但目前家中存貨過多，暫時不需要再購買。

5. 禁忌
    1) 客戶不喜歡吃腥味重的豬肉、肉鬆、某些食品和外食，偏好簡單飲食。
    2) 客戶不能喝人參類的飲品，認為燥熱食品不適合自己。
    3) 客戶避免晚上喝咖啡，因為會影響睡眠。
    4) 客戶不喜歡穿毛線衣和太緊的衣服，偏好寬鬆的服裝。",1
23036812,男,57.0,雲林縣虎尾鎮,D,處女座,8339,否,否,否,否,否,是,是,否,208074.23812,40,42376.19048,16,17053.333329999998,6,12760.95238,2,1894.28571,2,75416.19047,15,40196.19047,12,16264.7619,5,12760.95238,2,1894.28571,2,否,否,是,否,否,否,0,否,否,否,否,否,0,否,否,否,"1. 家庭關係
    1) 客戶有三個孩子，且都尚未結婚。
    2) 客戶的女兒會回家探望。
    3) 客戶提到兒子曾經購買過許多物品回家。
    4) 客戶的老婆有使用淡斑產品。

2. 健康狀況
    1) 客戶有顧肝的需求。
    2) 客戶正在服用保釋血壓的藥，通常在早上服用。
    3) 客戶最近一個禮拜經常跑廁所。
    4) 客戶表示晚餐不吃的話會無法入睡。
    5) 客戶目前還在哺乳。

3. 職業背景
    1) 客戶目前有固定收入，每個月有穩定的收入來源。
    2) 客戶提到自己正在上班，通常五六點下班。
    3) 客戶提到目前正在下班開車。

4. 健康食品使用心得
    1) 客戶有在食用魚油、蚓激酶、B群和益生菌。
    2) 客戶在睡覺前會食用蚓激酶。
    3) 客戶曾經購買過一罐葉黃素。
    4) 客戶表示會持續食用健康食品一段時間，觀察效果。

5. 禁忌
    1) 客戶對於購買商品的品質有要求，認為使用蝦皮購買的商品品質較差。
    2) 客戶對於日用品有需求，提到需要購買衛生紙和洗衣精。",1
23039879,女,48.0,台中市西屯區,D+,天秤座,8337,否,否,是,否,否,否,是,否,154928.95236999998,136,24255.23804,32,9422.85712,11,5841.904750000001,7,0.0,0,19144.76187,21,11039.99997,17,5473.333320000001,7,4720.95237,6,0.0,0,否,否,是,否,否,否,0,否,否,否,否,否,0,否,是,否,,1
23039936,女,52.0,台北市信義區,D+,天秤座,8337,否,否,是,否,否,是,是,否,671545.8095,288,166192.38094000003,72,47491.42856,22,5547.61905,3,6244.761909999999,3,15599.04761,6,14484.7619,5,7865.71428,3,4360.95238,2,0.0,0,否,否,是,否,否,否,0,否,否,否,否,否,0,否,否,否,"1. 家庭關係
    1) 客戶提到她正在準備晚餐，可能表明她有家庭需要照顧。

2. 健康狀況
    1) 客戶有高度近視。
    2) 客戶目前正在服用某種產品。

3. 職業背景
    1) 未提及具體職業背景。

4. 健康食品使用心得
    1) 客戶曾購買並服用過葉黃素，但未感受到特別效果，認為目前購買的產品效果更好。
    2) 客戶對葉黃素產品有興趣，並希望先試用十顆試吃包以確認效果。
    3) 客戶對日本味王的暢快人生表示使用效果良好。
    4) 客戶曾使用過逆齡賦活膠囊，但已很久未使用。
    5) 客戶之前有使用過膠原蛋白產品。
    6) 客戶對幹細胞相關產品感興趣，但目前不考慮購買。
    7) 客戶對玻尿酸產品有興趣，表示會考慮購買。
    8) 客戶家中有其他保健食品。

5. 禁忌
    1) 客戶目前沒有長期使用保養品的習慣，之前購買保養品是因為剛好需要。
    2) 客戶表示目前家中東西還很多，暫時不需要購買新商品。
    3) 客戶表示需要先查看產品資料，了解產品後再決定是否購買。
    4) 客戶對於醫療級魚油和眼科醫生推薦的葉黃素資料表示不需要購買。",1
23040899,女,74.0,台北市內湖區,A,巨蟹座,8337,否,是,是,否,否,否,是,否,960753.90477,155,386813.3333199999,37,173876.19047,10,165714.28572,6,0.0,0,803706.6666499999,76,372068.57143,27,172742.85714,9,165714.28572,6,0.0,0,否,否,否,否,否,否,1,否,是,否,是,否,0,否,否,否,"1. 家庭關係
    1) 客戶提到家裡很亂，且家中有供奉佛教相關物品，並有拜拜的習慣。
    2) 客戶表示家中化妝品過多，未使用的保養品會送人。

2. 健康狀況
    1) 客戶有服用膽固醇相關藥物，但不服用血壓或血糖藥物。
    2) 客戶提到她的體質可能不適合某些產品，曾因使用積雪草產品導致臉部過敏，並出現拉肚子等不適症狀。
    3) 客戶平時有做健康檢查，並提到鴕鳥精對她的健康有影響，因此不能飲用。
    4) 客戶提到最近比較忙，且今年沒有出國計劃。

3. 職業背景
    1) 客戶表示她有自己的投資事業需要忙碌。

4. 健康食品使用心得
    1) 客戶有服用魚油、葉黃素、益生菌、幹細胞產品和激活安瓶等保健食品，並提到每天服用幹細胞產品（每天兩顆）和激活安瓶（每天一瓶）。
    2) 客戶提到她每天服用益生菌和維他命B，並有固定服用白色益生菌、葉黃素和魚油。
    3) 客戶認為某產品有緊緻作用，但對某些產品的安全性不太放心。
    4) 客戶提到她吃健康食品的種類太多，感到困擾並希望能簡化。
    5) 客戶提到她有一箱益生菌和多餘的魚油，且家中有大量未使用的保健食品。
    6) 客戶提到她曾購買鴕鳥膠囊但未使用，並對東森產品的品質不滿意，認為與廣告描述不符。

5. 禁忌
    1) 客戶不能飲用鴕鳥精，認為對健康有影響。
    2) 客戶不太喜歡開光的物品，並表示自己不喜歡使用這類東西。",1
23043801,女,48.0,台北市內湖區,E,摩羯座,8335,否,否,否,是,否,是,是,否,344709.14290999994,146,88331.42861,45,34407.61906999999,24,0.0,0,4130.4762,4,70723.80952000001,19,17399.99999,7,3207.61904,4,0.0,0,0.0,0,否,否,是,否,否,否,0,否,是,否,否,否,0,否,否,否,"1. 家庭關係
    1) 客戶家中有三人，包括她、先生和一名十一歲的孩子，孩子是摩羯座且很黏她。
    2) 客戶提到先生有使用保養品，並曾購買益生菌及排糖產品丹雅蘭。
    3) 客戶的孩子需要服用益生菌以改善正常排便。

2. 健康狀況
    1) 客戶目前有服用益生菌、葉黃素、膠原蛋白及玻尿酸類產品，並表示偶爾會忘記服用葉黃素。
    2) 客戶曾購買妍美会品牌的葉黃素，但對效果感到一般，另有購買其他品牌葉黃素，認為效果不錯。
    3) 客戶表示目前沒有特別喜歡的保健食品，益生菌是單純想要吃，使用狀況還可以。
    4) 客戶對粒線體相關資訊不熟悉，但會考慮上網查詢。

3. 職業背景
    1) 客戶提到公司提供基本健康檢查，並可選擇檢查方案，但她對健康檢查的行情不熟悉。
    2) 客戶表示她昨天在做核銷。

4. 健康食品使用心得
    1) 客戶目前服用韓國品牌益生菌「風跟糖」，一天服用一包，並曾購買其他益生菌產品，使用狀況還可以。
    2) 客戶家中三人一起使用葉黃素，並表示效果因品牌而異。
    3) 客戶有在喝膠原蛋白，並使用膠原蛋白和玻尿酸類產品，但目前暫時不需要購買。
    4) 客戶喜歡購買保養品和美容保養產品，例如火焰抗氧化精萃及醫美保養品。

5. 禁忌
    1) 客戶表示對益生菌產品的促銷活動不感興趣。
    2) 客戶提到她沒有開車，可能騎車出行。",1
23069138,女,59.0,高雄市鳳山區,Z,金牛座,8325,否,否,是,否,否,否,是,否,138123.14289999998,25,66406.66667,7,28380.95238,1,28380.95238,1,0.0,0,95390.47619999998,9,65219.04761999999,6,28380.95238,1,28380.95238,1,0.0,0,否,否,是,否,否,否,0,否,否,否,否,否,0,否,否,否,"1. 家庭關係
    1) 客戶有一位先生和一位24歲的兒子。
    2) 客戶的先生不太喜歡吃保健品，認為亂吃不好，但有時會與家人一起服用魚油。
    3) 客戶的兒子身體狀況良好，沒有遺傳性三高，但因工作需要有時需要輪班，客戶會給兒子服用牛樟芝。

2. 健康狀況
    1) 客戶年齡59歲，平時會騎機車。
    2) 客戶左腳膝蓋有不適情況，盤坐或久坐後起身時會感到不適。
    3) 客戶本身上廁所情況正常，無便秘問題。

3. 職業背景
    1) 客戶未明確提及職業，但提到與同事一起購買保養品以獲得優惠。

4. 健康食品使用心得
    1) 客戶有服用魚油、葉黃素、牛樟芝、益生菌等保健品，並對某品牌的益生菌有偏好，已服用多年。
    2) 客戶提到飯前會吞一顆益生菌，並表示空腹服用保健品吸收效果更好。
    3) 客戶曾購買紅麴、大雁品牌產品、龜鹿產品、激酶產品等，但對部分產品的安全性和效果表示擔憂。
    4) 客戶曾購買過含B群的葉黃素膠囊，並對某些保健品的味道不滿意。
    5) 客戶偏好從美國網站購買維他命和魚油，認為價格較便宜。
    6) 客戶曾飲用再生安瓶，對其味道表示接受。
    7) 客戶提到代餐產品可幫助瘦身，並作為代餐使用。
    8) 客戶提到她的先生和兒子可以一起服用幹細胞產品。

5. 禁忌
    1) 客戶對紅麴、大雁品牌產品、激酶產品等的安全性有疑慮，計劃等檢驗報告出來後再決定是否繼續食用。
    2) 客戶不喜歡某些保健品的味道，並曾因不敢喝而丟棄東森寄來的保健品。
    3) 客戶提到食用四具體益生菌後會有拉肚子的情況，因此可能避免食用。
    4) 客戶提到醫美產品已下架且不敢再使用，計劃退掉。",1
23092889,女,60.0,新北市板橋區,Z,天秤座,8324,否,否,是,否,否,是,是,否,350050.80966,180,68073.33337000002,41,6608.57143,2,5657.14286,1,0.0,0,118580.00003,33,5657.14286,1,5657.14286,1,5657.14286,1,0.0,0,否,否,是,否,否,否,0,否,否,否,否,否,0,否,否,否,"1. 家庭關係
    1) 客戶提到她的先生也有購買其他品牌的保養品，並且會更換保健食品品牌。
    2) 客戶表示需要查看家裡是否有葉黃素，因為先生也會購買。

2. 健康狀況
    1) 客戶服用保健食品主要是為了保養，並非針對特定健康問題。
    2) 客戶目前59歲，未提及具體健康問題。

3. 職業背景
    1) 客戶目前工作責任制，工作內容涉及數字，且工作繁忙，尤其在過年前需要結算工作。
    2) 客戶提到最近要關帳，工作非常忙碌，白天不在家，晚上才回家。

4. 健康食品使用心得
    1) 客戶曾嘗試過多種品牌的保養品，包括葉黃素、益生菌、膠原蛋白、人蔘片、魚油等，並表示保健食品品牌會更換。
    2) 客戶目前有在服用葉黃素，但不一定每天服用，且家中葉黃素存量充足，暫時不需要購買新的。
    3) 客戶表示家中有一個櫃子存放各類保養品，但不確定哪一種效果最好。
    4) 客戶曾購買過妍美会品牌的保健食品及日本的金盞花軟膠囊，並提到燕窩是直接購買正向品牌的，人蔘片則是從中藥行購買。
    5) 客戶表示她的葉黃素存量很多，暫時不需要購買，並會考慮是否購買升級版產品。

5. 禁忌
    1) 客戶目前沒有考慮購買益生菌，但會回家查詢相關資訊。
    2) 客戶提到最近沒有什麼東西要買，因此未使用發放的購物券。",1
23107854,女,57.0,新北市三重區,D+,白羊座,8320,否,否,是,否,否,是,是,否,169492.23807,96,53041.90476,37,15408.57142,9,2828.57143,1,0.0,0,3875.2381,2,3875.2381,2,3875.2381,2,2828.57143,1,0.0,0,否,否,是,否,否,否,0,否,否,否,否,否,0,否,否,否,"1. 家庭關係
    1) 客戶和先生住在一起，沒有子女。
    2) 客戶的先生非常注重養生，但不喜歡她購買太多商品。
    3) 客戶提到家裡有重大事情，目前不方便處理其他事情。

2. 健康狀況
    1) 客戶曾因肌瘤開刀並已移除子宮。
    2) 客戶膝蓋曾因搬重物而不適，服用保健食品後改善了站起來後無法立即行走的問題。
    3) 客戶本身有乾眼症，固定每天服用葉黃素以改善眼睛狀況。
    4) 客戶牙齒不好，吃硬的食物會痛，因此不吃硬的食物。

3. 職業背景
    1) 客戶目前休息在家，已經三年沒有上班。
    2) 客戶之前的工作需要搬重物，導致職業病及體力負荷不了。

4. 健康食品使用心得
    1) 客戶固定服用益生菌、葉黃素和軟骨素作為保養品，並認為效果良好。
    2) 客戶服用膠囊形式的保健食品，品牌為美國牌子，主要是納豆膠囊，一天服用一次，效果良好。
    3) 客戶的葉黃素是從藥局購買的，每天服用一顆以改善眼睛狀況。
    4) 客戶曾購買軟骨素保健食品，改善了站起來時膝蓋疼痛的問題，並提到藥局促銷活動如買五送一，但認為一次購買過多可能導致過期浪費。
    5) 客戶家裡都有固定品牌的保健食品，並會去藥局購買自己覺得有效的產品。

5. 禁忌
    1) 客戶牙齒不好，避免吃硬的食物。
    2) 客戶認為一次購買過多保健食品可能導致過期浪費，因此避免大量囤積。",1
23112671,女,79.0,新北市汐止區,Z,獅子座,8318,否,否,是,否,是,是,是,否,84355.90475999999,58,10929.52382,9,3217.1428599999995,3,570.47619,1,0.0,0,8901.90476,5,1217.14286,2,570.47619,1,570.47619,1,0.0,0,否,否,是,否,否,否,0,否,否,否,否,否,0,否,否,否,"1. 家庭關係
    1) 客戶是一名家庭主婦，曾為了照顧三個孩子而不上班。
    2) 客戶有三個孩子，其中女兒與她同住。
    3) 客戶提到母親曾住在台大醫院，由家人輪流照顧。

2. 健康狀況
    1) 客戶表示自己已經七十歲，曾開過膽結石手術。
    2) 客戶耳朵有重聽的情況，並提到過敏問題很嚴重，使用某些精油會導致臉部腫脹，因此目前不使用精油。
    3) 客戶每兩個月會去打針以改善皮膚狀況，並曾去台大醫院進行心臟檢查，目前等待報告結果。
    4) 客戶皮膚非常敏感，但使用台酒的產品沒有問題。

3. 職業背景
    1) 客戶表示自己是家庭主婦，生活簡單，不需要管家或其他額外的物品。
    2) 客戶平常很少出門，疫情期間更加注意。

4. 健康食品使用心得
    1) 客戶固定購買益生菌，由大女兒牙醫師推薦並購買回來給她使用。
    2) 客戶平常不會使用玻尿酸膠原蛋白等飲品，對某些產品較為謹慎。
    3) 客戶飲食習慣挑剔，不喜歡吃含糖或加工食品，並習慣喝溫熱開水，認為對健康有幫助。
    4) 客戶習慣隨身攜帶溫水瓶，只喝溫水。

5. 禁忌
    1) 客戶提到過量服用B群不好，因此不會每天服用一顆。
    2) 客戶表示某些精油會引發過敏反應，導致臉部腫脹，因此目前不使用精油。
    3) 客戶曾購買自然美的產品，但感覺效果不如預期。
    4) 客戶不喜歡負面的人和事，並儘量避免與負面的人接觸。",1
23113251,女,59.0,高雄市仁武區,D+,天蠍座,8318,否,否,是,是,否,是,是,否,353141.38094,204,59373.33334000001,28,22760.000000000004,10,13755.2381,4,7690.476190000001,5,5657.14286,1,5657.14286,1,5657.14286,1,5657.14286,1,0.0,0,否,否,是,否,否,否,1,否,否,否,否,否,0,否,否,否,"1. 家庭關係
    1) 客戶家中沒有養寵物。
    2) 客戶的母親年齡在七八十歲之間，曾接受過子宮相關手術，目前健康狀況穩定。
    3) 客戶提到她的母親很早結婚。

2. 健康狀況
    1) 客戶目前沒有視力退化、眼睛乾澀或飛蚊症等問題。
    2) 客戶目前正在服用某一特定品牌的葉黃素。

3. 職業背景
    1) 客戶目前正在上班，無法即時處理退貨相關事宜。

4. 健康食品使用心得
    1) 客戶認為某些推薦產品價格偏高，但也提到有些保健品價格合理。
    2) 客戶表示想先購買一盒保健品試用，之後再決定是否繼續購買。
    3) 客戶提到葉黃素產品會在飯後服用，並詢問其單價和每日服用成本。
    4) 客戶對某商品的效果不確定，因為她尚未嘗試過。
    5) 客戶認為某款甘味人生產品太甜，並希望退貨。

5. 禁忌
    1) 客戶沒有一直噴香水的習慣。
    2) 客戶對於訂購過多的商品感到不滿，並希望退掉多餘的商品。",1
23113652,男,57.0,苗栗縣頭份市,B,雙子座,8318,否,否,是,是,否,是,是,否,614678.2380800002,145,179464.76194,50,65348.57145999999,14,55009.52382,5,2475.2381,1,217818.09525000004,43,120920.9524,19,51675.2381,4,51238.09524,3,0.0,0,否,否,是,否,否,否,0,否,否,是,否,否,0,否,否,否,"1. 家庭關係
    1) 客戶提到過年期間會與家人和朋友一起打麻將。
    2) 客戶提到家人也會使用他購買的保健品，例如胎盤素和面膜。
    3) 客戶提到家裡有管理室代收包裹。
    4) 客戶提到家裡有兩台掃地機器人，分別用於樓上和樓下，已使用兩三年。
    5) 客戶提到家裡剛買了一台伊萊克斯掃地機器人。

2. 健康狀況
    1) 客戶提到自己有高血脂的情況。
    2) 客戶表示自己腸胃不錯，但喝華陀的產品有時會拉肚子。
    3) 客戶提到家人曾感染帶狀皰疹。
    4) 客戶提到目前每天服用益生菌和幹細胞膠囊，但對效果表達疑問。
    5) 客戶表示應該每年進行一次健康檢查。
    6) 客戶對疫苗和免疫性疾病有一定了解。

3. 職業背景
    1) 客戶提到自己今天放假，但在公司加班。
    2) 客戶是一位56歲的男性會員。

4. 健康食品使用心得
    1) 客戶曾購買過台大幹細胞產品，最近一次購買了八盒，對其效果感到滿意，認為使用後皮膚和精神狀況有所改善。
    2) 客戶曾購買過華陀的益生菌、漢方益生菌、龍骨、龜鹿、蟲草全參飲等產品，對益生菌和漢方益生菌的口感較為滿意。
    3) 客戶提到家裡的益生菌消耗得很快，通常是自己食用。
    4) 客戶曾購買過粒線體產品，對其酸酸甜甜的口感感覺很好，但尚未感受到效果。
    5) 客戶提到曾購買過人蔘飲品、磷蝦油、葉黃素、胎盤素等保健品。
    6) 客戶表示不喜歡膠囊類保健品，偏好方便食用的產品。
    7) 客戶提到幹細胞產品曾拿給父母使用，家中目前還有多瓶未使用完。
    8) 客戶提到曾購買過幹細胞面膜，並對幹細胞產品的效果感到滿意。
    9) 客戶提到曾購買過自然美的商品，但未明確表示是否使用過。
    10) 客戶提到曾購買過東森直銷的幹細胞產品，並提到其包裝與其他渠道的產品不同。

5. 禁忌
    1) 客戶表示膠囊類保健品不太喜歡吃。
    2) 客戶提到自己比較討厭需要很多程序的產品，喜歡方便食用的產品。",1
23122148,男,60.0,彰化縣溪湖鎮,A,獅子座,8314,否,是,是,是,否,否,是,否,11090352.999960002,841,3482865.7142300005,108,1142443.80948,26,973028.5714,8,0.0,0,9996314.285790002,522,3401225.7142600003,63,1123267.61902,14,973028.5714,8,0.0,0,否,否,是,否,否,否,1,否,否,否,是,否,1,是,否,否,"1. 家庭關係
    1) 客戶與家人一起居住，家中有三個小孩，並至少每月聚會一次。
    2) 客戶家中養了三隻狗，其中一隻是流浪狗，已養兩年多，另一隻是類似貴賓犬，已養八年。
    3) 客戶的太太負責帶小孩辦理寵物相關事項，並購買寵物用品。
    4) 客戶提到女兒最近要搬家，可能需要一些電器。
    5) 客戶家中小朋友不喜歡吃高麗蔘和黑參，認為味道太濃。
    6) 客戶家中小朋友有在喝滴雞精，並使用堅果飲作早餐。
    7) 客戶提到家中小朋友最近一兩年要考試，有特別需求。

2. 健康狀況
    1) 客戶健康狀況良好，定期每三個月抽血檢查，無三高問題。
    2) 客戶有高血壓，並使用慢性處方簽。
    3) 客戶有胃食道逆流問題，最近兩年有在服藥治療。
    4) 客戶定期每半年打玻尿酸以潤滑關節。
    5) 客戶認為穿襪子睡覺有助於改善血液循環和睡眠品質。

3. 職業背景
    1) 客戶目前有在上班，平日工作，禮拜天休息。
    2) 客戶表示上班時間不方便去現場了解產品。
    3) 客戶提到今天生日，但仍然有上班。

4. 健康食品使用心得
    1) 客戶家中有大量保健食品存貨，包括北韓參、龜鹿二仙膠、日本益生菌、鴕鳥精、活泉幹細胞產品、粒線體產品等。
    2) 客戶每天服用活泉幹細胞產品一顆，主要用於保養，對其效果表示滿意。
    3) 客戶曾服用葉黃素、萬壽元、牛樟芝、魚油、鴕鳥鈣粉等保健品，並認為魚油的作用與蚓激酶類似。
    4) 客戶對玄米油、葵花籽油和橄欖油的健康價值表示認同，並有意購買。
    5) 客戶認為人蔘產品有助於健康，並曾購買多種人蔘產品，包括北韓參、黃馬褂人蔘等，對其效果表示滿意。
    6) 客戶對粒線體產品效果表示認同，但有時會忘記服用。
    7) 客戶認為健康飲食重要，家中基本不吃外食，主要以混沌和粗糧為主，避免澱粉類食物。

5. 禁忌
    1) 客戶不喜歡吃甜食，包括月餅。
    2) 客戶不喜歡喝紅參精，但太太有在喝。
    3) 客戶對東方食集的產品品質不滿意，認為其冷凍食品和烏魚子品質不佳。
    4) 客戶認為外食高油不健康，因此家中多自行煮飯。
    5) 客戶對收藏品的購買基於個人感受，若無法讓自己感到愉悅則不考慮購買。",1
23127422,女,53.0,台中市霧峰區,D,獅子座,8312,否,否,否,否,否,是,是,否,950712.09504,416,436023.8093799999,123,27242.85714,2,0.0,0,0.0,0,308163.80954,35,255963.80953,28,1600.0,1,0.0,0,0.0,0,否,否,是,否,否,否,1,否,否,否,否,否,0,否,否,否,"1. 家庭關係
    1) 客戶目前一個人生活。
    2) 家中有多隻寵物，包括貓和狗，其中一隻貓22歲，另一隻19歲；一隻狗已去世，另一隻狗年紀大了，正在醫院接受治療。
    3) 客戶的寵物貓不喜歡與其他貓一起生活，需要單獨放置。
    4) 客戶會為寵物準備特製食物，並使用特定洗衣精清洗動物用品以去除體味。
    5) 客戶提到先生有時會出門去洗頭髮的店。

2. 健康狀況
    1) 客戶曾經患有糖尿病，但目前血糖已穩定，空腹血糖從138降到91以下，糖化血色素從6.5降到5.7。
    2) 客戶曾經有腰椎不適的問題，並曾開過刀，因此運動時會避免某些動作。
    3) 客戶目前正在進行減脂計畫，已成功減重25公斤，目標是減重30公斤，內臟脂肪從16降到10。
    4) 客戶的健康計劃建議避免劇烈運動，主要進行瑜伽和游泳等有氧運動。
    5) 客戶每天飲水量為3000cc，並有規律的減脂飲食計畫，避免食用豬肉。
    6) 客戶的皮膚狀況良好，沒有明顯斑點和乾紋，對掉髮或白髮問題不太擔心。

3. 職業背景
    1) 客戶經營一個無實體店面的健康諮詢和分享工作室，並代理韓國的居家微調保養產品。
    2) 客戶參加每月課程學習保養產品知識，並考取了健康管理師證照。
    3) 客戶的工作為責任制，時間安排較為靈活，目前仍在上班。

4. 健康食品使用心得
    1) 客戶目前主要使用公司產品，該產品包含市面上二三十種營養成分，幾乎涵蓋所需保健功能，並減少其他產品的使用。
    2) 客戶曾使用賀寶芙產品減肥，但效果不佳且有不良反應。
    3) 客戶目前很少需要再吃藥或試吃保健食品，因為已治好了許多慢性發炎問題。

5. 禁忌
    1) 客戶不喜歡使用太多瓶瓶罐罐的保養品，偏好簡單的保養方式，並暫時不使用其他護膚產品。
    2) 客戶不喜歡烤肉活動，認為烤肉對身體不健康。
    3) 客戶避免食用豬肉，並減少脂肪攝取。
    4) 客戶不喜歡面膜在臉上有一層東西的感覺，因此很少使用面膜。",1
23130217,女,71.0,屏東縣屏東市,D,天蠍座,8311,否,否,否,否,否,是,是,否,167404.09521,131,33688.571410000004,29,4968.571419999999,5,0.0,0,0.0,0,12998.09523,16,4945.714279999999,7,2282.85714,3,0.0,0,0.0,0,否,否,是,否,否,否,0,否,否,否,否,否,0,否,否,否,,1
23143613,男,56.0,新北市新店區,Z,雙子座,8308,否,否,否,否,否,否,是,否,47074.28571,6,46131.42857,5,17903.80952,2,17142.85714,1,0.0,0,33903.809519999995,3,33903.809519999995,3,17903.80952,2,17142.85714,1,0.0,0,否,否,否,否,否,否,0,否,否,否,否,否,0,否,否,否,"1. 家庭關係
    1) 客戶提到要和朋友一起出去拿一盒東西，未提及家庭成員相關資訊。

2. 健康狀況
    1) 客戶有心臟問題，但未裝支架，目前有在服用心臟相關藥物，早上服用一次。
    2) 客戶有重疾註記，並提到自己有在服用慢性病的藥物。
    3) 客戶表示目前沒有眼睛相關問題，例如視力模糊、老花眼、乾眼症等。
    4) 客戶曾服用減肥產品，但出現水腫情況，因此停止使用。

3. 職業背景
    1) 客戶目前從事工程相關工作，表示工作穩定但不好做。

4. 健康食品使用心得
    1) 客戶有服用保健品，但未明確提及具體種類。
    2) 客戶每天服用一顆臺大幹細胞產品，早上服用兩顆幹細胞產品。
    3) 客戶提到鹿胎盤幹細胞產品可能出過問題，因此不敢食用。
    4) 客戶認為直銷的幹細胞產品價格較高。

5. 禁忌
    1) 客戶目前不需要骨頭關節相關的保健產品。
    2) 客戶表示目前沒有想要使用母親節優惠券折扣。",1
23145505,女,74.0,新北市中和區,D+,巨蟹座,8308,否,否,是,是,否,是,是,否,239208.38097,46,76629.52381999997,15,37696.190480000005,7,36638.09524,6,1058.09524,1,220991.42858,31,76629.52382,15,37696.19048,7,36638.09524,6,1058.09524,1,否,否,是,否,否,否,0,否,否,否,否,否,0,否,否,否,"1. 家庭關係
    1) 客戶有一名老二，目前就讀宜蘭大學大一。
    2) 客戶的妹妹曾在日本工作，嫁給了一位日本人，現定居台灣。
    3) 客戶家中有高中生，活動量大，經常需要使用痠痛貼布。
    4) 客戶的老公有收藏一些郵票，但現在不值錢了。
    5) 客戶的女兒目前在北京居住，已經住了四個月，客戶曾幫女兒帶東西回來。
    6) 客戶有孫女，並計劃帶孫女一起去北京旅行。
    7) 客戶家中有人可以幫忙收貨。

2. 健康狀況
    1) 客戶正在進行牙齒植牙手術，之前因跌倒導致牙床粉碎，目前已穩定。
    2) 客戶有白內障，並提到一隻腳的微血管不通。
    3) 客戶曾購買重大疾病險、防癌險及儲蓄險，並在生病期間獲得理賠金約兩百多萬。

3. 職業背景
    1) 客戶未提及具體職業背景，但提到她之前在大陸購買了一個房子，當時花了台幣七十幾萬，現在價值已超過一百多萬。

4. 健康食品使用心得
    1) 客戶有使用膠原蛋白保健品，目前還有存貨。
    2) 客戶曾購買幹細胞保健品，並分一部分給幹女兒使用，但尚未完全使用。
    3) 客戶目前有在使用顧眼睛的保健品，並曾購買葉黃素，記得產品外觀特徵，且目前已向他人購買三盒不同品牌的葉黃素。
    4) 客戶曾郵寄葉黃素到南部。
    5) 客戶有服用維他命C作為保健食品。
    6) 客戶曾購買龜鹿保健食品及鹿胎盤保健食品，但尚未使用。
    7) 客戶曾購買鴕鳥精產品，尚未完全使用完畢。
    8) 客戶曾購買蚓激酶並有服用，但因牙齒治療期間擔心流血而暫停服用。
    9) 客戶曾購買四罐眼霜並每天使用，認為效果不錯。
    10) 客戶家中有大量保健食品，會分開服用以避免過量。

5. 禁忌
    1) 客戶曾打過玻尿酸，但效果不佳，後來停止使用。
    2) 客戶在牙齒治療期間暫停服用蚓激酶，擔心流血。",1
23147061,女,63.0,基隆市中正區,D+,處女座,8308,否,否,否,否,否,是,是,否,139204.66667,46,19998.09523,5,12322.85714,2,12190.47619,1,0.0,0,69506.66666,14,17694.28571,3,12190.47619,1,12190.47619,1,0.0,0,否,否,是,否,否,否,1,否,否,否,否,否,0,否,否,否,"1. 家庭關係
    1) 客戶提到家人是醫護人員。
    2) 客戶曾為老公購買鴕鳥精，但因味道問題，老公不喜歡食用。

2. 健康狀況
    1) 客戶提到自己有高血壓。
    2) 客戶表示自己很健康，沒有腸胃或過敏問題，但目前有消化不良的情況，且健康食品尚未完全消化。

3. 職業背景
    1) 客戶目前正在上班。

4. 健康食品使用心得
    1) 客戶有在食用多種健康食品，包括人蔘片、益生菌、膠原蛋白、蜂膠、葉黃素、燕窩、魚油等。
    2) 客戶提到人蔘片主要用來煮湯，平時也會喝人蔘茶或直接口含人蔘片，並且會在金雞母時購買韓國人蔘存放。
    3) 客戶曾購買鴕鳥精給老公，但因味道問題未被接受。
    4) 客戶有食用燕窩的習慣，會購買燕盞回家燉煮或直接購買已燉好的燕窩。
    5) 客戶提到她吃的是國泰醫院開的一小包一小包的白色益生菌。
    6) 客戶提到上次購買的保健食品還未開封使用。

5. 禁忌
    1) 客戶擔心詐騙集團的問題，對購物安全較為謹慎。
    2) 客戶表示可以接受貨到付款。",1
23155283,女,61.0,台北市士林區,C,摩羯座,8307,否,是,是,是,是,是,是,否,905332.80956,243,350729.5238499998,63,133105.71428,14,60133.33332,5,9486.66667,5,80314.28571,6,59590.47619,3,56761.90476,2,56761.90476,2,0.0,0,否,否,是,否,否,否,0,否,否,否,否,否,0,否,是,否,"1. 家庭關係
    1) 客戶提到婆婆年紀較大，因此過年時選擇外出餐廳用餐，而不在家裡忙碌準備年菜。
    2) 客戶擔心家人訂購的衣服尺寸不合，可能需要退換貨。

2. 健康狀況
    1) 客戶曾使用葉黃素產品，認為早上飯後服用吸收效果較好，目前手邊的葉黃素產品尚未吃完。
    2) 客戶曾購買過高鈣杏仁粉，但不確定是否為特定品牌。
    3) 客戶對視神經保健產品有興趣，並提到該產品有研究支持其效果。

3. 職業背景
    1) 客戶工作忙碌，平時很少使用Line。
    2) 客戶生日當天仍需上班，未安排慶祝活動。

4. 健康食品使用心得
    1) 客戶曾購買過燕窩產品，包括雪蛤露和固體燕窩，偏好無添加的燕窩產品，但目前應該已停止使用。
    2) 客戶對葉黃素產品有使用經驗，認為早上飯後服用吸收效果較佳。
    3) 客戶曾購買過高鈣杏仁粉，但對品牌不確定。

5. 禁忌
    1) 客戶對語音操作直接轉接到專人推銷商品感到困擾，並希望避免此類情況。
    2) 客戶對於被推銷商品感到不太舒服，尤其是曾被推銷人參產品。
    3) 客戶對東森幣的使用和折扣方式感到困惑，希望能更清楚了解相關規則。",1
23173133,女,58.0,新北市樹林區,D,天秤座,8300,否,否,否,是,否,是,是,否,670409.95231,174,34687.61902,28,6909.52381,8,0.0,0,2632.38095,2,1578.09524,3,1578.09524,3,1198.09524,2,0.0,0,0.0,0,否,否,是,否,否,否,1,否,否,否,是,否,0,否,否,否,"1. 家庭關係
    1) 未提及具體家庭關係相關資訊。

2. 健康狀況
    1) 客戶提到頭髮稀少，且從以前就有此情況。
    2) 客戶對葉黃素等保養品的使用表示沒有感覺。

3. 職業背景
    1) 客戶提到她的工作花費了她很多錢，並表示她的花費很高。

4. 健康食品使用心得
    1) 客戶目前還有很多B群及半瓶挺立鈣。
    2) 客戶曾購買過高濃縮的蔓越莓強效錠。
    3) 客戶對葉黃素等保養品表示沒有太大感覺。
    4) 客戶對保養品、保健品、面膜、苦茶油等商品表示沒有興趣。

5. 禁忌
    1) 客戶不想購買固腎的保健品。
    2) 客戶對保養品如葉黃素等沒有太大感覺，並對保養品、保健品等商品表示沒有興趣。",1
23177251,女,52.0,新北市中和區,Z,天蠍座,8299,否,否,是,否,否,是,是,否,92540.99998999998,52,30181.90476,16,18624.76191,9,9167.61905,4,5685.71429,2,9991.428570000002,7,2828.57143,1,2828.57143,1,2828.57143,1,0.0,0,否,否,是,否,否,否,0,否,否,否,否,否,0,否,否,否,"1. 家庭關係
    1) 客戶提到家中人口少，購買大量商品容易囤積且吃不完，導致過期。
    2) 客戶表示父親已過世，因此沒有要送父親節禮物。
    3) 客戶提到姐姐曾經使用過三得利的保健食品。

2. 健康狀況
    1) 客戶提到自己有睡眠問題，並指定要三得利的芝麻明E產品。
    2) 客戶表示有在服用高血壓藥物，並詢問芝麻明E產品是否會有影響。

3. 職業背景
    1) 未提及具體職業背景。

4. 健康食品使用心得
    1) 客戶表示只需要購買一組葉黃素，並提到自己吃有效才知道，但尚未開始服用。
    2) 客戶提到她吃分解酵素膠囊，通常在晚飯後服用，但未感受到明顯效果。
    3) 客戶表示家中已有益生菌產品，因此目前不需要購買新的益生菌。
    4) 客戶表示不需要任何保健食品，包括葉黃素、益生菌、膠原蛋白等，因為家裡已有足夠存貨。

5. 禁忌
    1) 客戶提到她上網看到一些海外代購的化學劑商品，並認為這些商品不適合購買。
    2) 客戶表示購買多餘的商品可能會導致庫存過期，因此不需要購買新的保養品或面膜。
    3) 客戶表示不需要兌換B群的兌換券。
    4) 客戶表示自己沒有做臉或身體保養的習慣。",1
23189546,女,49.0,高雄市鼓山區,A,水瓶座,8296,否,否,是,否,否,否,是,否,731582.7619100001,199,304847.6190799999,37,98680.00001,7,98680.00001,7,0.0,0,434735.23807,47,268122.85715,21,98680.00001,7,98680.00001,7,0.0,0,否,否,是,否,否,否,0,否,否,否,否,否,0,否,是,否,"1. 家庭關係
    1) 客戶目前一個人居住。
    2) 客戶有兩個小孩，老大有近視，小的目前沒有近視。
    3) 客戶家中有兩隻貓，其中一隻因腎臟病去世，現存的貓性格孤僻且討厭，且不會帶貓去做美容或健康檢查。
    4) 客戶曾參與愛心活動，捐贈飼料幫助高雄高媽媽。

2. 健康狀況
    1) 客戶48歲，體重約63公斤，患有三高（高血壓、高血糖、高血脂），血糖控制不佳，糖化血色素達到7.1，並有肌少症和關節炎。
    2) 客戶代謝力差，對糖和澱粉耐受度低，食用後血糖會升高，並被營養師建議不要喝燕麥奶。
    3) 客戶每天晚上需要服用藥物才能入睡，否則會整晚做夢。
    4) 客戶對疫苗持懷疑態度，從未接種疫苗，也不讓孩子接種。
    5) 客戶的體重逐漸增加，但飲食習慣和食量無明顯改變，平日飲食固定，每天只吃兩片德國黑麥麵包和一杯拿鐵。

3. 職業背景
    1) 未提及具體職業背景，但客戶對價格敏感，對高價產品有負擔，會考慮折扣和優惠。
    2) 客戶對品牌和產品品質有關注，特別是塑膠材質的產品。

4. 健康食品使用心得
    1) 客戶曾使用過粒線體產品，初期效果顯著，體重減輕3公斤，但後來效果消失，對此類產品仍抱有期待。
    2) 客戶曾購買白蘭氏產品，為其VIP會員，並給小朋友吃過白蘭氏魚油。
    3) 客戶曾吃過樂趣長的苦瓜胜肽，對血糖有幫助。
    4) 客戶曾使用小藍瘦瘦身果凍，對減重效果不明顯，但對排便有幫助。
    5) 客戶最近購買了另一家公司的益生菌產品。
    6) 客戶和小朋友都有吃葉黃素，但感覺效果不明顯。
    7) 客戶對幹細胞產品有興趣，考慮用於改善健康狀況。

5. 禁忌
    1) 客戶對糖和澱粉耐受度低，食用後會導致血糖升高。
    2) 客戶被營養師警告不建議飲用燕麥奶。
    3) 客戶對疫苗持懷疑態度，從未接種疫苗，也不讓孩子接種。",1
23192098,女,71.0,桃園市八德區,Z,射手座,8295,是,否,否,否,否,否,是,否,216099.71425,103,53235.23809,11,11864.76191,4,7257.14286,2,0.0,0,47352.38096,4,34038.095239999995,2,5657.14286,1,5657.14286,1,0.0,0,否,否,否,否,否,否,0,否,否,否,否,否,0,否,否,否,"1. 家庭關係
    1) 客戶目前住在一個人住的地方。
    2) 未提及其他家庭成員或親屬關係。

2. 健康狀況
    1) 客戶有骨質疏鬆問題，骨密度曾測出接近負一，但目前狀況有所改善。
    2) 客戶曾因腳受傷而服用鴕鳥龜鹿精。
    3) 客戶表示喝粒線體保健品後感覺『沒有那麼老了然後會有感覺』。
    4) 客戶每天游泳，已持續兩三年，並提到游泳是她的日常活動。
    5) 客戶表示她在禮拜六去看診，禮拜一看中醫。

3. 職業背景
    1) 客戶提到她的公司有收禮物並寄到國外。
    2) 未提及具體職業或工作內容。

4. 健康食品使用心得
    1) 客戶曾購買華陀的龜鹿精及鴕鳥龜鹿精，並表示之前購買的產品喝了覺得還可以。
    2) 客戶曾購買紳寶乳液使用。
    3) 客戶表示她有在服用日本品牌的葉黃素，並提到葉黃素她這裡有人在吃。
    4) 客戶提到上個月才喝完粒線體保健品，並表示感覺有所改善。
    5) 客戶提到王牌減肥產品，但未明確表示使用心得。
    6) 客戶表示她沒有吃過魚油。

5. 禁忌
    1) 客戶目前經濟狀況不佳，沒有多餘的錢購買產品。
    2) 客戶提到花費達到九萬多的情況，並曾購買十萬的產品，但目前無法負擔高額消費。",1
23195567,女,62.0,台南市安南區,Z,雙魚座,8293,否,否,是,是,否,是,是,否,755042.85725,229,247799.04762999987,94,46384.76191,27,32821.904760000005,19,4693.33334,3,476607.6191,63,120476.19051,26,5704.7619,10,5704.7619,10,0.0,0,否,否,否,否,否,否,0,否,否,否,否,否,0,否,否,否,"1. 家庭關係
    1) 客戶目前與小孩同住，先生已經不在了。
    2) 客戶有一位小孩，該小孩有鼻子過敏和皮膚過敏的情況。
    3) 客戶的媳婦會為小孩購買益生菌。
    4) 客戶有時候會帶小孩出去上課。
    5) 客戶有時候會照顧父親。

2. 健康狀況
    1) 客戶的骨頭狀況尚可，但有時候關節會感到卡卡的。
    2) 客戶平常沒有服用慢性處方藥，且沒有血壓和血糖問題。
    3) 客戶有時候膽固醇會偏高，但整體身體狀況良好。
    4) 家中有癌症遺傳的可能性。

3. 職業背景
    1) 客戶目前沒有工作，零用錢較少。

4. 健康食品使用心得
    1) 客戶曾經購買過老行家的益生元產品、葡萄王的益生菌產品以及需要冷藏的益生菌產品。
    2) 客戶的孩子有在斷斷續續地服用益生菌。
    3) 客戶曾經購買並服用過氨基酸和台大幹細胞產品，家中還有未使用完的保健食品。
    4) 客戶目前有在服用葉黃素和護關節膠原蛋白等保健品。
    5) 客戶提到家人有在服用褐藻作為保健品。

5. 禁忌
    1) 客戶未提及特定禁忌事項。",1
23200131,女,57.0,台北市士林區,Z,獅子座,8291,否,否,是,是,否,是,是,否,366852.38102999993,224,115453.33333999992,63,36827.61903,23,15632.38096,6,1028.57143,1,19083.80953,6,16255.2381,5,5657.14286,1,5657.14286,1,0.0,0,否,否,是,否,否,否,0,否,否,否,否,否,0,否,否,否,"1. 家庭關係
    1) 未提及具體家庭成員或關係。

2. 健康狀況
    1) 客戶提到最近比較沒有吃藥來保養骨頭關節。
    2) 客戶表示葉黃素對眼睛的乾澀有些許改善，但效果不太明顯。

3. 職業背景
    1) 客戶提到她通常要下班後才有時間吃飯，顯示工作時間較為忙碌。
    2) 客戶目前在醫院裡，時間非常緊迫，可能與其職業相關。

4. 健康食品使用心得
    1) 客戶對保健用品有興趣，並會比較多家品牌的營養保健品效果後再決定是否繼續購買。
    2) 客戶家中有許多保健食品，包括東森活泉鹿胎盤、精胺酸等，尚未使用完畢，因此目前不需要再購買新的保健食品。
    3) 客戶曾使用過葉黃素產品，包括華陀的葉黃素和妍美会的葉黃素，感覺效果不明顯，但妍美会的葉黃素對眼睛乾澀有些許改善。
    4) 客戶曾購買過葉黃素果凍，並使用刷卡付款。
    5) 客戶曾購買過其他品牌的幹細胞相關產品，但目前不需要或不打算再購買此類產品。

5. 禁忌
    1) 客戶不喜歡分期付款，認為分期會占用信用卡額度，影響資金使用。
    2) 客戶目前不使用東森的紅利折價，因為沒有需要購買的商品。
    3) 客戶提到葉黃素需要飯後服用，且搭配油脂效果更好。",1
23203978,女,74.0,桃園市平鎮區,Z,水瓶座,8290,否,否,否,否,否,是,是,否,109701.80951,72,21184.761889999994,19,4780.95237,4,3371.4285600000003,3,0.0,0,12713.33332,7,7713.333320000001,5,3371.4285600000003,3,3371.4285600000003,3,0.0,0,否,否,是,否,否,否,0,否,否,否,否,否,0,否,否,否,"1. 家庭關係
    1) 客戶有一個兒子和一個女兒。
    2) 客戶的兒子曾留學回來後考上公務員，花了四年時間準備，目前是一名公務人員。

2. 健康狀況
    1) 客戶表示她的健康檢查報告顯示所有指標都很正常。
    2) 客戶目前正在服用老中醫的藥，每月花費幾千元進行調理。

3. 職業背景
    1) 客戶未提及自身職業背景，但提到其兒子是公務人員。

4. 健康食品使用心得
    1) 客戶收到東森的魚油三盒，並且有在服用。

5. 禁忌
    1) 客戶提到不熟悉的電話都不敢接，因為現在詐騙很厲害。",1
23204730,女,58.0,南投縣竹山鎮,D+,天秤座,8289,否,否,是,否,是,否,是,否,139469.19049,72,31880.95238,9,5657.14286,1,5657.14286,1,0.0,0,48872.38095,13,31880.95238,9,5657.14286,1,5657.14286,1,0.0,0,否,否,是,否,否,否,0,否,否,否,否,否,0,否,否,否,,1
23206468,女,58.0,新北市三重區,D+,天蠍座,8289,否,否,否,否,否,是,是,否,124491.57142,67,28204.76191,13,14340.0,7,5657.14286,1,0.0,0,11314.28572,2,11314.28572,2,5657.14286,1,5657.14286,1,0.0,0,否,否,是,否,否,否,0,否,否,否,否,否,0,否,否,否,,1
23228074,男,73.0,桃園市中壢區,C,雙子座,8281,否,否,否,否,否,否,是,否,243596.19046,67,45413.333310000016,15,15911.42856,6,15911.42856,6,0.0,0,176970.47618000003,41,42565.71426000001,14,15911.42856,6,15911.42856,6,0.0,0,否,否,否,否,否,否,0,否,否,否,否,否,0,否,否,否,"1. 家庭關係
    1) 客戶的小孩為其準備了靈芝產品，並購買了許多保健食品給他。
    2) 客戶提到小孩的關心，但因保健食品過多，導致吃不完。

2. 健康狀況
    1) 客戶提到中秋節時曾感冒並感到不舒服。
    2) 客戶表示抽菸過多導致喉嚨不適。
    3) 客戶目前有在保養關節骨頭，並有服用其他保健食品。
    4) 客戶提到他本身沒有夜尿或漏尿的問題。
    5) 客戶目前沒有空進行體檢。

3. 職業背景
    1) 客戶目前72歲，仍在上班，且表示沒有休假。
    2) 客戶通常每三到四個月訂一次保健食品，並選擇貨到付款方式。

4. 健康食品使用心得
    1) 客戶使用南瓜籽進行攝護腺保養，每天服用兩顆，並有十五盒存量。
    2) 客戶曾使用鴕鳥精，但表示效果不好。
    3) 客戶使用靈芝產品已有七八年，並由小孩準備。
    4) 客戶曾購買日和品牌保健品，並享有買四送一的優惠。
    5) 客戶曾使用華陀超順產品，但已解約。
    6) 客戶表示幹細胞產品沒那麼高級。
    7) 客戶提到之前購買的某產品對夜尿或漏尿情況無改善，但他本身並無此問題。

5. 禁忌
    1) 客戶目前沒有在服用蚓激酶，但了解其用途。
    2) 客戶目前沒有西柚精油，若需要會主動聯繫專員。
    3) 客戶提到目前還有存貨，暫時不需要購買新的產品。",1
23234219,男,69.0,台北市大安區,Z,獅子座,8280,是,否,是,否,否,是,是,否,199291.00005,99,74529.52382999999,27,39561.90477000001,5,33885.71429,3,5676.19048,2,69341.90477000001,12,41845.71429,7,37676.190480000005,4,32000.0,2,5676.19048,2,否,否,是,否,否,否,1,否,否,否,否,否,0,否,否,否,"1. 家庭關係
    1) 客戶目前是單身，一個人生活。
    2) 客戶提到母親年紀大了，曾開刀且有心臟問題和全身痠痛，主要飲用安利的三合一咖啡。
    3) 客戶提到小孩目前在讀高中一年級，對城市設計和技術類相關的學習有興趣，且小孩很聰明、有意志力。

2. 健康狀況
    1) 客戶有高血壓、糖尿病和高血脂，並服用相關藥物，包括西藥和中藥。
    2) 客戶有陽虛和陰虛的症狀，並由中醫師調養身體。
    3) 客戶有老花眼問題，且血糖數和糖化血色素偏高，可能有家族遺傳。
    4) 客戶表示自己心裡容易緊張，缺乏安全感，常過度考慮事情導致壓力。
    5) 客戶每天都有運動，認為運動是養生的主要方式。

3. 職業背景
    1) 客戶是一位退休人士，平時生活以看書和研究命理為主。
    2) 客戶曾對藝術收藏有興趣，但現在已失去興趣，並將收藏品交由他人處理。

4. 健康食品使用心得
    1) 客戶每天早上飯後服用兩顆幹細胞膠囊，晚上飯後也服用兩顆，並認為幹細胞產品有助於保養。
    2) 客戶曾購買益生菌、葉黃素、龜鹿二仙膠、鹿胎盤產品、苦瓜胜肽等保健品，但部分未使用完或未感受到明顯效果。
    3) 客戶每天早上固定飲食包括深海魚油、亞培營養品、咖啡和一個蛋。
    4) 客戶表示家中有許多保健品，但大多未使用，感到困擾。

5. 禁忌
    1) 客戶避免食用人蔘類產品，因為有高血壓問題。
    2) 客戶不希望混合服用多種藥物，包括高血壓藥和中藥。
    3) 客戶表示目前沒有購買需求，因為生活中什麼都有了。",1
23237112,女,49.0,桃園市桃園區,D+,白羊座,8279,否,否,否,是,否,是,是,否,48671.19048,25,7398.095240000001,2,7398.095240000001,2,3702.85714,1,3695.2381,1,3702.85714,1,3702.85714,1,3702.85714,1,3702.85714,1,0.0,0,否,否,是,否,否,否,0,否,否,否,否,否,0,否,否,否,,1
23244352,女,54.0,高雄市路竹區,C,獅子座,8276,否,否,是,否,否,否,是,否,25945.99999,9,21526.666660000003,6,19918.09523,4,19918.09523,4,0.0,0,20488.57142,5,20488.57142,5,19918.09523,4,19918.09523,4,0.0,0,否,否,否,否,否,否,0,否,否,否,否,否,0,否,否,否,,1
23245777,男,88.0,台中市西區,B,摩羯座,8275,否,否,是,否,否,否,是,否,349463.9999800001,45,217837.14284,21,99899.04761000002,8,99138.09523000002,7,0.0,0,303754.28569999995,30,217837.14284000004,21,99899.04761,8,99138.09523,7,0.0,0,否,否,否,否,否,否,0,否,否,否,否,否,0,否,是,否,"1. 家庭關係
    1) 客戶目前住在台中，與兒子及家人同住，並有四個小孩和孫子。
    2) 客戶的兒子和子女都很孝順，經常接送他，並照顧他的生活起居。
    3) 客戶的太太目前住院，病情較為嚴重，預計下週出院，客戶經常去醫院探望和陪伴太太。
    4) 客戶提到自己有飼養寵物，並每週為寵物洗澡。

2. 健康狀況
    1) 客戶87歲，身體狀況退化，患有骨質疏鬆、腰椎間盤突出、痛風、牙周病、胃食道逆流、蜂窩性組織炎等問題，並曾因摔倒住院開刀。
    2) 客戶有肌少症，體力變差，行走距離有限，膝蓋疼痛，腳踝有問題，應少走路。
    3) 客戶曾接受白內障手術，擔心復發，並有牙齒狀況不佳，目前僅剩五顆牙齒。
    4) 客戶曾因車禍導致手部受傷，傷口尚未完全癒合，並有韌帶斷裂的情況。
    5) 客戶有小便困難，夜間需頻繁起床，並曾檢查腎絲球過濾率。
    6) 客戶有肺部問題，但未提及具體病情，且未接種肺炎鏈球菌疫苗。

3. 職業背景
    1) 客戶曾從事建築業，目前已退休，並有退休金。
    2) 客戶提到看護費用昂貴，可能與其家庭經濟狀況相關。

4. 健康食品使用心得
    1) 客戶有服用保健食品，包括氨基酸、鹿角鈣、消化酵素等，並表示有助於身體健康。
    2) 客戶曾使用胎盤素，但已停止使用，並曾注射過玻尿酸，效果不佳。
    3) 客戶提到洗眼後眼睛邊緣狀況有所改善，並有存放多罐保健食品。
    4) 客戶有時會忘記服用氨基酸產品和藥物，並提到每天應飲用一罐氨基酸。

5. 禁忌
    1) 客戶從小未抽菸，並曾被醫生詢問是否有抽菸。
    2) 客戶需注意避免小傷口碰水，以防蜂窩性組織炎復發。
    3) 客戶應減少行走距離，避免加重腳踝和膝蓋的負擔。",1
23247115,女,65.0,高雄市苓雅區,D,水瓶座,8275,否,否,是,否,否,是,是,否,905557.19045,283,222946.66666000005,36,45889.523810000006,11,17713.33333,2,2451.42857,2,202311.42855,21,162025.71428,10,20560.95238,3,17713.33333,2,0.0,0,是,否,是,否,否,否,0,否,否,否,否,是,0,否,否,否,"1. 家庭關係
    1) 客戶的母親80多歲，記憶力退化，有短暫記憶喪失，曾因三高問題定期回診，服用西藥導致嘔吐和暈眩，後改用保健品後健康狀況改善，目前已停用西藥半年，氣色和睡眠狀況良好。
    2) 客戶的女兒會購買膠原蛋白粉、美妝保養品及化妝品給她，並幫助處理相關事宜。
    3) 客戶的兒子會幫助處理技術問題，並有在服用某種產品。
    4) 客戶的弟弟有房子，計劃將房子留給客戶的女兒。
    5) 客戶的老公曾在momo購物，對商品價格有意見，認為某商品價格便宜，並希望多購買一瓶B群。
    6) 家中飼養了一隻超過十歲的貴賓犬，為收養的流浪狗，患有白內障且挑食。

2. 健康狀況
    1) 客戶有血壓問題，需服用血壓藥，並有膽固醇偏高的情況。
    2) 客戶因車禍導致臉部受傷，臉部有鋼釘和骨頭斷裂，天氣變化時會感到骨頭和神經刺痛，並有腦震盪後遺症。
    3) 客戶經常頭痛，半邊臉經常疼痛，且有支氣管炎，咳嗽導致聲帶受傷，嗅覺功能受損。
    4) 客戶曾經骨裂，連呼吸都會感到疼痛，但仍堅持上班。
    5) 客戶的胃部不適，並提到因工作繁忙導致健康狀況出現問題。
    6) 客戶提到上次感冒後有副作用，咳嗽持續一個月。

3. 職業背景
    1) 客戶目前有工作，採早晚班輪班，工作時間為早上8:30到中午12:00，下午5:30到晚上9:30，工作繁忙，經常無法接電話。
    2) 客戶正在上電商相關課程，需利用空檔時間上課，並提到學費昂貴。

4. 健康食品使用心得
    1) 客戶每天早上服用幹細胞膠囊，但感覺效果不明顯，曾購買過12盒，每盒價格約4000多元。
    2) 客戶有購買魚油，每天服用一顆，並提到不常吃保健食品。
    3) 客戶的母親曾服用降血壓保健品，效果顯著，血壓逐漸下降，健康狀況改善。
    4) 客戶的女朋友曾購買葉黃素和膠原蛋白給她使用。
    5) 客戶的院所固定提供益菌。

5. 禁忌
    1) 客戶的母親因服用西藥曾導致嘔吐和暈眩，後改用保健品。
    2) 客戶提到A6病毒比一般感冒嚴重，需特別小心。",1
23248903,女,48.0,新北市中和區,C,金牛座,8274,否,否,是,否,是,是,是,否,144400.04761999997,50,76676.19047,12,11202.85713,5,11108.57142,3,0.0,1,67964.76189,7,67964.76189,7,11202.85713,5,11108.57142,3,0.0,1,否,否,是,否,否,否,0,否,否,否,否,否,0,否,否,否,"1. 家庭關係
    1) 客戶有一個女兒，女兒是運動員，從小學五年級開始打排球，目前就讀普通班，需兼顧學業和運動，課業壓力較大。
    2) 女兒身高約166公分，目前有腰椎間盤突出和膝蓋疼痛的問題，並需要開刀，康復時間預計為三到六個月。
    3) 客戶目前陪伴小孩看病或準備開刀。

2. 健康狀況
    1) 客戶目前感冒了兩三天。
    2) 客戶提到她在生理期後開始飲用某種產品，並計劃每週飲用六天，週日休息。

3. 職業背景
    1) 客戶從事輪班工作。
    2) 客戶下午兩三點之後的時間比較方便接聽電話。

4. 健康食品使用心得
    1) 客戶已經開了一盒體驗產品，並計劃明天早上開始飲用。
    2) 客戶有飲用激活產品，但感覺效果不明顯，且認為價格昂貴。
    3) 客戶目前有在飲用激活產品和膠原蛋白飲品，並幾乎每天飲用海洋膠原飲。

5. 禁忌
    1) 客戶提到是否給女兒飲用產品需視情況而定。
    2) 客戶有聽過幹細胞產品，但自己沒有使用過。",1
23251118,女,64.0,台中市清水區,D+,天蠍座,8273,否,否,否,否,否,否,是,否,61611.47619,30,5425.71428,5,2742.85714,1,2742.85714,1,0.0,0,11568.57142,5,4025.71428,4,2742.85714,1,2742.85714,1,0.0,0,否,否,是,否,否,否,0,否,否,否,否,否,0,否,否,否,,1
23267538,男,50.0,基隆市暖暖區,Z,白羊座,8267,否,否,否,否,否,否,是,否,105606.90475,24,8124.76189,4,8124.76189,4,7180.95237,3,0.0,0,3771.42857,1,3771.42857,1,3771.42857,1,3771.42857,1,0.0,0,否,否,否,否,否,否,0,否,否,否,否,否,0,否,否,否,"1. 家庭關係
    1) 客戶表示家中的財務由配偶管理，需與配偶討論購買事宜。

2. 健康狀況
    1) 客戶目前沒有攝護腺相關問題。

3. 職業背景
    1) 客戶提到他有加入公司的LINE群組。

4. 健康食品使用心得
    1) 客戶平常有在吃葉黃素作為保養用途。
    2) 客戶選擇購買一組保健食品作為偶爾保養使用。

5. 禁忌
    1) 客戶目前不需要特別購買攝護腺相關保健食品。",1
23284332,女,60.0,新竹縣竹北市,Z,獅子座,8260,否,否,是,否,是,是,是,否,497051.2380699999,203,9399.04762,3,951.42857,1,0.0,0,951.42857,1,1331.42857,2,951.42857,1,951.42857,1,0.0,0,951.42857,1,否,否,是,否,否,否,1,否,否,否,否,否,0,否,否,否,,1
23294575,女,74.0,新竹市,C,水瓶座,8256,是,否,是,是,否,是,是,否,1291698.14278,391,920188.5712999998,257,284693.3333000001,103,168173.33332,27,3200.0,1,681065.71426,54,532639.0476099998,33,133780.95238,9,132838.09524,8,0.0,0,否,否,是,否,否,否,0,否,否,否,否,否,0,是,是,否,"1. 家庭關係
    1) 客戶目前一個人生活，外甥偶爾會照顧她。
    2) 客戶的二姐膝蓋有問題，曾購買膠囊產品改善膝蓋狀況，且腎臟功能喪失需使用尿袋，身上有多個腫瘤，健康狀況不佳。
    3) 客戶的外甥的母親正在進行洗腎。
    4) 客戶的姐姐腎臟不好，曾患心臟問題，使用石墨烯產品後健康有所改善。
    5) 客戶的表妹經常帶水果給她。
    6) 客戶的媳婦是吃素的。
    7) 客戶有一個朋友從美國回來，客戶送了朋友十二盒葉黃素。

2. 健康狀況
    1) 客戶有脊椎問題，曾因脊椎受傷進行手術，術後神經受損，走路有時感到不平衡，並曾因壓力大或半夜起床感到頭暈。
    2) 客戶有三高問題，需服用西藥，並有老花眼、膝蓋問題，經常駝背。
    3) 客戶曾接受白內障和青光眼手術，眼睛容易發炎且敏感。
    4) 客戶最近腸胃較敏感，曾因服用某些產品出現拉肚子或頭暈情況。
    5) 客戶曾因自律神經失調就醫，症狀有所改善。
    6) 客戶感冒中，膽固醇水平正常，經常喝水且排尿正常。

3. 職業背景
    1) 客戶是公務員退休，有退休金，需靠自己生活。
    2) 客戶有兩棟房子，其中一棟已出租，並有多張信用卡。

4. 健康食品使用心得
    1) 客戶曾長期服用德國製顆粒型紅麴產品，每天兩顆，並購買過胎盤素、玻尿酸、石墨烯褲、氨基酸、葉黃素、苦瓜胜肽等多種保健品。
    2) 客戶早上空腹飲用保健品，飯後喝玻尿酸，認為玻尿酸對膝蓋有幫助，並每半年注射一次玻尿酸。
    3) 客戶曾購買過土耳其無花果、加州黑棗等食品，並喜歡分享給朋友和家人。
    4) 客戶對舌下含服的吸收方式感興趣，並詢問相關效果。
    5) 客戶認為部分產品效果不如預期，例如激活再生安瓶和泰國保健品。
    6) 客戶對產品濃稠度敏感，部分產品濃度過高不易接受。
    7) 客戶對法國金牌腰帶和藥證字號產品有興趣，並考慮購買。

5. 禁忌
    1) 客戶服用保健食品時需與西藥間隔一到兩小時，但有時未能遵守。
    2) 客戶不吃某些膠囊產品，曾因氨基酸產品感到不適，出現頭暈。
    3) 客戶有時對保健食品感到心裡負擔，並對價格較為敏感。",1
23296321,女,56.0,新北市中和區,B,天秤座,8255,否,否,否,是,否,是,是,否,97500.57146,30,31026.66667,4,31026.66667,4,24760.0,3,6266.66667,1,61540.00001999999,11,31026.66667,4,31026.66667,4,24760.0,3,6266.66667,1,否,否,否,是,否,否,1,否,否,否,否,否,0,否,是,否,"1. 家庭關係
    1) 客戶提到她的女兒有時候會有胃食道逆流的情況，可能與緊張有關。

2. 健康狀況
    1) 客戶目前有在服用膽固醇的處方藥。
    2) 客戶提到她有在做正追，認為自己的肩頸和腰部狀況還好。
    3) 客戶提到她喝了某產品後感到胸口痛，全身不舒服。
    4) 客戶提到之前訂購過粒線體產品，但因食用後感到不舒服並出現胸悶情況而退掉。
    5) 客戶表示她沒有在服用抗凝血劑。

3. 職業背景
    1) 客戶提到她的所在地是公司，假日不能來收件。
    2) 客戶提到她明天需要上班，下午四點沒有空閒時間。

4. 健康食品使用心得
    1) 客戶提到她之前有長期食用葡眾的益生菌，持續了五到六年，但覺得效果變差，想更換品牌。
    2) 客戶提到她食用益生菌，但表示沒有感覺到效果，並提到飯後服用益生菌。
    3) 客戶提到她之前有購買過幹細胞產品，目前還未使用完，並表示幹細胞產品價格太高，應該不需要購買。
    4) 客戶提到她一天使用兩盒幹細胞產品，並對幹細胞產品的副作用表示擔憂。
    5) 客戶提到她知道冰川海藻幹細胞產品，並表示自己還有存貨。
    6) 客戶提到她之前有購買過自然美的精華液和商品，目前還有存貨。
    7) 客戶提到之前購買的青春露禮盒還沒使用，目前還有一瓶青春露存貨。
    8) 客戶表示一天需要服用兩顆保健品，早上空腹一顆，晚上睡前一顆，前期一天服用兩顆以達到強化保養效果，三個月後可改為一天一顆進行保養。
    9) 客戶提到保健品一盒有六十顆。

5. 禁忌
    1) 客戶提到她目前沒有在使用保養品類的產品，對保養品沒有需求。
    2) 客戶表示她目前沒有購買葉黃素的需求，因為她們家有固定在其他平台購買保健食品。
    3) 客戶認為產品價格太高，表示需要考慮是否購買，並提到幹細胞產品太貴。
    4) 客戶表示她不會選擇分期付款，最多只會選擇一年期的分期。",1
23310793,女,81.0,台中市北區,D+,白羊座,8248,否,否,否,否,否,是,是,否,93262.04761000002,61,45800.95237000001,30,4747.61904,6,0.0,0,0.0,0,19185.71427,19,10239.047599999998,13,3804.7619,5,0.0,0,0.0,0,否,否,是,否,否,否,0,否,否,否,否,否,0,否,否,否,,1
23311143,女,63.0,新竹縣新埔鎮,D+,雙子座,8248,否,否,否,否,否,是,是,否,187459.14290000004,78,46679.04761000001,22,30263.809520000003,11,14080.0,2,0.0,0,67939.04766,20,14473.33333,5,12571.42857,2,12571.42857,1,0.0,0,否,否,是,否,否,否,1,否,否,否,否,否,0,否,否,否,"1. 家庭關係
    1) 客戶已婚，與老公共同生活。
    2) 客戶的老公有心血管問題，裝有支架，並每天服用一顆蚓激酶，晚上睡覺時胸悶的情況有所改善。

2. 健康狀況
    1) 客戶63歲，曾確診過一次新冠病毒。
    2) 客戶有退化性關節炎，膝蓋軟骨磨損嚴重，曾做過膝蓋手術，且有一隻腳感到疼痛。膝蓋會有無力感，走路時感到疼痛，但晚上睡覺時不會痛，目前情況有所改善。
    3) 客戶有貧血問題，但已調整好，偶爾會有缺鐵情況。
    4) 客戶目前沒有三高問題。

3. 職業背景
    1) 客戶目前正在跑客戶，上午通常很忙，十點以前都在開會，下午比較方便接電話。

4. 健康食品使用心得
    1) 客戶每天服用維他命，並有使用醫生開的綜合維他命。
    2) 客戶有服用蚓激酶，通常在晚餐後服用。
    3) 客戶和老公都有服用心臟相關藥物。
    4) 客戶有購買過葡萄糖胺及高蛋白飲品，並有飲用高蛋白飲品。
    5) 客戶曾購買過華陀的土龍金，但服用兩次後覺得效果不好。
    6) 客戶提到曾購買過鞋墊，但效果不好並退貨。

5. 禁忌
    1) 客戶對美型鞋、東風品牌的衛生紙及玻尿酸產品沒有興趣。
    2) 客戶沒有購買龜鹿二仙膠。",1
23311828,女,64.0,台北市內湖區,C,摩羯座,8248,否,是,是,否,否,是,是,否,1104463.80966,446,380090.4762699999,147,164964.76188999997,57,73319.04761,9,22407.61902,13,94310.47619,9,75409.52381,4,59409.52381,3,56761.90476,2,2647.61905,1,否,否,是,否,否,是,0,否,否,否,否,否,0,否,否,是,"1. 家庭關係
    1) 客戶目前住在西安市，與老公一起生活，家中僅有兩人。
    2) 客戶提到家中目前沒有收入，經濟壓力較大，無法負擔高價產品。
    3) 客戶提到家人對她購買保健品的行為不太接受，並曾因家中物品堆積而發脾氣。
    4) 客戶提到家人膝關節有問題，曾接受玻尿酸注射，並考慮改用保健食品。

2. 健康狀況
    1) 客戶身體狀況不佳，曾摔斷腰，右腳受過傷，血液循環不良，手腳冰涼，冬天較冷。
    2) 客戶有血壓高和血糖偏高的問題，但未達三高程度，並擔心保健品對肝腎的負擔。
    3) 客戶手部疼痛，無法搬重物，並提到家中親人摔倒後無痛覺且需眼科治療。
    4) 客戶對於減重產品、膠原蛋白、玻尿酸等產品的使用方式有一定了解，但對效果持懷疑態度。

3. 職業背景
    1) 客戶曾在大陸進修七年，生活環境主要是學校和宿舍，後來將物品運回台灣。
    2) 客戶目前已退休，無工作，經濟狀況有限，僅能負擔基本生活開銷。

4. 健康食品使用心得
    1) 客戶曾購買多種保健品，包括益生菌、精油、膠原蛋白、玻尿酸、幹細胞膠囊、活泉胎盤產品等，但對部分產品效果不明顯或有疑慮。
    2) 客戶目前服用幹細胞膠囊和活泉胎盤產品，並曾使用過玻尿酸噴劑和燕窩。
    3) 客戶對於產品的真實性和有效期非常重視，曾因購買假貨感到不滿。
    4) 客戶認為購買多種保健食品會導致重疊，並希望避免不必要的支出。

5. 禁忌
    1) 客戶不適合使用人蔘產品，認為會導致上火，且家人也不適合食用。
    2) 客戶對保養品過敏，近年購買的保養品幾乎無法使用，並暫時不使用任何保養品。
    3) 客戶不適合戴帽子，因為帽子容易滑落。
    4) 客戶對高價產品購買意願低，並表示目前不需要任何保健品、保養品或生活用品。",1
23313836,女,55.0,台中市潭子區,D+,金牛座,8247,否,否,否,否,否,否,是,否,289207.04762,159,62547.619040000005,22,34944.7619,5,28380.95238,1,0.0,0,37225.71428,6,30282.85714,4,28380.95238,1,28380.95238,1,0.0,0,否,否,是,否,否,否,0,否,否,否,否,否,0,否,否,否,"1. 家庭關係
    1) 客戶提到她的小孩都不購買保健品。

2. 健康狀況
    1) 客戶年齡為55歲，健康狀況未提及具體問題。

3. 職業背景
    1) 未提及具體職業背景。

4. 健康食品使用心得
    1) 客戶目前有很多保健食品尚未消化完，包括B群、二七骨頭關節保健食品等。
    2) 客戶之前購買過醇養妍產品、B群產品、喝漂亮的保健品，並收到五盒產品和一盒十包的鱸魚精。
    3) 客戶提到不喜歡某款杏仁產品，因為不好吃。
    4) 客戶最終決定購買兩組妍美会的B群保健食品。

5. 禁忌
    1) 客戶目前沒有購買保健食品的需求，因為家中保健食品尚未吃完。
    2) 客戶表示目前沒有時間，會再考慮是否使用回饋。
    3) 客戶提到她試穿了一下蠶絲內衣，但尚未清洗。",1
23325540,女,66.0,苗栗縣頭份市,C,處女座,8242,否,否,是,是,否,是,是,否,804571.71405,389,640718.0950599997,319,218198.09521,109,93655.23811,28,14323.80953,10,172347.61902,32,164784.76188,30,41749.52381,5,41749.52381,5,0.0,0,否,否,是,否,否,否,0,否,否,否,否,是,0,否,否,否,"1. 家庭關係
    1) 客戶與先生住在一起，有一個兒子和一個女兒，家人每週六日會聚會。
    2) 客戶有兩個孫子，孫子不與她同住，距離約三四十公里，開車約十分鐘。
    3) 客戶有五個兄弟姐妹，自己是家中最小的，家庭有外省背景。
    4) 客戶的母親已於今年年初過世，享年92歲，父母曾患有糖尿病，母親腎臟狀況不佳，父親患糖尿病40年。
    5) 客戶的媳婦是小學教師，懷孕期間仍工作，兒子有幫忙出錢，但客戶認為媳婦比兒子更貼心。
    6) 客戶的妹妹有三個小孩，最小的兒子16歲。

2. 健康狀況
    1) 客戶65歲，已退休，定期進行健康檢查，腸胃狀況不錯，但有慢性病、高血壓和血糖偏高的情況。
    2) 客戶的皮膚偏乾，臉頰有毛孔問題，並且以前眼睛會霧，經過休息後有所改善。
    3) 客戶擔心腎臟健康，飲食清淡，水量攝取標準，並對保健食品的攝取較為謹慎。
    4) 客戶曾在加拿大和美國因乾燥氣候流鼻血，皮膚也受影響。

3. 職業背景
    1) 客戶曾從事服裝設計相關工作30年，後來退休。
    2) 客戶退休後偶爾擔任貿易類型的顧問工作，每年工作20至30天，並涉及樣本設計和流行顏色。

4. 健康食品使用心得
    1) 客戶有服用多種保健食品，包括魚油、益生菌、葉黃素、合利他命、B群、蔓越莓產品、幹細胞產品等，並對其效果表示滿意。
    2) 客戶認為益生菌改善了健康狀況，減少打噴嚏頻率，並注重益生菌的技術和品牌。
    3) 客戶對葉黃素的效果有一定了解，會按照建議劑量服用，並給小朋友一起食用。
    4) 客戶認為大豆異黃酮對健康有幫助，並在45、46歲時開始服用。
    5) 客戶對粒線體保健食品的效果有一定認可，認為其價格昂貴但值得。
    6) 客戶認為烤箱烹飪比煎食物更健康，並注重均衡飲食。

5. 禁忌
    1) 客戶避免過量服用保健食品，並會根據建議劑量服用。
    2) 客戶不喜歡太甜的食物，擔心血糖升高，紅棗一天只吃兩片。
    3) 客戶認為番紅花需少量使用，且最好在白天服用以避免影響睡眠。
    4) 客戶的孫子不喜歡酸味的保健食品，且有過敏情況。
    5) 客戶的家人使用沐浴乳會有皮膚問題，因此醫生建議少用沐浴乳。
    6) 客戶對於保健食品的保存期限和過量服用有嚴格要求，避免浪費和健康風險。",1
23325956,女,72.0,新北市板橋區,D,雙子座,8242,否,否,否,否,否,是,否,否,57029.66666,37,8653.33334,6,4416.19048,4,0.0,0,951.42857,1,7177.14286,6,3150.47619,3,1388.57143,2,0.0,0,951.42857,1,否,否,是,否,否,否,0,否,否,否,否,否,0,否,否,否,,1
23328205,女,57.0,新北市汐止區,D,白羊座,8241,否,否,否,是,否,是,否,否,167066.57139,92,41431.42855,20,1894.28571,2,0.0,0,951.42857,1,23978.09523,6,23978.095229999995,6,951.42857,1,0.0,0,951.42857,1,否,否,是,否,否,否,0,否,否,否,否,否,0,否,否,否,"1. 家庭關係
    1) 客戶有一個大兒子，兒子目前是高中生，曾參加學校比賽並獲得全國第二名。
    2) 客戶有一個一歲多的孫子，是大兒子的孩子。
    3) 客戶家中有養狗，包括牧羊犬和牧馬犬。
    4) 客戶提到家中男性使用的產品較多。
    5) 客戶家人不喜歡使用某些品牌的產品。
    6) 客戶家中不特別過生日，也沒有這種慶祝的習慣。

2. 健康狀況
    1) 客戶年齡為57歲，曾因感冒而暫停食用保健食品。
    2) 客戶表示曾食用過幹細胞產品，但覺得味道不好受。
    3) 客戶提到之前購買的保健食品有一種味道很難聞，因此不敢食用。

3. 職業背景
    1) 客戶目前正在上班。

4. 健康食品使用心得
    1) 客戶曾購買益生菌，但表示對她沒有用，且家中還有很多益生菌存貨尚未食用。
    2) 客戶家中有三十盒幹細胞產品，但沒有人要吃。
    3) 客戶之前購買的保健食品是為了媽媽食用，但媽媽也沒有吃完。

5. 禁忌
    1) 客戶對於味道不佳的保健食品較為抗拒，曾因味道問題而不敢食用。
    2) 客戶目前不需要購買更多產品，因為家裡還有很多存貨，包括洗髮精、沐浴乳、益生菌等。",1
23330630,女,60.0,台南市中西區,Z,天蠍座,8240,否,否,否,否,否,否,是,否,124090.90477,63,5000.0,2,2171.42857,1,2171.42857,1,0.0,0,5000.0,2,5000.0,2,2171.42857,1,2171.42857,1,0.0,0,否,否,是,否,否,否,1,否,否,否,否,否,0,否,否,否,,1
23330880,女,65.0,台南市安南區,D+,金牛座,8240,否,是,是,是,否,是,是,否,1454184.23806,545,610014.2857600008,216,305928.5714299998,100,109475.23813999994,34,17216.190430000002,14,174392.38098000002,26,116094.28574,20,67614.28573999999,12,62323.80954,7,0.0,0,否,否,是,否,否,否,0,否,否,否,否,否,0,否,否,否,"1. 家庭關係
    1) 客戶提到她的媽媽現在很忙。
    2) 客戶提到家裡大概有三到四個人會一起食用葉黃素。

2. 健康狀況
    1) 客戶對眼睛保健食品有興趣，特別是針對乾眼症、飛蚊症、青光眼、白內障等問題。

3. 職業背景
    1) 無相關資訊。

4. 健康食品使用心得
    1) 客戶詢問葉黃素產品是否適合小朋友食用，並得知五歲以上即可食用。
    2) 客戶了解葉黃素產品的保存期限為三年，並表示日本的產品保存期限通常是三年。
    3) 客戶確認葉黃素產品的食用方式為一天一顆，若是成人或眼睛不舒服的情況一天可吃到兩顆。

5. 禁忌
    1) 無相關資訊。",1
23331639,女,66.0,屏東縣屏東市,C,處女座,8240,否,否,是,是,否,是,是,否,459271.71421,239,187999.99998,61,73336.19045999998,15,60562.85714,4,4148.57142,3,187427.61904,43,151747.61903,31,63606.66666,8,60562.85713999999,4,0.0,0,否,否,否,否,否,否,0,否,否,否,否,是,0,否,否,否,"1. 家庭關係
    1) 客戶與丈夫共同生活，丈夫有參與訂購相關產品，並建議吃完囤貨後再購買。
    2) 客戶提到家中有小朋友，已經上國中和大學。
    3) 客戶的兒子和孫子會一起出去旅行。
    4) 客戶的母親信仰多種宗教，包括黃道教、道教和佛教。
    5) 客戶的女兒購買了很多面膜給她，但她都沒有使用。

2. 健康狀況
    1) 客戶身體狀況較差，近期摔跤導致無法走路，但目前已經好轉。
    2) 客戶每天早晚服用多顆處方藥，包含慢性病藥物，並表示藥物過多，身體感覺僵硬。
    3) 客戶確診過，並提到心血管狀況不佳，取消了出國旅遊計劃。
    4) 醫生建議客戶調整身體狀況，三餐正常飲食，並考慮減少藥物服用。
    5) 客戶表示自己沒有力氣爬山，會選擇開車上山。

3. 職業背景
    1) 客戶目前沒有上班，待在家中。
    2) 客戶提到最近生意不好。

4. 健康食品使用心得
    1) 客戶之前購買過增加記憶力的保健食品，但尚未使用。
    2) 客戶和丈夫有服用固頭腦產品，並有服用維骨力保養骨頭。
    3) 客戶之前喝過粒線體產品，但覺得效果不明顯且口感不好。
    4) 客戶有服用B群，並認為女神專用的B群可能更適合自己。
    5) 客戶家中有很多保健品，但有些未使用且已過期。

5. 禁忌
    1) 客戶不會亂買東西，對銀財神活動沒有興趣。
    2) 客戶表示每天早上沒有時間使用產品，且不喜歡使用太久的電子產品，擔心安全性。
    3) 客戶對於藥物服用較為謹慎，考慮減少藥量，並對某些藥品是否適合自己存疑。",1
23332850,女,74.0,雲林縣北港鎮,Z,天秤座,8239,否,否,否,否,否,否,是,否,383671.09511,223,45512.38095000001,27,18796.19048,9,13218.09524,3,0.0,0,99182.85713,31,27964.76191,12,11314.28572,2,11314.28572,2,0.0,0,否,否,否,否,否,否,0,否,否,否,否,否,0,否,否,否,"1. 家庭關係
    1) 無相關資訊提及。

2. 健康狀況
    1) 客戶目前住院，正在醫院進行檢查，並曾接受多次手術，包括頸椎手術，術後需要休息，並佩戴腰帶七個月。
    2) 客戶的三酸甘油酯稍微偏高，但並不嚴重。
    3) 客戶有乾眼症，眼睛容易乾燥，並有固定在眼科就診，使用眼藥水和葉黃素進行保養，情況已有改善。
    4) 客戶曾處理過息肉問題，並每年進行檢查。
    5) 客戶之前有便秘現象，現已改善，但仍需服用便秘藥物。

3. 職業背景
    1) 無相關資訊提及。

4. 健康食品使用心得
    1) 客戶固定服用醫生開的B群，每天服用一顆，並於昨日收到新的B群產品。
    2) 客戶訂購了瑞昇纖加入我神花茶，並提到保溫杯上有濾網，可以放茶葉進行沖泡。

5. 禁忌
    1) 客戶術後需要休息，不能做太多事情。
    2) 客戶通常中午才吃飯。",1
23334497,女,56.0,新北市蘆洲區,C,雙子座,8238,否,否,否,否,否,是,是,否,619991.4285800001,155,249781.90473,38,56773.33333,2,56773.33333,2,0.0,0,326027.61906,28,207628.57142,11,56773.33333,2,56773.33333,2,0.0,0,否,否,是,否,否,否,0,否,否,否,否,否,0,否,是,否,"1. 家庭關係
    1) 客戶提到自己有一個兒子，兒子很忙，可能會使用她購買的產品。
    2) 客戶表示家人不喜歡吃保健食品，家裡送的一些保健品都放到過期。
    3) 客戶提到襪子可以給兒子穿。

2. 健康狀況
    1) 客戶提到自己看起來比實際年齡年輕，目前59歲。
    2) 客戶表示眼睛狀況不好，眼睛容易疲累，目前沒有使用葉黃素產品。
    3) 客戶提到自己每天喝兩罐粒線體產品，並希望觀察效果是否改善健康狀況。
    4) 客戶提到自己目前每天吃兩顆幹細胞產品，並表示效果慢慢顯現。

3. 職業背景
    1) 客戶目前在大陸，未提及具體職業。
    2) 客戶提到自己目前經濟狀況不佳，沒有多餘的錢購買昂貴產品。

4. 健康食品使用心得
    1) 客戶曾購買過幹細胞產品，目前尚未吃完，並對臺大研發的新版幹細胞產品有所了解，但對推銷有所抗拒。
    2) 客戶曾購買過粒線體產品，從二月到現在已經喝完五盒，還有一盒未開封，並表示效果不明顯。
    3) 客戶提到去年吃了一些產品，但感覺效果不佳，覺得浪費了錢。
    4) 客戶提到自己一直在吃某些產品，但效果似乎不明顯。
    5) 客戶提到自己家裡還有葉黃素等保健品，並提到以前有搭配使用。

5. 禁忌
    1) 客戶表示不想再購買粒線體相關產品，並要求先處理退貨問題。
    2) 客戶提到補養的產品目前沒有需求，並對臺積電老闆娘使用的產品表示不感興趣。
    3) 客戶提到不希望再購買瓶瓶罐罐的保健品，例如眼睛保健品、骨關節保健品等。
    4) 客戶提到自己不希望接到太多推銷電話，感到困擾，並拒絕專員的推銷。
    5) 客戶提到不希望向他人推銷產品，擔心被誤解為有抽成。
    6) 客戶提到自己不穿襪子，對贈送的石墨烯襪子不感興趣。
    7) 客戶提到不希望被多收費或有隱藏費用。",1
23359207,男,58.0,台中市西屯區,Z,巨蟹座,8231,否,否,否,否,否,是,是,否,151376.19049,23,53603.80952,10,10950.47619,3,9428.57143,1,0.0,0,108775.2381,18,53603.80952,10,10950.47619,3,9428.57143,1,0.0,0,否,否,否,否,否,否,0,否,否,否,否,否,0,否,否,否,"1. 家庭關係
    1) 客戶提到女兒26歲。
    2) 客戶表示他們家只過母親節，不過父親節。

2. 健康狀況
    1) 客戶提到自己每年會進行一次全身性的健康檢查。
    2) 客戶提到自己有在服用西藥。
    3) 客戶提到偶爾會運動，但運動後會感到疼痛。
    4) 客戶提到自己會曬得黑黑的，但臉上沒有斑，也不覺得臉部暗淡無光。

3. 職業背景
    1) 客戶提到自己在公司工作了將近三十年。
    2) 客戶提到他目前還在工作，平常的工作性質是坐在辦公室，並且中間沒有休息時間。
    3) 客戶提到平時會和客戶一起打高爾夫球。
    4) 客戶提到平常會進行投資，包括股票和房地產。
    5) 客戶提到自己通常下午三點半下班。

4. 健康食品使用心得
    1) 客戶提到每天服用幹細胞產品，每天早晚各服用一顆，但表示沒有特別感覺。
    2) 客戶提到自己每天有在服用葉黃素、維他命C和心血管保健品。
    3) 客戶提到自己有在使用葉黃素和益生菌。
    4) 客戶提到購買過華陀的龜鹿顧骨膠囊、龜鹿二仙膏和葉黃素，並提到二仙膏目前還有存貨未用完。
    5) 客戶提到收到寄來的白藜蘆醇產品。
    6) 客戶表示購買保健食品是為了一般保養。

5. 禁忌
    1) 客戶表示目前不需要購買洗髮露產品。
    2) 客戶提到上次的洗面乳是送的，並表示一定要兩瓶。",1
23359276,女,50.0,南投縣埔里鎮,C,巨蟹座,8231,否,是,是,否,否,是,是,否,124844.61909,58,75811.42860000001,18,32037.14286,5,26608.57143,3,0.0,0,53340.952390000006,7,53340.95239,7,26608.57143,3,26608.57143,3,0.0,0,否,否,否,否,否,否,0,否,否,否,否,否,0,否,否,否,,1
23373134,女,68.0,台北市大安區,A,白羊座,8228,否,否,是,否,否,是,是,否,2263944.33324,342,650897.1428199995,70,184663.80950000003,27,180243.80950000003,21,951.42857,1,1558460.95229,174,640119.04758,59,181195.23807000005,22,180243.80950000003,21,951.42857,1,是,否,是,否,否,否,1,否,否,否,否,否,1,否,是,否,"1. 家庭關係
    1) 未提及具體家庭成員或關係。

2. 健康狀況
    1) 客戶目前無膽固醇問題，也不需要控制血糖或三酸甘油酯。
    2) 客戶提到她的皮膚無法吸收任何東西，且皮膚敏感，使用化妝品容易長東西。
    3) 客戶目前在喝膠原蛋白，曾補充過膠原蛋白和葉黃素產品。
    4) 客戶不需要針對腎臟的益生菌，並表示益生菌效果因人而異。
    5) 客戶認為自己吃的健康食品過多，且不記得是否有吃過某些益生菌產品。

3. 職業背景
    1) 未提及具體職業背景。

4. 健康食品使用心得
    1) 客戶喜歡玻尿酸產品，並詢問氨基酸產品是否會與玻尿酸衝突。
    2) 客戶對高蛋白產品需求一般，認為高端產品不適合自己。
    3) 客戶不吃益生菌、燕窩產品及褐藻糖膠產品，並對自然美產品和百人實驗測試效果持懷疑態度。
    4) 客戶曾購買臺大的幹細胞產品及葉黃素產品，並提到健康食品多從國外購買。
    5) 客戶表示只需要初榨橄欖油，並了解其價格高於純橄欖油。
    6) 客戶對於健康食品的價格較為敏感，認為部分產品價格過高。
    7) 客戶希望先購買各一瓶產品以試用效果，並詢問產品的服用方式。
    8) 客戶被告知星星果油應在飯後食用，並對贈品不感興趣。

5. 禁忌
    1) 客戶不使用日本的醬油產品，但使用日本品牌的防曬產品。
    2) 客戶不吃益生菌，並提到她的益生菌是從德國帶回來的。
    3) 客戶不使用面膜，且臉部皮膚敏感，只能使用資生堂的清爽化妝水。
    4) 客戶不看專員提到的節目，對問卷調查不感興趣，且不喜歡被推銷。",1
23374204,女,64.0,台中市大雅區,D+,處女座,8227,否,否,否,是,否,是,是,是,304706.38093999994,256,44021.90476,43,21336.19048,18,0.0,0,963.80952,1,20719.0476,23,15351.42856,16,4995.2381000000005,6,0.0,0,0.0,0,否,否,是,否,否,否,0,否,否,否,否,否,0,否,否,否,"1. 家庭關係
    1) 客戶家中有一棟四十多年的老房子，年久失修，會漏水。
    2) 客戶的家庭成員包括老公、兒子、媳婦、女兒及孫子，公公婆婆已過世十幾年。
    3) 客戶的兒子和媳婦住在一起，客戶主要負責照顧孫子，並幫忙接送兩個孫子。
    4) 客戶的老大女兒與她住在一起，老二兒子住在家隔壁一條街。
    5) 客戶的孫子目前就讀幼稚園，學費有折扣，客戶每天早起為孫子準備早餐，但孫子不喜歡吃，需外購早餐，兒媳婦每月補貼五千元作為早餐費用。
    6) 客戶的女兒有精神健康問題，需要藥物控制情緒，且不會算錢，曾被人坑錢。
    7) 客戶的家庭中有三個小孩，分別是老大、二姐和小班，老大和二姐性格不合，但不會吵架。

2. 健康狀況
    1) 客戶有低血壓問題，容易頭暈，曾因血紅素低需要靠藥物維持。
    2) 客戶曾因學習吃素導致營養不良，後來改用康寶補血。
    3) 客戶的孫子最近得了腸胃炎。

3. 職業背景
    1) 客戶的兒子在公司工作，薪水約六萬五千元，隨便加班可達七萬元，會說英語，與印度和荷蘭同事共事。
    2) 客戶的媳婦剛開始工作，月薪約兩萬五到兩萬六。
    3) 客戶的老二在南投從事藥物研發工作，薪資和待遇較好，住在家裡以節省開銷。
    4) 客戶的家庭從事農業相關工作，主要種植咖啡豆，並有固定客戶購買產品，還幫助鄰居和親戚朋友進行團購。

4. 健康食品使用心得
    1) 客戶有在吃保健食品，主要是日本品牌的百化膿，用於消炎和保健，從朋友處購買，價格較高但符合健康需求。
    2) 客戶曾購買康寶補血以改善血紅素低的問題。

5. 禁忌
    1) 客戶不想再增加保健食品的種類。
    2) 客戶的女兒不喜歡使用自然美的面膜。",1
23375767,男,72.0,新北市瑞芳區,D,水瓶座,8227,否,否,否,否,否,否,是,否,558567.2382400001,142,47170.476200000005,7,2017.14286,3,665.71429,1,0.0,0,393370.4763300001,73,46770.476200000005,6,1617.14286,2,665.71429,1,0.0,0,否,否,否,否,否,否,0,否,否,否,否,否,0,是,否,否,"1. 家庭關係
    1) 客戶提到自己沒有家人。
    2) 客戶表示魚油只有她自己在食用，未與家人共享。

2. 健康狀況
    1) 客戶提到自己有老花眼，視力不清楚。
    2) 客戶表示目前不需要補充膝蓋骨頭關節相關的保健品。
    3) 客戶對粒線體的知識了解較多，並提到其遺傳特性。

3. 職業背景
    1) 客戶表示目前在開車。
    2) 客戶提到她目前在海外，但明後天會回到台灣。

4. 健康食品使用心得
    1) 客戶曾購買過牛樟芝（品牌為日本萬壽園），但目前尚未吃完，且表示不需要再購買。
    2) 客戶曾購買過褐藻糖膠，總價接近兩萬塊，目前存量足夠，可食用一年多，但尚未開封。
    3) 客戶從加拿大購買了三大瓶魚油（每瓶500克），每天服用一顆，並已食用多年。
    4) 客戶目前使用別家的益生菌產品，曾購買過益生菌，但收到的產品與之前購買的類型不同。
    5) 客戶表示健康食品太多了，不想再吃，並要求不要推銷健康食品。

5. 禁忌
    1) 客戶表示目前不需要幹細胞相關產品。
    2) 客戶表示不需要口服安瓶產品。
    3) 客戶提到目前不想再購買任何產品，認為已經購買太多且浪費錢。
    4) 客戶提到杯子太多了，不需要再購買。",1
23378108,男,63.0,新北市永和區,C,摩羯座,8226,否,否,否,否,否,是,是,否,288695.9048,79,31574.28572,14,20695.2381,3,17142.85714,1,2266.66667,1,130412.38095,21,22069.52381,9,19409.52381,2,17142.85714,1,2266.66667,1,否,否,否,否,否,否,0,否,否,否,否,否,0,否,否,否,"1. 家庭關係
    1) 客戶提到家人也有食用保健食品，如野生土龍鴕鳥龜鹿精。
    2) 客戶提到家中有其他人與他一起食用鴕鳥精。

2. 健康狀況
    1) 客戶62歲，未提及具體健康問題。
    2) 客戶曾購買多種保健食品，但對部分產品效果不明顯。

3. 職業背景
    1) 客戶平日需要上班，工作時間從早上到晚上十點，週末休息。
    2) 客戶表示希望預約時間儘量早，以便配合工作安排。

4. 健康食品使用心得
    1) 客戶曾購買並食用鴕鳥精，但表示效果不明顯，目前家中仍有多盒鴕鳥精。
    2) 客戶曾購買葉黃素、龜鹿靈資金、鴕鳥精等保健食品，並對華陀產品有所了解。
    3) 客戶家中目前還有一瓶半的合利他命B群，並收到東森的蟲草全參飲。
    4) 客戶對電子型錄中的魚軟骨產品感興趣，但對幹細胞產品無興趣。

5. 禁忌
    1) 客戶表示目前不需要痠痛貼布和萬歲牌堅果。
    2) 客戶提到目前沒有要購買華陀的商品，並對是否購買其他產品持保留態度。",1
23385097,女,54.0,新北市淡水區,C,獅子座,8223,否,否,是,是,否,否,是,否,253931.66667,37,126121.90476,6,50860.95238,2,50860.95238,2,0.0,0,210550.47619,10,126121.90476,6,50860.95238,2,50860.95238,2,0.0,0,否,否,是,否,否,否,1,否,否,否,否,否,0,否,否,否,"1. 家庭關係
    1) 客戶已婚，丈夫在身邊，但不希望她再購買產品。
    2) 客戶有一位母親，母親曾經骨折和脊椎骨折，目前身體狀況需要保養。
    3) 客戶有一個兒子，最近正在栽培兒子。
    4) 客戶家中養有一隻七八年的紅貴賓，主要吃狗罐頭和大包裝飼料。

2. 健康狀況
    1) 客戶目前六十歲，處於更年期，經歷關節疼痛、潮熱、睡眠不佳、骨頭和關節腫脹等症狀。
    2) 客戶有骨質疏鬆（負2.5）和白內障，並認為白內障可能與用眼過度有關。
    3) 客戶正在服用中藥，健康狀況有所改善，並接受荷爾蒙治療。
    4) 客戶的丈夫有心血管疾病，曾中風，目前服用慢性處方藥。
    5) 客戶去年九月停經，但今年十二月一號突然來月經，計劃稍後進行詳細檢查。

3. 職業背景
    1) 客戶目前在朋友的咖啡館工作，壓力較大。
    2) 客戶已經工作三十年，擁有三十年的勞保年資。
    3) 客戶曾代理過直銷洗髮精和其他直銷產品，花費了不少金錢。

4. 健康食品使用心得
    1) 客戶曾飲用含雙玻尿酸和雙膠原蛋白的口服安瓶，但效果不明顯。
    2) 客戶曾飲用鹿茸精和牛樟芝，但發現會導致體重增加，因此停止使用。
    3) 客戶曾購買和飲用土龍精，但因糖分較高且丈夫食用後身體不適，暫時停止使用。
    4) 客戶曾購買龜鹿精、粒線體保健品和再生安瓶等產品，但對效果表示懷疑，並不定期飲用。
    5) 客戶認為玻尿酸產品能讓皮膚變得有氣色和光滑。
    6) 客戶每天食用美仕，但擔心過於營養，因此並非每天食用，且有分給母親食用。

5. 禁忌
    1) 客戶對於糖分較高的產品（如土龍精）較為謹慎，擔心引發健康問題。
    2) 客戶控制體重，避免食用可能導致體重增加的產品（如鹿茸精、牛樟芝）。
    3) 客戶家人（母親和小孩）認為粒線體產品效果不佳，建議她不要浪費錢。",1
23385465,女,60.0,高雄市阿蓮區,Z,射手座,8223,否,否,否,否,否,是,是,否,218476.57137,129,22643.8095,18,10674.285720000002,8,1902.85714,2,0.0,0,20937.14285,6,5927.61904,4,570.47619,1,570.47619,1,0.0,0,否,否,是,否,否,否,0,否,否,否,否,否,0,否,否,否,"1. 家庭關係
    1) 客戶提到她目前比較忙，家裡有些事情，沒有心情去看商品。

2. 健康狀況
    1) 客戶表示她現在有在吃液態的保健食品。
    2) 客戶對於購買B群有興趣，並選擇購買一盒B群產品試用。

3. 職業背景
    1) 客戶提到她加入東森購物會員已超過21年。
    2) 客戶過去的購物模式是透過觀看電視台的介紹，看到喜歡的商品後打電話訂購。

4. 健康食品使用心得
    1) 客戶表示她目前有在食用液態保健食品。
    2) 客戶對於B群產品感興趣，並已購買一盒試用。

5. 禁忌
    1) 客戶提到她不喜歡吃綠蜂膠相關產品。",1
23390026,女,49.0,高雄市小港區,C,金牛座,8222,否,否,否,否,否,是,是,否,292706.76192,209,102282.85716,43,56595.238090000006,16,24441.90475,5,426.66667,2,51971.42857,11,34341.904760000005,6,23027.61904,4,23027.61904,4,0.0,0,否,否,是,否,否,否,0,否,否,否,否,否,0,否,否,否,"1. 家庭關係
    1) 無相關資訊。

2. 健康狀況
    1) 客戶有過敏體質。
    2) 客戶目前主要使用益生菌和葉黃素，益生菌是為了腸胃道健康，葉黃素則可能與視力保健相關。

3. 職業背景
    1) 客戶目前正在上班。

4. 健康食品使用心得
    1) 客戶目前有在使用其他品牌的益生菌，並認為飯前空腹服用效果較好，但若不適應則建議飯後服用。
    2) 客戶剛開始服用益生菌，僅使用了一兩天，並且目前還有益生菌存貨。
    3) 客戶之前購買過葉黃素，但覺得效果不佳，考慮更換品牌。
    4) 客戶之前有購買過華陀及其他涵蓋品牌的產品，並認為涵蓋品牌的產品不錯。
    5) 客戶曾體驗過益生菌產品，並購買過漢方益生菌。
    6) 客戶近期訂購了兩組小分子益生菌，並購買了兩盒B群，每盒包含60顆，足夠使用兩個月。

5. 禁忌
    1) 客戶目前有分期付款的負擔尚未繳清，因此對購物可能較為謹慎。
    2) 客戶目前有東森幣，但暫時無特定想要購買的品牌或產品。",1
23392453,男,78.0,高雄市前鎮區,D,獅子座,8221,否,否,否,否,否,是,是,否,598240.3810500002,212,219340.9523699998,59,24959.99998,19,6724.76191,5,5788.57143,4,301738.09521,32,166586.66666,15,4168.57143,4,3217.14286,3,951.42857,1,否,否,是,否,否,否,0,否,否,否,否,是,0,否,否,否,"1. 家庭關係
    1) 客戶提到與家人一起吃蘋果。
    2) 客戶提到家中有人食用南瓜籽。

2. 健康狀況
    1) 客戶曾經手骨折。
    2) 客戶進行過白內障手術，手術後恢復情況良好，視力已經恢復清楚，且後遺症機率較小。
    3) 客戶提到高血壓，並擔心血壓可能會病變。
    4) 客戶提到自己沒有在服用醫生開的藥物。

3. 職業背景
    1) 無相關資訊。

4. 健康食品使用心得
    1) 客戶曾購買過印加果油和綠蜂膠的商品。
    2) 客戶曾參加過德國氨基酸的活動。
    3) 客戶曾購買過台大的幹細胞產品。
    4) 客戶有在食用葉黃素。
    5) 客戶表示目前家裡可能還有剩下的保健食品，但不確定數量。
    6) 客戶提到使用青春露保養品，但尚未看到淡斑效果。

5. 禁忌
    1) 客戶表示魚油不適合自己使用。
    2) 客戶表示比較少吃燕窩。
    3) 客戶提到自己吃素。",1
23397626,女,59.0,桃園市中壢區,D+,獅子座,8219,否,否,否,否,否,是,是,否,181646.42856,120,65066.666670000006,31,29074.28572,12,4742.85714,1,0.0,0,18623.14286,9,9865.71428,3,4742.85714,1,4742.85714,1,0.0,0,否,否,是,否,否,否,0,否,否,否,否,否,0,否,否,否,"1. 家庭關係
    1) 客戶提到她有一個女兒，女兒有過敏問題。
    2) 客戶提到起火益生菌是給家人食用的。
    3) 客戶的孩子不喜歡苦茶油的味道。

2. 健康狀況
    1) 客戶表示她沒有排便方面的困擾。
    2) 客戶目前沒有在服用紅麴或蚓激酶相關的保健品。
    3) 客戶提到青春露使用後感覺還好，但未明確表示是其購買的。

3. 職業背景
    1) 客戶提到她目前正在上班。
    2) 客戶提到她現在很少煮飯，外食比較多。

4. 健康食品使用心得
    1) 客戶提到她有在服用益生菌，且家中還有好幾盒存貨。
    2) 客戶之前有購買過買三送三的保健食品。
    3) 客戶提到她之前有在吃益生菌，但目前不需要。
    4) 客戶對益生菌感興趣，並詢問是否有類似於娘家益生菌的產品。
    5) 客戶詢問是否有華陀的起火益生菌產品，並提到其不是奇異果口味的產品。
    6) 客戶提到葡萄王益生菌的價格為1700多元。
    7) 客戶提到她之前有購買過苦茶油，但現在很少使用。
    8) 客戶提到她用過某款益生菌產品，並表示上次購買的產品還有剩。
    9) 客戶提到她有訂購金美的產品。
    10) 客戶提到她剛從日本回來，並且已經購買了一些保健品。

5. 禁忌
    1) 客戶提到她不習慣吃發泡錠。
    2) 客戶提到她不喜歡將卡號保留在電腦系統中。",1
23411370,男,53.0,新北市中和區,D+,天蠍座,8215,否,是,否,否,否,是,是,是,179612.61908000003,184,120139.9999999999,101,26599.99998,26,19069.52378,17,0.0,1,96437.14287,121,62115.23807999997,63,11598.095209999998,14,11598.095209999998,14,0.0,0,否,否,否,否,否,否,0,否,否,否,否,否,0,否,否,否,,1
23418803,女,58.0,高雄市仁武區,Z,水瓶座,8212,否,否,否,否,否,否,是,否,297443.33331,171,23677.14284,13,10465.71428,2,10465.71428,2,0.0,0,136070.47616,60,16121.90475,5,10465.71428,2,10465.71428,2,0.0,0,否,否,是,否,否,否,0,否,否,否,否,否,0,否,否,否,"1. 家庭關係
    1) 客戶有一位女兒，女兒有時候會在蝦皮購物。
    2) 客戶提到她的妹妹的女兒有時候會從日本買東西回來。
    3) 客戶的先生最近工作有一些問題，且公司情況很亂。

2. 健康狀況
    1) 客戶目前有脂肪肝的健康問題。
    2) 客戶有時候會忘記吃保健食品。

3. 職業背景
    1) 客戶目前在幼稚園工作，但工作到七月份後就不做了。
    2) 客戶下個月將換新工作。

4. 健康食品使用心得
    1) 客戶目前有在使用某品牌的葉黃素，並以四罐八百五的價格購買。
    2) 客戶之前有使用過日本的蚓激酶保健食品。
    3) 客戶之前購買過粉狀的葉黃素產品，目前家中還有葉黃素產品。
    4) 客戶提到家裡有在吃保養品，但之前買的華陀產品還沒吃完，最近都沒有吃。
    5) 客戶的保養品存量還有很多。

5. 禁忌
    1) 客戶表示她吃完晚餐後會吃水果和喝牛奶。",1
23423681,女,53.0,嘉義縣民雄鄉,E,水瓶座,8211,否,否,否,否,否,否,是,否,173075.28576,57,54882.85715000001,23,10990.47619,4,9086.66667,3,0.0,0,30982.85714,9,19640.0,4,6629.52381,2,6629.52381,2,0.0,0,否,否,否,否,否,否,0,否,否,否,否,否,0,否,否,否,"1. 家庭關係
    1) 無相關資訊提及。

2. 健康狀況
    1) 客戶表示水分攝取量不多。
    2) 客戶曾購買益生菌產品以改善排便順暢問題，但對效果不滿意。

3. 職業背景
    1) 無相關資訊提及。

4. 健康食品使用心得
    1) 客戶曾購買過益生菌、代謝膠囊、日本仁丹、酵素、果凍及自然美的膠囊保養品等健康食品。
    2) 客戶對益生菌產品效果不滿意，並對此類產品感到反感。
    3) 客戶對代謝膠囊的效果有疑問，並未表示滿意。
    4) 客戶對日本味王的產品感興趣，並曾在電視上看到相關產品。

5. 禁忌
    1) 客戶對益生菌產品已無興趣，甚至感到反感。",1
23431967,女,60.0,屏東縣恆春鎮,D,雙子座,8208,是,否,是,是,否,是,是,否,812631.85706,599,186801.90476000003,103,45735.23813,20,24600.95239,5,6975.2381,4,267148.57146,224,18802.85715,10,3084.76191,2,0.0,0,2647.61905,1,否,否,是,否,否,否,0,否,否,否,否,否,0,否,否,否,"1. 家庭關係
    1) 客戶提到媽媽需要食用紅糖，並且購買的參片主要用來送給親戚和朋友。
    2) 客戶提到她的老公眼睛常常感到乾澀，曾經服用過顧眼睛的保健品，但感覺無效。

2. 健康狀況
    1) 客戶表示自己上廁所正常，沒有便秘問題。
    2) 客戶提到自己有腳底筋膜炎，並曾經住院，住院期間有變白的情況。
    3) 客戶目前體重為63公斤，並有在睡前服用B群。

3. 職業背景
    1) 客戶提到她忙於教會和工會的活動。
    2) 客戶提到她很少查看簡訊，並提到她有使用MOD觀看電視。

4. 健康食品使用心得
    1) 客戶曾購買過花旗蔘參片，並表示效果最明顯，對花旗蔘感興趣，請專員幫忙留意相關資訊。
    2) 客戶曾購買過減重果凍、葉黃素、紅麴產品、枸杞汁、益生菌等健康食品，但認為效果不佳，並表示不會再購買益生菌產品。
    3) 客戶提到她的老公曾服用過顧眼睛的保健品，但感覺無效。
    4) 客戶表示購買的高麗蔘是自己食用，並曾訂購過花旗蔘片的組合。
    5) 客戶提到晚上會喝幫助睡眠的產品。

5. 禁忌
    1) 客戶表示不需要購買花旗蔘的杏仁粉或燕窩。
    2) 客戶表示不需要加購高單位B群維他命。
    3) 客戶表示不喜歡黑棗精。
    4) 客戶提到不需要購買新的喉糖口味。",1
23432234,女,73.0,屏東縣潮州鎮,D+,獅子座,8208,否,否,否,否,否,是,是,否,310879.47615,193,114700.00001999998,67,36102.85713999999,22,6243.80953,4,7212.380950000001,4,34259.99999,18,13998.09523,7,3200.0,2,0.0,0,0.0,0,否,否,否,否,否,否,0,否,否,否,否,否,0,否,否,否,"1. 家庭關係
    1) 客戶提到她的先生也吃全素。
    2) 客戶表示全家人都吃素。

2. 健康狀況
    1) 客戶提到自己已經72歲，生活時間很規律，皮膚狀況不錯，比同年齡的人看起來更年輕。
    2) 客戶知道肌少症，但認為吃素不一定會導致肌少症。
    3) 客戶提到她的葉黃素存量非常多，且購買的葉黃素產品沒有感覺到效果。
    4) 客戶表示家中有很多B群，並提到購買的日本B群產品是用於修復神經。
    5) 客戶提到她有白藜蘆醇和花青素相關的保健品。

3. 職業背景
    1) 客戶未提及具體職業背景，但提到她會在MOD上查看商品，並請服務人員幫忙查看回扣。

4. 健康食品使用心得
    1) 客戶目前有在食用益生菌，並提到之前買過漢方益生菌和杏仁粉。
    2) 客戶提到她有訂購葉黃素產品，但未感受到效果。
    3) 客戶提到她目前有在使用有機園的產品。
    4) 客戶曾經試用過美人酊產品。
    5) 客戶表示最近已經購買了很多B群產品，並請人從日本帶回了很多B群產品。

5. 禁忌
    1) 客戶是全素食者，吃素已經很多年，無法接受含有葷成分或明膠的產品。
    2) 客戶表示需要注意飲食，不能亂吃。",1
23445040,女,70.0,苗栗縣三義鄉,B,天蠍座,8203,否,否,否,是,否,是,是,否,650503.71415,153,166419.99996000002,25,39022.85713,7,32808.57142,2,3516.19048,1,456359.04758,69,158951.42854,17,37846.66666,5,32808.57142,2,3516.19048,1,否,否,否,否,否,否,0,否,否,否,否,否,0,否,否,否,"1. 家庭關係
    1) 客戶的老公從事煤礦拆除工作。
    2) 客戶的兒子是大學教授。
    3) 客戶的弟弟住在旁邊，能幫忙照顧家人。
    4) 客戶的媳婦有在吃益生菌，但對排便效果不明顯。

2. 健康狀況
    1) 客戶有高血壓，並每天服用一顆高血壓藥。
    2) 客戶有糖尿病家族病史，糖化血色素三個月前為7.1，最近降至6.2。
    3) 客戶的關節和骨頭不會痠痛。
    4) 客戶體重減少了兩公斤，並有每天運動的習慣，包括快走和慢跑。

3. 職業背景
    1) 客戶曾是設計師，目前未在工作狀態，且沒有收入。
    2) 客戶目前在銀行，並提到貸款相關事宜。

4. 健康食品使用心得
    1) 客戶服用多種保健食品，包括芝麻明E（日本購買）、龜鹿膠囊、納豆紅麴、挺立鈣、益生菌、印加果油、果凍條等。
    2) 客戶每天早上空腹服用益生菌，並建議媳婦早晚各服用一顆益生菌。
    3) 客戶認為益生菌有助於腸胃道調理和排便順暢，果凍條有飽足感且可能減少肚子。
    4) 客戶曾購買肌膚安瓶產品，並每週服用安瓶三次。
    5) 客戶提到她的頭髮變得沒那麼白，可能與使用某產品有關。
    6) 客戶目前有存量的保健品，尚未用完，且不需要再購買。
    7) 客戶不喜歡瓶瓶罐罐的產品，偏好粉狀保健食品，且不需要泡水直接食用。
    8) 客戶目前服用一種由小兒子從日本購買的保健食品。
    9) 客戶提到印加果油建議飯後服用效果更明顯。

5. 禁忌
    1) 客戶不喝亞培安素。
    2) 客戶不喜歡使用再生紙製成的衛生紙，偏好原生紙漿製成的產品。
    3) 客戶比較少吃麻油雞等活血食物。
    4) 客戶提到鴕鳥精不好，並詢問原因，但她曾購買過鴕鳥精產品，並未每天服用。",1
23466949,女,66.0,高雄市苓雅區,Z,天秤座,8200,否,是,是,否,否,是,是,否,345563.9523700001,200,25784.7619,12,1123.80952,1,1123.80952,1,0.0,0,75534.28570999998,23,17862.85713,8,1123.80952,1,1123.80952,1,0.0,0,否,否,是,否,否,否,0,否,否,否,否,否,0,否,否,否,"1. 家庭關係
    1) 未提及具體家庭成員或關係。

2. 健康狀況
    1) 客戶為65歲女性，提到與骨裂相關的內容，可能需要關注骨骼健康。
    2) 客戶對健康保健有一定的重視，並有使用多種保健品的習慣。

3. 職業背景
    1) 客戶目前仍在上班，顯示其可能仍處於工作狀態。

4. 健康食品使用心得
    1) 客戶有在食用納豆，並對其有一定的接受度。
    2) 客戶偏好粉狀的膠原蛋白產品，不喜歡喝的膠原蛋白。
    3) 客戶目前已有益生菌和葉黃素，且存量充足，無需再購買。
    4) 客戶對B群產品有興趣，想了解相關資訊。
    5) 客戶選擇購買華陀龜鹿膠囊，並將其捐贈。

5. 禁忌
    1) 客戶目前不需要購買更多保健品，因為家中存貨充足。
    2) 客戶對喝的膠原蛋白產品不感興趣，偏好粉狀形式。",1
23469221,女,57.0,桃園市蘆竹區,B,摩羯座,8199,否,否,是,否,否,是,是,否,417504.0953,262,87336.19049,29,43970.47619,10,40219.047620000005,7,0.0,0,68314.28572,14,62752.38095,11,40856.19047,8,38323.80952,6,0.0,0,否,否,是,否,否,否,0,否,否,否,否,否,0,否,否,否,"1. 家庭關係
    1) 客戶有先生和兩個女兒，其中一個女兒在三得利公司擔任網路優化人員，另一個女兒在台中讀書。
    2) 客戶的婆婆年齡超過80歲，曾因骨質疏鬆導致骨骼問題，現由家人照顧，服用龜鹿保健食品後健康有所改善。
    3) 客戶提到家人多數吃素，並選擇素食禮盒作為送禮選項。
    4) 客戶提到家人多從事需要長時間用眼的工作，且多為高度近視。

2. 健康狀況
    1) 客戶有三高問題，包括高血壓、糖尿病和高膽固醇，並服用相關藥物控制血糖和膽固醇。
    2) 客戶的血糖偏高，糖化血色素曾達到8.5，目前降至7.6，血糖控制在120到130之間。
    3) 客戶有白內障現象，眼睛乾澀和眼睛結石問題，並定期接受眼科檢查。
    4) 客戶有時肩胛骨容易痠痛，並曾因咳嗽導致尿失禁，改看中醫調理。
    5) 客戶曾有腸胃不適，並停止飲用檸檬水。
    6) 客戶目前已進入更年期，對含氟牙膏持負面看法，改用不含氟的中藥牙膏。

3. 職業背景
    1) 客戶目前56歲，已辦理半退休，工作時間為早九晚六，工作時間有彈性。
    2) 客戶的公司主要從事橋梁和道路的工程設計，並將項目外包給其他公司。
    3) 客戶提到辦公室有監視器，不方便在上班時間接私人電話。
    4) 客戶的女兒曾在日本留學並從事打工度假，現於三得利公司擔任網路優化人員。

4. 健康食品使用心得
    1) 客戶和家人注重保養，服用多種保健食品，包括龜鹿、苦瓜胜肽、苦瓜精、葉黃素、魚油、薑黃粉、沙棘果油、南瓜籽杏仁粉等。
    2) 客戶認為苦瓜胜肽和苦瓜精有助於控制血糖，葉黃素對眼睛乾澀效果不明顯，沙棘果油對眼睛和抗發炎有幫助。
    3) 客戶和先生改吃定劑型保健食品，避免液態食品中的含糖成分。
    4) 客戶早餐會喝咖啡，並加入薑黃、豌豆蛋白、黑芝麻和膠原蛋白粉。
    5) 客戶和家人喜歡吃天然堅果類食品，曾購買萬歲牌堅果產品，但對某些成分比例不滿意。

5. 禁忌
    1) 客戶對紅麴類產品有顧慮，認為可能對肝臟和腎臟有負擔，因此選擇不食用，並改服用納豆。
    2) 客戶家人未接種疫苗，對疫苗安全性表示擔憂。
    3) 客戶血糖偏高，對含糖食品較為謹慎，不適合食用甜的燕窩。",1
23478442,女,51.0,桃園市蘆竹區,C,天秤座,8196,否,是,是,否,否,是,是,否,191878.381,76,147076.19054,57,48901.90478,23,23785.71429,8,15695.23812,6,59867.619060000005,21,59867.61906000001,21,38420.00002,15,20360.0,7,15695.238120000002,6,否,否,否,否,否,否,0,否,否,否,否,否,0,否,是,否,"1. 家庭關係
    1) 客戶家庭成員包括先生和兩個小孩，先生因工作特殊性不住家裡，每月最多在家十天，且工作與政府相關，出國受到限制。
    2) 客戶的女兒在學校學習自然科目，並曾因皮膚病毒感染就醫，康復後免疫力提升。女兒每天睡前服用益生菌和魚油。
    3) 客戶的小孩有儲存臍帶血幹細胞，未來可用於美容或醫療用途。小孩的貼身衣物由客戶手洗晾乾。
    4) 客戶和家人曾一起露營，並計劃前往東南亞或日韓旅遊，偏好跟團，預算約四人六至七萬台幣。

2. 健康狀況
    1) 客戶睡眠狀況良好，能達到深層睡眠，並使用智慧型手錶追蹤睡眠。
    2) 客戶每天進行五到十公里運動，認為有助於心血管健康和抗癌能力。
    3) 客戶對芝麻和花生過敏，懷孕後體質有所改變。
    4) 客戶的女兒有假性近視，每天服用葉黃素改善視力。

3. 職業背景
    1) 客戶未明確提及自身職業，但提到先生的工作與政府相關，出國受到限制。
    2) 客戶曾籌備自己的婚禮，所有費用由自己負擔。

4. 健康食品使用心得
    1) 客戶服用益生菌、魚油、葉黃素、燕麥及B群等保健食品，並認為魚油效果不錯，但益生菌對自己效果不明顯。
    2) 客戶曾購買高劑量玻尿酸，但效果不佳，剩餘產品已過期未使用。
    3) 客戶家中有長輩使用蜂王乳，認為適合作為送禮用途。
    4) 客戶飲用保健品後會喝水，但未按照建議飲用足量。她常忘記服用保健品，尤其是睡前。
    5) 客戶的女兒每天睡前服用益生菌和魚油，並搭配一杯水。

5. 禁忌
    1) 客戶對芝麻和花生過敏，並偏好軟性膠囊，認為膠囊類感冒藥不適合。
    2) 客戶避免在雙十一期間看電視和網路，以節省開支。",1
23480677,男,65.0,台南市善化區,D,獅子座,8195,否,否,否,否,否,否,是,否,180967.04759,87,31205.71426,22,19210.47618,12,8107.61904,5,0.0,0,38956.19048,17,10357.14285,9,437.14286,1,0.0,0,0.0,0,否,否,是,否,否,否,0,否,否,否,否,否,0,否,否,否,,1
23482190,女,65.0,桃園市大溪區,D+,水瓶座,8194,否,否,是,否,否,否,是,否,245970.04764,77,38352.38095,3,28380.95238,1,28380.95238,1,0.0,0,39756.19047,3,35504.7619,2,28380.95238,1,28380.95238,1,0.0,0,否,否,是,否,否,否,0,否,否,否,否,否,0,否,否,否,"1. 家庭關係
    1) 客戶目前住在老家，但計劃明天回到原本的住處，最近常常沒有固定在家中居住。
    2) 客戶的先生因車禍開刀，目前仍在恢復期，客戶需要照顧先生。

2. 健康狀況
    1) 客戶有高血壓，但其他健康狀況良好。

3. 職業背景
    1) 客戶提到最近比較忙，因需要照顧先生，沒有時間經常看電視購物。

4. 健康食品使用心得
    1) 客戶固定使用某品牌的膠原蛋白，認為效果不錯。
    2) 客戶平常有在吃日本品牌的和力他命。
    3) 客戶曾購買過高麗蔘和花旗蔘產品，對產品的味道有印象，並提到目前只開了一罐花旗蔘產品，但味道與之前購買的經驗不同。
    4) 客戶去年購買了花旗蔘片和顧血管的保健食品，並提到花旗蔘片有油耗味，可能因為放太久不新鮮。
    5) 客戶之前購買過粒線體產品，幾乎每天都有使用。

5. 禁忌
    1) 客戶對保健食品的味道較為敏感，曾提到花旗蔘片有油耗味。",1
23483928,男,83.0,台北市士林區,D,天蠍座,8193,否,否,否,否,否,是,否,否,224022.85711,155,120515.2380699999,87,24987.61904,19,0.0,0,951.42857,1,147501.90472,98,68001.90471999998,49,15949.52381,12,0.0,0,951.42857,1,否,否,是,否,否,否,0,否,否,否,否,否,0,否,否,否,"1. 家庭關係
    1) 客戶有一位女兒住在中和，距離很近，女兒每兩週探望她並帶她外出，女兒從事管理觀光工廠工作，工作時間自由。
    2) 客戶有兩個小孫女，女兒曾因腳受傷進行微創手術，目前已能行走。
    3) 客戶的配偶身體健康，僅因生育住過兩次院，家中有申請外籍看護但尚未到位。
    4) 客戶的母親有糖尿病，體力較差，家族中多人患有糖尿病或腎功能問題。
    5) 客戶的妹妹住在上海，侄女都在國外，表弟曾在桃園購買房子並出售，表弟開設眼鏡工廠賺錢。

2. 健康狀況
    1) 客戶80多歲，患有糖尿病需打胰島素，每週洗腎三次，腎功能衰竭，並有高血壓、高血糖問題。
    2) 客戶確診大腸癌，腸道內有腫瘤，曾進行微創手術，目前身體尚未完全復原，術後需休息，飲食以稀飯為主。
    3) 客戶有白內障但情況輕微，膝蓋退化但無需開刀，曾體重減輕五至六公斤。
    4) 客戶表示年紀大胃口變差，抵抗力不足，曾感到疼痛並提到開刀後副作用。
    5) 客戶家族壽命較短，父親41歲過世，叔叔60歲過世。

3. 職業背景
    1) 客戶曾在羅東工作，並於50歲開始學書法，認為書法能讓心情平靜。
    2) 客戶目前依靠勞保及退休金，每月開銷約一萬五至兩萬五元。

4. 健康食品使用心得
    1) 客戶曾購買磷蝦油、益生菌、白蘭氏滴雞精等健康食品，認為滴雞精效果很好，但益生菌尚未吃完。
    2) 客戶喜歡吃白苦瓜煮湯或快炒，偏好生鮮食材，較少吃煮熟的食物，並不喜歡乾澀食物。
    3) 客戶曾購買東方美人茶及其他茶葉，認為口感不如預期，現在喝茶品質已升級。

5. 禁忌
    1) 客戶不吃牛肉，因為許願的緣故。
    2) 客戶不喜歡喝咖啡，偏好喝茶，並不敢吃味道太強烈的食物。
    3) 客戶不太敢在 Facebook 上購買商品，擔心被騙。",1
23489092,女,52.0,宜蘭縣羅東鎮,D,金牛座,8191,否,否,否,否,否,否,否,否,79881.85714999998,35,1788.57143,3,1788.57143,3,0.0,0,0.0,0,5483.80953,3,1198.09524,2,1198.09524,2,0.0,0,0.0,0,否,否,是,否,否,否,1,否,否,否,否,否,0,否,否,否,,1
23498142,男,58.0,新北市汐止區,C,射手座,8188,否,否,是,否,否,否,是,否,106005.04763,31,35828.57143,7,30247.61905,4,28361.90476,3,0.0,0,30438.09524,4,30438.09524,4,28361.90476,3,28361.90476,3,0.0,0,否,否,是,否,否,否,0,否,否,否,否,否,0,否,否,否,"1. 家庭關係
    1) 客戶的生活用品通常由其妻子負責處理。
    2) 客戶曾購買維他命B群是為了給妻子使用。

2. 健康狀況
    1) 客戶表示服用過B群，但沒有明顯感覺。
    2) 客戶服用B群的目的是增強免疫力。

3. 職業背景
    1) 客戶提到隔壁有益生菌的大廠，並能以員工價購買益生菌。

4. 健康食品使用心得
    1) 客戶曾購買葉黃素和維他命，並提到去年也曾購買過B群和葉黃素。
    2) 客戶表示上次拿的維他命B群是獨立包裝。

5. 禁忌
    1) 客戶未提及任何健康食品的禁忌。",1
23501053,女,53.0,新北市永和區,D,摩羯座,8186,否,否,否,否,否,是,是,否,325606.9523499999,125,84042.85714000001,17,1009.52381,1,0.0,0,0.0,0,194010.47619,41,81242.85714,15,1009.52381,1,0.0,0,0.0,0,否,否,是,否,否,否,1,否,否,否,否,否,0,否,否,否,"1. 家庭關係
    1) 客戶家中有小孩，且小孩目前還在念書。
    2) 客戶的姐姐負責照顧父親，並且可能擁有每日錢和紅神幣。
    3) 客戶的父親健康狀況有所改善，但不能喝太多水，且沒有糖尿病。
    4) 客戶的兒子曾幫助她的母親處理卡片相關事宜，並曾因重感冒感到全身痠痛和疲憊。

2. 健康狀況
    1) 客戶有胃食道逆流的問題，並提到有老花眼。
    2) 客戶有恐慌和憂鬱的情況，每天固定服用兩顆小劑量的藥物。
    3) 客戶最近感冒過，但已經痊癒且無後遺症。
    4) 客戶目前有在減脂，雖然體重未下降，但感覺身體變瘦，皮膚狀況也有所改善，毛孔問題減少。

3. 職業背景
    1) 客戶目前從事保健食品的包裝或代工相關工作，工作地點離家很近，步行即可到達。
    2) 客戶目前的工作時間是早上九點半到下午三點，並且以臨時工的形式在郵局幫忙工作。
    3) 客戶提到她的經濟狀況不如以前好。

4. 健康食品使用心得
    1) 客戶目前每天服用兩顆活泉幹細胞產品，感覺身體有所改善，並提到該產品有助於修復細胞和促進健康。
    2) 客戶之前購買過平安米，評價不錯，目前家中還有兩包存貨。
    3) 客戶曾購買過B群保健食品，但因味道不適而未繼續服用。
    4) 客戶之前使用過玫琳凱的綜合維他命和葡聚醣，並曾購買過安麗的保健食品，但目前已停止使用。
    5) 客戶提到葉黃素需要每天補充，並曾使用某種產品改善視力問題。
    6) 客戶家中有一盒鱸魚精，並且早上起來會喝某種飲品。
    7) 客戶之前使用過自然美的精油，但目前未再使用。

5. 禁忌
    1) 客戶的父親曾想喝補品，但因醫生建議不亂吃東西而停止。
    2) 客戶提到B群的味道讓她感到不適，因此未繼續服用。",1
23502841,男,69.0,新北市汐止區,Z,摩羯座,8186,否,否,否,否,否,否,是,否,384245.42851,149,35415.23808,25,11941.904759999998,8,2828.57143,1,0.0,0,2828.57143,1,2828.57143,1,2828.57143,1,2828.57143,1,0.0,0,否,否,是,否,否,否,0,否,否,否,否,否,0,否,否,否,"1. 家庭關係
    1) 未提及家庭相關資訊。

2. 健康狀況
    1) 客戶年齡為68歲，眼睛視力狀況良好，無模糊、乾澀或老花問題。
    2) 客戶目前沒有服用葉黃素，且未提及其他健康問題。

3. 職業背景
    1) 未提及職業相關資訊。

4. 健康食品使用心得
    1) 客戶幾乎不購買保健食品，並表示目前沒有在服用葉黃素。
    2) 專員建議葉黃素的使用方式為一天一顆，若眼睛疲累或感冒則一天兩顆，但客戶尚未採納。

5. 禁忌
    1) 客戶未提及任何健康食品或生活用品的禁忌。",1
23507944,女,66.0,花蓮縣花蓮市,Z,射手座,8183,否,否,是,否,否,是,是,是,128025.71429,76,43528.57144999999,23,16418.09524,8,12378.09524,5,1154.28571,1,19943.80953,6,12733.33334,3,5657.14286,1,5657.14286,1,0.0,0,否,否,否,否,否,否,0,否,否,否,否,否,0,否,否,否,,1
23509525,女,77.0,高雄市三民區,D+,白羊座,8183,否,否,是,否,否,是,是,否,378994.42857,176,170366.66668999993,63,58601.904760000005,20,31692.38096,5,0.0,0,108693.33333,18,61760.95238,10,22600.0,3,21657.14286,2,0.0,0,否,否,是,否,否,否,0,否,否,否,否,否,0,否,否,否,"1. 家庭關係
    1) 客戶有一位四十多歲的女兒，未婚且子宮已被切除。
    2) 女兒曾幫助客戶購買保健食品，並推薦其先生服用某種膠囊保健品。
    3) 女兒每天會查看客戶的帳戶並關心其消費情況，對客戶購買保健品的行為表示不滿，認為不應該花錢購買更多保健品。
    4) 客戶的先生患有糖尿病並需要服藥，且腦部有些萎縮，每年需進行檢查。

2. 健康狀況
    1) 客戶有高血壓問題，正在服用高血壓藥物。
    2) 客戶有乳腺鈣化的健康問題。
    3) 客戶目前很少吃高熱量的食物以控制健康狀況。

3. 職業背景
    1) 客戶目前正在上課，因此沒有時間處理其他事情。
    2) 客戶提到她目前經濟狀況不好，無法負擔額外的開銷，並優先考慮存錢和養老。

4. 健康食品使用心得
    1) 客戶最近購買了芯立強品牌的保健食品。
    2) 客戶需要購買穆拉德的血管保健產品，並表示剛好吃完了。
    3) 客戶有在服用華陀的產品，包括龜鹿系列和珍珠粉。
    4) 客戶表示不喜歡重複購買相同的保健食品。

5. 禁忌
    1) 客戶的女兒對推銷高價商品的行為持有保留態度，並不支持客戶購買更多保健品。
    2) 客戶最近花了很多錢，因此不願意再購買更多產品。",1
23522663,男,69.0,台北市內湖區,B,金牛座,8177,是,否,是,否,否,否,是,否,567113.0953299999,276,272148.5714599997,140,71601.90474999999,22,61065.71428,14,0.0,0,143657.14286000002,24,101029.5238,11,40665.71428,4,40665.71428,4,0.0,0,否,否,是,否,否,否,0,否,是,否,否,是,0,否,否,否,"1. 家庭關係
    1) 客戶目前一個人住，兒子和女兒曾與他同住，但現在已不住在一起。
    2) 客戶有一個兒子（35歲，未婚）和一個女兒，女兒不吃某些食物。
    3) 客戶對兒子提供經濟支持，包括保險和貸款。
    4) 客戶有一個妹妹曾在美國從事軟體工程工作，後來回國照顧母親三個月。
    5) 客戶有一個哥哥、兩個姐姐和一個弟弟。
    6) 客戶的母親曾患慢性肺炎和癌症，客戶曾陪同母親檢查、住院、開刀並支付相關費用。
    7) 客戶的父親是日語專家，曾從事國際貿易並引進臺灣香菇金。

2. 健康狀況
    1) 客戶68歲，身高175公分，體重約85公斤，超重5-6公斤，正在減肥，控制每日卡路里攝取在1000-2000卡之間。
    2) 客戶有血糖高的問題，糖化血色素可通過運動控制下降，醫生建議減少糖分攝取，尤其是甜食和含糖飲料。
    3) 客戶有糖尿病，需醫生幫助調養，並認為若體重降到正常值可能不需吃藥。
    4) 客戶腸胃吸收能力良好，但有時食用華陀扶元堂益生菌會拉肚子。
    5) 客戶曾因長期騎腳踏車和登山導致靜脈瘤問題，進行過三次手術。
    6) 客戶曾感冒並有咳嗽症狀，但不嚴重。

3. 職業背景
    1) 客戶是台灣大學畢業，主修工業設計，曾在經濟部從事工業設計和包裝相關工作，並參與臺灣化妝品和保養品的規劃。
    2) 客戶曾是國中和高中老師，後來成為教育學院教授，並擔任企業顧問。
    3) 客戶曾參與中華民國外銷貿易協會，擔任總監。
    4) 客戶目前擔任新創科技公司的顧問。
    5) 客戶對中國藝術感興趣，曾獲得美國某個獎項，並有一個推動台灣風景旅遊度假產業開發的計劃。

4. 健康食品使用心得
    1) 客戶是東森的長期會員，已加入24年5個月，經常購買保健食品，包括褐藻糖膠、葉黃素、益生菌、魚油、龜鹿二仙膠、人參蜆B群、姜黃素、葡萄糖胺、白蘭氏養生飲、苦瓜胜肽、鹿茸精、土龍精等。
    2) 客戶每天服用保健食品進行保養，對葡眾益生菌效果滿意，已持續食用五六年。
    3) 客戶認為某些幹細胞產品效果不明顯且價格昂貴，曾購買過台大幹細胞膠囊產品和胎盤素，但效果不佳。
    4) 客戶每天喝一罐黑咖啡，認為有助於代謝和健康。
    5) 客戶每天服用兩顆葉黃素，因常看電腦有飛蚊症問題。

5. 禁忌
    1) 客戶避免食用含糖食品和精緻澱粉，並限制巧克力攝取量。
    2) 客戶有慢性病，某些產品不能食用，因會增加身體負擔。",1
23523112,女,56.0,台中市大雅區,D,雙魚座,8177,否,否,否,是,否,是,否,否,15817.80953,19,2851.42857,6,1331.42857,2,0.0,0,951.42857,1,4078.09523,9,2851.42857,6,1331.42857,2,0.0,0,951.42857,1,否,否,否,否,否,否,0,否,否,否,否,否,0,否,否,否,,1
23529358,女,61.0,南投縣南投市,C,巨蟹座,8175,否,否,否,否,否,是,是,否,20561.90476,12,15453.33333,10,9379.04761,7,6019.04761,3,540.95238,1,7428.57142,5,7428.571419999999,5,7428.571419999999,5,6019.04761,3,0.0,0,否,否,否,否,否,否,0,否,否,否,否,否,0,否,否,否,,1
23546845,女,68.0,新北市新店區,D,金牛座,8172,否,否,否,是,否,是,是,否,596576.04754,321,77789.52380000001,36,6243.80953,6,570.47619,1,1600.0,1,322153.33332000003,123,43022.85715,12,2092.38095,3,570.47619,1,0.0,0,否,否,否,否,否,否,0,否,否,否,否,否,0,是,否,否,"1. 家庭關係
    1) 客戶目前獨居，家中沒有其他人。
    2) 客戶的母親年紀較大，身體狀況不佳，吃什麼都沒有效果。
    3) 客戶的兒子因工作無法陪伴她住院，但會幫忙購買所需物品及下班後準備食物。
    4) 客戶家中目前有三個人，曾提到購買火鍋份量需吃兩到三餐。

2. 健康狀況
    1) 客戶患有卵巢癌，已進行手術治療，並正在接受化療，化療總共六次，目前已完成。
    2) 客戶曾於七月十三號進行手術，術後需要延長休養時間至少兩週。
    3) 客戶近期做了人工血管手術，並提到肚子痛是病變的初期症狀。
    4) 客戶即將進行手術，並計劃獨自處理術後照顧事宜。
    5) 客戶已預約三個月後進行掃描檢查，目前體重維持在五六十公斤。

3. 職業背景
    1) 客戶未提及具體職業背景。
    2) 客戶的兒子在外工作，無法陪伴她住院。

4. 健康食品使用心得
    1) 客戶曾購買過規律加龜鹿的產品。
    2) 客戶每天都有服用營養品。
    3) 客戶表示人蔘產品是給媽媽補氣補血，但目前家中還有一組人蔘，不需要再購買。
    4) 客戶曾嘗試某款體驗產品，但使用後感到不適並嘔吐。
    5) 客戶表示不需要人蔘和益生菌產品。

5. 禁忌
    1) 客戶對某款體驗產品感到不適並嘔吐，可能對該產品成分過敏或不耐受。
    2) 客戶目前正在接受化療，需注意避免使用可能影響治療效果的產品。",1
23553442,女,54.0,宜蘭縣礁溪鄉,D+,雙魚座,8170,否,否,否,否,否,是,是,否,157181.95239,71,12675.23809,8,7465.71429,4,1409.52381,1,6056.19048,3,7465.71429,4,7465.71429,4,7465.71429,4,1409.52381,1,6056.19048,3,否,否,否,否,否,否,0,否,否,否,否,否,0,否,否,否,,1
23561530,女,60.0,高雄市左營區,D+,金牛座,8168,否,否,否,否,否,是,是,否,1213392.42854,367,95714.28573,34,66886.66667,15,22213.33334,5,0.0,0,247631.42856000003,52,29920.95239,11,23865.71429,5,2076.19048,1,0.0,0,否,否,是,否,否,否,1,否,否,否,否,否,0,否,是,否,"1. 家庭關係
    1) 未提及具體家庭成員或關係。

2. 健康狀況
    1) 客戶表示目前不吃藥。
    2) 客戶有在食用魚油等保健食品。
    3) 客戶剛購買了葉黃素。
    4) 客戶對於龜鹿雙寶的使用感覺還可以。

3. 職業背景
    1) 未提及具體職業背景，但客戶對西方設計更感興趣。

4. 健康食品使用心得
    1) 客戶喜歡原形食物，例如燕窩和人蔘。
    2) 客戶曾購買並食用過華陀的即食燕窩、花旗蔘杏仁粉、鱸魚精及龜鹿雙寶，對龜鹿雙寶的使用感覺還可以。
    3) 客戶目前訂購了兩組燕窩，並提到上個月也有訂購燕窩。
    4) 客戶提到之前購買了很多人蔘，但尚未食用完。
    5) 客戶對華陀的產品興趣不大，但得知購買華陀產品可享優惠。
    6) 客戶表示目前對購買產品興趣不大。

5. 禁忌
    1) 客戶不吃辣椒的食物。
    2) 客戶不想再嘗試某些具有腐蝕性的東西。",1
23569192,女,56.0,台南市新營區,C,處女座,8165,否,否,是,是,否,是,是,否,161359.47613999998,111,54787.61901,36,24296.19044,18,3571.4285600000003,3,11582.85714,6,24510.47617,17,22055.23808,14,12389.52379,9,2257.14285,2,6332.38095,4,否,否,否,否,否,否,0,否,否,否,否,否,0,否,否,否,"1. 家庭關係
    1) 客戶有兩個孩子，一個22歲正在服兵役，另一個35歲已婚，並且不住在家中。
    2) 客戶從女兒出生後開始吃素，已經堅持了三十多年。
    3) 客戶的姐姐有兩個女兒和一個兒子，其中一位女兒嫁給了一位醫生。
    4) 客戶的姐姐家庭講究，送禮需選擇高品質物品，且每年都會出國旅遊。

2. 健康狀況
    1) 客戶有過敏性體質，容易過敏，曾有蕁麻疹、過敏性支氣管炎、氣喘、白內障、脂肪肝、眼睛水泡及出血等問題。
    2) 客戶有支氣管炎，並持續服用中藥調理八到九個月，效果顯著，但因感冒暫停服用中藥。
    3) 客戶有關節疼痛和職業病，身體經常痠痛。
    4) 客戶的皮膚為敏感肌，容易缺水，不能使用含酒精成分的保養品。
    5) 客戶每天飲水超過2000cc，並注重衛生，使用一次性紙巾避免細菌感染。

3. 職業背景
    1) 客戶從事居家服務工作已有十四年，需持有多項證照，工作內容包括洗澡、煮飯、家務和陪伴。
    2) 客戶目前服務五到六個客戶，曾一天服務七到八個客戶，工作地點多且每處約工作五十分鐘。
    3) 客戶的工作有政府補助，部分費用由政府支付。

4. 健康食品使用心得
    1) 客戶有服用益生菌、酵素、魚油、納豆紅麴、玻尿酸、膠原蛋白、蔓越莓複方錠、維他命C等健康食品，並認為有助於健康。
    2) 客戶的益生菌為豐林品牌，價格為190元一盒，內含100條，家中存量充足，並與酵素交替食用。
    3) 客戶購買過衛元堂的龜鹿膠原錠，已服用十幾年，並購買過葉黃素和鳳梨酵素。
    4) 客戶每天中午服用魚油，感覺精神較好，並曾攝取過褐藻糖膠，但目前已停止使用。

5. 禁忌
    1) 客戶因過敏性體質，不能使用含酒精成分的保養品，且對某些產品過敏。
    2) 客戶對個資外洩和詐騙集團感到擔憂，曾因需提供身分證影本而放棄購買保養品。",1
23570239,女,58.0,澎湖縣七美鄉,Z,摩羯座,8165,否,否,否,否,否,是,是,否,124424.09524,71,65931.42857,36,8409.523809999999,6,0.0,0,1607.61905,1,10366.66666,4,9796.19047,3,760.95238,1,0.0,0,0.0,0,否,否,否,否,否,否,0,否,否,否,否,否,0,否,否,否,"1. 家庭關係
    1) 客戶提到收到的東西是由家人代收。
    2) 客戶表示需要晚一點詢問家裡的人是否有收到貨。
    3) 客戶提到家裡都有衛生紙，並表示不需要購買。

2. 健康狀況
    1) 客戶表示自己或家人沒有三高或慢性疾病。
    2) 客戶提到她平常上廁所不太順，並食用益生菌改善腸胃消化問題。
    3) 客戶表示她仍在服用幹細胞產品，但未感受到明顯改善效果，有時外出會忘記攜帶。

3. 職業背景
    1) 客戶目前在機場接人。
    2) 客戶提到她現在在忙並且正在煮飯。

4. 健康食品使用心得
    1) 客戶有在服用幹細胞產品，但未感受到明顯改善效果，並詢問是否可以空腹服用。
    2) 客戶有在食用益生菌改善腸胃問題，並提到是從東森購物台訂購的。
    3) 客戶平常有在吃葉黃素，並且有在服用新時代的保健食品，一天兩顆。
    4) 客戶提到目前所有的保健品都已備齊，暫時不需要購買新的產品。

5. 禁忌
    1) 客戶表示目前沒有特別的需求，也沒有需要補充保健保養品。
    2) 客戶提到最近沒有什麼想要採購的。",1
23589252,男,55.0,桃園市平鎮區,E,雙魚座,8158,否,否,否,否,否,否,是,否,47949.5238,12,32361.90476,6,31220.95238,4,29706.66667,3,0.0,0,32361.90476,6,32361.90476,6,31220.95238,4,29706.66667,3,0.0,0,否,否,否,否,否,否,0,否,否,否,否,否,0,否,否,否,"1. 家庭關係
    1) 客戶目前與家人同住。
    2) 客戶提到保健品可能被孫子吃到年底。

2. 健康狀況
    1) 客戶有血糖問題，每天服用一顆血糖藥。
    2) 客戶目前的健康狀況是三酸甘油酯偏高，糖化血色素數值為六點多。
    3) 客戶有在服用控制三高和慢性疾病的藥物。
    4) 客戶前幾天抽血，結果顯示數值與之前差不多，沒有變好。

3. 職業背景
    1) 客戶從事電子業，工作型態為夜班，工作時間為晚上8點到早上7點或8點。
    2) 客戶的工作需要經常跑來跑去，並非固定在辦公室。

4. 健康食品使用心得
    1) 客戶曾經購買過永信的B群基礎維他命及高單位B群產品，但認為效果不好。
    2) 客戶在三月份購買了B群保健食品，表示使用後的改善效果還可以。
    3) 客戶之前有在藥局通路購買過量加大紅麴，目前還有四盒存貨。
    4) 客戶曾經購買過台大幹細胞產品，但認為該產品價格昂貴，無法負擔。
    5) 客戶目前一天服用兩顆保健品，但感覺效果不明顯。

5. 禁忌
    1) 客戶目前因經濟狀況困難，暫時無法購買產品。
    2) 客戶目前卡片無法刷卡。",1
23589894,女,64.0,苗栗縣頭屋鄉,D+,巨蟹座,8158,否,否,是,否,否,否,是,否,297819.2857200001,173,26885.71429,4,21685.71429,2,21685.71429,2,0.0,0,27342.85715,4,24514.28572,3,21685.71429,2,21685.71429,2,0.0,0,否,否,是,否,否,否,0,否,否,否,否,否,0,否,否,否,,1
23601701,女,67.0,嘉義市,D+,雙魚座,8154,否,否,否,是,否,是,是,否,393948.80944,201,38855.23809,10,19969.52381,5,16000.0,1,3969.52381,4,71130.47618,11,30142.85714,5,16000.0,1,16000.0,1,0.0,0,否,否,是,否,否,否,0,否,否,否,否,否,0,否,否,否,"1. 家庭關係
    1) 客戶有一位女兒和一位兒子，他們會幫她購買保養品和保險。
    2) 女兒目前為她購買牛樟芝使用。

2. 健康狀況
    1) 客戶曾經患有白內障，並已接受手術治療，雙眼都已開過刀，目前狀況已改善。
    2) 客戶有關節和骨頭保養需求。

3. 職業背景
    1) 未提及具體職業背景。

4. 健康食品使用心得
    1) 客戶每天固定服用三得利的保健食品，並認為三得利和拜耳的產品適合她。
    2) 客戶有在食用白蘭氏的保健食品，包括葉黃素和含有綜合成分的葉黃素。
    3) 客戶從四五年前開始食用葉黃素，並持續使用。
    4) 客戶有食用鴕鳥精來保養關節和骨頭。
    5) 客戶曾購買過妍美会的日本品牌保健食品。
    6) 客戶之前購買過補骨頭和顧眼睛的產品。
    7) 客戶曾購買東森的pp石墨烯產品，但穿起來感覺不舒服。

5. 禁忌
    1) 客戶表示不會再購買更多保健食品，因為瓶瓶罐罐太多。
    2) 客戶最近沒有購買東森或momo的商品。",1
23602945,女,70.0,台南市安南區,E,天秤座,8153,否,否,否,否,否,是,是,否,74050.33331999999,45,5570.476189999999,4,3771.42857,2,2828.57143,1,942.85714,1,40921.90477,14,3771.42857,2,3771.42857,2,2828.57143,1,942.85714,1,否,否,否,否,否,否,0,否,否,否,否,否,0,否,否,否,,1
23603114,女,62.0,高雄市岡山區,C,射手座,8153,否,否,是,是,否,是,是,否,568566.8095699999,247,126360.95240999998,53,40317.14285999999,14,33040.952379999995,10,3695.2381,1,145157.14283000003,31,44777.14285,13,28852.38095,8,24404.7619,6,3695.2381,1,否,否,否,否,否,否,0,否,否,否,否,否,0,否,否,否,"1. 家庭關係
    1) 客戶提到她目前已婚。

2. 健康狀況
    1) 客戶表示她的肌膚是乾性皮膚。
    2) 客戶提到她的腸胃道不敏感。
    3) 客戶表示她主要是想改善健胃整腸的問題。
    4) 客戶提到她早晚會注意溫差的變化。

3. 職業背景
    1) 無明確提及職業背景。

4. 健康食品使用心得
    1) 客戶提到葉黃素可以預防黃斑部病變和白內障。
    2) 客戶之前有購買過益生菌產品，並表示該產品幫助腸道健康和排便效果很好。
    3) 客戶提到她每天服用一顆保健品，有時候會吃兩顆益生菌，但不一定。
    4) 客戶提到之前購買的益生菌已經吃完，並對益生菌產品感興趣，詢問相關產品的價格和使用方式。
    5) 客戶提到她之前有購買過分子彈力繃帶霜，並且早晚使用。
    6) 客戶表示她之前有購買過面膜和美白面膜，但目前家裡的面膜還有很多未使用的存貨。
    7) 客戶選擇購買一百片保濕面膜。
    8) 客戶提到她有購買並食用一家人益生菌。

5. 禁忌
    1) 客戶表示她沒有在使用防曬乳。
    2) 客戶提到目前家中B群還有很多，因此不需要再購買。",1
23608134,女,64.0,高雄市岡山區,B,白羊座,8151,否,否,是,是,是,是,是,否,1118076.61898,371,337203.80950000003,91,103934.28569,27,82880.95238,6,6313.33333,4,901891.42865,216,287575.2381099999,48,88152.38095000002,12,82880.95238,6,1790.47619,1,否,否,是,否,否,否,1,否,否,否,否,否,0,否,否,否,"1. 家庭關係
    1) 客戶有兩個小孩，其中兒子住在台北，並曾帶她去日本旅遊，女兒則不願分攤家務，家務標準與客戶不同。
    2) 客戶有一個小孫子，偶爾會在她家。
    3) 客戶的父母年紀大，母親髖關節開刀需要復健，父親行動不便且記憶力退化，客戶因照顧父母壓力大，晚上常常睡不好。
    4) 客戶家中有三個姐妹和一個兄弟，但兄弟不參與照顧父母。

2. 健康狀況
    1) 客戶有飛蚊症，最近才感覺到症狀，並已經拿掉子宮，需要定期追蹤檢查。
    2) 客戶的體重為53公斤，並每兩年進行一次健康檢查。
    3) 客戶的先生眼睛狀況不佳，其中一隻眼睛已經看不到，且骨頭狀況不太好。
    4) 家中有人有腸胃問題，父親有記憶力退化的問題，可能與腦部健康相關。

3. 職業背景
    1) 客戶目前已經退休，並因需要幫忙帶孫子無法外出工作。
    2) 客戶曾提到物流工作很累，並表示目前有冷凍櫃，擔心配送問題。

4. 健康食品使用心得
    1) 客戶早晚服用葉黃素，並使用華陀的保健食品，且目前在吃華陀的顆粒狀葉黃素。
    2) 客戶每天服用兩顆臺大倍數認證的幹細胞保健品，並長期使用胎盤素保健品，包括羊胎盤和臺大幹細胞產品。
    3) 客戶隔天會喝一包蔓越莓顆粒，並曾使用過牛樟芝、活泉保健食品及含有維生素B12的保健品。
    4) 客戶今年年初開始服用鈣片，並曾購買魚油給自己和先生食用。
    5) 客戶曾考慮購買修復視神經的產品給先生使用，但尚未購買。
    6) 客戶曾看過白蘭氏的保健食品，主要是保護骨頭的產品，並曾在日本購買相關產品。
    7) 客戶提到每天服用的保健食品成本較高，且有時候會間斷服用幹細胞產品。

5. 禁忌
    1) 客戶對衛生紙品質有要求，家中使用可分解的衛生紙。
    2) 客戶曾養寵物，但兩年前已不再飼養，並曾購買無鹽無味道的零嘴給寵物。
    3) 客戶目前沒有在服用慢性處方簽藥物，也沒有在服用蚓激酶產品。",1
23624286,女,55.0,高雄市林園區,Z,水瓶座,8145,否,否,否,否,否,是,是,否,413765.2380799999,90,38742.85714,2,27428.57143,1,27428.57143,1,0.0,0,325616.1905,37,38742.85714,2,27428.57143,1,27428.57143,1,0.0,0,否,否,否,否,否,否,0,否,否,否,否,否,0,是,否,否,"1. 家庭關係
    1) 客戶提到她有一位女兒，女兒曾幫她購買過產品，並且喜歡香檳茸。
    2) 客戶提到她的朋友是過敏性體質。

2. 健康狀況
    1) 客戶表示每天有喝兩千毫升的水。
    2) 客戶提到在喝某種飲品之前並未有便秘的情況。

3. 職業背景
    1) 客戶目前正在上班，並提到有加班的情況。
    2) 客戶表示她在12點時會有休息時間。

4. 健康食品使用心得
    1) 客戶之前購買過自然美的積雪草產品，並使用過一套積雪草系列產品，覺得效果還好。
    2) 客戶之前購買過香檳茸，但都送人了，自己沒有飲用。
    3) 客戶之前購買過小藍球膠囊產品和藍色膠囊產品，目前還有剩餘。
    4) 客戶提到之前購買的某些產品已經過期，部分產品是送給別人使用的。
    5) 客戶不喜歡某種苦味的保健品，並將其送人。
    6) 客戶決定購買一款包含魚油、蝦紅素和綠蜂膠的保健食品，並詢問是否有深海魚油加蝦紅素的產品。

5. 禁忌
    1) 客戶不喜歡苦味的保健品。
    2) 客戶未提及其他具體的健康禁忌。",1
23628264,女,49.0,台南市永康區,C,白羊座,8143,否,否,否,是,否,是,是,否,187905.6667,64,50076.19048999999,11,32585.714300000003,7,19877.14286,4,12708.57144,3,124369.52384,34,49443.80954,10,32585.714300000003,7,19877.14286,4,12708.57144,3,否,否,否,否,否,否,0,否,否,否,否,否,0,否,否,否,"1. 家庭關係
    1) 客戶家中全家大小，包括她的兒子和女兒，都有一起服用保健食品。
    2) 客戶提到她和兒子、女兒一起服用葉黃素，但孩子有時會忘記服用。

2. 健康狀況
    1) 客戶目前仍在服用葉黃素，並表示每天都會服用。
    2) 客戶曾經服用過益生菌，但覺得效果一般，因此不考慮再次購買。
    3) 客戶家中有多人在服用PPLS保健食品。

3. 職業背景
    1) 客戶目前正在上班，且提到信用卡放在旁邊。
    2) 客戶是東森購物的VIP會員，經常以VIP價格購買產品，並有固定購買葉黃素的習慣。

4. 健康食品使用心得
    1) 客戶對葉黃素的使用經驗豐富，曾多次購買並訂購大量存貨，目前家中仍有剩餘，暫時不需要購買。
    2) 客戶曾在東森購物購買過顧眼睛的保健食品，並提到之前在momo購買過一罐600多元的保養品。
    3) 客戶有購買葉黃素和魚油，並提到家人也有一起服用。
    4) 客戶對益生菌的效果評價一般，表示不會再次購買。

5. 禁忌
    1) 客戶目前不考慮購買益生菌，並表示會等到之後再決定是否購買其他產品。
    2) 客戶提到她有一張台新銀行的信用卡，但已經不再使用。",1
23639154,女,67.0,高雄市左營區,A,獅子座,8139,否,否,是,是,是,是,是,否,1298994.5237599998,315,444719.9999800002,64,171132.38096999994,24,136936.19048,17,33552.38097,6,1123820.95239,166,443486.66665,59,170488.57144999996,23,136936.19048,17,33552.38097,6,否,否,是,否,否,否,0,否,否,否,否,是,0,否,否,否,"1. 家庭關係
    1) 客戶與兒子、媳婦及孫子同住，偶爾與家人聚餐。
    2) 客戶的兒子工作繁忙，經常早出晚歸，壓力大且責任重，偶爾會幫助客戶處理網路相關事宜。
    3) 客戶的媳婦懷孕期間需注意飲食，且剛生完孩子三個多月，尚未完全恢復身材。
    4) 客戶的孫子目前五個月大，晚上有時會哭鬧，讓兒子感到壓力。
    5) 客戶提到小兒子最近感冒，回來後持續了一段時間才好。

2. 健康狀況
    1) 客戶曾患癌，目前定期進行健康檢查，最近一次計劃在三月十二日。
    2) 客戶的膽固醇偏高，醫生建議多運動並避免食用動物內臟和麵包。
    3) 客戶運動量少，代謝變差，平時很少曬太陽，飲食以清淡為主，偶爾吃少量肉片。
    4) 客戶的眼睛狀況不佳，已不再開車，並每天服用葉黃素和魚油。
    5) 客戶服用抗荷爾蒙藥物，醫生建議補充鈣和維生素D。
    6) 客戶是B肝帶原者，擔心染髮影響肝臟健康。
    7) 客戶的兒子可能有早期白內障，已接受手術。
    8) 客戶的媳婦血糖偏高，需控制飲食。

3. 職業背景
    1) 客戶目前已退休，之前有工作但現在無收入。
    2) 客戶是管理室成員，並參加社團活動如公廟唱歌。
    3) 客戶的兒子在台中工作，經常參加社團活動，工作壓力大且繁忙。

4. 健康食品使用心得
    1) 客戶每天服用葉黃素和魚油，認為對眼睛有幫助，並持續服用五六年。
    2) 客戶每天早上吃一湯匙黑芝麻，認為有助於減緩白頭髮生成。
    3) 客戶對氨基酸飲品口感不滿意，且飲用後感到胃部不適。
    4) 客戶認為魚油不適合炎熱氣候，且對白藜蘆醇醇萃飲的抗炎效果感興趣。
    5) 客戶曾購買褐藻、印加果油、人蔘等保健品，但部分未使用完。

5. 禁忌
    1) 客戶不太能喝當歸紅棗茶，因醫生建議少喝。
    2) 客戶避免食用動物內臟、麵包及含過多澱粉和糖分的食物。
    3) 客戶的媳婦懷孕期間不敢喝枸杞汁，且需控制血糖，少吃水果和麵包。
    4) 客戶不愛吃胡椒粉，並避免在媳婦面前吃葷食。",1
23646716,女,66.0,高雄市大寮區,Z,天蠍座,8139,否,是,否,否,否,是,是,否,771068.8571399999,402,220235.23821,112,63829.523830000006,22,951.42857,1,4746.66668,4,53350.4762,9,3218.09524,2,2838.09524,1,0.0,0,2838.09524,1,否,是,是,否,否,否,0,否,否,否,否,否,0,否,否,否,"1. 家庭關係
    1) 客戶有一位妹妹和先生。
    2) 客戶的先生目前有在醫院看攝護腺，並服用醫院開的藥。

2. 健康狀況
    1) 客戶提到年紀大了，皮膚有斑點和膚色不均的問題。
    2) 客戶年齡為65歲。

3. 職業背景
    1) 客戶目前在公司工作，並提到她正在處理事情。
    2) 客戶提到她要去馬來西亞開會，顯示她可能從事需要出差的工作。

4. 健康食品使用心得
    1) 客戶之前有食用過華陀朱董的土龍龜鹿鴕鳥精，並記得曾購買過該產品。
    2) 客戶有購買過B群保健食品，且已經買了很多。
    3) 客戶提到有些保健食品是買給她的妹妹和先生使用的。

5. 禁忌
    1) 客戶認為膠原蛋白、保養品和面膜對她沒有用，並表示不需要這些產品。
    2) 客戶認為保健品和保養品種類太多，且即使扣完點數仍需花錢購買，對此不感興趣。",1
23654347,男,77.0,桃園市八德區,D,處女座,8136,是,否,否,否,否,是,是,否,70755.09521,59,29465.71428,24,7648.571419999999,7,570.47619,1,0.0,0,5260.95238,7,2513.33333,3,570.47619,1,570.47619,1,0.0,0,否,否,否,否,否,否,0,否,否,否,否,否,0,否,否,否,,1
23655139,女,58.0,基隆市七堵區,D+,天蠍座,8136,否,否,是,否,是,是,是,否,48795.76187,38,12669.523800000004,11,7566.666659999999,7,0.0,0,0.0,0,20680.95237,12,8907.61904,9,3804.7619,5,0.0,0,0.0,0,否,否,是,是,否,否,0,否,否,否,否,否,0,否,否,否,,1
23667110,女,67.0,台中市北屯區,Z,射手座,8131,否,否,否,否,否,是,是,否,159347.80954000002,39,27646.66666,11,6657.14285,5,0.0,0,818.09524,1,64578.09524,14,18303.80952,4,760.95238,1,0.0,0,0.0,0,否,否,是,否,否,否,0,否,否,否,否,否,0,否,否,否,"1. 家庭關係
    1) 客戶提到之前購買的酵素是給女兒使用。
    2) 女兒目前改用其他品牌的產品。

2. 健康狀況
    1) 客戶目前67歲，健康狀況未提及具體問題。
    2) 客戶提到可能與藥劑或單據相關的事宜，但未詳細說明。

3. 職業背景
    1) 客戶目前仍在上班，尚未退休。
    2) 客戶的工作時間通常到六七點。

4. 健康食品使用心得
    1) 客戶之前購買過千日釀酵素和其他酵素，但目前已經不再使用。
    2) 客戶目前有在食用其他品牌的膠原蛋白。

5. 禁忌
    1) 客戶目前對購買商品興趣不大，表示會再考慮使用折價券。
    2) 客戶提到目前家中不缺衛生紙，剛購買過一箱48包的抽取式衛生紙，價格為799元。",1
23686034,女,60.0,桃園市復興區,B,摩羯座,8123,否,否,是,是,否,是,是,否,478367.04758,126,194250.47618,33,79145.71429,12,36032.38094,4,43113.33334999999,8,359563.80950000003,46,194010.47618000003,32,79145.71429,12,36032.38094,4,43113.33334999999,8,否,否,是,否,否,否,1,否,否,否,否,否,0,否,否,否,"1. 家庭關係
    1) 客戶與家人同住，家中有一隻貓，並定期帶貓進行健康檢查。
    2) 客戶有一個正在學習時尚管理的女兒，涉及舞台表演和設計領域，明年七月即將大學畢業，目前住在外面，可能會邊工作邊讀書，或工作後繼續深造。

2. 健康狀況
    1) 客戶有工作壓力大、睡眠不足的情況，晚上仍感到疲累，並有完美主義性格。
    2) 客戶的臉容易出油，眼睛乾澀，考慮增加葉黃素的攝取量以改善狀況。
    3) 客戶每年進行健康檢查，並有減肥計劃，偏好穿M或L尺寸的衣服。
    4) 客戶對侵入式醫美手段如肉毒桿菌注射持保留態度，擔心副作用。

3. 職業背景
    1) 客戶目前59歲，仍在工作，工作量大且壓力大，經常加班，甚至颱風天也需上班。
    2) 客戶的工作從一個單位擴展到兩個單位，並且去年她的主管接受了她的意見，現在有兩個主管在做她去年做的事情。
    3) 客戶經常出差，自己開車，並有公司提供出差費補貼。
    4) 客戶考慮提前退休，並計劃明年退休。

4. 健康食品使用心得
    1) 客戶曾購買並食用活泉產品，認為幹細胞產品對健康有幫助，目前每天服用兩顆幹細胞產品。
    2) 客戶曾購買葉黃素，但覺得效果不明顯，目前仍有在使用葉黃素。
    3) 客戶曾喝過含玻尿酸的保健品，認為效果不錯，但目前不需要購買玻尿酸產品。
    4) 客戶目前有在吃另一家品牌的黑醋栗產品，對保健食品的使用量較為謹慎，通常遵循建議劑量。

5. 禁忌
    1) 客戶不吃硬要的保養品，對侵入式醫美手段如肉毒桿菌注射持保留態度。
    2) 客戶擔心使用乳液會讓臉更油，對於防曬乳的油膩感較為敏感，考慮混搭使用。",1
23691994,女,62.0,高雄市前鎮區,D,天蠍座,8120,否,否,否,否,否,是,是,否,141693.04761,51,37180.95238000001,16,1521.90476,2,0.0,0,0.0,0,46574.2857,24,37180.95238,16,1521.90476,2,0.0,0,0.0,0,否,否,否,否,否,否,1,否,否,否,否,否,0,否,否,否,,1
23700756,女,74.0,高雄市新興區,A,水瓶座,8116,否,是,是,否,否,是,是,否,851359.28571,142,284186.66666,44,174119.04761999997,16,165220.95237999997,10,5676.19048,2,716067.61905,81,283363.80951999995,43,174119.04762,16,165220.95238,10,5676.19048,2,否,否,是,否,否,否,0,否,否,否,否,是,0,否,否,否,"1. 家庭關係
    1) 客戶有一個女兒住在台南，週末會回高雄與家人一起吃飯，女兒曾提到產品成分問題，並建議客戶食用粒線體相關的保健品。
    2) 客戶的兒子在美國工作，並有兩個女兒，兒子和媳婦住在美國，媳婦專心照顧小孩，兒子曾幫忙購買保健品。
    3) 客戶的孫女在台南補習，準備考大學，對醫學有興趣，壓力大可能導致代謝不良和水腫。
    4) 客戶的家庭成員相處和睦，感情很好。

2. 健康狀況
    1) 客戶有白內障，右眼有輕微問題，晚上會畏光，計劃在歐洲旅行後進行手術。
    2) 客戶有胃食道逆流、胃發炎、腸躁症、乳糖不耐症、脹氣和白內障等健康問題，並曾檢測出幽門桿菌。
    3) 客戶有鋼釘問題，導致暫時停止運動，並考慮是否取出。
    4) 客戶有過敏問題，容易流汗，並提到自己身體健康，未確診過新冠。
    5) 客戶提到避免吃太油膩或重口味的食物，並避免容易引起脹氣的食物如豆類。

3. 職業背景
    1) 客戶已經退休，沒有在工作。
    2) 客戶提到過去購買的珠寶後來都賣掉了，目前對珠寶沒有興趣。

4. 健康食品使用心得
    1) 客戶有使用多種保健食品，包括玻尿酸、氨基酸、幹細胞產品、B群、芝麻素、葉黃素、魚油、骨頭相關產品、蔬果粉等，並認為部分產品有效。
    2) 客戶對某些健康食品有明顯反應，特別是第一罐和第二罐的產品，對瑞士進口的健康食品反應強烈。
    3) 客戶認為蔬果粉有助於代謝循環和補充營養，並改善宿便和健康。
    4) 客戶對於購買保健品的觀念是只買夠用的量，避免浪費，並會將相關信息傳給兒子。
    5) 客戶對於氨基酸產品的效果有一定了解，並考慮購買新的產品。
    6) 客戶對葉黃素產品有興趣，並曾購買過，兒子也從美國帶回多瓶。
    7) 客戶對倍健魚油表示不臭，對三得利固力申產品表示有效。
    8) 客戶曾使用過宋慧喬代言的保養品和未來美產品，效果不錯，並有敷面膜的習慣。
    9) 客戶曾購買過鱸魚精，偶爾飲用以補充體力。

5. 禁忌
    1) 客戶對紅藜果膠囊和蘋果膠過敏，會導致拉肚子。
    2) 客戶避免食用容易引起脹氣的食物如豆類，並避免太油膩或重口味的食物。",1
23703626,女,63.0,高雄市鼓山區,Z,水瓶座,8115,否,否,否,是,否,是,是,否,279371.47626,169,25254.28575,13,3771.42858,2,0.0,0,3771.42858,2,49821.90478999999,19,22623.80955,10,3771.42858,2,0.0,0,3771.42858,2,否,否,是,否,否,否,0,否,否,否,否,否,0,否,否,否,"1. 家庭關係
    1) 未提及具體家庭關係。

2. 健康狀況
    1) 客戶為62歲女性，未提及具體健康問題。
    2) 對健康保健產品如骨頭膠原蛋白和葉黃素有興趣，可能關注健康保養。

3. 職業背景
    1) 客戶提到每天都很忙，可能有工作或其他繁忙的日常活動。
    2) 客戶表示晚上六七點後才方便接電話，可能白天有固定的工作或行程。

4. 健康食品使用心得
    1) 客戶曾購買過葉黃素，顯示對眼部保健有需求。
    2) 對台鹽的骨頭膠原蛋白感興趣，認為其產品有名。

5. 禁忌
    1) 客戶目前不需要購買防曬乳，因為存量充足，家中已有三罐自然美的防曬產品，且剛購買過美白防曬乳。
    2) 客戶家中面膜存量充足，甚至有多餘的面膜想要送人。
    3) 客戶對價格較高的保養品有一定接受度，但對支付方式有要求，詢問是否可使用東森幣支付。",1
23708922,男,56.0,高雄市三民區,D+,巨蟹座,8112,否,否,是,否,否,是,是,否,1008393.14281,218,127419.04759999992,65,30885.714280000007,21,17779.999989999997,8,0.0,0,174354.0,19,28884.76191,4,9409.52381,1,9409.52381,1,0.0,0,否,否,是,是,否,否,1,是,否,是,是,否,1,否,否,否,"1. 家庭關係
    1) 客戶有兩個小孩，分別是大四和大二的學生。
    2) 客戶已為小孩準備了一些資金，認為年輕人買房子很辛苦。
    3) 客戶提到家中有女兒，並提到兒子。
    4) 客戶的太太在過年期間需要開會並處理工廠的訂單，工作繁忙。

2. 健康狀況
    1) 客戶曾有大腸癌開刀的經歷，目前患有癌症。
    2) 客戶近期感覺記憶力退化，專員也提到其腦部記憶力有退化情況。
    3) 客戶曾經受傷，並使用過幹細胞相關產品，但覺得效果不明顯。
    4) 客戶提到明天下午需要回診，目前規律由中醫診所處理。

3. 職業背景
    1) 客戶目前住在一個可成立公司行號的上市公寓，建坪超過一百坪，包含地下室。
    2) 客戶的太太在工廠工作，負責處理訂單。

4. 健康食品使用心得
    1) 客戶曾購買並食用葉黃素、魚油、益生菌、鹿茸、幹細胞產品及黑芝麻產品。
    2) 客戶固定服用鹿茸，偶爾服用葉黃素和魚油，但不想每天服用太多保健品。
    3) 客戶對葉黃素有興趣，但認為價格太高，目前家中還有八九盒存貨。
    4) 客戶提到家中小孩不喜歡吃膠囊類保健食品，偏好原型食物。
    5) 客戶表示如果有優惠會考慮購買新的保健品，否則不會購買。

5. 禁忌
    1) 客戶不想再花錢購買魚油。
    2) 客戶表示會儘量減少購買保養品，因為之前買的很多還沒吃完。",1
23710982,男,69.0,高雄市左營區,C,射手座,8111,否,否,否,否,否,否,是,否,37528.85712,22,16788.5714,13,7674.285699999999,6,4342.85714,2,0.0,0,12998.09521,12,12998.09521,12,7674.285699999999,6,4342.85714,2,0.0,0,否,否,否,否,否,否,0,否,否,否,否,否,0,否,否,否,,1
23724337,女,60.0,台中市大里區,Z,雙魚座,8105,否,否,否,否,否,否,是,否,200834.52383,78,66414.28571,24,3515.2381,3,2457.14286,1,0.0,0,2457.14286,1,2457.14286,1,2457.14286,1,2457.14286,1,0.0,0,否,否,否,否,否,否,0,否,否,否,否,否,0,否,否,否,"1. 家庭關係
    1) 客戶提到她和徐姐都使用固定廠牌的產品，可能與徐姐有一定的交情或關係。

2. 健康狀況
    1) 客戶未提及具體健康問題，但從其選擇的保健食品成分（如葡萄糖胺、UC-II和維生素D3）來看，可能關注關節健康和骨骼保健。

3. 職業背景
    1) 未提及具體職業背景。

4. 健康食品使用心得
    1) 客戶有購買過B群以及含有葡萄糖胺、UC-II和維生素D3的保健食品。
    2) 客戶喜歡一天只需服用一顆的保健食品，顯示其偏好簡單方便的使用方式。

5. 禁忌
    1) 客戶平常不吃海鮮或干貝，可能對此類食物有忌口或不喜歡。",1
23733950,男,61.0,高雄市旗山區,Z,金牛座,8100,否,否,否,否,否,否,是,否,37660.00001,21,2076.19048,1,2076.19048,1,2076.19048,1,0.0,0,8267.619050000001,3,2076.19048,1,2076.19048,1,2076.19048,1,0.0,0,否,否,否,否,否,否,0,否,否,否,否,否,0,否,否,否,,1
23735338,男,51.0,基隆市中山區,Z,巨蟹座,8099,否,否,是,否,是,是,是,否,58608.71429,19,22981.90476,10,11056.19048,5,0.0,0,2838.09524,1,9458.09524,3,9458.09524,3,2838.09524,1,0.0,0,2838.09524,1,否,否,否,否,否,否,0,否,否,否,否,否,0,否,否,否,"1. 家庭關係
    1) 客戶提到家中有五個人，但未明確表示是否一起使用益生菌。
    2) 客戶提到家附近有全家便利商店，並選擇以便利商店取貨付款方式購買商品。

2. 健康狀況
    1) 客戶表示自己最近有在吃藥，但未提及具體藥物名稱。
    2) 客戶表示自己手腳比較冰冷。
    3) 客戶提到自己很少喝湯。

3. 職業背景
    1) 客戶提到自己是設備維修人員，工作型態為周休二日。
    2) 客戶表示目前很忙，暫時不方便處理相關事宜，並提到正在籌備車速相關夢想。

4. 健康食品使用心得
    1) 客戶提到自己曾購買益生菌和葉黃素等保健品，但目前已停止持續服用。
    2) 客戶表示自己平常有服用葉黃素，但服用時間不固定，視心情而定，且感到浪費金錢。
    3) 客戶提到自己購買了很多保健食品，包括維他命，但有時候會忘記服用，導致部分產品過期。
    4) 客戶表示自己有時候會隔幾天才服用保健食品，並非每天服用。
    5) 客戶提到自己是三分鐘熱度的人，購買商品後常未持續使用，且家中有很多保健食品尚未吃完。

5. 禁忌
    1) 客戶表示目前沒有打算購買腎臟益生菌產品。
    2) 客戶提到最近花了很多錢，因此不想額外花錢購買商品。
    3) 客戶表示自己不常吃新的保健食品批次，認為買了會浪費。",1
23737928,女,75.0,新北市淡水區,C,白羊座,8098,是,否,是,是,否,否,是,否,783914.9999200002,166,372577.14279000007,89,16256.19046,8,8485.71428,4,0.0,0,760099.0475000001,151,372577.1427899998,89,16256.19046,8,8485.71428,4,0.0,0,否,否,否,否,否,否,0,否,否,否,否,是,0,否,否,否,"1. 家庭關係
    1) 客戶目前住在姐姐家，但不一定會一直住在那裡。
    2) 客戶有兩個兒子，分別住在五穀和板橋，其中小兒子在台北市政府工作，工作性質為輪班。
    3) 客戶的兒子在手術期間幫助處理相關事宜，並帶她去回診，還幫她申請了補助。
    4) 客戶不願向兒子和媳婦借錢，因為他們有自己的家庭需要照顧。
    5) 客戶的鄰居曾向她借了幾十萬，但對方已去世，無法歸還。

2. 健康狀況
    1) 客戶74歲，健康狀況不佳，患有高血壓、糖尿病、白內障、眼壓高、腰椎和肩椎骨刺等問題。
    2) 客戶曾進行頸椎、腰椎和肩椎手術，置換了五塊人工骨頭，並正在進行復健。
    3) 客戶行動不便，視力模糊，眼壓高達38，醫生擔心神經受損，需定期回診。
    4) 客戶有失眠問題，半夜醒來後難以入睡，醫生已不再開安眠藥。
    5) 客戶需要服用心血管藥物、葉黃素、氨基酸保養品等，並需間隔一小時服用其他藥物。

3. 職業背景
    1) 客戶曾從事服務業和推拿工作，離婚後開始從事推拿。
    2) 客戶目前沒有工作，過去每月收入約兩萬多元，需支付房貸和生活費。

4. 健康食品使用心得
    1) 客戶曾購買和使用多種健康食品，包括土龍精、素速走、活泉、褐藻糖膠、薑黃素、葉黃素、氨基酸保養品、魚油等。
    2) 客戶認為褐藻糖膠對免疫系統有幫助，薑黃素有助於去除體內濕氣，堅果對腦部健康有益。
    3) 客戶對某些產品的效果持懷疑態度，如葉黃素和口服玻尿酸，並認為不需要一直服用。
    4) 客戶對健康食品的價格敏感，認為成分價值高，但價格偏高。
    5) 客戶有囤積健康食品的習慣，部分產品過期未使用，對此感到困擾。

5. 禁忌
    1) 客戶不能吃含有家鄉酸鹽的維骨力，因為對肝臟和腎臟有負擔。
    2) 客戶不喜歡電視廣告，覺得太多且不想看。
    3) 客戶對購買石墨烯衣物和襪子猶豫，擔心價格高且不確定是否需要。
    4) 客戶不依賴安眠藥，並對某些推銷方式感到擔憂。",1
23749579,女,56.0,台北市文山區,D+,巨蟹座,8092,否,否,否,否,否,是,是,否,101508.61904999998,36,26873.33335,14,13419.04763,7,9360.00001,4,0.0,0,3702.85714,1,3702.85714,1,3702.85714,1,3702.85714,1,0.0,0,否,否,是,否,否,否,0,否,否,否,否,否,0,否,否,否,,1
23750313,女,58.0,彰化縣鹿港鎮,C,白羊座,8092,否,否,是,是,否,是,是,否,1042969.7141999998,208,415102.85712999984,57,72452.38094999998,25,46419.04763,6,14577.14287,7,870520.14279,104,407886.6666499999,49,67130.47619,19,46419.04763,6,14101.90477,6,否,否,是,是,否,否,0,否,否,否,否,否,0,否,否,否,"1. 家庭關係
    1) 客戶與家人同住，家中有一名六個月大的小孩。
    2) 客戶的女兒目前尚未計劃生第二胎。
    3) 客戶家中養了兩隻狗，並定期帶牠們進行健康檢查和美容。
    4) 客戶提到她的姊姊已收到離職相關物品。
    5) 客戶提到需要和愛人確認是否購買牛樟芝產品。

2. 健康狀況
    1) 客戶最近做了骨關節手術，並打了玻尿酸，但效果不佳。
    2) 客戶有血壓問題，並定期每三個月進行健康檢查。
    3) 客戶感冒過，目前已經好轉，但鼻音仍有些重。
    4) 客戶提到生完小孩後容易變胖，並表示需要瘦身。

3. 職業背景
    1) 客戶最近工作量大，女神節期間需要加班。
    2) 客戶提到最近忙於處理出貨問題。
    3) 客戶提到過年前比較忙，沒有特別注意購物需求。

4. 健康食品使用心得
    1) 客戶曾購買過膠原蛋白、葉黃素、益生菌、玻尿酸、Q肽、红藜果膠、干貝產品、石墨烯產品、青春露、眼霜、龜鹿精、牛樟芝等保健食品和保養品。
    2) 客戶對有機源的無花果乾口感表示喜愛，對生食級干貝有興趣，並認為之前購買的防蟎竹產品效果很好。
    3) 客戶對褐藻糖膠的多醣體含量表示滿意，但認為價格偏高。
    4) 客戶對葉黃素產品選擇膠囊形式，並分三期付款。
    5) 客戶對燕窩產品的味道和顏色有要求，對贈品和正品的差異表示不滿。
    6) 客戶對牛樟芝產品有購買記錄，選擇買六盒送六盒的優惠方案，並分六期付款。
    7) 客戶對參萃眼霜的修護功能感興趣，但對價格敏感，選擇分六期付款。
    8) 客戶對綠藻片的多醣體含量不滿意，認為褐藻糖膠的多醣體含量較高。
    9) 客戶對減重代餐效果感到懷疑，並表示無法以代餐取代正餐。

5. 禁忌
    1) 客戶不需要胜肽產品、粒線體細胞活化產品、葉黃素產品、美白產品、面膜、防曬乳、藍藻綠藻產品及香檳茸產品。
    2) 客戶對不便宜的商品不會購買太多，對昂貴產品價格敏感。
    3) 客戶對大陸製產品的品質表示關注，並同意專員建議避免購買。",1
23758759,女,50.0,高雄市鼓山區,C,白羊座,8087,否,否,是,是,否,是,是,否,303109.2381,50,188225.71430000005,28,73847.61905,12,54692.38095,3,9707.61906,5,175664.76191,25,161664.76191000003,23,73847.61905000001,12,54692.38095,3,9707.61906,5,是,否,否,否,否,否,0,否,否,否,否,否,0,否,否,否,"1. 家庭關係
    1) 客戶與家人同住，家庭成員包括丈夫、母親和三個子女，其中一個是女兒，兩個是兒子。
    2) 客戶的女兒會幫忙做家務，例如炒菜，並且對購物有建議，例如選擇保固期較長的商品。
    3) 客戶的丈夫可能會在家中接待安裝人員，但對濾芯更換頻率和成本有疑問。
    4) 客戶每週六早上會帶母親去看中醫，並曾給母親食用某產品，母親覺得很好吃。

2. 健康狀況
    1) 客戶乳糖過敏，對乳製品過敏，並且不吃牛肉，是奶素者，不能吃全素以外的食物。
    2) 客戶有失眠問題，曾受傷導致骨頭支撐力不如一般人，並表示自己有病且不介意承認。
    3) 客戶每年進行一次健康檢查，最近兩天曾住院。
    4) 客戶有服用B群補充劑和中藥進行全身調理，並持續食用益生菌以提升免疫力。

3. 職業背景
    1) 客戶目前已經退休，但仍在辦公室工作，工作繁忙且壓力大，週六需要加班，並感到不滿。
    2) 客戶提到主管將很多工作推給她，讓她感到煩躁和壓力大。
    3) 客戶的公司有調休制度，有些同事的上班時間是從下午一點半到晚上。

4. 健康食品使用心得
    1) 客戶和母親曾使用過石墨烯貼布，有時會將其貼在膝蓋上。
    2) 客戶之前購買過比菲德氏菌相關產品，並有持續食用益生菌。
    3) 客戶曾購買過澳洲骨片給母親食用，並表示母親覺得很好吃。
    4) 客戶表示有喝過醋。

5. 禁忌
    1) 客戶乳糖過敏，對乳製品過敏。
    2) 客戶不吃牛肉，且是奶素者，不能吃全素以外的食物。",1
23760867,女,68.0,台北市信義區,D,巨蟹座,8086,否,否,否,否,否,否,是,否,155522.99998,22,19434.2857,8,16390.47618,4,14868.57142,2,0.0,0,153437.14284,20,19434.2857,8,16390.476179999998,4,14868.57142,2,0.0,0,否,否,否,否,否,否,0,否,否,否,否,否,0,否,否,否,"1. 家庭關係
    1) 客戶有一個兒子，兒子曾建議她不要購買某些產品，並對購買蘆屋家的褲子表示擔憂，認為可能會導致退貨麻煩。
    2) 客戶的孫子是一位小男孩。
    3) 客戶提到她的小兒子目前七個月大。
    4) 客戶目前住在小孩都不在的情況下。

2. 健康狀況
    1) 客戶的兒子曾有心臟血液供應不足的問題，目前正在醫院進行心導管手術，醫生已進行相關處理。
    2) 客戶提到自己的膝蓋已經開刀過，並且最近走路不太方便。
    3) 客戶表示心臟不好，並提到最近一次未去測糖化血色素。
    4) 客戶需要每天花半小時到一小時進行復健。

3. 職業背景
    1) 客戶提到她有朋友在東森工作。
    2) 客戶提到她有朋友在東森購物。

4. 健康食品使用心得
    1) 客戶曾購買過蚓激酶產品，對其有印象。
    2) 客戶目前有在服用龜鹿葡萄糖胺飲和鴕鳥精產品。
    3) 客戶每天早上空腹服用兩顆保健食品。
    4) 客戶曾購買過許多保健食品，但認為效果不佳，並表示保健食品並非仙丹，對其效果持保留態度。
    5) 客戶提到她曾購買東森的保健食品，但因過期而丟掉，並表示目前購買的保健品尚未吃完，因此暫時不需要購買新的保健食品。

5. 禁忌
    1) 客戶通常以貨到付款的方式購買商品，不使用刷卡，也沒有存款，並表示自己不使用信用卡進行消費。
    2) 客戶提到她的東森幣需要購買商品才能折抵使用。
    3) 客戶表示需要詢問兒子或小朋友的意見後再決定是否購買產品。
    4) 客戶提到她購買的東西很多都還沒使用或食用，甚至有些已經過期。
    5) 客戶表示目前沒有時間進行身體保養。",1
23762293,女,56.0,台南市東區,Z,獅子座,8085,否,否,否,否,否,否,否,否,152363.85710999998,77,10497.14286,6,4318.09524,2,0.0,0,0.0,0,48255.2381,17,760.95238,1,760.95238,1,0.0,0,0.0,0,否,否,是,否,否,否,0,否,否,否,否,否,0,否,否,否,"1. 家庭關係
    1) 客戶提到家裡人口很簡單。
    2) 客戶曾為媽媽購買過保健食品，如貴而顧骨頭產品、氨基酸和鴕鳥精，但目前媽媽已經不再使用這些產品。

2. 健康狀況
    1) 客戶表示平時只吃三餐正常飲食，沒有吃健康食品或保健食品的習慣。
    2) 客戶不使用保養品，包括化妝水、精華液、乳液、乳霜、美白產品、防曬產品及面膜等。
    3) 客戶不使用洗髮精，日常用品選擇簡單，有需要才會購買。

3. 職業背景
    1) 客戶是一位56歲的女性家庭主婦。
    2) 客戶近期表示年底工作繁忙，並提到忙於出國和處理其他事務。

4. 健康食品使用心得
    1) 客戶曾經購買過貴而顧骨頭產品、氨基酸和鴕鳥精等保健食品，但主要是為媽媽使用，自己並未食用。
    2) 客戶目前沒有在吃健康食品，但有提到使用白木耳。

5. 禁忌
    1) 客戶不吃益生菌。
    2) 客戶不使用人參，認為人參太燥熱。
    3) 客戶不使用燕窩。
    4) 客戶對石墨烯相關產品沒有興趣。",1
23774056,女,53.0,新北市淡水區,B,金牛座,8078,否,是,是,是,是,是,是,否,2158261.9047100004,124,2136690.4761299994,110,163175.23810000002,25,23799.99999,3,11390.4762,5,2086975.23807,51,2086975.23807,51,159185.71429,9,23799.99999,3,11390.4762,4,是,是,否,否,否,否,0,否,否,否,是,否,1,否,否,否,"1. 家庭關係
    1) 客戶已婚，與老公及兩個孩子住在一起，孩子分別為高一和高三學生。
    2) 客戶的老公在台中工作，周末回家，並在台中有一間投資用房。
    3) 客戶的婆婆和丈夫喜歡她做的飯，婆婆的姐妹也會參加家庭活動。
    4) 客戶的母親是屏東人，家中有神明廳，母親對某些物品感興趣。
    5) 客戶的父親近期因攝護腺問題進行手術，母親則有高血壓、糖尿病及心臟問題，近期因膽結石進行手術。
    6) 客戶的娘家有兩個男生，婆家有四個男生。

2. 健康狀況
    1) 客戶有脊椎側彎，曾有尿道發炎經歷，膽固醇水平在標準範圍內但高密度膽固醇偏高。
    2) 客戶的母親有高血壓、糖尿病、心臟問題及膽結石，手術後腸胃較敏感，需注意飲食。
    3) 客戶的兒子曾有膽固醇過高問題，現已改善，無B肝帶原及甲狀腺問題。
    4) 家中有人有異位性皮膚炎，症狀會因環境變化而加重或減輕。
    5) 客戶最近眼睛有異物感，醫生建議是空氣不好和眼睛乾燥所致。

3. 職業背景
    1) 客戶是幼兒園老師，工作中需面對小孩，沒有特休假，平日工作時間為早上到下午五點。
    2) 客戶經濟狀況不佳，需負擔房貸和小孩教育費用，並有分期付款壓力。
    3) 客戶每月生活開銷超過兩萬元，包括保險費用。

4. 健康食品使用心得
    1) 客戶及其母親有在服用葉黃素，認為對視神經有幫助，適合年長者。
    2) 客戶每天飲用活泉和激活再生的粒線體產品，並認為對身體有益。
    3) 客戶的母親有在喝德國氨基酸產品，但因味道較重一次只喝半瓶，手術後一週開始飲用，作為營養補充。
    4) 客戶有在服用魚油、維生素D、膠原蛋白、玻尿酸及鈣補充劑，並有維他命C的庫存。
    5) 客戶曾使用褐藻產品，感冒症狀有所改善，對魚油產品效果有興趣但擔心過期問題。

5. 禁忌
    1) 客戶的母親因高血壓和糖尿病，對保健食品的使用較為謹慎，並擔心與慢性病藥物的衝突。
    2) 客戶的母親手術後腸胃敏感，建議避免食用油膩食物及堅果類，手術後一週再開始飲用氨基酸。
    3) 客戶在感冒期間不敢食用其他保健品，擔心影響健康。",1
23780804,女,60.0,嘉義市,D,雙子座,8074,否,否,否,否,否,是,是,否,135084.28571,54,46964.76192,19,12075.2381,3,11314.28572,2,0.0,0,31080.0,9,30547.61905,8,12075.2381,3,11314.28572,2,0.0,0,否,否,是,否,否,否,0,否,否,否,否,否,0,否,否,否,,1
23781764,女,52.0,桃園市桃園區,D,天秤座,8074,否,否,否,否,否,是,是,否,363917.80952,108,24861.904749999994,10,1521.90476,2,0.0,0,0.0,0,182501.90475,44,20357.14285,8,1521.90476,2,0.0,0,0.0,0,否,否,否,否,否,否,0,否,否,否,否,否,0,否,否,否,"1. 家庭關係
    1) 客戶有三個小孩，其中年紀大的小孩是82年次，年紀小的是106年次，第三胎是在40歲之後生的。
    2) 客戶的老公也會購買保健品，並且主要在東森購物購買。

2. 健康狀況
    1) 客戶目前在診所看診。
    2) 客戶生小孩後容易腰酸，並有在服用相關保健品進行保養。
    3) 客戶表示自己不太喜歡喝水，因為喝水後會頻繁上廁所，感覺水分不容易被身體吸收。

3. 職業背景
    1) 客戶目前從事會計工作。

4. 健康食品使用心得
    1) 客戶平常有吃保健食品，主要是三種，並且比較在意價格。
    2) 客戶曾購買過東森的保健食品，但認為效果不如預期。
    3) 客戶有在吃龜鹿保健食品，主要是為了保養關節和骨頭。
    4) 客戶有在吃益生菌、倍塑、口服安瓶、蚓激酶及通血路相關的保健品。
    5) 客戶之前購買過海洋膠原蛋白和賦活膠囊，但覺得賦活膠囊沒什麼用。
    6) 客戶目前手邊還有一些保健品，計劃在十月份吃完後再購買新的保健品。

5. 禁忌
    1) 客戶對於保健食品的效果有一定要求，對效果不佳的產品不會回購。
    2) 客戶對於衛生紙的品質有要求，認為蒲公英衛生紙比較粗糙，偏好東森嚴選的東風極柔三層衛生紙。",1
23792115,男,70.0,屏東縣屏東市,E,獅子座,8069,否,否,否,否,否,是,是,否,126006.1905,95,36293.33335000001,30,11123.80954,7,6043.80953,3,0.0,0,3571.42857,4,2810.4761900000003,3,1886.66667,1,1886.66667,1,0.0,0,否,否,是,否,否,否,0,否,否,否,否,否,0,否,否,否,,1
23796424,女,73.0,嘉義市,D+,天秤座,8068,否,否,否,否,否,是,是,否,244268.52386,147,45250.476210000015,25,15155.238100000002,11,0.0,0,5799.047620000001,4,124864.76194,54,23711.42858,11,7558.09524,6,0.0,0,4740.952380000001,3,否,否,否,否,否,否,0,否,否,否,否,否,0,否,否,否,"1. 家庭關係
    1) 客戶有一個兒子，兒子曾幫她購買過伊莎白的產品。
    2) 客戶的女兒會購買顧眼睛的產品。
    3) 客戶家中人少，並提到過年期間會與家人一起吃年夜飯。
    4) 客戶提到會和家人一起去韓國旅遊。

2. 健康狀況
    1) 客戶年齡為七十多歲，已經退休。
    2) 客戶曾進行過脊椎手術，並提到自己有五官功能障礙。
    3) 客戶的皮膚為混合性肌膚，鼻子部位容易出油，但不會敏感或紅腫，有些地方會乾燥。
    4) 客戶提到血糖一過，並儘量不吃保健品。

3. 職業背景
    1) 客戶目前已經退休，沒有在上班。
    2) 客戶在東森購物有22年的購物經歷，是東森的鑽石VIP會員。

4. 健康食品使用心得
    1) 客戶曾購買過伊莎白產品，認為很好用。
    2) 客戶曾購買過白蘭氏保健品、龜鹿系列產品、挺立鈣和B群，但後來詢問經理後決定不再食用挺立鈣。
    3) 客戶之前使用過自然美的時空膠囊，但認為效果不明顯，目前仍在使用回春時空膠囊。
    4) 客戶上次購買的益生菌還沒吃完，目前不需要再購買。

5. 禁忌
    1) 客戶不需要素食的顧骨頭產品。
    2) 客戶不喜歡某些產品，曾要求退貨和取消訂單。
    3) 客戶不喜歡吃某些東西，並儘量不吃保健品。",1
23799724,女,73.0,新竹市,C,白羊座,8066,否,否,是,否,是,否,是,否,441732.8094899999,105,182519.0476,21,97942.85712999996,8,86085.71427999999,4,0.0,0,347030.47618,62,179929.52379000004,19,97942.85713,8,86085.71427999999,4,0.0,0,否,否,否,否,否,是,1,否,否,否,否,是,0,否,否,否,"1. 家庭關係
    1) 客戶與先生同住，家中有兩人，女兒不與其同住，女婿在鴻海工作，住在隔壁，平時會一起吃飯或分享食物。
    2) 客戶的婆婆已過世，曾住在民族路，先生有三個兄弟和一個姐妹。
    3) 客戶的兒子約四十幾歲，妹妹和妹婿曾研發幹細胞相關保健品。

2. 健康狀況
    1) 客戶年齡約72歲，曾有血栓問題，並提到年齡增長後需要更加注重健康。
    2) 客戶的先生有心臟相關問題，曾接受心臟繞道手術、胃穿孔手術，並有痛風、十二指腸潰瘍、尿道感染等病史，目前在家復健，無法下床行走，需特別照顧。
    3) 客戶的先生住院期間曾因血壓過低需搶救，並有流感等情況，飲食需遵循醫生建議。
    4) 客戶提到自己需要保持良好體力以處理家務，並表示年紀大了反應有些遲鈍。

3. 職業背景
    1) 客戶曾學習營養學，主要是為了照顧先生的健康。
    2) 客戶曾參加比賽並獲得金牌和銀牌，計劃帶團參加新加坡合唱比賽。
    3) 客戶的學生在澳洲經營農場，客戶計劃若身體允許，將前往幫助經營。

4. 健康食品使用心得
    1) 客戶和家人固定使用多種保健食品，包括激活保健品、紅色瓶裝保健品等，並搭配多喝水。
    2) 客戶的先生經常服用保健食品，但不喜歡吃太多，部分由客戶代為食用。
    3) 客戶的女兒每天補充如新的蔬果營養品，並提供保健品給客戶。
    4) 客戶每月花費大量金錢購買保健品和保養品，曾為先生訂購二十盒保健品。
    5) 客戶的妹妹、妹婿和兒子也有使用保健品，朋友從美國帶回保健品送給她。

5. 禁忌
    1) 客戶提到牙醫建議看牙後半小時內不能喝水。
    2) 客戶的先生不喝粒線體飲品，認為自己不需要。
    3) 客戶提到有時保健品成分可能重複，需注意選擇。",1
23808956,女,57.0,苗栗縣竹南鎮,D+,天蠍座,8062,否,否,是,否,否,是,是,否,29355.90476,17,12132.38096,5,7572.38095,2,7572.38095,2,0.0,0,7572.38095,2,7572.38095,2,7572.38095,2,7572.38095,2,0.0,0,否,否,否,否,否,否,0,否,否,否,否,否,0,否,否,否,,1
23810383,男,50.0,台中市北屯區,Z,獅子座,8061,否,否,是,否,否,是,是,否,387290.76189,145,130159.99999,37,7208.571430000001,3,7208.571430000001,3,0.0,0,21874.2857,9,4370.47619,2,4370.47619,2,4370.47619,2,0.0,0,否,否,是,否,否,否,0,否,否,否,否,否,0,否,否,否,,1
23815820,女,64.0,桃園市楊梅區,D+,巨蟹座,8058,否,否,否,否,否,是,是,否,235472.99998,152,27661.90477,14,15269.52381,8,1141.90476,1,1602.85714,1,17759.04762,5,8419.047620000001,2,2742.85714,1,0.0,0,0.0,0,否,否,是,否,否,否,0,否,否,否,否,否,0,否,否,否,"1. 家庭關係
    1) 客戶提到家附近有很多狗。

2. 健康狀況
    1) 客戶表示目前比較少進行皮膚保養。

3. 職業背景
    1) 客戶提到她平常有在煮菜。

4. 健康食品使用心得
    1) 客戶目前使用苦茶油，通常從大賣場購買，之前曾購買大瓶裝。
    2) 客戶最近在東森購物訂購了橄欖油，預計明後天送達，且去年也曾在東森購物購買過西班牙的橄欖油。
    3) 客戶家裡目前還有益生菌和葉黃素。

5. 禁忌
    1) 客戶通常使用貨到付款的方式購買商品。",1
23831058,男,70.0,新北市新莊區,D+,巨蟹座,8049,否,否,是,是,否,是,是,否,331756.47625,104,205051.42862999995,69,60610.47621,20,49658.09526,13,1885.71429,1,62609.52381,5,56952.38094999999,4,28571.428570000004,3,28571.42857,3,0.0,0,否,否,否,否,否,否,0,否,否,否,否,是,0,否,否,否,"1. 家庭關係
    1) 客戶與太太共同使用保健品，並提到太太有糖尿病。
    2) 客戶提到女兒曾經購買一些商品給他。

2. 健康狀況
    1) 客戶超過六十歲，曾做過心導管手術，目前有在服用醫院開的心臟用藥。
    2) 客戶有便秘問題，兩三天甚至一週才上一次廁所，每年便秘情況較為嚴重。
    3) 客戶目前已經在服用多種藥物，數量超過百種。

3. 職業背景
    1) 客戶有在研究股票，經常熬夜做功課。

4. 健康食品使用心得
    1) 客戶主要購買保健食品和臉部保養品，曾購買多種保健食品，包括綠蜂膠、B群、蚓激酶、魚油、維他命C、維他命B群、益生菌、顧骨頭保健食品、紅藜果膠、葉黃素、白蘭氏保健食品等。
    2) 客戶對白蘭氏和蚓激酶保健食品的效果較有感，對紅藜果膠的效果也表示不錯，但對綠蜂膠、激活再生安瓶、粒線體相關產品及華陀金盞花葉黃素的效果不滿意。
    3) 客戶通常在睡前服用蚓激酶，早上或餐後服用魚油，早餐後服用顧骨頭保健食品。
    4) 客戶提到家中還有很多魚油尚未吃完，並暫時不考慮購買更多魚油。

5. 禁忌
    1) 客戶目前有醫生開的處方簽藥物，需飯後服用。
    2) 客戶提到其老婆有糖尿病，但自己並未購買相關保健食品。",1
23833915,男,58.0,雲林縣四湖鄉,Z,射手座,8048,否,否,否,否,否,否,否,否,269210.66669000004,98,41354.28571999999,15,7059.04762,4,0.0,0,0.0,0,20714.28571,3,16942.85714,2,942.85714,1,0.0,0,0.0,0,否,否,是,否,否,否,0,否,否,否,否,否,0,否,否,否,"1. 家庭關係
    1) 未提及相關內容。

2. 健康狀況
    1) 客戶目前58歲，未提及具體健康問題。
    2) 客戶認為自然就是美，對減重產品無需求。

3. 職業背景
    1) 未提及相關內容。

4. 健康食品使用心得
    1) 客戶曾經購買並食用過幹細胞、阿桐伯五穀、南瓜籽、益生菌、龜鹿二仙膏等保健品，但目前已停止食用幹細胞、南瓜籽及益生菌。
    2) 客戶目前服用納豆作為保健品。
    3) 客戶認為益生菌效果不明顯，僅是心理安慰。
    4) 客戶曾購買過人蔘泡的產品。

5. 禁忌
    1) 客戶目前沒有在食用魚油。
    2) 客戶不需要代謝類減重產品。",1
23847387,女,68.0,台中市沙鹿區,A,獅子座,8042,否,否,是,否,否,是,是,否,2003544.80941,878,688539.0476700002,254,335780.95242,101,182917.14287000004,24,59422.85716,32,927893.90468,249,333154.28566999966,69,170724.76190999997,18,150675.23809,10,9554.285720000002,5,否,否,是,否,否,否,0,否,否,否,否,否,0,否,否,否,"1. 家庭關係
    1) 客戶提到她的媽媽目前狀況良好，沒有什麼問題。
    2) 客戶的老公有靜脈曲張問題，且有時候在家，影響客戶接聽電話的方便性。

2. 健康狀況
    1) 客戶有高血壓問題。
    2) 客戶提到小腿有靜脈曲張的問題。
    3) 客戶提到脊椎和腰椎疼痛。
    4) 客戶提到膝蓋有問題。
    5) 客戶提到她的眼壓。
    6) 客戶表示她不想瘦，因為她已經太瘦了。

3. 職業背景
    1) 客戶目前在XXX公司工作，並且非常忙碌。
    2) 客戶提到她做生意，今天沒空。

4. 健康食品使用心得
    1) 客戶之前使用過正官庄的產品，但現在不再購買。
    2) 客戶提到之前有購買珍珠粉製成的鹿角鈣並有在食用。
    3) 客戶目前有在吃納豆，且納豆是贈送的。
    4) 客戶之前已經購買過該產品，因此不想再購買。
    5) 客戶表示她已經購買過華陀的產品並且還未用完。
    6) 客戶提到過去使用過幹細胞產品，並表示有在使用黑色和銀色種類的幹細胞產品。
    7) 客戶表示她之前好像有買過卸妝膏。
    8) 客戶提到她之前去日本時，有收到一些保養品作為贈品。

5. 禁忌
    1) 客戶表示不需要更多藥物，因為已經吃太多藥了。
    2) 客戶提到她不需要吃的產品，因為她已經有很多東西，並且一天吃好幾種，無法再多吃其他產品。
    3) 客戶表示不需要更多產品，因為東西太多了，吃不完。
    4) 客戶對於購買燕窩禮盒和保養品表示沒有興趣。
    5) 客戶提到家中有太多洗髮產品和隔離霜，已經用不完。
    6) 客戶表示她每個月都繳很多錢，無法再購買更多產品。
    7) 客戶提到她只想購買呼吸產品，其他產品都不需要。",1
23859625,女,56.0,高雄市左營區,C,雙子座,8037,否,否,是,是,否,是,是,否,447335.71424000006,334,120971.42854,83,30552.380959999995,17,6512.38095,5,11456.19048,4,97139.99996,71,64054.285670000005,48,17418.095240000002,9,6512.38095,5,8627.619050000001,3,否,否,否,否,否,否,0,否,否,否,否,否,0,否,否,否,"1. 家庭關係
    1) 客戶提到她十幾歲就結婚了，但婚姻不太好。
    2) 客戶的先生已經過世。
    3) 客戶的女兒生活費部分由她負擔，女兒也有一些收入來源。
    4) 客戶提到兄弟會提供一些經濟補貼。
    5) 客戶提到與家人輪流照顧住院的女兒。
    6) 客戶提到家中有人血液循環不好，動作太大會感到頭暈。
    7) 客戶提到家中有人長骨刺。
    8) 客戶提到婆婆曾訂購某產品。

2. 健康狀況
    1) 客戶提到她有高血壓，正在服用血壓藥。
    2) 客戶提到她有低血壓的問題。
    3) 客戶提到白血球過高，曾住院，目前已降至兩萬多三萬多，正常值應為一萬三到一萬五。
    4) 客戶提到體內有發炎狀況，導致白血球飆高。
    5) 客戶提到她有輕微的白內障。
    6) 客戶提到她有胸悶的情況。
    7) 客戶提到她的牙齒不好，前兩年換牙齒花了快十萬塊，目前戴的是假牙。
    8) 客戶提到她的皮膚乾燥，南部氣候乾燥導致皮膚有細紋，且膚色不均，有小肉芽。
    9) 客戶提到她的體重大約四十公斤，飲食清潔且正常。
    10) 客戶提到她需要進行化療，目前是癌症第三期，主要依靠藥物治療，並需要補充蛋白質和熱量來保持體力。
    11) 客戶提到脖子有問題，感到困擾，可能是職業病導致的長時間累積問題。
    12) 客戶提到她的生活不正常，可能因為喝酒的原因。

3. 職業背景
    1) 客戶提到她最近幾天都在做加工和連接紙的工作，剛剛才回來。
    2) 客戶提到她每天工作十幾個小時，晚上五點才回家。
    3) 客戶提到最近好像沒上班，已經半個月沒上班了。
    4) 客戶提到她在打工，剛從打工回來。
    5) 客戶提到她早上上班，生意比較好時會延後半小時到一小時回家。

4. 健康食品使用心得
    1) 客戶提到她有在吃B群，目前還有兩瓶未吃完，並提到服用後會感到想睡覺。
    2) 客戶提到她有使用葉黃素，且目前家中還有好幾盒存貨。
    3) 客戶提到她有購買維他命A。
    4) 客戶提到她目前還有一盒多的魚油，並可能會再購買一瓶。
    5) 客戶提到她有購買過堅果類產品，目前家中只有堅果類產品。
    6) 客戶提到她有在服用膠原蛋白，並觀察其對臉部的效果。
    7) 客戶提到乳清蛋白產品可以增強體力和免疫力，且癌症患者可以食用，無副作用。
    8) 客戶提到她有購買過益生菌，且家中有在製作益生菌。
    9) 客戶提到她需要補充蛋白質和熱量來保持體力。
    10) 客戶提到她之前有購買過葡萄糖胺產品。

5. 禁忌
    1) 客戶提到她不吃素，但初一十五會吃素。
    2) 客戶提到她對於購買的產品有些猶豫，認為價格較高。
    3) 客戶提到她目前對化妝品沒有興趣。
    4) 客戶提到她不急需使用精油。",1
23860478,女,75.0,高雄市前鎮區,B,摩羯座,8037,否,否,是,是,否,是,是,否,845777.52384,122,270464.76191000006,34,73001.90478,12,56742.85715,3,9411.42858,4,780517.14288,79,261455.2381,27,66154.28573,7,56742.85715,3,9411.428580000002,4,否,否,是,否,否,否,0,否,否,否,否,是,0,是,否,否,"1. 家庭關係
    1) 客戶目前與弟弟同住，並且沒有子女。
    2) 客戶提到弟弟的健康狀況不佳，需由她照顧。
    3) 客戶的侄女已婚且有一兒一女，工作繁忙。
    4) 客戶提到朋友的兒女不與其來往，並花費三十萬元處理相關問題。
    5) 客戶提到一位朋友的先生因車禍去世，另一位朋友因腦中風需長期服藥。

2. 健康狀況
    1) 客戶目前正在進行洗腎治療，每週洗腎三次，並有腎功能問題。
    2) 客戶患有糖尿病，需服用糖尿病藥物和補腎藥物，並有血糖問題。
    3) 客戶提到自己有高血壓、便秘、腸胃不適、尿道發炎、行動不便（使用輪椅）及哮喘。
    4) 客戶提到自己有胃癌症狀，但未確診。
    5) 客戶提到身體濕氣重、下半身循環差，並感到疲憊。
    6) 客戶提到最近食慾不佳，偶爾有發燒症狀，並提到頭髮變白。
    7) 客戶每三個月進行一次腎臟健康檢查，並有慢性處方簽。

3. 職業背景
    1) 客戶目前沒有工作，月支出約一萬五到兩萬元。
    2) 客戶提到自己有經濟壓力，每月需支付高壓氧治療費用。
    3) 客戶從2014年開始在公司有消費記錄，累積了七萬三千三百四十八點數。

4. 健康食品使用心得
    1) 客戶目前使用的產品包括活泉幹細胞、氨基酸、益生菌等，並對氨基酸產品有一定興趣。
    2) 客戶每天早晚食用活泉幹細胞產品，並在洗腎後額外飲用氨基酸補充營養。
    3) 客戶對燕窩產品感興趣，每天早晚各食用一瓶燕窩，認為其效果較好。
    4) 客戶對於華陀產品有一定認識和支持，並有長期使用習慣。
    5) 客戶對於某些保健食品效果持懷疑態度，並提到部分產品效果不如預期。
    6) 客戶提到家中有多種健康食品存貨，部分產品已過期，並表示目前的保健食品已足夠。
    7) 客戶對於產品的價格和保存期限有考量，認為不需要購買過多產品。
    8) 客戶對於產品的口味和來源有要求，偏好台灣製造的產品，不喜歡大陸製造的產品。

5. 禁忌
    1) 客戶對於腎臟有負擔的產品持謹慎態度，並避免食用可能影響腎功能的產品。
    2) 客戶因尿道發炎服用抗生素，暫時不能食用益生菌。
    3) 客戶對於過甜的產品無法食用，並對某些保健食品感到不適。
    4) 客戶不考慮購買阿膠產品及某些化妝品，並對傳銷產品持不信任態度。
    5) 客戶不希望一天攝取過多產品，並對於購物台產品持懷疑態度。",1
23873146,女,76.0,新北市中和區,D,白羊座,8032,否,否,否,否,否,是,是,否,76065.09516999997,59,21500.95236,18,11521.90475,10,3389.5238,3,1895.2381,1,26232.38092,20,4739.999999999999,4,2931.42857,3,0.0,0,0.0,0,否,否,是,否,否,否,0,否,否,否,否,否,0,否,否,否,,1
23875068,女,57.0,高雄市鳳山區,Z,獅子座,8032,否,是,否,否,否,是,是,否,64563.28571,18,28583.80952,8,1123.80952,1,1123.80952,1,0.0,0,44286.66666,10,28583.80952,8,1123.80952,1,1123.80952,1,0.0,0,否,否,否,否,否,否,0,否,否,否,否,否,0,否,是,否,,1
23880216,女,61.0,宜蘭縣蘇澳鎮,C,摩羯座,8029,否,否,是,否,否,是,是,否,351029.71423000004,187,145615.23805999997,65,80706.66662999999,33,56613.333300000006,18,0.0,0,50436.19046,14,35722.857130000004,8,32894.2857,7,32894.2857,7,0.0,0,否,否,否,否,否,否,0,否,否,否,否,否,0,否,否,否,"1. 家庭關係
    1) 客戶有兩個兒子，已經高中畢業。
    2) 客戶有一個女兒，女兒和兒子會幫她購買營養品和保養品。
    3) 客戶有一個孫子，孫子需要魚油。

2. 健康狀況
    1) 客戶有低血壓和高血壓的情況。
    2) 客戶有手麻腳麻的情況。
    3) 客戶進行了全人工膝關節置換的微創手術，手術後傷口很小，恢復期短。
    4) 客戶目前身體狀況還可以。
    5) 客戶腸胃道狀況良好。

3. 職業背景
    1) 未提及具體職業背景。

4. 健康食品使用心得
    1) 客戶有服用蚓激酶產品，並提到與B群相關。
    2) 客戶有服用宏基保健食品。
    3) 客戶提到魚油是孫子需要的。

5. 禁忌
    1) 客戶不吃某些產品（未具體說明）。
    2) 客戶有使用抗凝血劑。",1
23881593,女,69.0,台中市太平區,D,巨蟹座,8029,否,否,否,否,否,是,是,否,18047.23809,16,8485.714279999998,12,2996.19047,5,942.85714,1,951.42857,1,9246.66666,13,8485.71428,12,2996.19047,5,942.85714,1,951.42857,1,否,否,否,否,否,否,0,否,否,否,否,否,0,否,否,否,,1
23882779,男,56.0,高雄市仁武區,D+,雙魚座,8028,否,否,是,否,否,是,是,否,61537.14285,27,12360.95238,2,9522.85714,1,9522.85714,1,0.0,0,30082.85714,5,9522.85714,1,9522.85714,1,9522.85714,1,0.0,0,否,否,否,否,否,否,0,否,否,否,否,否,0,否,否,否,,1
23885715,女,61.0,高雄市美濃區,D,天蠍座,8027,否,否,否,是,否,是,是,否,104544.66667,37,6133.33333,4,6133.33333,4,1123.80952,1,2552.38095,1,1123.80952,1,1123.80952,1,1123.80952,1,1123.80952,1,0.0,0,否,否,否,否,否,否,0,否,否,否,否,否,0,否,否,否,,1
23888722,女,55.0,新北市淡水區,C,水瓶座,8026,否,否,否,否,否,是,是,否,183925.9524,121,64819.04765000001,48,7257.14286,3,5657.14286,2,0.0,0,17770.4762,5,12094.285720000002,4,5657.14286,2,5657.14286,2,0.0,0,否,否,是,否,否,否,0,否,否,否,否,否,0,否,否,否,"1. 家庭關係
    1) 家中沒有小朋友，成員皆為大人。
    2) 家中經常有詐騙集團送貨的情況。
    3) 客戶提到二十六號禮拜六家中會有人在家。

2. 健康狀況
    1) 客戶提到自己身體不舒服。

3. 職業背景
    1) 無明確提及職業背景。

4. 健康食品使用心得
    1) 客戶之前購買過瑞昇超逆齡時空膠囊，藍色一小顆一小顆，扭開後塗抹在臉上使用。
    2) 客戶目前仍有保健食品的點數可以使用。
    3) 客戶表示目前不需要幹細胞類型的保健食品。

5. 禁忌
    1) 客戶認為東風品牌的衛生紙不好用，尤其是東風雙層的衛生紙超難用。
    2) 客戶不太會使用購物APP操作。",1
23893690,女,49.0,台東縣台東市,Z,金牛座,8024,否,否,是,否,否,否,是,否,280256.90467,138,37365.71427,21,5657.14286,1,5657.14286,1,0.0,0,80383.80952,14,15105.71429,3,5657.14286,1,5657.14286,1,0.0,0,否,否,是,否,否,否,1,否,否,否,否,否,0,否,否,否,"1. 家庭關係
    1) 客戶有小孩，且下班後會順路接小孩。
    2) 客戶曾與家人一起食用葉黃素。

2. 健康狀況
    1) 客戶未提及具體健康問題。
    2) 客戶未補充玻尿酸或膠原蛋白類型的保養品。

3. 職業背景
    1) 客戶從事行政職位，工作時間為早上8點到下午5點半。
    2) 客戶近期工作較忙。

4. 健康食品使用心得
    1) 客戶之前購買過華陀的漢方益生菌和葉黃素，葉黃素曾與家人一起食用，但目前已停止使用。
    2) 客戶提到華陀的美人計漢方益生菌是給小朋友食用。
    3) 客戶目前考慮購買益生菌和葉黃素，並詢問葉黃素的服用方式，確認是否一天吃一顆即可。
    4) 客戶會考慮是否購買粒線體產品，但因費用較高仍在評估中。

5. 禁忌
    1) 客戶未提及具體禁忌事項。",1
23900954,男,54.0,台南市歸仁區,D+,獅子座,8021,否,否,是,是,是,是,是,否,863239.4286,512,257916.1905,57,100037.14286,7,99037.14286,6,1000.0,1,115028.57144,9,113428.57143999996,8,96457.14286,5,96457.14286,5,0.0,0,否,否,是,否,否,否,1,否,否,否,否,否,0,否,否,否,"1. 家庭關係
    1) 客戶家中有菲傭協助處理家務。

2. 健康狀況
    1) 客戶有飛蚊症，服用葉黃素後感覺黑點變淡。
    2) 客戶目前尚未服用慢性病處方簽的藥物。

3. 職業背景
    1) 客戶是一名警察，工作性質需要晚下班。

4. 健康食品使用心得
    1) 客戶曾購買妍美会葉黃素，並參加買五盒送五盒的活動。
    2) 客戶服用葉黃素後感覺飛蚊症的黑點變淡。
    3) 客戶有時一天服用一顆葉黃素，有時服用兩顆，並搭配其他品牌的保健品。
    4) 客戶提到葉黃素中含有磷蝦油，有時會有油膩味，因此不敢吃太多顆。
    5) 客戶提到另一品牌的保健品價格較便宜，平均每30顆約兩三百元。
    6) 客戶尚未購買過褐藻糖膠，但可能會購買給朋友。

5. 禁忌
    1) 客戶對葉黃素中含有的磷蝦油的油膩味較為敏感，影響其服用量。",1
23908702,女,56.0,雲林縣二崙鄉,D+,處女座,8017,否,否,是,是,否,是,是,否,171069.61904999998,106,83726.66659999998,44,58602.85709000003,31,34133.33327999999,18,6998.095240000001,3,20742.85714,3,16971.42857,2,11314.28571,1,11314.28571,1,0.0,0,否,否,否,否,否,否,0,否,否,否,否,否,0,否,否,否,"1. 家庭關係
    1) 未提及相關內容。

2. 健康狀況
    1) 客戶為55歲女性，關注眼睛保養。

3. 職業背景
    1) 客戶從事生意工作，時間不固定。

4. 健康食品使用心得
    1) 客戶曾購買華陀葉黃素，主要用於眼睛保養，但未每天服用。
    2) 客戶曾購買EPA魚油，但後來未再繼續購買。

5. 禁忌
    1) 客戶未使用東森購物平台。
    2) 客戶表示沒有時間看型錄，也未關注型錄內容。",1
23919028,女,71.0,花蓮縣吉安鄉,Z,巨蟹座,8012,否,否,否,否,否,否,否,否,46979.5238,26,8169.52381,3,760.95238,1,0.0,0,0.0,0,1521.90476,2,1521.90476,2,760.95238,1,0.0,0,0.0,0,否,否,是,否,否,否,0,否,否,否,否,否,0,否,否,否,,1
23922318,男,58.0,台中市大里區,B,獅子座,8011,否,否,是,否,否,否,是,否,446191.14289,51,99281.90478,16,39426.66668,8,39426.66668,8,0.0,0,209379.04765,23,99281.90477999998,16,39426.66668,8,39426.66668,8,0.0,0,否,否,否,否,否,否,0,否,否,是,否,否,0,否,否,否,"1. 家庭關係
    1) 未提及具體家庭成員或關係。

2. 健康狀況
    1) 客戶為57歲男性。
    2) 客戶目前健康狀況未提及具體問題，但有服用多種保健品的習慣。

3. 職業背景
    1) 客戶提到本週六公司無人接收商品，可能有工作相關安排。
    2) 客戶提到目前正在開車，可能與工作或日常生活相關。

4. 健康食品使用心得
    1) 客戶每天服用葉黃素，並提到葉黃素產品的購買價格為五九四零。
    2) 客戶提到家中還有未吃完的魚油及未喝完的口服安瓶玻尿酸，並認為魚油每個月的花費較高。
    3) 客戶曾購買過大江生醫的葉黃素產品及華陀的鴕鳥精，並提到專員曾介紹過妍美会的B群產品。
    4) 客戶選擇購買兩個月份的B群，並確認需要飯後服用。
    5) 客戶提到葉黃素和其他保健品存量充足，且上次購買了很多保健品但尚未使用。

5. 禁忌
    1) 客戶目前不需要購買魚油、石墨烯床墊及石墨烯被子。
    2) 客戶認為保健品種類過多，表示目前沒有需要購買的商品，可能下個月再考慮。",1
23951728,女,60.0,台東縣台東市,C,雙魚座,7998,否,否,是,否,否,否,是,否,310386.3333,171,79584.76191000002,18,53502.85715,7,53502.85715,7,0.0,0,75959.04763,13,70301.90477000001,11,53502.85715,7,53502.85715,7,0.0,0,否,否,是,否,否,否,0,否,否,否,否,否,0,否,否,否,"1. 家庭關係
    1) 客戶已經當阿媽，家中有孫子，孫子目前住在北京。
    2) 客戶的兒子在部隊中，聯絡不便，另一位兒子住在桃園。
    3) 客戶的妹妹最近從日本回來，並帶了膠原蛋白給她。
    4) 客戶的配偶是退休的公務人員，會在家幫忙收貨。
    5) 家中有小孩子在睡覺，家人不喜歡吃健康食品。
    6) 客戶提到有親戚會來掃墓。

2. 健康狀況
    1) 客戶有糖尿病、三高，並且有洗腎的情況，需注意飲食。
    2) 客戶曾因眼睛問題接受過手術，包括五年前的眼睛手術，並計劃五月進行白內障手術。
    3) 客戶的皮膚吸收保健食品較快，曾因皮膚發黃檢查過肝功能，且皮膚容易過敏。
    4) 客戶目前感冒，喉嚨很痛，家人也有感冒。
    5) 客戶年紀接近60歲，提到年紀大了需要放慢生活節奏。
    6) 客戶曾因手術服用過安眠藥，後來改用中醫調理。
    7) 客戶不敢吃冰的食物，並儘量食用人蔘。

3. 職業背景
    1) 客戶目前沒有工作，但過去曾經做生意，主要是賣茶葉，茶葉以烏龍茶製成的紅茶為主，特點是比較不傷胃。
    2) 客戶的茶葉一斤售價為兩千元，並以貨到付款方式交易，客人多為老年人，部分已退休。

4. 健康食品使用心得
    1) 客戶有服用葉黃素、益生菌、魚油、膠原蛋白等健康食品，並曾購買過綠蜂膠囊、人蔘、安利產品、龜鹿膠、粒線體產品等。
    2) 客戶提到葉黃素對眼睛有幫助，眼睛水量有所改善，但效果因人而異。
    3) 客戶提到護理師建議暫時不要吃葉黃素，並表示目前手邊有很多保健食品，擔心混著吃會有問題。
    4) 客戶曾購買過幹細胞產品，但因價格昂貴不再購買。
    5) 客戶目前嘗試減少健康食品的使用，並計劃通過中醫調理身體。

5. 禁忌
    1) 客戶不喝綠茶，認為對胃不好，僅喝紅茶。
    2) 客戶不使用苦茶油，平時都吃橄欖油。
    3) 客戶不喜歡侵入式醫美療程，也不使用瘦瘦針。
    4) 客戶的醫生建議不要亂吃保健品，護理師建議暫時不要吃葉黃素。
    5) 客戶擔心腎臟負荷，對重複食用健康食品感到擔憂。",1
23953703,女,47.0,新北市新莊區,C,雙子座,7997,否,否,否,否,否,否,是,否,406518.19053,329,140847.61903,13,120952.38095,4,113523.80952,3,0.0,0,129038.09523,5,125523.80952,4,113523.80952,3,113523.80952,3,0.0,0,否,否,是,否,否,否,0,否,否,否,否,否,0,否,是,否,"1. 家庭關係
    1) 客戶家中有醫護人員，家人對其不接受積極治療的選擇感到不高興。
    2) 客戶家中有一隻20多歲的貓。

2. 健康狀況
    1) 客戶曾因癌症開刀，並且對保健食品的選擇非常謹慎。
    2) 客戶曾連續開刀，目前生活逐漸恢復正常。
    3) 客戶早上需要吃藥，並且有時需要回診看醫生。
    4) 客戶提到壓力大會影響掉髮，並有在進行頭皮護理。
    5) 客戶目前正在運動，並有運動習慣，但因開刀曾有一段時間無法運動。
    6) 客戶最近感到比較疲累。

3. 職業背景
    1) 客戶目前仍在工作，工作繁忙，有時需要處理家人寄來的文件。
    2) 客戶目前正在搬家，生活較為忙碌。

4. 健康食品使用心得
    1) 客戶每天飲用兩支粒線體產品，並覺得效果不錯。
    2) 客戶將營養品當作優質蛋白或蛋白粉每天固定食用，並提到其營養品多為安利產品且價格較高。
    3) 客戶之前喝過玻尿酸和白藜蘆醇產品，並對美顏相關產品有不錯的使用經驗，但因忙碌未能持續使用。
    4) 客戶對粒線體保健品的成分、適用人群及使用方法表示關注，並詢問是否有特定體質不能使用。
    5) 客戶曾詢問是否有Q肽或膠原蛋白產品。

5. 禁忌
    1) 客戶表示不吃葉黃素。",1
23964802,男,75.0,新北市淡水區,C,天蠍座,7991,是,否,是,否,否,否,是,否,559315.90476,41,550119.9999999999,34,47026.66668,11,47026.66668,8,0.0,0,538155.2381000001,29,533454.2857199999,27,47026.66668,8,47026.66668000001,8,0.0,0,否,否,否,否,否,否,0,否,否,否,否,否,0,否,否,否,"1. 家庭關係
    1) 客戶目前一個人生活，女兒會買東西回來給他。
    2) 客戶每月固定支援姐姐一些金錢，因為姐姐身體不好且家裡經濟情況不理想，姐姐有心臟瓣膜問題，需經常去醫院檢查。
    3) 客戶家中有一位需要照顧的親戚，該親戚因生病無法工作，需依靠勞保和收入補助，每月收入約一萬七千元，出門需坐計程車。
    4) 客戶的兒子有固定收入，並已購買一間房子。

2. 健康狀況
    1) 客戶74歲，身高160公分，體重66公斤，最近瘦了五公斤。
    2) 客戶有血糖偏高、血色素和低密度膽固醇問題，醫生建議控制膽固醇。
    3) 客戶有攝護腺問題，並擔心服用過多保健食品會增加腎臟負擔。
    4) 客戶最近做過肝功能檢查，結果正常，並每三個月進行健康檢查，每年有一次全面身體檢查。
    5) 客戶提到前幾天身體不適，但已經看醫生，目前健康狀況尚可。

3. 職業背景
    1) 客戶以前在圖書館工作，目前每週五會到圖書館當志工。
    2) 客戶對於政治話題有一定了解和看法，並對臺灣的年輕一代和成就感到光榮。

4. 健康食品使用心得
    1) 客戶對華陀的產品有信任，曾購買多種華陀產品，包括參條、保肝產品、幹細胞產品等，並對其售後服務表示滿意。
    2) 客戶目前每天早晚各服用一顆降血糖藥，並固定吃兩顆黑血管相關產品，保養用葉黃素一天吃兩次，一次一顆；加強時一天吃四顆。
    3) 客戶對花旗蔘、北韓人蔘、黃馬褂人蔘等產品有興趣，認為北韓人蔘品質較佳，並對人蔘的收藏價值感興趣。
    4) 客戶目前在食用褐藻糖膠和燕窩作為保養品，並曾使用過降血脂、骨鈣、補骨胜肽等產品。
    5) 客戶對於購物台和東森的產品有信任，並對每日一物特價活動有興趣。
    6) 客戶對於產品的效果有一定期待，若有效會推薦給朋友，但對於誇大療效的產品持懷疑態度。
    7) 客戶對於膠囊類產品較無信心，偏好傳統產品，並認為外觀漂亮的產品不一定效果好。

5. 禁忌
    1) 客戶擔心服用過多保健食品會對肝腎造成負擔，尤其是腎臟。
    2) 客戶不需要劑量較高的產品，並不建議長期食用腸道保健產品。
    3) 客戶對中國製的產品有疑慮，偏好台灣製的產品。
    4) 客戶對於不明來源的商品或訊息保持警惕，不會接受未訂購的商品。",1
23968070,女,60.0,台中市烏日區,Z,金牛座,7989,否,否,否,否,否,否,是,否,83005.4762,57,22893.33332,18,11594.28572,5,5657.14286,1,0.0,0,9428.57143,2,5657.14286,1,5657.14286,1,5657.14286,1,0.0,0,否,否,是,否,否,否,0,否,否,否,否,否,0,否,否,否,,1
23970374,男,51.0,高雄市林園區,Z,天秤座,7988,否,否,否,否,否,是,是,否,40114.14286,20,22801.90476,12,4540.95238,3,2828.57143,1,951.42857,1,24497.14285,12,20725.71428,11,4540.95238,3,2828.57143,1,951.42857,1,否,否,否,否,否,否,0,否,否,否,否,否,0,否,否,否,,1
23971873,女,76.0,苗栗縣頭份市,A,處女座,7987,否,否,是,是,否,是,是,否,324502.66665,47,291600.95237,23,288781.9047499999,21,274750.47617999994,12,8095.2381,1,285679.99999999994,15,282845.71428,13,282845.71428,13,274750.47618,12,8095.2381,1,是,否,否,否,否,否,0,否,否,否,否,否,0,否,否,否,"1. 家庭關係
    1) 客戶有一個兒子、兩個孫子和兩個孫女，其中一位孫子20歲，孫女15歲，孫女曾去過日本北海道。
    2) 客戶的兒子很獨立，會自己做決定，曾建議她不要購買某款車，並為家人購買棉被。
    3) 客戶的媳婦是美樂家會員，負責整理購買的物品。
    4) 客戶的姐姐住在桃園，會開車來看望她。
    5) 客戶提到以前的婆婆負責做家務，現在婆婆對她很好。
    6) 客戶有外籍看護，且看護聽得懂中文。

2. 健康狀況
    1) 客戶目前75歲，身高162公分，覺得自己太瘦，免疫力較差，身體狀況不穩定。
    2) 客戶有支氣管擴張問題，氣管不好，感冒恢復較慢，近期感冒持續好幾天，伴隨咳嗽和鼻竇炎，感冒期間食慾不佳。
    3) 客戶曾摔倒導致膝蓋受傷和膀胱問題，目前膝蓋已恢復。
    4) 客戶曾動過子宮切除手術，醫生表示不需定期追蹤檢查。
    5) 客戶有消化不良問題，會避免食用不易消化的食物。
    6) 客戶對芒果和某些精油氣味過敏，聞到會不舒服。

3. 職業背景
    1) 客戶年輕時需要上班並照顧小孩，現在已退休，幫忙照顧孫子。
    2) 客戶曾是美樂家會員，但已退會。

4. 健康食品使用心得
    1) 客戶有固定吃益生菌多年，曾服用過褐藻糖膠和三得利魚油，目前仍有剩餘魚油。
    2) 客戶每天早晚各喝一瓶粒線體飲品，有時早晚各喝兩瓶。
    3) 客戶有時會喝雞精，並有喝氨基酸和膠原蛋白飲品，但膠原蛋白飲品尚未喝完。
    4) 客戶曾購買每日家的葉黃素，但未認真服用。
    5) 客戶對葡萄乾不適應，曾因食用後嘴破，並表示不敢再吃。

5. 禁忌
    1) 客戶不喜歡吃湯圓，認為熱量高。
    2) 客戶避免食用不易消化的食物，並對芒果和某些精油氣味過敏。
    3) 客戶提到過敏者不能吃氨基酸。",1
23974509,女,53.0,高雄市林園區,C,摩羯座,7986,否,否,否,否,否,否,是,否,147237.28569999998,46,30018.09523,6,23037.14285,4,23037.14285,4,0.0,0,96580.95237,19,28694.28571,5,23037.14285,4,23037.14285,4,0.0,0,否,否,否,否,否,否,0,否,否,否,否,否,0,否,否,否,"1. 家庭關係
    1) 客戶有一位丈夫，丈夫有在食用保健品。
    2) 客戶有三個小孩，其中包括兩個女兒。
    3) 客戶目前由姐姐在家中照顧。

2. 健康狀況
    1) 客戶剛從醫院出院，腳部有裝鋼釘，手腳狀況仍不理想。
    2) 客戶目前仍在上班，白天忙碌，晚上七點以後較有空。

3. 職業背景
    1) 客戶目前有工作，白天忙於上班。

4. 健康食品使用心得
    1) 客戶曾經食用過益生菌，但現在已經停止。
    2) 客戶購買過葉黃素，但並非自己食用，而是為家人購買，特別是丈夫用於眼睛保養。
    3) 客戶確認購買了一年份的葉黃素，共12盒，每盒30顆，並已收到貨。

5. 禁忌
    1) 客戶表示自己不敢食用保健品，因此目前未食用任何保健品。",1
23992183,女,59.0,南投縣南投市,D+,雙子座,7978,否,否,否,是,否,是,否,否,209891.23806,137,21998.09525,9,11387.61905,4,0.0,0,8088.57143,2,15998.09524,4,5676.19048,1,5676.19048,1,0.0,0,5676.19048,1,否,否,是,否,否,否,0,否,否,否,否,否,0,否,否,否,"1. 家庭關係
    1) 未提及相關內容。

2. 健康狀況
    1) 客戶為59歲女性，早晚有運動習慣，並保持體重穩定。

3. 職業背景
    1) 未提及相關內容。

4. 健康食品使用心得
    1) 客戶曾經食用過幹細胞產品，但已停止使用，感覺效果不明顯。
    2) 客戶曾購買過綠茶咖啡，起初有效但後來效果不明顯，之後改為尋求中醫減肥。
    3) 客戶有在食用益生菌，並從好市多購買。
    4) 客戶有在使用葉黃素。
    5) 客戶曾購買過護天寶，通常與朋友一起大量購買，每次購買兩到三箱。

5. 禁忌
    1) 未提及相關內容。",1
23999549,女,78.0,桃園市中壢區,D+,摩羯座,7975,否,否,否,否,否,否,否,否,125770.76187,79,6002.857139999999,8,2853.33333,4,0.0,0,0.0,0,8019.99999,10,5432.380949999999,7,2282.85714,3,0.0,0,0.0,0,否,否,是,否,否,否,1,否,否,否,否,否,0,否,否,否,,1
24000166,女,60.0,新竹市,C,雙魚座,7974,否,否,否,是,否,是,是,否,150140.5714,45,66241.90476,4,33904.7619,2,0.0,0,33904.7619,2,97950.47619,10,66241.90476,4,33904.7619,2,0.0,0,33904.7619,2,否,否,是,否,否,否,0,否,否,否,否,否,0,否,否,否,"1. 家庭關係
    1) 客戶的母親86歲，膝蓋關節會痛。
    2) 客戶有一位22歲的女兒，目前住在高雄，並在高雄的五星級飯店工作。
    3) 客戶提到她的朋友最近檢查出乳癌第二期，正在接受治療，另一位朋友曾患乳癌，經治療後痊癒。

2. 健康狀況
    1) 客戶今年59歲，健康檢查報告顯示血紅素數值不合格，但其他指標正常。
    2) 客戶每天熬夜到凌晨三點半才睡，最近每天在家進行超慢跑運動。
    3) 客戶從30多歲開始保養皮膚，認為皮膚狀態比同齡人年輕，且皮膚狀況良好，不需要做臉或醫美。
    4) 客戶平時不吃外面的加工食品，家裡的醬料和五穀都是自己製作的。

3. 職業背景
    1) 客戶在科技業工作，從事IC積體電路相關工作，已在竹科生產線上重要貨物的相關工作崗位工作36年，每天工作12小時，通常晚上八點才回家。
    2) 客戶專長於股票操作，擁有一個由一百多位老闆級成員組成的股票群組，分享股票買賣建議，並教導成員如何操作股票。她每天早上花一小時進行股票操作，一天的股票收益可達上班薪水的兩倍。
    3) 客戶曾經賺了好幾千萬，購買了六七棟房子，但現在只剩下兩棟，曾被騙好幾百萬。
    4) 客戶正在籌備開設餐廳，並製作高品質的干貝醬，使用日本北海道大干貝和高級精華火腿，主要以預購方式銷售，已賣出幾萬瓶。

4. 健康食品使用心得
    1) 客戶平時很少吃保健食品，曾嘗試過一款體驗包，感覺減少了疲勞。
    2) 客戶有食用蔓越莓、燕窩及加拿大濟陽鎮和三積分作為保健食品，並每天吃一顆膠原蛋白補充膠質。
    3) 客戶會泡人參片和黃耆來喝，並提到懷孕時曾吃牛排補充營養。
    4) 客戶對補骨胜肽產品感興趣，偏好粉狀且無糖的產品，並詢問是否有適合老人家食用的產品。

5. 禁忌
    1) 客戶不喜歡膠囊類保健品，認為味道太重，從小到大不吃膠囊類營養品。
    2) 客戶平時不吃外面的加工食品，並且最近沒有吃什麼澱粉。
    3) 客戶沒有在吃任何西藥。",1
24032764,女,72.0,新竹市,Z,天蠍座,7959,否,否,是,否,否,否,是,否,308533.57142,212,23797.14285,11,10191.428570000002,3,9427.61905,2,0.0,0,45990.47617,18,13695.23809,4,8380.95238,1,8380.95238,1,0.0,0,否,否,否,否,否,否,0,否,否,否,否,否,0,否,否,否,"1. 家庭關係
    1) 客戶提到家裡人發生了意外。
    2) 客戶的兒子認為她吃葉黃素是浪費錢。

2. 健康狀況
    1) 客戶72歲，已退休，並且目前沒有穩定收入。
    2) 客戶有糖尿病，血糖控制尚可，通常在6點多，未超過7，並有服用慢性處方簽藥物控制血糖。
    3) 客戶提到白內障已進行過自費手術，但術後眼睛仍有混濁情況。
    4) 客戶提到手腳會痠痛，右手無力，左手有時喝蛋白奶後有效果。
    5) 客戶表示會自己進行復健，針對痠痛的地方進行自我調理。
    6) 客戶提到下個月會去抽血檢查健康狀況。

3. 職業背景
    1) 客戶已退休，目前沒有在上班。
    2) 客戶經濟狀況不佳，表示沒有那麼多錢購買高價產品。

4. 健康食品使用心得
    1) 客戶曾購買過葉黃素、華陀的苦瓜胜肽、日本益生菌、鹿胎盤產品及名為暢秘書的保健食品，但認為效果不明顯。
    2) 客戶目前每天早晚各服用一顆骨關節保健膠囊，並有在使用降血糖的保健食品，包括苦瓜胜肽。
    3) 客戶提到她目前手邊有七盒苦瓜胜肽，每盒有60顆，一天需服用4顆。
    4) 客戶對葉黃素和苦瓜胜肽有興趣，但認為苦瓜胜肽價格過高。
    5) 客戶提到白藜蘆醇對血糖有幫助。
    6) 客戶表示曾購買泰國的排骨，但不符合她的口味。

5. 禁忌
    1) 客戶表示她比較不會購買保養品，主要購買生活用品和保健品。
    2) 客戶目前沒有購物計劃，也未明確表示需要什麼樣的產品。",1
24039677,女,59.0,雲林縣口湖鄉,D+,巨蟹座,7955,否,否,是,否,否,是,是,否,878600.9046699996,698,60500.952330000015,53,12060.95237,11,8881.90475,9,3179.0476200000003,2,197114.2857,127,16670.47617,14,6053.33333,6,6053.33333,6,0.0,0,否,否,否,否,否,否,0,否,否,否,否,否,0,否,否,否,"1. 家庭關係
    1) 客戶提到兒子曾經拒簽，但在五月回來，並負責購買衛生紙和廚房紙巾。
    2) 客戶提到媽媽使用防曬產品的頻率不高。
    3) 客戶提到老公與蔓越莓產品有關聯。

2. 健康狀況
    1) 客戶有高血壓和高膽固醇問題，並提到糖尿病相關問題。
    2) 客戶有便秘問題，認為益生菌有助於改善。
    3) 客戶提到晚上會多次起來上廁所，並有泌尿道感染的問題，感染時會感到疼痛。

3. 職業背景
    1) 無明確提及客戶的職業背景。

4. 健康食品使用心得
    1) 客戶曾購買並使用膠原蛋白產品，但對其效果不滿意，認為沒有用。
    2) 客戶對益生菌產品有興趣，認為其有助於改善便秘，但目前沒有貨，且不需要再回購某品牌的益生菌產品。
    3) 客戶對魚油產品的效果表示可以，特別是其降膽固醇和改善血液循環的功效，並提到晚上睡前會食用魚油。
    4) 客戶曾購買並回購魚油、益生菌和葉黃素產品，並計劃下個月再購買五盒葉黃素。
    5) 客戶提到她有在吃蔓越莓和B群，並使用葡萄糖胺（含軟骨成分）及挺立鈣。
    6) 客戶對抗皺產品有興趣，並提到葉黃素果凍和葉黃素升級服務。

5. 禁忌
    1) 客戶不需要購買洗碗精、B群產品及某些保健品，並表示已購買足夠的產品。
    2) 客戶對產品價格表示昂貴，並提到不想購買某些產品。",1
24043042,女,58.0,台東縣卑南鄉,A,白羊座,7954,否,否,是,否,否,否,是,否,877274.1904399998,138,256286.6666400001,47,194474.2856800001,22,187159.99998,16,0.0,0,772211.8571499999,83,243863.80950999996,39,187159.99998,16,187159.99998,16,0.0,0,否,否,否,否,否,否,0,否,否,否,否,否,0,否,否,否,"1. 家庭關係
    1) 客戶與媽媽同住，媽媽有時會自行購物，但不會詢問使用方法，曾因不正確使用產品出現問題。
    2) 客戶的老公每一個半月需去醫院一次，並每週二四六自行騎車去洗腎，免疫力較差且不愛運動。
    3) 客戶有三個孩子，均已畢業並在工作，經濟狀況尚可。小女兒患有異位性皮膚炎，症狀包括全身癢和局部紅腫脫皮，曬太陽後症狀會減輕。
    4) 客戶的女兒曾有一個交往兩年的男朋友，後來分手，客戶對此感到心痛。
    5) 客戶的兒子身高180公分，體重約110公斤，年齡約35歲，目前未婚。
    6) 客戶的家人中，只有她自己在使用幹細胞產品，女兒有時會幫忙處理技術問題，並與客戶商量購買決策。

2. 健康狀況
    1) 客戶有脂肪肝，情況有所改善，但肝指數過高，容易肝硬化。
    2) 客戶有糖尿病和低血壓，胃部不適，且不喜歡吃飯。
    3) 客戶有恐慌症，不喜歡去人多的地方，並對上班感到壓力。
    4) 客戶感冒持續四天，伴隨咳嗽、喉嚨不適和頭痛，並提到感冒比以往更嚴重。
    5) 客戶的代謝正常，體重維持十幾年，排便順暢。
    6) 客戶的眼睛有敏感問題，目前的眼鏡不合適，考慮更換。

3. 職業背景
    1) 客戶目前有在上班，但曾提到因身體狀況不佳和恐慌症，對是否上班有考量。
    2) 客戶提到家庭和工作的平衡問題，並對上班的責任感到壓力。

4. 健康食品使用心得
    1) 客戶曾使用幹細胞產品，對其效果滿意，認為雖然價格昂貴，但對健康有幫助。
    2) 客戶使用過參萃秘齡霜，臉部皮膚變好，對效果滿意。
    3) 客戶購買過葉黃素產品，對三多產品中的葉黃素有了解，並對益生菌產品有興趣，認為益生菌對胃部有幫助。
    4) 客戶對肝腎修復效果的產品感興趣，並對產品成分和效果有研究。
    5) 客戶提到益生菌是由老公分裝給她吃，對胃部有幫助。

5. 禁忌
    1) 客戶的女兒和老公需要洗腎，並在洗腎後才能食用某些產品。
    2) 客戶的小女兒患有異位性皮膚炎，需避免刺激性物質，曬太陽後症狀會減輕。
    3) 客戶對於購物台產品的真實性持懷疑態度，並曾購買過假貨，能辨別假貨特徵。
    4) 客戶對於分享物品持謹慎態度，避免與會計較的人分享。
    5) 客戶對澱粉類食物攝取有限，改以五穀雜糧代替，早餐選擇水煮蛋和無糖豆漿或燕麥。",1
24053590,女,46.0,台中市清水區,Z,天蠍座,7949,否,否,否,否,否,是,是,否,22078.23809,19,4040.0,6,1123.80952,1,1123.80952,1,0.0,0,1965.71428,3,1965.71428,3,1123.80952,1,1123.80952,1,0.0,0,否,否,否,否,否,否,0,否,否,否,否,否,0,否,否,否,,1
24073217,女,80.0,台北市大安區,E,天蠍座,7939,是,否,是,否,是,否,是,否,16059.04762,10,12010.47619,7,557.14286,1,0.0,0,0.0,0,7649.52381,5,7649.52381,5,557.14286,1,0.0,0,0.0,0,否,否,是,否,否,否,0,否,否,否,否,否,0,否,是,否,,1
24073682,女,58.0,台中市東勢區,D+,處女座,7938,否,否,是,是,否,是,是,否,493421.71429,158,92046.66668999998,36,50472.38096,13,41546.66667,7,609.52381,1,271542.85713,24,44900.0,8,36952.38096,4,35352.38096,3,0.0,0,否,否,是,否,否,否,0,否,否,否,否,否,0,否,否,否,"1. 家庭關係
    1) 客戶提到家中只有她自己在吃葉黃素。
    2) 客戶提到她的阿姨喜歡吃某個特定品牌的產品。

2. 健康狀況
    1) 客戶提到她有高血壓。
    2) 客戶表示她沒有在吃B群。

3. 職業背景
    1) 客戶提到她目前還有在上班。

4. 健康食品使用心得
    1) 客戶之前曾購買並食用華陀品牌的益生菌及漢方益生菌，但目前表示沒有使用益生菌的需求。
    2) 客戶提到她有在服用雷敦的葉黃素，該產品含有金盞花萃取物，並且每天飯後服用一顆。
    3) 客戶在Costco購買雷敦的葉黃素，因為價格較便宜。
    4) 客戶在十一月份曾在平台上購買過苦瓜帶的益生菌和其他商品。
    5) 客戶之前在平台上購買過鴕鳥精，但目前表示沒有使用鴕鳥精的需求。

5. 禁忌
    1) 客戶表示一次購買24盒葉黃素對她來說太多了。
    2) 客戶提到退貨的原因是因為成分問題，對方不喜歡產品的成分。",1
24075403,女,54.0,新北市中和區,C,雙子座,7938,否,是,是,否,是,否,是,否,184182.14286,70,146978.09524000002,50,6819.04762,9,6819.04762,3,0.0,0,116456.19047,17,116456.19047,17,6819.047619999999,3,6819.04762,3,0.0,0,否,否,否,否,否,否,0,否,否,否,是,否,0,否,否,否,"1. 家庭關係
    1) 客戶與哥哥一家四口及侄女同住，家中共有六人。
    2) 客戶未婚，無子女，需照顧80多歲中風臥床的父親，父親已經兩年多無法行動。
    3) 哥哥和嫂子會幫忙照顧父親，侄女已工作，會幫忙購買蛋糕，家中菜由嫂子購買。
    4) 客戶提到家中目前只有自家人，沒有其他親戚。

2. 健康狀況
    1) 客戶有腰椎和肩椎問題，曾因摔倒導致腰椎受損，進行過五次手術，行動不便，需使用拐杖，走路不能走太遠。
    2) 客戶血壓偏高，需服用降血壓藥物，並有尿道炎，正在服用抗生素和蔓越莓膠囊。
    3) 客戶有骨質密度低的問題，容易摔倒，並有頭暈情況，曾因頭暈跌倒。
    4) 客戶睡眠品質不佳，晚上睡不著，壓力大，身體狀況不佳，正在休養中。
    5) 客戶平時喝水很少，喝白開水會感到想吐，且不容易流汗。
    6) 客戶目前吃很多藥，沒有在吃其他保健食品，且不能吃人參。

3. 職業背景
    1) 客戶曾從事印刷相關工作，後因行動不便改做較輕鬆的工作，主要是坐在電腦前打字，工作壓力較大。
    2) 客戶目前未工作，經濟狀況不佳，已超過六年沒有穩定收入，無法分期付款，且一次性付款壓力大。

4. 健康食品使用心得
    1) 客戶平時不喜歡吃保健食品，表示目前吃很多藥，不想再吃其他的東西。
    2) 客戶有開始服用顧骨頭關節的膠囊，並有服用蔓越莓膠囊。
    3) 客戶知道維生素D3發泡錠，但未提及使用情況。
    4) 客戶表示不喜歡吃魚油或其他需要吃的保健食品，且沒有在吃膠原蛋白或玻尿酸相關產品。
    5) 客戶之前購買的鱸魚精尚未飲用。

5. 禁忌
    1) 客戶不能吃人參。
    2) 客戶不喜歡喝水或飲用類保健食品，喝白開水會感到想吐。",1
24081546,女,64.0,南投縣埔里鎮,D+,白羊座,7935,否,否,否,是,否,是,否,否,300760.66669,208,35307.61906,38,6820.0,8,0.0,0,3971.42857,2,80750.47619,18,11571.42857,4,3971.42857,2,0.0,0,3971.42857,2,否,否,是,否,否,否,0,否,否,否,否,否,0,否,否,否,"1. 家庭關係
    1) 客戶未提及具體的家庭關係。

2. 健康狀況
    1) 客戶提到自己有高血壓。
    2) 客戶的排便情況正常，顏色為黃色。

3. 職業背景
    1) 客戶參與公益活動，擔任志工。

4. 健康食品使用心得
    1) 客戶對保健食品有興趣，但偏好較年輕化的產品。
    2) 客戶之前購買過葉黃素和果凍狀的保健食品，但尚未吃完。
    3) 客戶常常忘記食用華陀的保健食品。
    4) 客戶目前沒有在食用B群。
    5) 客戶不需要益生菌產品。

5. 禁忌
    1) 客戶吃全素，並多次提到自己是素食者。
    2) 客戶家中空間有限，無法再放置更多物品。",1
24088853,男,63.0,新竹市,Z,雙子座,7931,否,否,是,否,否,否,是,否,151011.23809,51,23218.09524,8,7590.476189999999,2,7590.476189999999,2,0.0,0,5885.71429,1,5885.71429,1,5885.71429,1,5885.71429,1,0.0,0,否,否,是,否,否,否,0,否,否,否,否,否,0,否,否,否,"1. 家庭關係
    1) 客戶表示已婚。

2. 健康狀況
    1) 客戶提到他有接種過疫苗。
    2) 客戶目前不需要購買骨頭與關節保健食品。

3. 職業背景
    1) 無相關資訊提及。

4. 健康食品使用心得
    1) 客戶平常多少都有補充一些營養食品。
    2) 客戶曾於一月購買過曾國城代言的一家人益生菌。
    3) 客戶目前訂購了普拉說俊的益生菌，並選擇分六期付款。
    4) 客戶希望專員通知有其他優惠時告知。

5. 禁忌
    1) 無相關資訊提及。",1
24092010,女,72.0,桃園市大溪區,D+,巨蟹座,7930,否,否,是,是,否,是,是,否,491598.09534000006,195,199940.00001000013,85,54739.99997,27,25215.23808,9,7942.85714,3,133139.04760000002,12,62035.23808,8,13225.71428,2,13225.71428,2,0.0,0,否,否,否,否,否,否,1,否,否,否,否,否,0,否,否,否,"1. 家庭關係
    1) 客戶有三個子女，其中兩個是女生，一個是男生，子女都住在附近。
    2) 客戶的女兒曾接受化療，並需要照顧，近期因意外住院且尚未清醒，客戶目前在醫院照顧女兒。
    3) 客戶的孫子和兒子最近感冒，全家人都被傳染感冒。
    4) 客戶的女兒曾幫她購買圍脖以保暖。
    5) 客戶的家庭成員在附近購買房子，方便過年聚會。
    6) 客戶目前與家人住得很近，但並未住在一起。

2. 健康狀況
    1) 客戶有骨質疏鬆問題，曾因膝蓋疼痛接受治療，並因腿部問題曾無法走路一個月。
    2) 客戶有白內障，但尚未開刀，目前視力可正常使用老花眼鏡看小字，眼睛有些模糊，需改善視力問題。
    3) 客戶曾因出國車禍導致身體狀況受影響，冬天時身體會感到刺骨的冷，甚至不能走路。
    4) 客戶目前感冒，恢復速度較慢。
    5) 客戶的手因長時間曬太陽而變黑。

3. 職業背景
    1) 客戶目前71歲，工作型態為每天工作十幾個小時，早上五點出門，下午五點下班，沒有周休二日，固定休息禮拜天。
    2) 客戶的工作需要整天在太陽底下跑來跑去，已經在同一位老闆手下工作六七年。

4. 健康食品使用心得
    1) 客戶曾購買華陀保健食品，但效果不佳，後來停止購買。
    2) 客戶認為穆拉德品牌的保健食品效果較為顯著，特別是魚油產品讓腿部活動較舒適。
    3) 客戶每天早上空腹喝一瓶保健品，搭配250cc的水，並完成了一個玻尿酸療程，感覺骨頭變得比較舒服。
    4) 客戶曾購買龜鹿膠給家人服用，但自己捨不得使用。
    5) 客戶曾購買葉黃素產品，每天早上飯後服用一顆，並提到葉黃素可以使用點數扣抵，且有贈品活動。
    6) 客戶曾購買野山蔘產品，夏天較少使用，冬天會使用。
    7) 客戶曾購買蚓激酶第一代產品，但未使用，並將其給孫子使用。
    8) 客戶每天泡某種藥物並固定服用以改善腳的狀況，且每天回家後會泡腳促進血液循環。
    9) 客戶主要喝牛奶，固定一週喝一到兩天。

5. 禁忌
    1) 客戶不想購買白冰冰代言的膠囊產品。
    2) 客戶曾吃過某款華陀代工的膠囊產品，但不想再購買。",1
24101413,男,65.0,雲林縣水林鄉,D+,處女座,7925,否,否,否,否,否,否,是,否,83753.66666999999,22,18342.85715,7,3771.42857,1,3771.42857,1,0.0,0,6600.0,2,6600.0,2,3771.42857,1,3771.42857,1,0.0,0,否,否,是,否,否,否,0,否,否,否,否,否,0,否,否,否,,1
24110258,女,74.0,桃園市桃園區,Z,處女座,7921,否,否,是,否,否,否,是,否,168482.38091,36,11225.71428,2,3791.42857,1,3791.42857,1,0.0,0,81093.33331,14,11225.71428,2,3791.42857,1,3791.42857,1,0.0,0,否,否,否,否,否,否,1,否,否,否,否,否,0,否,否,否,"1. 家庭關係
    1) 客戶提到她的兒子有回家吃飯。
    2) 客戶提到她的兒子曾去日本並幫她購買了一堆保健食品。
    3) 客戶提到兒子在做生意，公司會送商品給他。

2. 健康狀況
    1) 客戶提到她有更年期症狀，包括下腹部不適。
    2) 客戶表示她不會盜汗，夜尿頻率為一晚兩次，且醫生認為夜間頻尿情況正常。
    3) 客戶提到她曾服用幹細胞產品，但因為上火的情況減少了使用量。
    4) 客戶表示她有購買中藥製成的保健食品，但因為上火的情況導致身體出現一些問題。

3. 職業背景
    1) 客戶未提及具體職業背景，但提到她住在某地已經三十多年，熟悉哪些保健食品可以吃，哪些不能吃。

4. 健康食品使用心得
    1) 客戶表示她目前保健食品太多，消化不了，並提到心臟科醫生建議她減少服用並拿給醫生檢視。
    2) 客戶提到她曾購買粉光參、基金、魚油、玻尿酸、左旋肉鹼、蔓越莓等保健食品，但因為數量太多未能消化完。
    3) 客戶表示她有在吃葉黃素和益生菌，並提到珍珠鈣定的效果不錯，願意再次購買。
    4) 客戶提到她曾在日本使用胎盤素，並表示回台灣已經七八年。
    5) 客戶表示之前購買的保健食品早已吃完，並提到保健食品如果沒有效果，她就不會購買。
    6) 客戶提到她早上和中午分別服用幹細胞產品，每次兩顆。
    7) 客戶提到她曾購買CBD產品、淡斑西班牙保健食品及白細胞產品，但尚未完全使用完。
    8) 客戶表示她曾嘗試食用山苦瓜，但因不習慣且感覺沒有效果而停止使用。

5. 禁忌
    1) 客戶提到她沒有吃魚油。
    2) 客戶表示她熟悉哪些保健食品可以吃，哪些不能吃。
    3) 客戶提到她因上火的情況減少幹細胞產品的使用量，並因中藥製成的保健食品導致身體出現一些問題。",1
24132038,女,74.0,台中市東區,E,處女座,7911,否,否,是,是,否,是,是,否,1291507.38081,712,302341.9047300004,180,119643.80952999998,75,41440.00001,13,1154.28571,1,668034.28575,252,91545.71427,30,33591.428570000004,17,15105.71429,3,0.0,0,否,否,是,否,否,否,0,否,否,否,否,是,0,否,否,否,"1. 家庭關係
    1) 客戶是一位73歲的女性，已婚，丈夫曾中風，目前身體狀況不佳，需要特別照顧。
    2) 客戶的丈夫腸胃較弱，不能隨意嘗試新食物，且因牙齒問題無法咀嚼硬的食物，需特別飲食安排。
    3) 客戶有一位表現優異的孫子，學業和運動表現出色，曾在運動會中獲獎。
    4) 客戶的兒子目前與她同住。
    5) 客戶的母親曾患有骨癌。

2. 健康狀況
    1) 客戶有三高問題，並正在服用相關藥物。
    2) 客戶體重75公斤，身高160公分。
    3) 客戶有白頭髮，但尚未全白。
    4) 客戶飲水量大，每天喝6000cc水。
    5) 客戶的丈夫可能有中風或其他健康問題，需長期照顧，並可能需要使用尿布。

3. 職業背景
    1) 客戶目前已退休，無提及具體職業背景。
    2) 客戶曾提到自己住在台中，生活機能良好，過去曾住在西屯和中科附近。

4. 健康食品使用心得
    1) 客戶對健康食品持開放態度，會根據需要購買，但對部分產品效果不滿意，認為有些產品價格昂貴。
    2) 客戶曾購買並使用多種保健品，包括玻尿酸飲品、蚓激酶、龜鹿雙寶、褐藻糖膠、葉黃素、益生菌、B群、紅參、苦瓜胜肽等，對部分產品效果滿意，但對玻尿酸飲品效果不明顯，對蚓激酶價格感到昂貴。
    3) 客戶目前有在食用蜂蜜，並將其與百香果混合食用，認為味道很好。
    4) 客戶通常會將產品分給兒子，並在用完一種產品後再使用其他產品。

5. 禁忌
    1) 客戶認為紅參較燥熱，不需要每天飲用，且偶爾會引起火氣大。
    2) 客戶的丈夫因健康問題不能吃肉類、骨頭類食物，且腸胃較弱，需避免嘗試新食物。
    3) 客戶對石墨烯產品持懷疑態度，認為市面上標榜石墨烯的產品效果不明。
    4) 客戶不喜歡購買一送一的商品，並對購物台的服務不滿意，尤其是專員更換頻繁及送貨延遲。",1
24156314,女,64.0,新北市樹林區,Z,水瓶座,7898,否,否,是,否,否,否,是,否,118996.47621,64,40579.04764,22,11495.23811,5,10457.14287,4,0.0,0,9056.19048,3,9056.19048,3,5657.14286,1,5657.14286,1,0.0,0,否,否,是,否,否,否,0,否,否,否,否,否,0,否,否,否,"1. 家庭關係
    1) 未提及家庭關係相關內容。

2. 健康狀況
    1) 客戶表示自己沒有糖尿病。
    2) 客戶提到骨頭狀況已改善。

3. 職業背景
    1) 未提及職業背景相關內容。

4. 健康食品使用心得
    1) 客戶有定期使用益生菌和葉黃素，並表示骨頭狀況已改善。
    2) 客戶曾購買龜鹿二仙膠，但未食用。
    3) 客戶平常有在服用B群，並曾在日本購買大量B群。
    4) 客戶有持續服用日本魚油，認為效果很好，並表示之前有吃魚油作為保健食品。
    5) 客戶曾訂購葉黃素，但忘記是否有持續服用；上次服用葉黃素一天一顆，覺得效果不明顯。
    6) 客戶剛剛購買了眼睛相關產品。
    7) 客戶每天早上起床後會喝500cc的水，並吃葉黃素。
    8) 客戶表示她還有其他魚油尚未吃完。
    9) 客戶去年曾購買烏魚子和葉黃素產品。

5. 禁忌
    1) 未提及禁忌相關內容。",1
24159724,女,66.0,新北市新店區,C,天蠍座,7896,否,否,否,否,否,否,是,否,227668.00001,121,7185.71429,6,6325.71429,5,5657.14286,2,0.0,0,16076.19048,4,5657.14286,2,5657.14286,2,5657.14286,2,0.0,0,否,否,是,否,否,否,0,否,否,否,否,否,0,否,否,否,"1. 家庭關係
    1) 客戶有兩個兒子和一個女兒，與其中一個兒子同住。
    2) 家中有一位68歲的家庭成員，並且需要照顧孫女。
    3) 客戶偶爾會讓小朋友使用平板上課。

2. 健康狀況
    1) 客戶每天服用兩顆產品。
    2) 客戶有在用藥。

3. 職業背景
    1) 客戶目前在網頁相關行業上班，並表示平時都在上班。
    2) 客戶與家人一起經營店鋪，但即將在本月退休。

4. 健康食品使用心得
    1) 客戶表示家裡已有益生菌，但未提及葉黃素。
    2) 客戶表示想先購買產品試用看看。

5. 禁忌
    1) 客戶目前工作繁忙，且需要照顧家庭，無法長時間接電話。
    2) 客戶下班後還需忙於家庭事務，時間有限。",1
24178896,男,45.0,桃園市桃園區,Z,摩羯座,7887,否,否,否,否,否,否,是,否,195412.57141,30,58476.19047,8,38666.66667,3,37809.52381,2,0.0,0,159760.95237,17,58476.19047,8,38666.66667,3,37809.52381,2,0.0,0,否,否,否,否,否,否,0,否,否,否,否,否,0,否,否,否,"1. 家庭關係
    1) 客戶與母親同住，並提到母親沒有服用保健品的習慣。
    2) 客戶曾為母親購買保健品，但母親並未使用或未完全使用。

2. 健康狀況
    1) 客戶有高血壓和糖尿病，血壓最高曾達到200以上，目前穩定在140至160之間。
    2) 客戶提到可能有遺傳性高血壓，並有停用血壓藥的情況。
    3) 客戶提到老化現象明顯，可能與年齡相關，並表示美容效果減弱。
    4) 客戶表示不再進行健康檢查。

3. 職業背景
    1) 客戶目前正在上班，工作採排班制，通常工作六天休息兩天，有時五天休息兩天。
    2) 客戶曾有20年的大夜班工作經歷。
    3) 客戶提到公司就在住處對面，並表示因工作需要用眼睛，無法參加某些活動。

4. 健康食品使用心得
    1) 客戶曾購買多種保健品，包括鴕鳥精、葉黃素、龜鹿膏、幹細胞產品、鹿胎盤幹細胞膠囊、益生菌和蚓激酶等，但多數未使用或不滿意。
    2) 客戶對鴕鳥精的味道不喜歡，未使用；對益生菌效果不信任，並表示不吃益生菌。
    3) 客戶曾收到白藜蘆醇贈品並有使用，但未將其當作果汁飲用。
    4) 客戶對果油產品感興趣，尤其是桶裝形式的果油。
    5) 客戶表示對中藥材的味道不感到討厭，但家中長輩不吃中藥，且家裡沒有吃中藥的習慣。

5. 禁忌
    1) 客戶不喜歡吃藥，並有停用血壓藥的情況。
    2) 客戶不希望再購買鴕鳥精或幹細胞相關產品，對此類產品不感興趣。
    3) 客戶對益生菌效果不信任，並表示不吃益生菌。",1
24182897,女,58.0,台北市松山區,Z,白羊座,7885,否,否,否,否,否,是,否,否,125303.76191,65,11101.90476,6,7606.66667,4,0.0,0,1902.85714,2,1902.85714,2,1902.85714,2,1902.85714,2,0.0,0,1902.85714,2,否,否,是,否,否,否,0,否,否,否,否,否,0,否,否,否,"1. 家庭關係
    1) 未提及家庭關係相關內容。

2. 健康狀況
    1) 未提及健康狀況相關內容。

3. 職業背景
    1) 未提及職業背景相關內容。

4. 健康食品使用心得
    1) 客戶是東森的VIP會員，長期有消費並累積點數。

5. 禁忌
    1) 客戶表示不熟悉外米琪洗髮精，並未注意過相關產品。
    2) 客戶選擇購買一組外米琪洗髮精，並使用貨到付款方式。",1
24199047,女,55.0,新北市三峽區,C,巨蟹座,7876,否,否,是,是,否,是,是,否,230018.52384000004,56,152725.71431,35,61781.90478,8,56262.85715,5,4533.33334,2,152033.33333,20,104489.52382,14,57370.4762,6,52837.14286,4,4533.33334,2,否,否,是,否,否,否,0,否,否,否,否,否,0,否,否,否,"1. 家庭關係
    1) 客戶目前與家人同住。
    2) 客戶有兩個子女。
    3) 客戶的母親很忙，可能未注意到相關訊息。
    4) 客戶家中沒有養寵物。

2. 健康狀況
    1) 客戶有高血壓，並正在服用高血壓藥物。
    2) 客戶目前正在過敏。
    3) 客戶每年安排一次健康檢查。
    4) 客戶沒有領有慢性處方簽。

3. 職業背景
    1) 客戶目前在工廠工作，平常都要上班，禮拜六也需上班。
    2) 客戶表示白天上班時不方便接電話，晚上五點過後或禮拜天比較方便聯繫。
    3) 客戶會請守衛幫忙代收貨物。

4. 健康食品使用心得
    1) 客戶有在服用挺立保健食品、顧骨頭的保健食品、葉黃素及植物性幹細胞產品。
    2) 客戶曾購買過龜鹿產品，但只開了兩盒，其餘尚未使用。
    3) 客戶喜歡使用葡萄籽油和玄米油，認為這些油品比較實用。
    4) 客戶提到永信藥品的產品含有蝦紅素，但實際上是植物來源，非動物來源。
    5) 客戶一天服用保健食品兩次，早晚各一次。

5. 禁忌
    1) 客戶是素食者，吃全素，不能食用含葷的保健食品，對產品成分是否含有動物來源非常在意。
    2) 客戶容易將物品放到過期，對於購買新商品較為謹慎。",1
24199325,女,59.0,高雄市三民區,Z,金牛座,7876,否,是,否,否,否,是,否,否,551796.9048100001,98,117281.90478,22,24618.095239999995,5,0.0,0,23008.57143,4,466897.14288,53,103096.19049,14,19219.04762,2,0.0,0,19219.04762,2,否,否,是,否,否,否,0,否,否,否,否,否,0,否,否,否,"1. 家庭關係
    1) 客戶有婆婆，年約八十歲，曾為婆婆購買過保養品，婆婆使用後皮膚改善。
    2) 客戶有小孩，曾從國外帶回許多物品。
    3) 客戶最近忙於照顧老人家，家人中有人身體不適。

2. 健康狀況
    1) 客戶有魚尾紋，曾因使用某些產品出現眼袋浮腫、淚溝加重等過敏反應，醫生建議停用相關產品。
    2) 客戶的眼角曾腫起，醫生建議可能需要手術解決眼袋問題。
    3) 客戶對於新產品的使用感到擔憂，並考慮是否需要看醫生。

3. 職業背景
    1) 客戶未提及具體職業，但表示平時較為忙碌，無法參加活動或進行醫美保養。

4. 健康食品使用心得
    1) 客戶曾購買過營養品，對選擇非常謹慎，最近花費一萬購買營養品。
    2) 客戶對於贈送的白藜蘆醇飲品不感興趣，並希望折現。

5. 禁忌
    1) 客戶對於某些產品過敏，導致眼袋浮腫及其他問題，已停止使用並考慮退貨。
    2) 客戶對於产品的有效期和品质表示担忧，尤其是接近有效期的产品。
    3) 客戶不需要美白產品，對於購買過多產品感到浪費。
    4) 客戶對於醫美保養和肉毒注射有顧慮，認為效果不自然。",1
24201922,女,70.0,桃園市新屋區,D,射手座,7875,否,否,是,是,否,是,是,否,2205917.71415,593,81096.19047999999,20,1058.09524,6,0.0,0,1058.09524,1,391483.0476,50,80067.61905,19,1058.09524,6,0.0,0,1058.09524,1,否,否,是,否,否,否,0,否,否,否,否,是,0,是,否,否,"1. 家庭關係
    1) 客戶家裡狀況目前不是很好，生活用品存貨過多，暫時不需要購買任何產品。
    2) 客戶家裡堆了太多東西，因此不想再購物。

2. 健康狀況
    1) 客戶年紀69歲，臉上有皺紋且較為明顯。
    2) 客戶提到年紀大了可以打免費疫苗。
    3) 客戶曾因使用幹細胞產品起紅疹而停止使用。
    4) 客戶提到上次的尿玻刻痕有點麻煩。
    5) 客戶對於新冠病毒的新聞有所了解。

3. 職業背景
    1) 客戶以前是老師。
    2) 客戶目前正在上課，沒有空閒時間。

4. 健康食品使用心得
    1) 客戶曾購買過南瓜籽、核桃、褐藻、香檳茸、降膽產品、ashiya產品、臺大研發的幹細胞膠囊等健康食品及保健品。
    2) 客戶對ashiya產品的效果有感覺，但認為價格昂貴，曾購買過一整年的份量。
    3) 客戶對褐藻產品的效果有感覺，通常一天吃兩顆，感冒或喉嚨不舒服時會一次吃四顆。
    4) 客戶認為很多產品需要長期食用才能感受到效果，但對於香檳茸、核桃、降膽產品等效果不明顯。
    5) 客戶對於吃膠囊類產品不習慣，曾購買過臺大研發的幹細胞膠囊，但不喜歡吃。
    6) 客戶曾使用活泉幹細胞產品，但因吃不習慣且無效果而停止購買。
    7) 客戶曾購買過褐藻產品，剛開始會吃，但後來懶得吃。
    8) 客戶目前對蛋黃酥感興趣，但認為價格偏高。

5. 禁忌
    1) 客戶不想再購買貴的產品堆在家裡。
    2) 客戶覺得使用多瓶保養品不方便，有時候會懶得使用。
    3) 客戶暫時不想購買任何商品，因為家中存貨過多，且繳費習慣改變，不太敢在東森購物買東西。",1
24207660,女,77.0,新北市新莊區,C,雙魚座,7872,否,否,是,否,否,否,是,否,403796.19043,124,58614.28570000001,12,13712.38095,3,13712.38095,3,0.0,0,256944.76189,35,57377.14284,11,13712.38095,3,13712.38095,3,0.0,0,否,否,是,否,否,否,0,否,否,否,否,否,0,否,否,否,"1. 家庭關係
    1) 客戶有兩個兒子，其中一位兒子從事香水和洗髮精等產品的銷售，並經常幫忙購買生活用品如洗髮乳、沐浴乳和衛生紙。
    2) 客戶的家中有小朋友，年紀在國小階段。
    3) 客戶的老公對她購買過多保健食品感到不滿。

2. 健康狀況
    1) 客戶快八十歲，身體狀況良好，沒有三高，血壓正常，排便情況正常，有時一天排便兩次。
    2) 客戶代謝不佳，但健康狀況尚可，並且每年進行健康檢查。
    3) 客戶目前感冒中，正在淡斑，並表示沒有時間進行醫美的皮秒療程。

3. 職業背景
    1) 客戶目前仍在上班，表示可以動就會繼續工作，並且工作安排較為忙碌。
    2) 客戶會參與志工活動和上課，將時間安排得很充實。

4. 健康食品使用心得
    1) 客戶曾購買過多種保健食品，包括第一代幹細胞產品、玻尿酸飲品、雙玻尿酸雙膠原蛋白產品、益生菌、葉黃素、萬壽元保健品、燕窩和逆齡安瓶等，但大多數尚未使用完。
    2) 客戶目前主要食用B群和葉黃素，並與先生一起食用剛購買的B群。
    3) 客戶每天服用一顆萬壽元保健品，並表示不需要食用幹細胞產品。
    4) 客戶家中已有大量保健食品和保養品，且表示平時不需要再購買或食用更多。

5. 禁忌
    1) 客戶不希望吃烤肉，認為不健康。
    2) 客戶對購買過多的保健食品持保留態度，並表示目前不需要購買任何東西。",1
24214437,女,65.0,基隆市中山區,D+,雙魚座,7869,否,否,否,否,否,是,是,否,169295.42858,103,39364.76190999999,24,13842.85714,8,2828.57143,1,0.0,0,10430.47619,3,2828.57143,1,2828.57143,1,2828.57143,1,0.0,0,否,否,是,否,否,否,0,否,否,否,否,否,0,否,否,否,"1. 家庭關係
    1) 未提及具體家庭成員或關係。

2. 健康狀況
    1) 客戶年齡為65歲，健康狀況未提及具體問題。

3. 職業背景
    1) 客戶自己開店，可能從事零售或相關行業。

4. 健康食品使用心得
    1) 客戶提到葉黃素還有很多，之前購買的還沒吃完，尚未開始食用上半年購買的蜂膠葉黃素。
    2) 客戶曾購買和力他命，並在日本購買過相關產品。
    3) 客戶之前有購買過膠原蛋白口服產品，並喝過台鹽的膠原蛋白水，但已經很久沒喝。
    4) 客戶曾購買過PPLS產品，可能是從東森或其他平台購買。
    5) 客戶固定在Costco購買商品。

5. 禁忌
    1) 客戶目前很忙，沒有空閒時間，需抽空查看相關資訊。
    2) 客戶表示目前人在外面，講電話較不方便。
    3) 客戶計劃下週外出旅行。
    4) 客戶因自己開店，不需要購買防曬乳。",1
24215605,女,70.0,桃園市新屋區,C,射手座,7869,否,否,是,否,否,是,是,否,524793.23811,167,138213.33336000002,34,52008.57144,11,46238.09525,8,0.0,0,311619.04765,58,107093.33337000002,16,40542.85716,6,40542.85716,6,0.0,0,否,否,是,否,否,否,0,否,否,否,否,否,0,是,否,否,"1. 家庭關係
    1) 客戶與家人共同使用健康食品，包括固肝產品和牛樟芝。
    2) 客戶與家人共有兩人長期服用牛樟芝。

2. 健康狀況
    1) 客戶年紀69歲，提到年紀大了，眼睛有問題，可能會畏光，並將葉黃素視為保養選項，但未明確表示是否購買。
    2) 客戶平常有熬夜習慣，並使用固肝產品來保養。

3. 職業背景
    1) 未提及具體職業背景。

4. 健康食品使用心得
    1) 客戶曾在東森購物台購買牛樟芝產品，並多次提到使用牛樟芝保健食品，表示每天早上服用一顆，且目前庫存充足。
    2) 客戶一天服用兩顆固肝產品，並與家人一起使用。
    3) 客戶幾乎每天都吃黑米，作為日常飲食的一部分。

5. 禁忌
    1) 客戶不需要幹細胞相關產品。
    2) 客戶不想購買面膜產品。
    3) 客戶表示未聽過SKII或相關產品。",1
24217560,女,57.0,屏東縣竹田鄉,D,雙魚座,7868,否,否,否,是,否,是,是,否,85529.42853000002,69,29064.761879999995,23,6830.47618,6,0.0,0,951.42857,1,13261.90475,14,11026.66665,11,5227.6190400000005,5,0.0,0,951.42857,1,否,否,是,否,否,否,0,否,否,否,否,否,0,否,否,否,,1
24218416,女,67.0,新北市新店區,B,天秤座,7867,否,否,是,是,否,是,是,否,4605073.71424,1410,995509.52394,362,356260.00000999984,122,75130.4762,15,35745.7143,16,1364642.85717,253,435520.00003999984,94,134734.28571,29,66075.2381,10,26457.14286,9,否,否,是,否,否,否,0,否,否,是,否,否,0,是,否,否,"1. 家庭關係
    1) 客戶有一位兒子，職業是工程師，工作忙碌且壓力大，偶爾會吃保健食品。
    2) 客戶的先生已退休，目前只幫朋友做一些輕鬆的工作，患有糖尿病和高血壓，喜歡甜食但需控制飲食。
    3) 客戶的父親90多歲，健康狀況不佳，行動不便，曾接受白內障手術，記憶力和反應較慢，可能有小中風，腦部有小血塊。
    4) 客戶的婆婆88歲，健康狀況不佳，血壓高且行動不便，但最近出院後恢復良好。
    5) 客戶的家庭成員中有妹妹在棉被工廠工作，提供家中棉被；大姐和大哥會購買魚油給父親食用。

2. 健康狀況
    1) 客戶有糖尿病和高血壓，需注意糖分攝取，血壓目前正常，膽固醇水平約200。
    2) 客戶的先生糖化血色素偏高，曾參加糖尿病患者的營養課，不能吃苦瓜胜肽和干貝。
    3) 客戶的兒子有膽結石，吃某些食物會拉肚子。
    4) 客戶最近感冒持續未好，並傳染給大兒子，導致其咳嗽。
    5) 客戶的父親有攝護腺問題，眼睛不好且吞咽困難，行動不便。

3. 職業背景
    1) 客戶曾在拉鏈工廠工作，對拉鏈問題有經驗。
    2) 客戶的兒子是工程師，工作忙碌且壓力大。

4. 健康食品使用心得
    1) 客戶和家人有食用保健食品的習慣，但對保健品效果持謹慎態度，認為不應該吃太多，應以自然食物為主。
    2) 客戶和家人曾購買並食用多種保健品，包括葉黃素、玻尿酸、牛樟芝、益生菌、蚓激酶、燕窩等，對部分產品如安利益生菌、牛樟芝、燕窩等有正面評價。
    3) 客戶的兒子每天服用益生菌、葉黃素、納豆、蚓激酶等保健品，效果不錯。
    4) 客戶對葡萄王、正官庄、華陀等品牌的產品有正面評價，對自然美的產品有興趣。
    5) 客戶對某些保健品如苦瓜胜肽、蚓激酶等效果不滿意，對萬壽元產品感到擔心，暫時不食用。
    6) 客戶家中有大量保健品未使用，價值數萬元，計劃用完現有存貨後再考慮購買。

5. 禁忌
    1) 客戶不喜歡油膩感的保養品、含糖分高的食品、蜂蜜味產品、黑棗精等。
    2) 客戶不敢吃生魚片，但可以吃其他類型的魚，並會去頭去尾以確保清潔。
    3) 客戶的家人對某些保健品如苦瓜胜肽、華陀益生菌等有不良反應，並不再食用。
    4) 客戶的先生和兒子不喜歡吃干貝，家人不吃鰻魚，客戶和孩子不敢吃鱸魚湯。
    5) 客戶不喜歡調味重的食物，對日本醬油和萬壽元產品持保留態度。",1
24220685,女,55.0,桃園市中壢區,C,摩羯座,7866,否,否,否,否,否,否,是,否,360708.71427,63,87290.47618999999,11,36641.904760000005,7,36641.904760000005,7,0.0,0,295168.57141,25,87290.47619,11,36641.904760000005,7,36641.904760000005,7,0.0,0,否,否,否,否,否,否,1,否,否,否,否,否,0,否,否,否,"1. 家庭關係
    1) 客戶提到她的大兒子有氣喘，並且有在服用褐藻糖膠。

2. 健康狀況
    1) 客戶表示她每天都有上廁所的習慣。
    2) 客戶提到她的飲食中有補充蛋白質，包括雞蛋、豆製品、魚和肉。

3. 職業背景
    1) 無相關資訊。

4. 健康食品使用心得
    1) 客戶有在服用褐藻糖膠，且每天早上固定服用兩顆，並詢問其是否具有提升免疫力的效果。
    2) 客戶選擇購買高單位的B群，並詢問服用方式，可能在白天或睡前服用。
    3) 客戶提到之前有購買過褐藻糖膠產品，並選擇分三期付款購買，且選擇鱸魚精萃作為贈品。
    4) 客戶提到益生菌的外觀有點黃橘色，並表示最近很少看到液態的益生菌。
    5) 客戶提到產品的膠囊類似魚油那種膠囊，並詢問產品如何保存。

5. 禁忌
    1) 客戶表示她沒有服用幹細胞相關產品，但提到以前聽過幹細胞產品，並曾購買過第一代產品。
    2) 客戶表示目前不需要粒線體相關產品。
    3) 客戶提到她現在不需要玻尿酸產品。",1
24222313,男,87.0,新北市板橋區,D+,白羊座,7865,否,否,是,否,否,否,是,否,28705.71429,10,28705.71429,10,9428.57143,3,9428.57143,3,0.0,0,26820.0,9,26820.0,9,9428.57143,3,9428.57143,3,0.0,0,否,否,否,否,否,否,0,否,否,否,否,否,0,否,是,否,"1. 家庭關係
    1) 客戶提到她的老公覺得產品比較貴。
    2) 客戶表示她會交代管理員處理收貨事宜。

2. 健康狀況
    1) 客戶目前已80歲以上，最近四肢無力、肌肉減少，體重未增加，希望改善肌肉狀況。
    2) 客戶提到有夜尿頻尿問題，認為可能與攝護腺有輕微問題相關。
    3) 客戶表示上午有三次廁所。

3. 職業背景
    1) 未提及具體職業背景。

4. 健康食品使用心得
    1) 客戶曾在東森購物平台購買益生菌和攝護腺保養產品，但認為益生菌效果不佳；奇異果益生菌效果良好，使用約半年至一年。
    2) 客戶提到南瓜籲攝護腺保養產品有助於改善夜尿和頻尿問題，目前一天吃兩顆南瓜籽以加強改善效果，尚有三盒未吃完。
    3) 客戶提到她幾十年前就開始使用舒酸定牙膏，並持續使用至今。
    4) 客戶提到她以前有在吃人蔘，認為人蔘是好東西，但目前不需要購買人蔘產品。
    5) 客戶提到她目前正在食用葉黃素產品，並計劃吃完後再繼續食用同類產品；曾在東森購買葉黃素，但對產品標示有疑慮，認為標示不清楚且懷疑產品不乾淨。
    6) 客戶提到她收到的葉黃素產品上標示為日文，並表示不敢食用無患子成分的產品。

5. 禁忌
    1) 客戶表示不需要亞培安素。
    2) 客戶表示不敢食用含無患子成分的產品。",1
24243761,女,78.0,基隆市安樂區,D+,水瓶座,7855,否,否,是,否,否,是,是,否,277194.5714,159,47705.71426,26,13017.14284,5,9788.57142,2,0.0,0,20252.38094,7,8538.095229999999,3,7123.80952,1,7123.80952,1,0.0,0,否,否,否,否,否,否,0,否,否,否,否,是,0,否,否,否,"1. 家庭關係
    1) 客戶有一個小孩，平常白天不在家，因為去工作了。
    2) 客戶曾與女兒一起參加旅行團去過克羅地亞。

2. 健康狀況
    1) 客戶最近的骨質密度檢查結果為負2.1。
    2) 客戶表示不需要補充鈣質產品。

3. 職業背景
    1) 客戶目前已77歲，未提及具體職業。
    2) 客戶平常會去上課，有時候在家，有時候去上課。

4. 健康食品使用心得
    1) 客戶早上已經吃過氨基酸。
    2) 客戶沒有在吃魚油、磷蝦油或魚肝油。

5. 禁忌
    1) 客戶未提及具體禁忌。",1
24246059,女,60.0,彰化縣線西鄉,D,天秤座,7854,否,否,是,否,否,是,是,否,395668.3809400001,233,41852.38096000001,22,9321.90477,5,2838.09524,1,6046.6666700000005,3,10722.85714,9,899.04762,2,437.14286,1,0.0,0,0.0,0,否,否,否,否,否,否,0,否,否,否,否,否,0,否,否,否,"1. 家庭關係
    1) 客戶家裡人很少，只有她和老公兩個人。
    2) 客戶的女兒有購買保健食品（如鈣片、六合一一秒）寄回來給她，並且女兒有在賣葉黃素。

2. 健康狀況
    1) 客戶目前沒有血糖和血壓的問題。
    2) 客戶認為營養品過多會導致過量，因此對保健食品的使用較為謹慎。

3. 職業背景
    1) 客戶目前在台中工作，白天在公司上班，並且經常需要加班。
    2) 客戶提到她現在在工作，沒有時間聊天。

4. 健康食品使用心得
    1) 客戶平常一天吃一顆挺立鈣，之前也購買過挺立鈣和B群。
    2) 客戶目前還有膠原蛋白，但其他保健品都沒有。
    3) 客戶提到她之前購買的保健食品還沒吃完，認為目前不需要再購買新的產品。

5. 禁忌
    1) 客戶表示她是個人使用保健食品，不需要多訂。
    2) 客戶提到目前不需要聯絡，若有需要會主動聯繫專員。",1
24248412,女,80.0,苗栗縣竹南鎮,D+,天秤座,7853,是,否,否,否,否,是,是,否,168032.76189999998,70,21772.380940000003,7,19316.19047,4,16935.23809,2,1028.57143,1,78463.8095,20,19391.42856,5,16935.23809,2,16935.23809,2,0.0,0,否,否,是,否,否,否,0,否,否,否,否,否,0,否,否,否,"1. 家庭關係
    1) 客戶目前獨居，住在台北的透天房，並表示不想依靠子女，認為應該自己照顧好自己的身體。
    2) 客戶的子女已在台北有房子居住，生活安定，且經常為她購買保養品和保健品。
    3) 客戶提到女兒會購買臉部保養品，包含歐舒丹和其他品牌的產品，並從德國帶回精油。
    4) 客戶提到家族即將去宜蘭旅行三天，之後她計劃去日本旅行。

2. 健康狀況
    1) 客戶年紀已達80歲，提到年紀大了，腸道蠕動變慢，代謝變差。
    2) 客戶提到臉部皮膚乾燥，使用多種產品後仍感覺乾燥。
    3) 客戶表示益生菌對改善便秘和腸道健康有幫助，並持續服用益生菌已有六七年。
    4) 客戶提到幹細胞產品幫助她提升免疫力，減緩慢性病的發生。

3. 職業背景
    1) 客戶提到她之前的職業是老師。

4. 健康食品使用心得
    1) 客戶長期服用幹細胞產品，每天兩顆，一罐可吃一個月，並表示幹細胞產品對免疫力提升和減緩慢性病有幫助。
    2) 客戶購買幹細胞產品時會趁特價一次購買多份，並已服用多年，不想更換品牌。
    3) 客戶每天早上起床後會吃一顆益生菌，認為效果很好，特別是對改善便秘和腸道健康有幫助。
    4) 客戶曾購買過葉黃素和益生菌，並詢問過益生菌的價格、有效期間及使用方式。
    5) 客戶提到家中有很多保健品，包括德國進口的產品，但目前尚未使用完，因此不打算購買新的產品。

5. 禁忌
    1) 客戶表示不想購買華陀的養生產品。
    2) 客戶提到直銷的益生菌產品太貴，因此不從直銷購買。
    3) 客戶表示目前不需要購買保健品，因為家中已有足夠的存貨，且子女會幫她購買。",1
24269079,女,77.0,台北市內湖區,A,天秤座,7844,否,是,是,是,否,是,是,否,368950.66664,22,331093.3333099999,16,262994.2857,10,259032.38094,8,2838.09524,1,359379.04759000003,16,331093.33331,13,262994.2857,10,259032.38094,8,2838.09524,1,否,否,是,否,否,否,1,否,否,否,否,否,0,否,是,否,"1. 家庭關係
    1) 客戶有一位兒子，兒子會帶她出去玩，並負責購買保健品。
    2) 客戶的妹妹住在林口，會幫忙安排按摩，部分保健品由妹妹從澳洲提供。
    3) 客戶一家四口會一起前往林口，兒子會開車載她去林口長庚。
    4) 客戶最近曾與妹妹和兒子一起出國旅遊。

2. 健康狀況
    1) 客戶年齡76歲，沒有三高，但有膽固醇問題。
    2) 客戶曾被誤診為油不膩性肝炎，後來證實是烏龍。
    3) 客戶有便秘問題，需使用軟便劑。
    4) 客戶擔心掉頭髮，因此不再打疫苗。
    5) 客戶感覺自己變胖了，認為是吃電鍋料理導致的。
    6) 客戶早上五點多起床，中午不睡覺，晚上七八點休息。
    7) 客戶每週六固定進行按摩。

3. 職業背景
    1) 客戶目前已退休，晚上不上班，會看電視或使用平板觀看節目。
    2) 客戶平時主要以搭乘捷運出行。

4. 健康食品使用心得
    1) 客戶每天服用粒線體、葉黃素、褐藻、綠蜂膠和蜂王乳等保健品。
    2) 客戶每天飲用一瓶鱸魚精，但覺得喝了後好像更胖了。
    3) 客戶有在吃堅果類食物，對開心果、腰果和綜合堅果有興趣。
    4) 客戶家中有安利產品、朋友送的保健品及未使用完的面膜。
    5) 客戶提到使用褐藻糖膠，最近有吃一顆。

5. 禁忌
    1) 客戶不吃人蔘，包括泡的或其他形式。
    2) 客戶不習慣使用抹臉的保養品或化妝品。
    3) 客戶不吃晚餐，這個習慣已持續二十多年。
    4) 客戶認為家中物品過多，不需要額外的物品或抵用券。",1
24272491,女,62.0,桃園市龍潭區,D+,獅子座,7843,否,否,否,是,否,是,是,否,241806.95241,98,36963.80952999999,8,33364.76191,6,30259.04763,3,1219.04762,1,97134.28573,8,31020.00001,4,30259.04763,3,30259.04763,3,0.0,0,否,否,是,否,否,否,0,否,否,否,否,否,0,否,否,否,"1. 家庭關係
    1) 客戶目前與婆婆同住，婆婆年齡88歲，由客戶負責照顧，婆婆健康狀況良好，能自行煮飯，但有高血壓和尿酸問題，曾因跌倒接受骨科治療。
    2) 客戶有三個小孩，其中兒子是職業軍人，不常在家，女兒曾在坐月子期間使用龜鹿精，並提供日本進口營養品給外孫，每週寄送。
    3) 客戶家中有一位十二歲的小朋友，身高約130公分。
    4) 客戶提到先生薪水不高，兒子曾在韓國購買六年人蔘，並幫她購買大量保健食品。

2. 健康狀況
    1) 客戶有甲狀腺亢進，已服藥控制40多年，並有靜脈曲張但不感到疼痛。
    2) 客戶曾因巧克力囊腫開刀，目前已停經，但肚子仍感到不適，並有子宮壓迫下垂的情況。
    3) 客戶有坐骨神經問題，曾出現心跳加速至113次的情況。
    4) 客戶不服用幫助睡眠的藥物，改用中藥調理身體，感冒時不吃西藥。
    5) 客戶每天曬太陽但不使用防曬產品，夏天喝很多水。

3. 職業背景
    1) 客戶曾是廚師，月薪四五萬，但因照顧婆婆放棄工作，目前沒有上班，主要在家。
    2) 客戶家人曾做生意，自己也從事相關工作，工作時間不固定且較忙碌。

4. 健康食品使用心得
    1) 客戶家中使用B群保健食品，效果不錯，並曾購買鴕鳥精保健品（12盒）及華陀鴕鳥龜鹿精。
    2) 客戶曾使用白蘭氏保健食品，認為方便使用，並改吃安利鈣片，已服用半個月。
    3) 客戶曾購買鱈魚肝油但尚未吃完，並提到自己可能亂吃保健食品，包括魚油。
    4) 客戶注重婦科保養，認為補充天然膠原蛋白有助健康，並已開始服用補骨胜肽。
    5) 客戶表示婆婆可能需要補充營養品以改善健康狀況。

5. 禁忌
    1) 客戶曾停掉某些產品因感到不舒服，目前完全不使用保養品及洗面乳。
    2) 客戶不使用防曬產品，並提到感冒時不吃西藥。",1
24273141,女,54.0,苗栗縣頭份市,C,水瓶座,7842,否,否,是,否,否,否,是,否,77469.5238,23,58973.33333000001,13,11374.28571,3,11374.28571,3,0.0,0,53297.14285,11,53297.14285,11,11374.28571,3,11374.28571,3,0.0,0,否,否,是,否,否,否,0,否,否,否,否,否,0,否,否,否,"1. 家庭關係
    1) 客戶與先生感情融洽，經常一起服用健康食品如葉黃素和益生菌。
    2) 客戶家中沒有小朋友，與母親和父親保持聯繫，並關心他們的健康。
    3) 客戶的母親有血小板問題和膝蓋疼痛，父親則有高血壓和血小板過高的健康問題。
    4) 假日家人會聚在一起，並會提前慶祝母親節等節日。

2. 健康狀況
    1) 客戶有長期便秘問題，從年輕時就有壓力型便秘，且因工作長時間站立無法養成良好的排便習慣。
    2) 客戶的老公偶爾有胃食道逆流的情況。
    3) 客戶認為自己年紀大了，有退休的打算。

3. 職業背景
    1) 客戶目前從事家具門市業務，工作時間為上午11點半到晚上9點半，假日更為忙碌。
    2) 客戶曾提到自己有退休的計劃，想要休息。

4. 健康食品使用心得
    1) 客戶與先生每天服用一顆葉黃素，並且早上服用；家中還有其他葉黃素產品，暫無購買計劃。
    2) 客戶與先生一起服用益生菌，客戶每天服用一包，並表示效果良好，喜歡粉狀益生菌。
    3) 客戶有購買過多個品牌的益生菌，家中目前還有存貨，並考慮購買更多。
    4) 客戶有使用珍珠鹿角鈣，但不是每天服用，偶爾會忘記。
    5) 客戶有使用膠原蛋白產品，並曾購買過龜鹿產品，但覺得食用麻煩。
    6) 客戶對於六盒益生菌的優惠價格感到滿意，考慮購買兩組。
    7) 客戶對頂級產品感到滿意，但認為部分產品價格過高。

5. 禁忌
    1) 客戶的母親有血小板問題，需服用藥物控制，客戶考慮購買粒線體保健品給母親使用。
    2) 客戶詢問鴕鳥龜鹿精是否需要冷藏保存，若需要冷藏則無法帶去公司。",1
24291072,男,68.0,新北市三重區,D+,獅子座,7834,否,否,是,否,否,否,是,否,105778.33332,34,7342.85714,3,2828.57143,1,2828.57143,1,0.0,0,2828.57143,1,2828.57143,1,2828.57143,1,2828.57143,1,0.0,0,否,否,是,否,否,否,0,否,否,否,否,否,0,否,否,否,,1
24299179,女,54.0,桃園市中壢區,A,雙魚座,7830,否,否,是,是,否,是,是,否,458560.00003000005,196,201947.61914,84,63579.04761999999,5,29521.90476,3,5676.19048,1,221082.85715,25,103654.28571,9,63579.04762,5,29521.90476,3,5676.19048,1,否,否,是,否,否,否,0,否,否,否,否,否,0,否,否,否,"1. 家庭關係
    1) 客戶的先生很忙，家人有購買益生菌和視力益生菌，家人會訂大飯店的年菜。
    2) 客戶的婆婆不喜歡顆粒狀保健品，因此選擇方便使用的液態保健品。
    3) 客戶的兒子目前在南部讀書，學費和住宿費負擔較重。
    4) 客戶提到家人在記帳，而她負責顧家。

2. 健康狀況
    1) 客戶提到作息不規律，工作時間長，平時很忙，且中午休息時間短。
    2) 客戶提到家中有使用中藥材偶爾煮來喝以顧肝。
    3) 客戶提到家中還有未吃完的腎臟相關保健食品和骨頭關節保健食品。

3. 職業背景
    1) 客戶是一名政府人員，每週工作六天，只有一天休息。
    2) 客戶每天早上六點多出門，晚上六點多回家，工作時間很長。
    3) 客戶因工作無法帶電話，通常六七點後下班，禮拜天會去教會。

4. 健康食品使用心得
    1) 客戶曾購買並使用葉黃素、類似合利他命F的B群、魚油、益生菌、骨頭關節保健品、口服玻尿酸安瓶、台鹽黃金緊膚霜、台酒青春露、華陀漢方益生菌、鴕鳥精、高麗蔘產品等。
    2) 客戶喜歡華陀品牌的乳液產品，並覺得再生安瓶不錯。
    3) 客戶提到黃金土龍是自己和長輩都有在食用，並且福袋裡的果膠可以用無糖豆漿或無糖紅茶當代餐。
    4) 客戶提到葉黃素是給家人吃的，自己沒有在吃，且家中還有多種保健食品未消耗完。
    5) 客戶表示喜歡一體的保健食品，並退貨過一款含120粒的小顆粒產品，因為使用不方便。

5. 禁忌
    1) 客戶提到不能吃某些東西，可能需要用其他方式替代。
    2) 客戶對幹細胞產品和其他保健品沒有興趣。",1
24303759,男,67.0,嘉義縣中埔鄉,Z,獅子座,7828,否,否,否,否,否,否,是,否,87631.47617000001,46,9822.85714,8,1989.52381,2,570.47619,1,0.0,0,9302.90476,5,570.47619,1,570.47619,1,570.47619,1,0.0,0,否,否,否,否,否,否,0,否,否,否,否,否,0,否,否,否,,1
24308580,女,74.0,台南市南區,D+,白羊座,7826,否,否,否,否,否,否,是,否,31055.14285,16,18964.76191,9,5657.14286,1,5657.14286,1,0.0,0,8485.71429,2,8485.71429,2,5657.14286,1,5657.14286,1,0.0,0,否,否,否,否,否,否,0,否,否,否,否,否,0,否,否,否,,1
24314247,女,63.0,新北市三重區,D,處女座,7824,否,否,否,否,否,否,是,否,83344.38098000002,40,16255.23811,7,12311.42858,4,10937.14286,2,0.0,0,10436.19048,3,10436.19048,3,9865.71429,2,9428.57143,1,0.0,0,否,否,否,否,否,否,0,否,否,否,否,否,0,否,否,否,"1. 家庭關係
    1) 客戶的先生有健康問題，包括青光眼和三高，且醫生建議不能進行手術治療。
    2) 客戶的兒子有購買保健食品給她服用。
    3) 客戶有購買商品給兒子和女兒使用。
    4) 客戶表示將捐贈物品至東森慈善基金會，幫助偏鄉小朋友提供營養午餐。

2. 健康狀況
    1) 客戶的先生身體不好，患有青光眼和三高問題。
    2) 客戶表示自己沒有血糖問題。
    3) 客戶提到使用某產品後傷口癒合速度較快。

3. 職業背景
    1) 客戶目前正在忙，未提及具體職業。

4. 健康食品使用心得
    1) 客戶曾購買娘家品牌的大紅麴，但認為價格昂貴。
    2) 客戶有繼續服用苦瓜胜肽。
    3) 客戶提到她有葉黃素，並購買葉黃素給先生服用。
    4) 客戶自己在服用蚓激酶產品，並非與先生一起服用。
    5) 客戶對蚓激酶產品的使用未明確表態，但有提到自己在服用。

5. 禁忌
    1) 客戶的先生因青光眼問題，醫生建議不能進行手術治療。
    2) 客戶未提及其他明確的禁忌。",1
24317049,女,60.0,桃園市大溪區,D,巨蟹座,7822,否,否,否,否,否,否,否,否,99539.04763,27,1521.90476,2,760.95238,1,0.0,0,0.0,0,66397.14286,11,1521.90476,2,760.95238,1,0.0,0,0.0,0,否,否,否,否,否,否,1,否,否,否,否,否,0,否,否,否,"1. 家庭關係
    1) 客戶是一位家庭主婦。
    2) 客戶已經退休，年齡為六十歲。

2. 健康狀況
    1) 客戶目前沒有在使用任何保健品或保養品。
    2) 客戶吃素。

3. 職業背景
    1) 客戶已經退休，過去的職業背景未提及。

4. 健康食品使用心得
    1) 客戶目前有在食用粉狀的益生菌。
    2) 客戶對益生菌和葉黃素沒有興趣。

5. 禁忌
    1) 客戶吃素，可能對非素食產品有禁忌。",1
24317853,男,74.0,苗栗縣後龍鎮,C,射手座,7822,是,否,是,是,否,是,是,否,1411082.76197,528,231453.33342000004,133,68472.38096000001,40,42779.04762,24,14733.33334,8,1356430.47626,491,203324.76198000007,116,56711.42858000001,33,33400.0,19,13675.2381,7,否,否,否,否,否,否,0,否,否,否,否,否,0,否,否,否,"1. 家庭關係
    1) 客戶提到她的媽媽自己在拜拜。
    2) 客戶提到她的女兒和媳婦，但未明確說明具體內容。
    3) 客戶提到她的孩子目前國小三年級。
    4) 客戶提到她的老公。
    5) 客戶提到她的兒子有打電話給她。
    6) 客戶提到家裡有狗狗。

2. 健康狀況
    1) 客戶提到自己有高血壓，血壓通常在一百二到一百三之間，並每天服用一粒血壓藥。
    2) 客戶表示腎臟不好，腎功能衰竭，腎臟指數每年下滑，並提到高血壓可能對腎臟有影響。
    3) 客戶提到自己曾經小中風，並認為家族遺傳可能是原因之一。
    4) 客戶提到甲狀腺分泌問題。
    5) 客戶提到自己有高血脂問題。
    6) 客戶提到白內障相關資訊。
    7) 客戶提到她的心理壓力在手術前會增加。
    8) 客戶提到自己不吃牛肉，因為味道腥且不喜歡。
    9) 客戶提到她不喝酒且已戒菸。
    10) 客戶提到莓果類過敏會讓她感到不舒服。
    11) 客戶提到腸胃道需要好菌，並提到益生菌的使用。
    12) 客戶提到運動方式是快走，並表示快走能集中裂心跳加速。

3. 職業背景
    1) 客戶提到她以前曾在貨運行工作，並且熟悉大型車的操作。
    2) 客戶表示她自己開車，並且熟悉開車的數據和操作。
    3) 客戶提到她住在工業區，交通方便，包括快速導入和高速公路。

4. 健康食品使用心得
    1) 客戶每天都有吃妍美会保健食品，一天吃一顆，並提到妍美会益康b和葉黃素產品。
    2) 客戶提到她喝烏龍茶和養生茶，認為養生茶有提升免疫力的效果。
    3) 客戶提到使用過魚油、南瓜籽油、膠原蛋白產品（使用六年）、B群補充品、維生素DA、好菌、黑木耳、溶血融素等健康食品。
    4) 客戶提到她的購買偏好是純植物產品。
    5) 客戶提到葡萄王、自然美、美樂家、華陀扶元堂等品牌，並提到華陀的枸杞產品有穩定血糖血壓的功效。
    6) 客戶提到她有使用過挺立鈣產品和攝護腺保養相關產品。
    7) 客戶提到她有吃過葉黃素，但認為效果不怎麼樣。

5. 禁忌
    1) 客戶提到她不吃牛肉，因為味道腥且不喜歡。
    2) 客戶表示糖分產品太甜了。
    3) 客戶提到溫水可以使用，但熱水不適合。
    4) 客戶提到莓果類過敏會讓她感到不舒服。
    5) 客戶提到她不喝酒且已戒菸。",1
24318093,女,69.0,嘉義市,D,雙魚座,7822,否,否,是,否,否,是,是,否,46567.52379,31,37331.42855,24,6918.09523,6,1046.66667,1,3600.0,2,19980.0,4,19980.0,4,3600.0,2,0.0,0,3600.0,2,否,否,否,否,否,否,0,否,否,否,否,是,0,否,否,否,,1
24325783,女,63.0,屏東縣屏東市,Z,天秤座,7819,否,否,否,否,否,是,是,否,294619.99995,192,54329.52382000002,33,22375.2381,14,2838.09524,1,0.0,0,3038.09524,2,2085.71429,1,2085.71429,1,0.0,0,0.0,0,否,否,是,否,否,否,0,否,否,否,否,否,0,否,否,否,"1. 家庭關係
    1) 無相關資訊提供。

2. 健康狀況
    1) 無相關資訊提供。

3. 職業背景
    1) 無相關資訊提供。

4. 健康食品使用心得
    1) 無相關資訊提供。

5. 禁忌
    1) 無相關資訊提供。",1
24335497,男,60.0,台北市松山區,C,白羊座,7815,否,否,否,否,否,否,是,否,164420.66667,25,12434.28572,5,8485.71429,2,8485.71429,2,0.0,0,19860.0,5,8485.71429,2,8485.71429,2,8485.71429,2,0.0,0,否,否,否,否,否,否,0,否,否,否,否,否,0,否,否,否,,1
24338135,女,51.0,雲林縣口湖鄉,C,金牛座,7814,否,否,是,否,否,是,是,否,211323.0,137,75166.66667000011,71,19252.381,27,9890.47625,15,0.0,0,87909.52379999998,72,67377.14285000006,65,18223.80957,26,9890.47625,15,0.0,0,否,否,否,否,否,否,0,否,否,否,否,否,0,否,否,否,"1. 家庭關係
    1) 客戶有一位女兒，女兒曾幫她購買乳液，並在她坐月子時由母親幫忙照顧。
    2) 客戶有一位兒子，曾因靜脈瘤住院，目前可能即將出院，兒子有時會食用保健食品。
    3) 客戶提到部分商品是要送給朋友或給女兒使用，並曾使用朋友的電話作為收件人。

2. 健康狀況
    1) 客戶有三高問題（高血壓、高血脂、高血糖），需要控制三高，並提到轉氨酶高。
    2) 客戶患有冠心病，曾接受癌症化療，並有偏頭痛問題。
    3) 客戶目前體重四十幾公斤，表示希望調理身體以保持更好的體態。
    4) 客戶提到高血壓，並表示不能食用人蔘。

3. 職業背景
    1) 客戶目前居住在台灣，未提及具體職業背景。

4. 健康食品使用心得
    1) 客戶每天使用益生菌粉包，對益生菌有興趣，認為其有助於改善體脂肪和新陳代謝，但對益生菌價格不滿意。
    2) 客戶對三多品牌的高蛋白產品感興趣，並曾購買過膠原蛋白、B群、葉黃素、雙纖產品、紅色膠囊藍色盒子的益生菌等健康食品。
    3) 客戶曾使用由植物蘆薈提煉的天然產品，已使用半年，並曾使用賀寶芙產品來調理身體。
    4) 客戶提到曾購買減肥果凍條，剛開始有效，但後來效果不明顯，目前不想購買減肥代謝相關產品。
    5) 客戶曾購買關節潤滑飲品，但尚未使用，並提到兒子食用過某款益生菌後感覺有效。

5. 禁忌
    1) 客戶有高血壓，不能食用人蔘。
    2) 客戶很少吃甜的東西，並不想購買飲水機，認為不符合需求。",1
24347350,女,58.0,苗栗縣造橋鄉,Z,天秤座,7809,否,否,否,否,否,是,否,否,83944.04759,43,25560.952379999995,6,10361.90476,3,0.0,0,10361.90476,3,2266.66667,1,2266.66667,1,2266.66667,1,0.0,0,2266.66667,1,否,否,否,否,否,否,0,否,否,否,否,否,0,否,否,否,,1
24349350,女,61.0,嘉義縣民雄鄉,D+,巨蟹座,7808,否,否,否,否,否,是,是,否,94773.38095,51,12587.61904,6,12587.61904,6,6170.476189999999,2,3969.52381,2,7018.095240000001,3,6075.2381000000005,2,6075.2381000000005,2,3808.57143,1,2266.66667,1,否,否,是,否,否,否,0,否,否,否,否,否,0,否,否,否,,1
24354743,男,59.0,新北市泰山區,B,天秤座,7806,否,否,否,否,否,否,是,否,119571.619,56,54673.33333,13,39330.47618,9,37237.14284,7,0.0,0,55170.47618,11,51379.99999,10,37237.14284,7,37237.14284,7,0.0,0,否,否,是,否,否,否,0,否,否,否,否,否,0,否,否,否,"1. 家庭關係
    1) 客戶表示自己住在南部老家，目前居住在台南，管理員可以代收貨物。
    2) 客戶提到丈母娘八十歲，有便秘問題，且每天服用一顆葉黃素作為保養，並有服用西藥。
    3) 客戶提到太太有服用血壓和血糖藥，藥量為早上一顆，控制效果良好。
    4) 客戶提到阿姨每天服用一顆葉黃素。
    5) 客戶表示葉黃素可能會給家人使用。

2. 健康狀況
    1) 客戶表示自己曾接受白內障手術。
    2) 客戶提到自己和配偶都在服用血壓藥，且目前沒有服用三高藥物，但有服用其他西藥。
    3) 客戶平常有運動習慣，例如慢跑。
    4) 客戶擔心益生菌是否適合丈母娘的腸道狀況，以及益生菌與西藥是否會有衝突。

3. 職業背景
    1) 客戶提到平常在上班，白天可能比較沒有人在家。
    2) 客戶表示目前比較忙碌，較少空閒時間。

4. 健康食品使用心得
    1) 客戶曾購買並使用過葉黃素，主要針對眼睛保養，並表示效果不錯，且固定向東森購買葉黃素和魚油。
    2) 客戶提到曾購買十二盒葉黃素，並覺得效果不錯，但因忙碌未持續服用，物品放在台北未使用。
    3) 客戶表示葉黃素已開始使用，了解需要飯後服用一天一顆，並接受專員建議在晚上睡前服用以修復眼睛視神經。
    4) 客戶曾購買並使用過益生菌，包括日本仁丹和華陀漢方益生菌，但表示效果一般，並不需要益生菌產品。
    5) 客戶提到益生菌主要是給太太服用，並觀察她的狀況。
    6) 客戶表示如果魚油有效果，希望未來能以相同價格購買。

5. 禁忌
    1) 客戶擔心益生菌與丈母娘服用的西藥是否會有衝突。
    2) 客戶表示不需要益生菌產品。",1
24356845,男,60.0,高雄市鳳山區,D+,天蠍座,7805,否,否,是,否,否,否,是,否,88064.52380000001,31,25551.42856,4,24837.14285,3,24837.14285,3,0.0,0,45779.99999,9,24837.14285,3,24837.14285,3,24837.14285,3,0.0,0,否,否,否,否,否,否,0,否,否,否,否,否,0,否,否,否,,1
24371070,男,65.0,台東縣台東市,Z,摩羯座,7797,否,否,否,否,否,否,是,否,336809.0476800001,141,94269.52384999998,32,10189.52382,8,7352.38097,5,0.0,0,116817.14287,18,62256.190480000005,8,760.95238,1,0.0,0,0.0,0,否,否,是,否,否,否,0,否,否,否,否,否,0,否,否,否,"1. 家庭關係
    1) 客戶目前一個人居住。
    2) 客戶的兒子住在西部。
    3) 客戶提到家中有人在食用益生菌，並表示平常會和老婆一起購買益生菌。
    4) 客戶的老婆不允許他隨便購買產品。

2. 健康狀況
    1) 客戶曾食用葉黃素、大蒜精、男性保健品、心血管保健品、補骨雙擊等健康食品。
    2) 客戶提到每個人體質不同，對葉黃素的效果可能不一樣，並表示自己每天食用兩顆葉黃素，但效果不佳，且最近較少食用。
    3) 客戶目前沒有食用益生菌，並提到之前購買的保健品因過期而浪費未使用。

3. 職業背景
    1) 客戶目前仍在上班，工作內容繁忙。
    2) 客戶提到自己兩點以後就會退休。

4. 健康食品使用心得
    1) 客戶對葉黃素的效果不甚滿意，認為效果因人而異，並表示會先吃完剩餘的葉黃素。
    2) 客戶習慣使用以前的品牌大蒜精，並購買了東森大蒜精，對東森的商品排序表示滿意。
    3) 客戶曾購買過褐藻糖膠產品，包括沖繩和美國藥廠的產品，並提到某款褐藻糖膠的多醣體含量達80%以上，但因價格較高，目前已不再購買。
    4) 客戶曾購買過白蘭氏滴雞精和修復視神經的保健品，但因放置過久未使用。

5. 禁忌
    1) 客戶的老婆不允許他隨意購買產品。
    2) 客戶目前沒有足夠的資金支付，考慮使用分期付款方式購買產品。
    3) 客戶提到如果商品有問題或不合適，可以聯絡客服進行退貨或更換尺寸。",1
24384435,女,75.0,台北市大安區,C,射手座,7791,否,是,是,否,否,是,是,否,826585.99998,335,215482.85712999996,147,82910.47618,40,39094.28571,7,38164.76191,28,442447.61903000006,66,83556.19046000001,16,33688.57142,3,33688.57142,3,0.0,0,否,否,是,否,否,否,0,否,否,是,否,否,0,是,否,否,"1. 家庭關係
    1) 客戶曾購買健康勵益生菌給小孫子食用。

2. 健康狀況
    1) 客戶目前穿衣服的尺寸通常是XL以上。
    2) 客戶表示她現在吃得比較少，並且注重養生。
    3) 客戶有運動和跳舞的習慣，注重健康。

3. 職業背景
    1) 無相關資訊提及。

4. 健康食品使用心得
    1) 客戶曾購買並食用幹細胞產品，目前仍在使用，並認為幹細胞產品價格偏高，但仍決定訂購一組。
    2) 客戶提到她才剛買了一大堆益生菌，並且之前去日本也有購買相關產品，且有在持續食用益生菌。
    3) 客戶平常購買百種蔬果的保健食品，品牌為紅衣。
    4) 客戶目前有購買b群和第三的保健食品，並選擇購買兩份第三產品。
    5) 客戶曾購買活泉膠囊，但現在購買量減少，認為單價偏高。
    6) 客戶表示山蔘幹細胞逆齡霜具有除皺的功效。
    7) 客戶之前購買了自然美的防曬產品，並且目前正在使用自然美的產品。

5. 禁忌
    1) 無相關資訊提及。",1
24388498,女,68.0,台北市中正區,A,巨蟹座,7789,否,否,是,是,是,是,是,否,298131.95242000005,33,218355.23814000003,17,207765.71432,14,143232.38098,11,16952.38095,1,169803.80955999997,15,169803.80955999997,15,162070.47622,13,143232.38098,11,16952.38095,1,否,否,否,是,否,否,1,否,否,是,否,是,0,否,否,否,"1. 家庭關係
    1) 客戶的孩子已經搬出去住，且在國外不回來。
    2) 客戶曾因照顧母親感到疲累，導致三叉神經痛。

2. 健康狀況
    1) 客戶曾有三叉神經痛，但已痊癒。
    2) 客戶可能有胃潰瘍，需進一步檢查。
    3) 客戶每天早晚需要打針，並有固定門診，服用血脂藥物。
    4) 客戶不能吃人參及燥熱食物，也不吃甜食，包括蛋糕等。
    5) 客戶不能喝含糖飲品，並試著使用更大的杯子稀釋飲品甜度。
    6) 客戶中午吃飽飯後服用葉黃素，但曾因未使用而導致葉黃素過期。

3. 職業背景
    1) 客戶67歲，已超過65歲但仍在工作，擁有退休金及兩份薪水。
    2) 客戶表示這個年紀仍在上班的人很少，且以前是老師，與先生從事貿易工作。
    3) 客戶目前在上班，不方便長時間講電話。

4. 健康食品使用心得
    1) 客戶曾購買妍美会產品及美顏產品，但效果不佳。
    2) 客戶使用嬌蘭黑鑽系列保養品，效果很好，因此不考慮其他品牌。
    3) 客戶覺得某款霜不夠滋潤，使用後皮膚感覺乾燥。
    4) 客戶曾使用黑鑽膠囊產品，需一個月使用周期。
    5) 客戶家中有大量燕窩，直接從泰國購買，為乾燕窩且不含冰糖。

5. 禁忌
    1) 客戶不能吃人參及燥熱食物。
    2) 客戶不吃甜食，包括蛋糕等，且不能喝含糖飲品。
",1
24390506,女,70.0,新北市新店區,D,白羊座,7789,否,否,是,否,是,是,是,否,275544.66668,52,178937.14286,17,18728.57143,3,0.0,0,18728.57143,2,168046.66666000002,10,164275.23809,9,18728.57143,3,0.0,0,18728.57143,2,否,否,是,否,否,否,0,否,否,否,否,否,0,否,否,否,"1. 家庭關係
    1) 客戶有妹妹、兒子、女兒、孫子、婆婆和媽媽，家庭關係和睦。
    2) 客戶的兒子曾購買大量直銷產品，但感到後悔；女兒會幫她購買日用品。
    3) 客戶提到過年會去婆婆和媽媽家吃飯，兩人都住在台北，方便探訪。
    4) 客戶的孫子穿25號半的鞋子，兒子的鞋子尺寸約36或更大。

2. 健康狀況
    1) 客戶目前身體狀況良好，無三高問題，體重不到50公斤，且有運動習慣。
    2) 客戶每年進行健康檢查，結果顯示健康狀況良好。
    3) 客戶患有子宮癌，並提到醫院有提供疫苗服務。
    4) 客戶的肌膚屬於敏感性肌膚，對化妝品過敏，且不使用保養品或化妝品。
    5) 客戶很少喝水，補充水分不足。

3. 職業背景
    1) 客戶在醫院工作，每週值班三天。
    2) 客戶提到自己是江西人，曾在台灣居住數十年，目前一年有很多時間在大陸。
    3) 客戶加入東森已經20年，購買商品從未退貨。

4. 健康食品使用心得
    1) 客戶購買過多種保健食品，包括葉黃素、玻尿酸、粒線體產品、蜂王乳、深海魚油等，但多數未使用完，且認為效果不明顯。
    2) 客戶曾服用六罐幹細胞產品，但因無效果而停止使用；也曾參加華陀臺大幹細胞體驗活動，效果不明顯。
    3) 客戶每天服用粒線體產品，但未感受到效果，且常忘記搭配喝水。
    4) 客戶購買保健品主要是為了安慰自己，但並未頻繁使用。
    5) 客戶提到會嘗試每天飲用一支鱸魚湯。

5. 禁忌
    1) 客戶對膠囊類口服保健品非常拒絕。
    2) 客戶不使用化妝品和保養品，因為會過敏。
    3) 客戶不喜歡囤積保健品，認為存貨過多。",1
24417114,男,75.0,新北市新店區,C,白羊座,7776,否,否,是,否,是,否,是,否,104898.23808,31,66266.66666,15,28744.76189,7,24380.95238,2,0.0,0,65322.85714,14,65322.85713999999,14,27800.95237,6,24380.95238,2,0.0,0,否,否,否,否,否,否,0,否,否,否,否,否,0,否,是,否,"1. 家庭關係
    1) 客戶的老婆正在服用龜鹿膏，已吃過五罐。
    2) 客戶的孩子目前未住在家裡，過年才會回來，平時不住在一起。
    3) 客戶的兒子在經營理會相關業務，曾提供保健品給客戶食用。
    4) 客戶家中沒有保全，也無人可以代收貨物。

2. 健康狀況
    1) 客戶腰椎有健康問題，並且有椎間盤突出症狀，正在進行復健，每天進行相關活動。
    2) 客戶進行健康檢查，包括肺部、心臟、子宮、腸胃等項目，檢查結果良好，腎功能正常，無夜尿及攝護腺相關問題。
    3) 客戶曾因工作需要搬重物，可能導致髖關節不適。
    4) 客戶表示自己沒有糖尿病，但提到糖尿病患者不能隨便食用某些產品。

3. 職業背景
    1) 客戶目前仍在上班，退休金每月約兩至三萬元。
    2) 客戶曾因工作搬重物導致髖關節不適。

4. 健康食品使用心得
    1) 客戶固定服用好骨力產品，每天服用兩顆，未考慮更換其他產品。
    2) 客戶每天服用加倍訂，每次服用兩顆，已持續一個多月，但未感受到明顯效果。
    3) 客戶每天服用葉黃素，通常一天吃一顆，有時會吃到兩顆，品牌包括LS、二二艾捷和好潤等。
    4) 客戶有在服用益生菌作為保養品，曾提到三盒送六盒的促銷活動，並考慮是否更換益生菌或其他產品。
    5) 客戶曾使用過日本品牌的能量晶片產品，但忘記具體品牌名稱。
    6) 客戶有在服用魚油，醫生表示該魚油很好。
    7) 客戶曾購買華陀的高鼓勵產品，並交換著服用高鼓勵和樂行錠，目前還有很多尚未吃完。
    8) 客戶曾使用過理會的保健食品，但因價格太高已停用三個月。
    9) 客戶表示自己服用保健品的效果不明顯，未感受到明顯的體感改善。
    10) 客戶習慣服用膠囊形式的保健食品，但也考慮嘗試膏狀形式。

5. 禁忌
    1) 客戶表示糖尿病患者不能隨便食用某些產品。
    2) 客戶回答沒有使用燕窩或相關保健食品。",1
24420417,女,60.0,台南市白河區,Z,獅子座,7774,是,否,是,否,否,否,是,否,84570.28570000001,26,79313.33332,22,28856.19048,2,28856.19048,2,0.0,0,72201.90475,13,72201.90475,13,28856.19048,2,28856.19048,2,0.0,0,否,否,否,否,否,否,0,否,否,否,否,否,0,否,否,否,"1. 家庭關係
    1) 客戶有兩個女兒，一個住在台東，另一個住在高雄，並且有一個兒子。
    2) 客戶的女兒中有一位已婚，與丈夫一起生活，並有小孩及領養了兩隻寵物。
    3) 客戶的另一位女兒住在豐原，未婚，畢業後在當地一家機械相關公司工作，與公司老闆的兒子相識。
    4) 客戶的配偶因意外去世，留下兩個小孩。
    5) 客戶目前與大姐同住，住在台南市白河區。
    6) 客戶家中有養狗。

2. 健康狀況
    1) 客戶71歲，患有尿酸問題、急性腸胃炎、退化性關節炎、青光眼（需定期點眼藥水）、白內障，並提到尿蛋白含量高且注意尿液中的沉澱物。
    2) 客戶提到小孩最近常生病，自己昨天生病至今未好。

3. 職業背景
    1) 客戶未提及自身職業背景，但提到有在做公益。
    2) 客戶的女兒在豐原的機械相關公司工作，與公司老闆的兒子相識。

4. 健康食品使用心得
    1) 客戶曾補充益生菌，並提到每天早中晚會喝一支保健品，一天喝一到兩支。
    2) 客戶有兩盒針對肌耐力和骨密度的保健食品尚未吃完，並曾吃過兩個月的保健食品。
    3) 客戶昨天有吃一粒顧眼睛的葉黃素。

5. 禁忌
    1) 客戶提到身體狀況無法負荷某些保健食品。
    2) 客戶認為產品價格過高。",1
24424517,女,68.0,台北市南港區,A,雙子座,7772,否,否,是,否,否,是,是,否,1738939.9999000002,737,580844.7618199998,195,259085.71425,85,105860.95238999998,18,61228.57145,14,331518.09526,35,225282.85716,24,126315.23811,16,79103.80953,6,37447.61906,4,否,否,是,否,否,否,0,否,否,否,否,否,0,否,是,否,"1. 家庭關係
    1) 客戶有一個和睦的家庭，育有三個孩子，包括兩個女兒和一個兒子，兒子是最小的，目前30歲，曾就讀交大並考取研究所，現於寧波讀研究所。
    2) 客戶的先生在廣告公司工作，工作繁忙，經常早出晚歸。
    3) 客戶的女兒曾帶她去日本旅行，並建議她補充魚油，且提醒她不要在其他平台購物。
    4) 客戶家中有外勞協助照顧公公，兄弟姐妹共同分擔照顧責任，婆婆已過世。
    5) 客戶家人不吃她的保健食品，家人之間分得很清楚。

2. 健康狀況
    1) 客戶有高血壓、高血糖、高血脂及糖尿病，並有肌少症、胃痛、缺鈣及手部關節問題。
    2) 客戶血糖狀況不穩定，需定期檢查，從三個月一次改為兩個月一次，飯前血糖約為117，近期血糖已穩定多了。
    3) 客戶體重下降約30公斤，可能與胃部不適有關，並曾因跌倒導致骨裂，現已恢復並開始慢慢運動。
    4) 客戶有視力模糊、指甲容易斷裂的問題，近期指甲狀況有所改善。
    5) 客戶曾確診，病毒攻擊身體最弱部位，左大腿曾完全不能動，並有慢性病。
    6) 客戶早上起來會喝水並服用高血壓藥，並主要靠自己控制血糖，無需使用胰島素。

3. 職業背景
    1) 客戶目前未上班，主要在家處理家務，假日會煮飯給家人。
    2) 客戶時間安排精準，近期忙於手工和烘焙相關事務。

4. 健康食品使用心得
    1) 客戶曾服用粒線體產品，認為有助於穩定血糖，改善腰痠背痛、眼睛乾澀及睡眠品質，並搭配幹細胞產品使用。
    2) 客戶曾服用幹細胞產品，感覺免疫力有所改善，並與女兒每天服用兩顆，認為劑量適合。
    3) 客戶曾服用氨基酸產品，但因味道太鹹或飲用後口渴而未持續使用。
    4) 客戶有服用魚油，並對金色幹細胞產品感興趣。
    5) 客戶家中有許多保健食品，主要由她一人使用，因家人不吃這些產品。

5. 禁忌
    1) 客戶不吃中藥類食品及亞培高蛋白產品。
    2) 客戶因胃痛暫停使用某些產品，並避免飲用咖啡。
    3) 客戶不做醫美，因害怕疼痛。",1
24424966,女,62.0,桃園市桃園區,Z,天秤座,7772,否,否,否,否,否,否,是,否,273686.52375000005,137,18799.04762,3,13141.90476,2,13141.90476,2,0.0,0,18799.04762,3,18799.04762,3,13141.90476,2,13141.90476,2,0.0,0,否,否,是,是,否,否,1,否,否,否,否,否,0,否,否,否,"1. 家庭關係
    1) 客戶的丈夫吃素，因此特別關注保健品是否為素食。
    2) 客戶表示家中固定有人代理PPLS葉黃素的產品，且葉黃素主要由她的先生服用。
    3) 客戶提到她的姐妹都很瘦，但總膽固醇偏高，認為可能是遺傳或體質因素。

2. 健康狀況
    1) 客戶最近檢查總膽固醇偏高，數值為252，低密度膽固醇為164，高密度膽固醇為68，三酸甘油酯為102。
    2) 客戶表示她的姐妹也有總膽固醇偏高的情況，可能與遺傳或體質有關。

3. 職業背景
    1) 客戶提到有專門處理理財相關事宜，因此不需要接收直播邀約。
    2) 客戶目前人在外面談事情或開會，建議下午三點或晚一點再聯絡。

4. 健康食品使用心得
    1) 客戶目前每天服用魚油，每天吃兩顆，已經吃到第三盒或第四盒，但效果尚未明確感受到。
    2) 客戶目前服用PPLS葉黃素，主要用於眼睛保養。
    3) 客戶目前服用Q肽，主要用於心血管保養。
    4) 客戶目前服用紅麴納豆，但尚未檢查效果，因此暫時不考慮再次購買。
    5) 客戶家裡的B群是從日本購買的和力他命品牌。

5. 禁忌
    1) 客戶表示沒有食用燕窩的習慣。
    2) 客戶表示不會參加線上直播活動，原因是地點不考慮。",1
24428795,女,76.0,台北市文山區,Z,天蠍座,7770,是,否,是,否,否,否,是,否,157346.38091999997,110,66886.66667000002,40,13656.19048,6,11378.09524,5,0.0,0,5491.42857,5,5491.42857,5,3399.04762,2,3399.04762,2,0.0,0,否,否,否,否,否,否,0,否,否,否,否,否,0,否,否,否,"1. 家庭關係
    1) 客戶有一位八歲的孫子，孫子可以吃益生菌。
    2) 客戶的兒子年紀很大，工作繁忙，客戶曾購買保健食品給他。
    3) 客戶有一位80多歲的姐姐，曾因血液循環不好而購買循利寧給她，但效果不佳。

2. 健康狀況
    1) 客戶目前75歲，平常作息正常，並且有運動習慣。
    2) 客戶有慢性病，每天早晚服用血壓藥。
    3) 客戶提到自己身體狀況良好，頭髮等保持良好。

3. 職業背景
    1) 客戶以前是上班族，五年前退休後常到處走走，保持心情愉快。

4. 健康食品使用心得
    1) 客戶沒有使用保健品或服用保健食品的習慣。
    2) 客戶曾購買過葉黃素，但未提到使用心得。
    3) 客戶曾購買循利寧給姐姐，但因效果不佳而不再購買。
    4) 客戶的兒子有在服用碧宜與金的保健食品。

5. 禁忌
    1) 客戶從年輕到現在都不使用藥品或保養品。
    2) 客戶表示她沒有吃保健食品的習慣。",1
24434056,女,69.0,新北市汐止區,C,摩羯座,7768,否,否,否,是,否,是,否,否,125206.33333000002,81,31423.80954,15,15200.0,5,0.0,0,11352.38096,2,59035.23811,26,27405.7143,11,15200.0,5,0.0,0,11352.38096,2,否,否,否,否,否,否,0,否,否,否,否,否,0,否,否,否,"1. 家庭關係
    1) 客戶曾提到母親節有購買特惠商品，可能與家庭成員有互動。

2. 健康狀況
    1) 客戶平常有在保養皮膚，並使用多種保養品。
    2) 客戶固定食用營養品，包括葉黃素來保養眼睛。
    3) 客戶對飲食非常在乎，不會隨意購買或食用外面的產品。

3. 職業背景
    1) 未提及具體職業背景。

4. 健康食品使用心得
    1) 客戶長期使用安利產品，認為其天然有機成分讓她感到放心，並表示效果不錯。
    2) 客戶曾使用過時空膠囊，認為效果良好，但需每天使用兩顆才能達到滋潤效果。
    3) 客戶平常食用營養品，因此不需要額外購買膠原蛋白。
    4) 客戶有使用葉黃素來保養眼睛，並認為效果良好。

5. 禁忌
    1) 客戶對飲食非常在乎，不會隨意購買或食用外面的產品。",1
24439622,女,65.0,台北市士林區,B,巨蟹座,7765,否,是,是,是,否,是,是,否,959589.00005,87,532573.33339,57,165488.57146,18,76544.76191,7,13602.85715,5,935676.19052,79,532573.33339,57,165488.57146,18,76544.76191,7,13602.857150000002,5,否,否,否,否,否,否,0,否,否,否,是,是,0,否,否,否,"1. 家庭關係
    1) 客戶的先生有健康問題，曾經中風，可能有帕金森氏症和失智症，生活作息不佳，長時間不願復健，健康狀況逐漸惡化。
    2) 客戶的先生由兒子照顧和管理，且結婚後從未給過客戶錢，家庭經濟由客戶負擔。
    3) 客戶的孩子目前在讀大學，身材高大，偶爾會食用幹細胞產品以增強免疫力和代謝，但認為購買保健品沒有用，不希望客戶再花錢購買。
    4) 客戶提到家人有中風病史，並擔心先生的健康問題可能會遺傳給兒子。
    5) 客戶提到家人將壓力轉嫁到她身上，讓她感到受不了。

2. 健康狀況
    1) 客戶目前身體狀況不佳，提到腦神經可能受損，時間感錯亂，並有假性心臟病和憂鬱症。
    2) 客戶小時候身體狀況差，容易感冒，偏瘦，營養吸收不好。
    3) 客戶的先生有中風病史，腦部受損嚴重，曾有腎結石問題，且不爱喝水，健康狀況不佳。
    4) 客戶的眼睛有問題，可能需要補充水分。

3. 職業背景
    1) 客戶曾學過廣播電視並從事相關工作，但因不會騎摩托車且工作性質需要隨時待命，後來改從事行政工作。
    2) 客戶有裁縫經驗，曾購買裁縫用具但未使用過。
    3) 客戶目前已退休，經濟狀況緊張，家庭開銷大，每月基本開銷在兩萬以上。

4. 健康食品使用心得
    1) 客戶的先生每天服用幹細胞產品和激活再生安瓶，但效果不明顯，客戶對其效果持懷疑態度。
    2) 客戶偶爾食用幹細胞產品，並每天服用蚓激酶，對幹細胞產品效果有一定認可，但因經濟狀況暫時不購買。
    3) 客戶曾使用藍色膠囊產品，吸收度和油膩度可接受，並曾購買蚓激酶、石墨烯貼片、激活安瓶等產品。
    4) 客戶家人有時會食用幹細胞產品，孩子偶爾食用幹細胞增強免疫力，並與客戶一起飲用紅色再生安瓶。
    5) 客戶對某些保健品如益生菌、紅麴等持保留態度，並認為保健品可能對身體造成負擔。

5. 禁忌
    1) 客戶不喜歡防曬產品，認為其黏膩；不敢亂用益生菌，並將其送人。
    2) 客戶提到有些保健品如龜鹿二仙膠可能對腎臟不良的人不適合。
    3) 客戶對某些產品效果持懷疑態度，並認為金錢壓力大，無法隨意購買產品。",1
24450440,男,76.0,嘉義縣民雄鄉,D+,天秤座,7760,否,否,否,否,否,否,是,否,16102.19047,11,8665.71428,5,7065.71428,4,3771.42857,1,0.0,0,3771.42857,1,3771.42857,1,3771.42857,1,3771.42857,1,0.0,0,否,否,否,否,否,否,0,否,否,否,否,否,0,否,否,否,,1
24459632,女,67.0,高雄市楠梓區,D+,金牛座,7757,否,否,是,否,是,是,是,否,55233.33334,43,26297.142859999996,19,6713.33333,4,0.0,0,2171.42857,1,4263.80952,4,4263.80952,4,2932.38095,2,0.0,0,2171.42857,1,否,否,是,否,否,否,0,否,否,否,否,否,0,否,否,否,,1
24459710,女,60.0,屏東縣潮州鎮,Z,摩羯座,7757,否,否,否,否,否,是,否,否,749250.2381400001,142,116036.19048000003,19,1790.47619,1,0.0,0,1790.47619,1,600792.38097,64,107775.23810000005,14,1790.47619,1,0.0,0,1790.47619,1,否,否,是,否,否,否,0,否,否,否,否,否,0,否,否,否,"1. 家庭關係
    1) 客戶有一個兒子，出生於1985年，目前約35歲，兒子有朋友是藥劑師和護理師，對藥物很了解。
    2) 客戶有一個已婚的女兒，女兒育有兩個小孩。
    3) 客戶的父母與妹妹住在一起，但她對妹妹的行為感到不滿，可能涉及金錢問題。
    4) 客戶的老公曾試吃幹細胞產品，但她不希望老公食用某些產品，並且有些事情不想讓老公知道。

2. 健康狀況
    1) 客戶患有退化性關節炎和類風濕性關節炎，需長期服用藥物治療，並曾接受玻尿酸注射保養，每半年一次。
    2) 客戶有膝關節退化問題，曾使用維骨力改善膝蓋狀況，並接受醫生建議進行治療。
    3) 客戶最近進行了植牙，需補充鈣質。
    4) 客戶曾打過止痛針，但不願意嘗試骨感針。
    5) 客戶對於長期服用多種藥物和保健品感到反感。

3. 職業背景
    1) 未提及具體職業背景。

4. 健康食品使用心得
    1) 客戶曾購買並使用過鹿胎盤、鴕鳥精、龜鹿精、葉黃素、高鈣產品、氨基酸產品等保健食品，但對部分產品效果不滿意，例如鹿胎盤和幹細胞產品。
    2) 客戶對葉黃素產品的使用效果表示滿意，認為有助於眼睛不乾，但已停止食用妍美会的葉黃素，因為僅為保養眼睛，無不適症狀。
    3) 客戶對高鈣產品有興趣，因為需要補鈣。
    4) 客戶對於購買藥證龜鹿膏持保留態度，並不再想購買妍美会的產品。
    5) 客戶曾購買高單位保養品，但認為價格昂貴。

5. 禁忌
    1) 客戶不希望太早收到產品，要求在特定時間後送達。
    2) 客戶不會購買太極劍，並對某些產品如龜鹿精和幹細胞產品不再感興趣。
    3) 客戶對於新的第四代產品沒有興趣。",1
24491383,女,66.0,台中市東區,D+,雙魚座,7742,否,否,是,否,否,是,是,否,67428.33336,38,22258.09525,14,11187.61906,5,8960.00001,3,1790.47619,1,31342.85715,16,16781.90477,11,9301.90477,4,7074.28572,2,1790.47619,1,否,否,否,否,否,否,0,否,否,否,否,否,0,否,否,否,,1
24512165,女,58.0,新北市中和區,Z,天蠍座,7732,否,否,是,否,否,是,是,否,538626.19046,186,107255.2381,19,56761.90476,2,56761.90476,2,0.0,0,221660.00003,52,70704.76191,4,56761.90476,2,56761.90476,2,0.0,0,否,否,是,否,否,否,0,否,否,否,否,否,0,否,否,否,"1. 家庭關係
    1) 客戶家中有其他人幫忙購買所需物品，因此她自己較少購買。

2. 健康狀況
    1) 客戶有高血壓，早上起床會服用高血壓的藥物。

3. 職業背景
    1) 客戶目前有工作，並提到需要在工作崗位上才能接到電話。
    2) 客戶表示她那一天需要上班，無法參加活動。

4. 健康食品使用心得
    1) 客戶之前購買過很多吃的、喝的、抹的產品，但未使用完，最後浪費掉。
    2) 客戶曾購買過妍美会的保健品，但通常只吃一半就停下來。
    3) 客戶不太會吃保健食品，認為瓶瓶罐罐的保健品長期使用比較麻煩。

5. 禁忌
    1) 無明確提及。",1
24524230,女,55.0,台北市松山區,B,射手座,7725,否,是,是,是,否,是,是,否,525638.23815,215,216159.04766,64,100172.38099000002,26,93465.71432,22,5676.19048,2,201522.85716,38,123698.09525,19,58149.52382000001,10,52473.33334000001,8,5676.19048,2,否,否,是,否,否,否,1,否,否,否,否,否,0,否,是,否,"1. 家庭關係
    1) 客戶提到她有一個兒子，並提及兒子已經躺下。
    2) 客戶提到兒子和維護相關事宜，但未明確具體內容。

2. 健康狀況
    1) 客戶的皮膚較細，平時有敷面膜保養皮膚。
    2) 客戶對於美容服務的效果不滿意，認為最近兩次的美容服務效果不佳。
    3) 客戶對心血管保養有興趣，並認為魚油對健康有益。
    4) 客戶關注腸胃健康，並有使用腸胃道保健的益生菌。
    5) 客戶已經在補充玻尿酸和膠原蛋白，並對美白和皮膚保養有興趣。

3. 職業背景
    1) 客戶是一名自營業者，時間較為忙碌。
    2) 客戶經常到處購買產品，並提到哪裡有空就在哪裡住。

4. 健康食品使用心得
    1) 客戶對膠原蛋白產品有興趣，並曾購買過台鹽生技、日本鮭魚膠原蛋白等產品，目前還有膠原蛋白產品未使用完。
    2) 客戶對於膠原蛋白粉的使用習慣是早晚各一次，並提到產品的使用方式是早上空腹飲用，搭配300cc的水。
    3) 客戶對魚油產品感興趣，曾幫朋友購買過魚油，自己偶爾也會食用，通常一天吃一顆。
    4) 客戶對日本或德國的魚油產品感興趣，並考慮購買加拿大生產的魚油。
    5) 客戶對益生菌產品有興趣，曾購買過MOMO的益生菌，但尚未開始使用。
    6) 客戶曾購買過黑芝麻粉、白藜蘆醇產品、高單位維他命C（含量1000毫克）等健康食品。
    7) 客戶對花青素和含有谷胱甘肽的產品表示好感，並對美白產品有興趣。
    8) 客戶提到吃完了顧骨頭的保健食品，最近會開始吃活泉保健食品。
    9) 客戶對於使用點數折抵購買產品感興趣，以節省開支。

5. 禁忌
    1) 客戶表示不會再購買新的產品，想先消耗完現有的產品。
    2) 客戶對於蚓激酶產品不感興趣，偏好魚油。
    3) 客戶對於保溫瓶的贈品表示不需要。
    4) 客戶對於購買一個療程的產品認為價格昂貴，且不確定效果。",1
24539037,女,46.0,台南市北區,C,金牛座,7717,否,否,是,是,否,是,是,否,385859.42861,97,127819.99999999996,19,25909.52381,8,24457.14286,3,951.42857,1,312194.28575000004,35,127003.80953,14,25845.71429,5,24457.14286,3,951.42857,1,否,否,否,否,否,否,1,否,否,否,否,否,0,否,否,否,"1. 家庭關係
    1) 客戶家中有三個人，包括她、她的老公和一個13歲的兒子。
    2) 客戶的兒子目前就讀國中二年級，13歲，正在青春期，早上六點半起床，曾經體重接近80公斤，現在是75公斤。
    3) 客戶的兒子喜歡機器人相關事物，視力較差，壓力較大，曾經有過嚴重的傷口。
    4) 客戶的老公比她早下班，會先做飯，並且不喜歡使用油膩的保養品。

2. 健康狀況
    1) 客戶目前感冒中，並有服用感冒藥。
    2) 客戶有高血壓，曾經出現蕁麻疹，並查詢過相關原因。
    3) 客戶年紀增長，體重有所增加。
    4) 客戶每年都會接種流感疫苗。

3. 職業背景
    1) 客戶目前從事麵包銷售工作。
    2) 客戶平時在公司使用咖啡機泡咖啡。

4. 健康食品使用心得
    1) 客戶有服用多種保健食品，包括益生菌、葉黃素、魚油（目前暫停）、膠原蛋白、蚓激酶（每天晚上服用一顆）、完美體等，並且主要在早餐飯後服用。
    2) 客戶的兒子有時候會服用鈣片，認為可以幫助長高，並可接受含有EPA成分的保健食品。
    3) 客戶對果凍狀的保健食品較感興趣，並詢問過葉黃素和蔓越莓相關產品的價格。
    4) 客戶曾購買過安瓶和龜鹿精，並以兩天輪流服用的方式進行保養。
    5) 客戶曾經使用過活泉產品，但目前已停止使用。
    6) 客戶的老公有服用魚油和益生菌，並曾購買過苦瓜相關產品。

5. 禁忌
    1) 客戶對美白需求不高，更注重保濕和抗皺效果。
    2) 客戶的兒子不喜歡吃炒米，家中有人不愛吃瘦的食物。
    3) 客戶有時候不敢點開簡訊，擔心詐騙。",1
24539364,女,77.0,台北市大安區,C,天蠍座,7716,否,否,是,是,否,是,是,否,177447.14290000004,64,147737.14289999998,58,85100.95242,25,44950.47619,8,3900.00001,5,62670.476180000005,13,62670.476180000005,13,33695.23809,3,33695.23809,3,0.0,0,否,否,否,否,否,否,1,否,否,否,否,是,0,否,是,否,"1. 家庭關係
    1) 客戶家中沒有男性成員，家中有兩位老人，包括她的母親和另一位老人。
    2) 客戶的母親年近一百歲，需要照顧，因此有時無法接電話。

2. 健康狀況
    1) 客戶76歲，身體不太舒服，腸胃狀況不佳，容易疲倦且體質虛弱，目前正在吃中藥調理身體。
    2) 客戶曾因傷口癒合問題住院進行清創手術，並表示最近不能穿高跟鞋，因為曾經開刀且目前不上班。
    3) 客戶目前在醫院做復健，並需要檢查膝蓋疼痛。
    4) 客戶希望提升免疫力，但不希望免疫力提升過快，並希望能恢復年輕的狀態。

3. 職業背景
    1) 客戶表示目前已經退休，年齡約七十幾歲。
    2) 客戶支持東森，並提到自己已經購買東森產品二十多年。

4. 健康食品使用心得
    1) 客戶曾購買益生菌粉和娘家益生菌，表示益生菌對腸道有幫助，但某些品牌過於甜，菌量越高越好且需能抵抗胃酸破壞。娘家益生菌效果很好，但劑量太強，晚上服用會影響睡眠，導致半夜需要上廁所。
    2) 客戶使用氨基酸產品，認為其有助於提升免疫力，但精神過於亢奮導致睡眠受到影響，因此改為每兩天服用一次。她覺得氨基酸產品味道較苦且腸胃不適，但加溫開水稀釋後效果較好，並表示還在適應其味道。
    3) 客戶曾購買兒童酵素產品和芝麻中藥，並表示益生菌的效果是她關注的重點。

5. 禁忌
    1) 客戶表示腸胃狀況不佳，暫時不敢使用某些產品，並暫時不吃氨基酸補充品。
    2) 客戶希望健康食品能提升免疫力，但不希望免疫力提升過快，且避免影響睡眠。",1
24539661,女,72.0,桃園市中壢區,D,射手座,7716,否,否,否,否,否,否,是,否,45183.4762,26,3587.61905,5,2446.66667,3,475.2381,1,0.0,0,18741.90476,9,3587.61905,5,2446.66667,3,475.2381,1,0.0,0,否,否,是,否,否,否,0,否,否,否,否,否,0,否,否,否,"1. 家庭關係
    1) 客戶有兒子和女兒，兩人都會幫她購買保健食品。
    2) 客戶的兒子負責購買所有保健食品，並要求她不要亂買東西。
    3) 客戶的女兒曾從日本帶回一罐B群，並幫她購買保健食品。
    4) 客戶提到她已經購買益生菌給孫子食用。

2. 健康狀況
    1) 客戶有地中海貧血，醫生建議某些成分不能食用。
    2) 客戶曾經開刀，最近開刀部位感到不適，需要復健。
    3) 客戶坐太久會導致起身困難，需要稍微等待才能行動。
    4) 客戶目前在服用中藥來調理身體。

3. 職業背景
    1) 客戶未提及具體職業背景，但提到自己是一位71歲的女性會員。
    2) 客戶提到三點半開始準備煮飯，可能是家庭主婦。

4. 健康食品使用心得
    1) 客戶目前仍在服用益生菌，但曾因益生菌含有她不能吃的成分而停止購買。
    2) 客戶有服用膠原蛋白和固力申，主要用於膝蓋和骨頭保養。
    3) 客戶丟掉過期的葉黃素，並表示目前不需要葉黃素，因為家中小兒子有購買。
    4) 客戶提到女兒剛買回來的B群尚未吃完。
    5) 客戶曾在東森購物購買益生菌和葉黃素，但因為都沒吃而停止購買。

5. 禁忌
    1) 客戶因地中海貧血，醫生建議某些成分不能食用。
    2) 客戶的兒子建議她不要亂吃保健食品，因此目前沒有在服用益生菌、葉黃素等產品。",1
24539664,女,64.0,雲林縣西螺鎮,D,巨蟹座,7716,否,否,否,否,否,否,否,否,32950.90477,25,2712.38095,4,437.14286,1,0.0,0,0.0,0,3138.09524,5,1768.57143,3,437.14286,1,0.0,0,0.0,0,否,否,否,否,否,否,0,否,否,否,否,否,0,否,否,否,,1
24541210,女,53.0,台東縣台東市,Z,巨蟹座,7715,否,否,是,否,否,否,是,否,52423.28571,34,15144.761899999998,12,6643.809520000002,6,6643.809520000002,6,0.0,0,16561.904759999998,13,15144.7619,12,6643.80952,6,6643.80952,6,0.0,0,否,否,否,否,否,否,1,否,否,否,否,否,0,否,否,否,,1
24550747,男,63.0,台中市大甲區,D,水瓶座,7710,否,否,否,否,否,否,是,否,707510.85719,269,22147.61905,18,4532.38094,5,1885.71428,2,0.0,0,80119.7143,17,2646.66666,3,2646.66666,3,1885.71428,2,0.0,0,否,否,是,否,否,否,0,否,否,是,否,否,0,否,否,否,"1. 家庭關係
    1) 客戶提到平常都是他的妻子在購買東西。
    2) 客戶表示需要詢問他的妻子後才能決定是否購買產品。

2. 健康狀況
    1) 客戶表示他晚上有夜尿的困擾，通常會起來上廁所兩次。

3. 職業背景
    1) 客戶提到目前正在做生意。
    2) 客戶提到目前有客人進來，正在忙碌，可能忙到下午一兩點。

4. 健康食品使用心得
    1) 客戶提到家裡有在吃顧眼睛的保健食品，通常是以葉黃素為主。
    2) 客戶提到之前有購買過華陀的龜鹿二仙膠膠片，目前還有兩盒尚未使用完。

5. 禁忌
    1) 客戶表示目前沒有在吃南瓜籽或其他攝護腺保健品。
    2) 客戶表示他現在沒有在吃魚油，且已經很久沒有吃魚油了。",1
24553764,女,61.0,雲林縣斗南鎮,A,摩羯座,7708,否,否,是,否,否,是,是,否,1584692.57139,231,635278.0951899999,51,183520.00000000003,13,175746.66667,8,0.0,0,1224687.61905,121,620372.3809100002,47,168614.28572,9,165164.76191,7,0.0,0,否,否,是,否,否,否,0,否,否,否,否,否,0,否,否,否,"1. 家庭關係
    1) 客戶提到家中沒有養寵物。
    2) 客戶曾購買褐藻糖膠給父母使用，但母親已經過世。
    3) 客戶提到褐藻糖膠是給爸爸使用的，並非自己食用。

2. 健康狀況
    1) 客戶曾經感冒。
    2) 客戶表示幹細胞產品對她的身體沒有明顯效果。

3. 職業背景
    1) 客戶的工作性質為輪班制，可能是兩班制或三班制，包括日班和大夜班。
    2) 客戶提到她有時候會睡白天，並且有加班的情況。

4. 健康食品使用心得
    1) 客戶曾購買並服用幹細胞產品（第一代和第二代），每天服用兩顆，並搭配葉黃素食用，但表示效果不明顯。
    2) 客戶曾購買多種保健品，包括葉黃素、褐藻糖膠、綠蜂膠、三倍葉黃素、四圈、益生菌、激活再生安瓶、龜鹿雙寶等，但部分產品未持續食用或已過期。
    3) 客戶認為膠囊形式的保健產品吸收較快。
    4) 客戶提到她幫同事和朋友購買過保健產品，如黃金土龍鴕鳥龜鹿精和龜鹿精。
    5) 客戶對家庭組合的特惠有興趣。

5. 禁忌
    1) 客戶認為一天不能吃太多幹細胞產品。
    2) 客戶目前不考慮購買新產品，因為家中保健品存貨充足，部分產品尚未使用完。",1
24569698,女,53.0,台中市后里區,D,巨蟹座,7701,否,否,否,否,否,否,是,否,343404.14290000004,110,34104.761920000004,17,8061.90476,5,3702.85714,1,0.0,0,47061.90477,17,12119.04762,5,6461.90476,4,3702.85714,1,0.0,0,否,否,否,是,否,否,0,否,否,否,否,否,0,是,否,否,"1. 家庭關係
    1) 客戶提到家裡在經營民宿。
    2) 客戶計劃在今年過年前出國，將前往廣東和上海，不會在台灣過年。

2. 健康狀況
    1) 客戶目前正在生病，正在看醫生並需要繼續服藥。
    2) 客戶最近感冒未痊癒，計劃去看中醫。

3. 職業背景
    1) 客戶提到她最近非常忙，睡眠不足，主要是因為忙於公司事務。
    2) 客戶目前也忙於房屋裝修。

4. 健康食品使用心得
    1) 客戶長期使用美樂家的產品，已有二十多年經驗。
    2) 客戶曾購買膠原蛋白飲，但對之前購買的膠原蛋白效果不佳，對廣告價格感到一般，目前考慮購買新的膠原蛋白產品。
    3) 客戶曾購買血糖相關的保健品，但效果一般。
    4) 客戶有購買直銷的保健品和保養品，花費不少錢，並表示目前對產品感興趣，決定先購買一組試用。
    5) 客戶提到她有訂用自己的保養品，因此不會再購買其他保養品。

5. 禁忌
    1) 客戶對於廣告價格較為敏感，對效果一般的產品可能不再回購。
    2) 客戶可能對玄米油有興趣，但語意不明確，需進一步確認。",1
24571869,女,53.0,高雄市鳳山區,A,天蠍座,7700,否,否,否,否,否,是,是,是,392978.0,258,79085.7143,40,61700.0,12,57246.66666,4,3607.61905,7,68687.76191,12,58750.47619,7,57229.52381,4,54581.90476,3,2647.61905,1,否,否,是,否,否,否,0,否,否,否,否,否,0,否,否,否,"1. 家庭關係
    1) 客戶有一個21或22歲的兒子，目前在一家專業汽車美容店工作，並管理五家店，且有投資老闆的公司，每月有分紅收入。
    2) 客戶的老公是工地員工，每天工作辛苦，工資為兩千三元。
    3) 客戶提到她有一個男朋友，兩人會一起泡腳，颱風天也在一起。
    4) 客戶提到她不住在家裡。

2. 健康狀況
    1) 客戶目前52歲，處於更年期，有皮膚乾癢的症狀。
    2) 客戶曾有眼睛乾澀的問題，但現在已改善，早上起來眼睛不再幹澀，感覺舒適。
    3) 客戶感覺最近焦慮情緒有所緩解，早上起來不再那麼累，且最近都很早起來，但晚上仍然不好睡。
    4) 客戶每天喝很多水，約兩瓶700ml。
    5) 客戶目前已停止服用安眠藥，改用其他方式幫助睡眠。

3. 職業背景
    1) 客戶目前的工作是看護，負責照顧一位老人的日常起居和喂藥。
    2) 客戶曾在百貨公司服務台工作過。
    3) 客戶提到目前處於暫時休息的狀態，正在尋找工作。

4. 健康食品使用心得
    1) 客戶購買保健品的目的是為了讓皮膚光亮、補充膠原蛋白及促進骨骼健康。
    2) 客戶每天喝玻尿酸，曾從每天一瓶改為每天兩瓶，感覺眼睛早上起來不會幹澀，且感覺很舒服。
    3) 客戶曾花兩萬元打膝蓋玻尿酸，效果一週內有感，認為自費玻尿酸效果優於健保提供的免費玻尿酸。
    4) 客戶曾購買過華陀的水光珍珠粉，並表示吃完後會再購買。
    5) 客戶曾使用過韓國明星代言的膠原蛋白產品，並計劃購買日本的天使娜拉膠原蛋白產品。
    6) 客戶認為喝的玻尿酸和幹細胞產品效果更好，因此不再購買膠原蛋白粉或其他營養品。
    7) 客戶有服用善存綜合維他命，並剛購買了一瓶，認為方便。
    8) 客戶的兒子也有在服用B群，並計劃購買B群給老公食用。

5. 禁忌
    1) 客戶提到需要持續飲用產品才能有效吸收，並詢問產品是否對身體有副作用。
    2) 客戶沒有吃益生菌，並表示以後不會再購買其他營養品。",1
24575287,男,74.0,新竹縣湖口鄉,A,金牛座,7699,否,否,是,是,是,是,是,否,809108.57145,378,431331.4285700001,164,208078.09523,41,168940.95236999998,13,4152.38096,2,272719.99999000004,49,198686.66666,23,169463.80951,15,165169.52380000002,11,0.0,0,否,否,否,否,否,否,0,否,否,否,否,否,0,否,否,否,"1. 家庭關係
    1) 客戶有兩個小朋友和一個侄女。
    2) 家中有一對十歲的雙胞胎孫子，孫子孫女也有在食用保健產品。
    3) 客戶的母親年紀約一百多歲。
    4) 家中有一位在醫院負責財務的家庭成員。
    5) 客戶一家人每年會去宜蘭度假，通常住三天兩夜，並會一起烤肉和打麻將，參與活動的家人有十幾人。
    6) 家中有請人煮飯。

2. 健康狀況
    1) 客戶73歲，男性，曾有三高問題，目前控制得很好，三酸甘油酯穩定，膽固醇從兩百多降到一百多。
    2) 客戶有血糖高問題，飯後血糖值為201，並有購買血糖機進行測量，且在吃藥控制血糖。
    3) 客戶有坐骨神經痛、退化性關節炎、膝蓋問題、脂肪肝、乾眼症、鼻竇炎、扁桃腺發炎（反覆發作）等健康問題。
    4) 客戶免疫力下降，最近感冒，睡眠狀況不佳，每晚僅能睡兩到三個小時，深層睡眠時間少。
    5) 客戶有白內障，已進行手術，並有服用葉黃素保養眼睛。
    6) 客戶每年進行健康檢查，目前在台北榮總就醫，需進行抽血檢查，並服用類固醇和抗生素藥物。
    7) 客戶體重曾超過一百公斤，近期減重十公斤，並在五月份開始出現血糖問題。
    8) 客戶不喝酒、不吃月餅，並注意飲食，避免亂吃。

3. 職業背景
    1) 客戶是自由職業者，曾在公家機關的營造廠工作，負責建設學校和公家機關的建築。
    2) 客戶曾是海軍陸戰隊隊員，對榮、風等文化價值有一定了解。
    3) 客戶住在公司樓上，工作時間為早上六點開始。

4. 健康食品使用心得
    1) 客戶有固定保養習慣，每天早晚準備水果和鮮花，早上會走路運動七百多步，約三公里，並在醫院使用跑步機。
    2) 客戶曾使用益生菌、紅麴、葉黃素、膠原蛋白、蜂膠、初乳蛋白、人蔘、牛樟芝、納豆等保健食品，並認為保健品應在醫生指導下服用。
    3) 客戶每天吃兩顆保健食品，兩天吃一包保健食品，曾服用幹細胞產品、黃金兔絨、苦瓜胜肽等。
    4) 客戶對膠囊類產品不滿意，認為膠囊放久才會融化，會將膠囊剪開後加水飲用。
    5) 客戶對某種咖啡飲用後感到不適，對幹細胞產品的來源和成分有疑慮。

5. 禁忌
    1) 客戶不喝B群相關產品。
    2) 客戶不喝酒、不吃月餅。",1
24576882,女,67.0,新北市三重區,Z,雙魚座,7698,否,否,否,否,否,是,是,否,46491.33332,36,8598.095229999999,7,8598.095229999999,7,2257.14285,2,2837.14286,2,1141.90476,1,1141.90476,1,1141.90476,1,0.0,0,0.0,0,否,否,是,否,否,否,0,否,否,否,否,否,0,否,否,否,"1. 家庭關係
    1) 未提及家庭關係相關內容。

2. 健康狀況
    1) 客戶為66歲女性，健康狀況未明確提及。

3. 職業背景
    1) 未提及職業背景相關內容。

4. 健康食品使用心得
    1) 客戶以往有購買狗脊直和膠原蛋白飲，並且都有在持續使用。

5. 禁忌
    1) 未提及禁忌相關內容。",1
24582668,男,86.0,新北市永和區,D,白羊座,7696,是,否,否,否,否,否,是,否,73733.2381,37,10970.476189999998,7,2931.42857,3,1140.95238,2,0.0,0,12569.52381,3,1140.95238,2,1140.95238,2,1140.95238,2,0.0,0,否,否,否,否,否,否,0,否,否,否,否,否,0,否,否,否,,1
24589214,女,76.0,桃園市中壢區,D+,天蠍座,7693,否,否,是,否,否,否,是,否,584903.42854,155,183375.23811000003,51,53811.42857000002,12,46226.666670000006,6,0.0,0,305023.80948,31,124025.71427,11,42522.85713,5,39029.5238,3,0.0,0,否,否,是,否,否,否,0,否,否,否,否,是,0,否,否,否,"1. 家庭關係
    1) 客戶家中人數較少，女兒和女婿自立，未接受她的資助，女兒從事室內設計工作，兒子也在台北三重從事室內設計工作。
    2) 孫女27歲，曾在大學畢業後住了兩年，並在澳洲實習打工。
    3) 客戶的媽媽有在使用保健食品，且由客戶購買提供。

2. 健康狀況
    1) 客戶75歲，體重65公斤，自述身體狀況良好，代謝正常，但有糖尿病，曾進行白內障手術，目前使用藥水維持眼睛健康。
    2) 客戶曾進行膝關節手術，目前正在進行復健，並有跌倒的經歷。
    3) 客戶每天早上空腹服用兩顆幹細胞產品，並表示不需要停用。
    4) 客戶表示不需要使用骨頭健康或代謝相關的保健食品。

3. 職業背景
    1) 客戶目前從事照顧老人的工作，主要負責換尿布和翻身等工作，每週工作三天（週一、三、五），計劃三年後退休。
    2) 客戶每週二、三、五進行志工活動，工作時間為早上到下午。

4. 健康食品使用心得
    1) 客戶曾購買益生菌、葉黃素、燕窩、魚油、視力膠囊、補腎活泉產品、杏仁粉等保健食品，目前仍在服用葉黃素、幹細胞產品和杏仁粉，並有部分保健食品尚未使用完。
    2) 客戶自製酵素多年，使用水果和蜂蜜，並習慣食用特定品牌的杏仁粉。
    3) 客戶的女兒和媽媽也有服用保健食品，女兒常吃益生菌和葉黃素，但對某些產品有敏感反應。

5. 禁忌
    1) 客戶表示不需要使用骨頭健康和代謝相關的保健食品。
    2) 客戶的女兒認為不能隨意服用保健食品，對某些產品有敏感反應。",1
24589659,女,60.0,高雄市左營區,D,雙子座,7693,否,否,否,是,否,是,是,否,149900.66667,48,60122.85713999999,19,25953.33333,9,0.0,0,23058.09523,4,56191.42857,13,52400.95238,12,22229.52381,6,0.0,0,22115.23809,3,否,否,是,否,否,否,0,否,否,否,否,否,0,否,否,否,"1. 家庭關係
    1) 客戶有婆婆，經常去婆婆家並準備午晚餐。
    2) 客戶的母親了解她的購物行為。
    3) 客戶提到她的父親曾訂購商品，但有部分未送達。

2. 健康狀況
    1) 客戶臉上有斑點，皮膚白皙但感覺變黑，生完小孩後開始出現斑點。
    2) 客戶之前心臟不太好，會感到心痛，講話時有些奇怪，但後來透過某些方式改善了很多。
    3) 客戶最近減重，體重從56公斤減到51公斤，目標是再減10至15斤，目前體重64公斤，身高157公分。
    4) 客戶不喜歡吃肉和米飯，白米飯的攝取量減少到三分之一，晚餐吃代餐，不吃含碘的食物。
    5) 客戶逐漸接近佛法，參與相關活動。

3. 職業背景
    1) 客戶目前已退休，沒有上班。

4. 健康食品使用心得
    1) 客戶目前服用膠原蛋白、玻尿酸（美國品牌）、B群及妍美会瘦身果冻，每天中午和晚上各吃兩包。
    2) 客戶曾購買過華陀的保健食品，主要是顧骨頭的產品。
    3) 客戶曾購買過東森的洗衣精，目前尚未用完。
    4) 客戶使用過妍美会的瘦身果冻產品，曾購買兩盒大盒和三盒小盒，共計150包。

5. 禁忌
    1) 客戶不喜歡吃肉，並儘量不吃白米飯。
    2) 客戶晚餐不吃含碘的食物。",1
24590427,女,69.0,新北市三重區,Z,白羊座,7693,否,否,是,否,否,是,是,否,164482.85712000003,54,120343.80951,27,29580.95239,12,19428.57144,5,1192.38095,1,93600.95238,19,75729.5238,12,16971.42858,4,16971.42858,4,0.0,0,否,否,是,否,否,否,0,否,否,否,否,是,0,否,否,否,"1. 家庭關係
    1) 客戶有兩個兒子，其中一個已經生育，另一個尚未生育。
    2) 客戶有一個孫子，並表示心滿意足。
    3) 客戶提到丈夫已送去安寧病房。
    4) 客戶提到母親節和生日。

2. 健康狀況
    1) 客戶有慢性病，並服用相關藥物，但病情不嚴重。
    2) 客戶提到免疫力下降，壓力大且精神狀況不佳，影響睡眠與體力。
    3) 客戶有退化性關節炎。
    4) 客戶提到口腔癌，並提到切片檢查報告尚未出來。

3. 職業背景
    1) 未提及具體職業背景。

4. 健康食品使用心得
    1) 客戶固定服用魚油，且未曾間斷，並表示魚油的品質和成分是她選擇的重要考量。
    2) 客戶表示益生菌產品代謝效果不錯，每天至少食用一顆。
    3) 客戶有購買褐藻產品並食用一段時間。
    4) 客戶提到膠原蛋白粉，但表示不是自己在食用。
    5) 客戶提到自然美水漾超彈潤口服安瓶十四天神效組。
    6) 客戶之前有訂購過魚油和葉黃素。
    7) 客戶表示她一天吃一顆某產品，並提到裡面有送十顆體驗。

5. 禁忌
    1) 客戶晚上不吃正餐，僅吃水果。
    2) 客戶提到壓力大可能影響免疫力及健康狀況。",1
24591545,女,46.0,彰化縣花壇鄉,A,白羊座,7692,否,是,否,是,否,是,是,否,418829.04764,77,198475.2381,7,134856.19048,4,55427.61905,2,22476.19048,1,364391.42858,42,198475.2381,7,134856.19048,4,55427.61905,2,22476.19048,1,否,否,是,否,否,否,0,否,否,否,是,否,0,否,否,否,"1. 家庭關係
    1) 客戶有一個孫子。
    2) 客戶的女兒已結婚兩三年，並育有一個孩子。
    3) 客戶的女婿在她和丈夫的公司工作。

2. 健康狀況
    1) 客戶提到代謝變差，可能與年紀增長有關。
    2) 客戶曾有偏頭痛問題，需服用止痛藥，但目前情況有所改善，不再需要吃藥。
    3) 客戶提到她很久沒有進行醫美，且不會選擇侵入性的醫美項目。
    4) 客戶平時不太喝冰的飲料。

3. 職業背景
    1) 客戶與丈夫共同經營一家小型工程行，主要從事土方和廚房相關工作。

4. 健康食品使用心得
    1) 客戶曾嘗試多種保健品，包括益生菌、紅藜果膠、粒線體相關產品等，但對效果感到一般或不明顯。
    2) 客戶目前每天早晚服用粒線體相關保健品，並有攜帶出國使用的習慣，但有時喝完產品後未喝水。
    3) 客戶提到她目前家中還有兩到三盒保健品未使用，並計劃先吃完手邊的保健品再開始使用新產品。
    4) 客戶曾購買激活再生安瓶，使用後感覺身體變好，偏頭痛也有所改善。
    5) 客戶對於保健品的效果持懷疑態度，並表示會先觀察使用效果。

5. 禁忌
    1) 客戶不會選擇侵入性的醫美項目。
    2) 客戶目前不需要美妝品如青春露、面膜、防曬等，且家中已有大量面霜和止癢霜，兩三年內都用不完。
    3) 客戶家中物品較多，沒有多餘空間放置新物品。",1
24605880,男,74.0,台北市信義區,D+,雙魚座,7686,否,否,是,否,是,否,是,否,177868.52379,51,31943.8095,10,8552.380949999999,2,8552.380949999999,2,0.0,0,87809.52381,28,28955.23808,7,8552.380949999999,2,8552.380949999999,2,0.0,0,否,否,是,是,否,否,1,否,否,否,否,否,0,否,否,否,"1. 家庭關係
    1) 客戶提到她的老公曾經去過廣西。

2. 健康狀況
    1) 客戶每天服用華陀益生菌，已持續半年，但效果感覺還好，排便狀況差不多。
    2) 客戶表示基本上每天都有服用益生菌，並長期使用同一品牌的益生菌。

3. 職業背景
    1) 客戶目前在高雄上班，並表示不會優先看相關內容。
    2) 客戶提到最近很忙，沒有時間處理其他事情。

4. 健康食品使用心得
    1) 客戶曾多次購買益生菌產品，包括漢方益生菌（黃色盒子，顆粒狀）、褐色軟膠囊益生菌，以及華陀品牌的膠囊型益生菌。
    2) 客戶表示目前還有兩盒益生菌，吃完後再訂購，並提到可能半年後會換其他產品。

5. 禁忌
    1) 客戶未提到具體的健康食品禁忌。",1
24606080,女,78.0,台北市大安區,Z,雙魚座,7686,否,否,否,是,否,是,是,否,49518.61903,27,22775.23808,12,4446.66665,5,0.0,0,951.42857,1,18522.85713,7,18522.85713,7,2179.9999900000003,3,0.0,0,951.42857,1,否,否,否,否,否,否,0,否,否,否,否,否,0,否,否,否,"1. 家庭關係
    1) 客戶表示她和弟弟都有在服用某些保健食品。
    2) 客戶提到家中老人骨頭狀況不佳，需要特別保養。

2. 健康狀況
    1) 客戶表示她有胃潰瘍，並且近期有進行健康檢查。
    2) 客戶提到她之前有腸癌，但因為早期發現並定期追蹤，健康狀況得以控制。
    3) 客戶提到她有乾眼症的問題，並且眼睛有些問題。
    4) 客戶提到她的尾椎、膝關節退化及椎間盤突出問題。
    5) 客戶表示她目前骨頭狀況不佳，並提到半月板有問題。
    6) 客戶表示她每天服用醫生開的心臟相關藥物，並曾進行掃音波和心電圖檢查。
    7) 客戶提到她七十幾歲，聲音因年紀變得較沉。

3. 職業背景
    1) 客戶表示她目前正在送貨。
    2) 客戶提到她目前正在上課，並參與志工活動，幫忙分發便當。

4. 健康食品使用心得
    1) 客戶表示她每天服用多種保健食品，包括粒線體相關產品、魚油、B群、葉黃素、玻尿酸、膠原蛋白、抗氧化產品、松樹萃取物及增加記憶力的保健品。
    2) 客戶提到粒線體相關保健品對神經有幫助，並搭配明日葉進行保養。
    3) 客戶表示口服玻尿酸效果不錯，並計劃開始使用玻尿酸安瓶。
    4) 客戶提到華陀保健食品對脊椎問題有幫助。
    5) 客戶表示葉黃素使用的是當地品牌，並提到其不需要額外購買。
    6) 客戶提到她有服用葡萄糖胺及其他保健品改善膝關節及半月板問題。

5. 禁忌
    1) 客戶表示她不參加演唱會或其他類似的現場活動。
    2) 客戶提到她尚未開始使用收到的洗髮精及芳香劑。
    3) 客戶表示她會先查看產品資訊後再決定是否取件。
",1
24611179,男,61.0,桃園市龍潭區,D+,處女座,7683,否,否,否,否,否,否,是,否,66292.61906,25,23012.38096,10,14540.95239,5,10581.90476,1,0.0,0,13872.38095,3,13872.38095,3,10581.90476,1,10581.90476,1,0.0,0,否,否,是,否,否,否,0,否,否,否,否,否,0,是,否,否,,1
24624826,女,67.0,台北市北投區,Z,天秤座,7677,否,否,否,否,否,是,是,否,193810.28573000003,96,13209.52382,8,951.42857,2,0.0,0,951.42857,1,24322.85715,5,3780.0,2,951.42857,1,0.0,0,951.42857,1,否,否,否,否,否,否,0,否,否,否,否,否,0,否,否,否,"1. 家庭關係
    1) 未提及家庭成員或家庭關係的具體內容。

2. 健康狀況
    1) 客戶目前66歲，未提及重大健康問題。
    2) 客戶未服用骨頭關節相關的保健食品。

3. 職業背景
    1) 客戶目前從事製造業工作，職位為業務員。
    2) 客戶表示通勤距離較遠，住在中和，白天不在家。

4. 健康食品使用心得
    1) 客戶有服用葉黃素、魚油和B群，並習慣在藥局購買保健食品。
    2) 客戶目前正在試用新的葉黃素品牌，並且魚油和葉黃素一起服用。
    3) 客戶提到益生菌已經買了很多，但未提及具體使用心得。
    4) 客戶表示自己有在賣魚油。

5. 禁忌
    1) 客戶未服用骨頭關節相關的保健食品。
    2) 客戶提到熊柏鹿茸相關產品，但未明確表示曾經服用。",1
24634506,女,64.0,新北市永和區,D+,白羊座,7672,否,否,否,否,否,否,是,否,95897.85716,67,19551.428580000003,21,5156.190479999999,5,3958.09524,3,0.0,0,43238.09523,28,15781.90476,17,5156.190479999999,5,3958.09524,3,0.0,0,否,否,否,否,否,否,0,否,否,否,否,否,0,否,否,否,"1. 家庭關係
    1) 客戶提到她的哥哥曾因心血管問題突然去世。

2. 健康狀況
    1) 客戶曾因車禍導致脊椎受傷並有後遺症，醫生建議開刀但她拒絕手術。
    2) 客戶提到最近骨頭狀況沒有改善，且仍有痠痛問題，有時筋骨緊繃或不舒服，關節有時候會有問題。
    3) 客戶表示自己有乾眼症，需要使用藥水點眼睛。
    4) 客戶提到她感冒已經好了。
    5) 客戶表示自己有便秘問題，可能與體質有關。

3. 職業背景
    1) 客戶目前仍在工作，工作室位於住家樓下，方便工作和生活安排。
    2) 客戶的理髮店位於永和，熟悉周邊環境，工作時間通常到晚上八點半，工作較為繁忙。
    3) 客戶提到她正在幫客人訂東西，並表示目前沒有空閒時間。

4. 健康食品使用心得
    1) 客戶曾參加過安利、美樂嘉等直銷活動，並嘗試過多種產品。
    2) 客戶提到她從二十幾歲開始服用保健食品，曾訂購過挺立鈣和B群產品，目前已經購買挺立鈣產品。
    3) 客戶表示她曾購買華陀益生菌並自行服用，但效果不佳。
    4) 客戶提到她曾使用黑木耳搭配黑糖和紅棗煮成飲品，並持續煮四到五個小時。

5. 禁忌
    1) 客戶表示目前不需要購買任何保健食品，因為她已經吃了太多保健品。
    2) 客戶提到她目前不使用漢方益生菌，也不需要相關產品。",1
24637213,女,85.0,台中市潭子區,D,白羊座,7670,否,否,是,是,是,是,是,否,207016.28569,70,89824.76187999998,24,27244.7619,3,15604.7619,1,11640.0,2,148795.2381,26,80189.5238,14,27244.7619,3,15604.7619,1,11640.0,2,否,否,是,否,否,否,1,否,否,否,否,否,0,否,否,否,"1. 家庭關係
    1) 客戶有兩個孩子，均已獨立並在美國生活，其中一位孩子已退伍並每年回國一次。
    2) 客戶有一個大孫女已大學畢業並成為美國人。
    3) 客戶的女兒未婚，有時會陪她住在一起。
    4) 客戶與妹妹同住。
    5) 客戶的母親活到一百多歲。

2. 健康狀況
    1) 客戶目前80歲，能夠進行日常活動如爬樓梯，並喜歡爬山，退休後每週六、日都會爬山。
    2) 客戶有高血壓，家族有高血壓遺傳史，並有在服用高血壓藥。
    3) 客戶曾於去年10月突然暈倒，但檢查未發現問題。
    4) 客戶有白內障，已進行一次手術，九月份需進行另一隻眼睛的手術。
    5) 客戶提到眼睛開刀後很少看電視和廣告。
    6) 客戶提到剛從外面回來時感到頭暈。

3. 職業背景
    1) 客戶曾是公務人員，於國貿部門工作。
    2) 客戶於60歲時退休，退休前每年利用休假去美國一個月。
    3) 客戶曾在美國居住，每年在美國和台灣各住半年，但現在更喜歡台灣的生活。

4. 健康食品使用心得
    1) 客戶每天早上空腹喝一瓶保健品，飯後服用維他命和鈣片，並每天吃一顆魚油和一顆葉黃素，對魚油效果感到滿意。
    2) 客戶每天吃益生菌，並每天喝一杯不加糖、不加牛奶的黑咖啡。
    3) 客戶曾購買過東森的葉黃素產品和自然美保養品，包括積雪草系列產品。
    4) 客戶認為華陀的白藜蘆醇產品很好，但不需要天天飲用。
    5) 客戶曾購買過某品牌的有機荔枝，並表示很好吃。

5. 禁忌
    1) 客戶不吃鴕鳥龜鹿精、燕窩及玻尿酸相關產品。
    2) 客戶的飲食習慣為少量多餐，並避免油膩、過甜或過鹹的食物。
    3) 客戶小心保護自己，避免去人多的地方。",1
24639842,女,57.0,桃園市龜山區,D+,獅子座,7668,否,否,是,否,否,是,是,否,64388.09523,42,24372.38096,15,8703.809529999999,4,2828.57143,1,1808.57143,1,2828.57143,1,2828.57143,1,2828.57143,1,2828.57143,1,0.0,0,否,否,是,否,否,否,0,否,否,否,否,否,0,否,否,否,,1
24641181,女,54.0,新北市淡水區,D+,天秤座,7667,否,否,是,否,否,否,是,否,130364.66669,69,30767.61906,12,5721.90476,2,5657.14286,1,0.0,0,33094.28572,9,22628.57144,4,5657.14286,1,5657.14286,1,0.0,0,否,否,否,否,否,否,0,否,否,否,否,否,0,否,否,否,"1. 家庭關係
    1) 客戶提到家裡有人。
    2) 客戶表示今天沒有出門。

2. 健康狀況
    1) 客戶平常有在使用保護眼睛相關的保健食品，顯示她可能關注眼部健康。

3. 職業背景
    1) 客戶提到她正在上課，可能仍在學習或進修。
    2) 客戶提到她加入東森購物已經有二十年，可能是長期會員或與該平台有長期合作。

4. 健康食品使用心得
    1) 客戶有購買並食用妍美会的綠蜂膠葉黃素保健食品，並表示平常購買保健品較多。
    2) 客戶提到她還有很多葉黃素尚未吃完，顯示她可能對保健食品的使用有一定的規劃。

5. 禁忌
    1) 客戶提到她正在開車或上課時無法接電話，建議避免在此時段聯繫。
    2) 客戶表示她六點以後會再看，並要求專員五六點再打電話給她。",1
24645214,女,59.0,高雄市左營區,C,獅子座,7664,否,否,是,是,否,是,是,否,346479.85715000005,118,140902.85716999997,32,107745.71431,18,62821.90476,4,42152.38098,12,164200.95240999997,32,136218.09527000002,27,104974.28574,16,62821.90475999999,4,42152.38098,12,否,否,否,否,否,否,0,否,否,否,否,否,0,否,否,否,"1. 家庭關係
    1) 客戶有三個小孩，其中一個住在台北，三個女兒中有一位曾在美國念書。
    2) 客戶的家人皮膚狀況很好，毛孔細小且皮膚白皙，但也容易過敏。
    3) 客戶的兩個弟弟曾被送出國。
    4) 客戶提到女兒有過敏問題，且喜歡使用白色口罩。
    5) 客戶的家人有時候會吃益生菌，但不是每天吃。

2. 健康狀況
    1) 客戶曾接受過癌症治療，未服用荷爾蒙藥物導致骨密度下降，對幹細胞產品持保留態度。
    2) 客戶的皮膚屬於敏感性肌膚，容易過敏、乾燥且刺癢，眼睛也較為敏感。
    3) 客戶年輕時皮膚容易過敏，但現在情況有所改善，皮膚狀況不錯，主要使用美白產品。
    4) 客戶的頭髮很短且細，隨著年齡增長變得更細且容易亂。
    5) 客戶每天運動三到四天，但因健身房整修，運動量有所減少。
    6) 客戶本身沒有咳嗽問題，體重約180到190公斤，身高163公分，認為自己算瘦。

3. 職業背景
    1) 客戶曾在國外生活四年多，能適應不同環境。
    2) 客戶提到收件人白天幾乎都在學校，可能是大學任教。

4. 健康食品使用心得
    1) 客戶家中囤積了許多保健品，包括益生菌和葉黃素，部分是先生從美國購買的。
    2) 客戶有服用益生菌，一天一包，家中還有存貨，但家人不常吃。
    3) 客戶曾購買過葉黃素，但對某品牌效果不滿意，家人也認為某品牌效果不明顯，後來選擇購買妍美会品牌的葉黃素五盒組。
    4) 客戶喜歡吃新鮮的紅心芭樂，並注重在家裡多吃水果和蔬菜。

5. 禁忌
    1) 客戶不喝減肥類飲品，也不喝手搖杯飲料，一年喝手搖杯不超過四次。
    2) 客戶對醫美和幹細胞產品持保留態度，認為醫美效果可能不自然且花費時間。
    3) 客戶對某些產品會有過敏反應，需使用專門的卸眼唇產品。
    4) 客戶不考慮購買韓國清華臺的五味子飲料。",1
24646808,女,72.0,基隆市信義區,B,天秤座,7663,否,否,否,是,否,是,是,否,1238267.0000200004,162,438832.38097000006,40,230417.14286,19,188380.9524,7,39199.99998,8,1084284.76196,80,417819.04765,26,216544.76192,12,188380.9524,7,27402.85714,4,是,否,是,是,否,否,1,否,否,否,否,否,0,否,是,否,"1. 家庭關係
    1) 客戶提到家中平時只有一兩個人，但過年期間小朋友都會回來，家裡變得很熱鬧。
    2) 客戶提到小孩本來不想生，後來有了小孩，家裡變得超熱鬧。
    3) 客戶的先生有購買益生菌並且是VIP會員，且有在使用龜鹿二仙膠。
    4) 客戶表示家裡人會一起使用洗髮精。

2. 健康狀況
    1) 客戶表示痠痛感覺變得比較輕微，但仍然存在。
    2) 客戶提到腦部有時候會痛，且疲勞時疼痛會加重。
    3) 客戶認為益生菌對腸胃道代謝有幫助，且排便順暢效果很好。
    4) 客戶有在服用美國廠牌的顧骨頭產品（定狀）及魚油。

3. 職業背景
    1) 客戶目前在辦公室工作，並提到在辦公室裡面覺得比較不冷。

4. 健康食品使用心得
    1) 客戶目前有在吃高纖高鈣特級杏仁粉，並希望再訂購。
    2) 客戶有在使用益生菌，並認為其對腸胃道代謝有幫助，且排便順暢效果很好。
    3) 客戶曾購買過益生菌，並一天服用兩包。
    4) 客戶曾購買過華陀六瓶產品、褐藻相關產品（一次付清）及精粹產品（分期付款）。
    5) 客戶曾使用過台鹽的洗髮精，認為其滋潤效果較好，適合她較乾的頭髮。
    6) 客戶曾使用過精粹產品，但認為價格較高，目前仍在使用。
    7) 客戶提到她有兩台水氧機，但不需要更多。
    8) 客戶表示她有很多精油未使用，並不想再收到精油作為禮物。

5. 禁忌
    1) 客戶不喜歡分期付款，認為每個月都要付錢的感覺不好。
    2) 客戶不想嘗試其他新產品，習慣使用原來的保養品。
    3) 客戶不喜歡袋裝產品，認為容量太少。
    4) 客戶提到母親節禮物時表示不要保健食品。
    5) 客戶提到她不吃龜鹿膠，僅先生有在使用。
    6) 客戶表示她沒有做醫美，認為一般的保養已經足夠。",1
24647436,女,66.0,基隆市仁愛區,B,金牛座,7663,否,否,是,是,否,是,是,否,2207866.71418,746,425970.4762600003,109,101962.85717999992,39,68927.61908999996,19,1508.57143,1,959683.8096800002,201,333471.4286600001,55,61365.71431999999,16,61365.71431999999,16,0.0,0,否,否,否,否,否,否,0,否,否,是,否,否,0,是,否,否,"1. 家庭關係
    1) 客戶的老公現在牙齒不好。
    2) 客戶曾經給老公和兒子一起吃過牛樟芝產品。

2. 健康狀況
    1) 客戶提到有頸椎不一和肩膀退化的問題。
    2) 客戶手上有脂肪瘤，並感覺好像變小了。
    3) 客戶提到有三高問題。
    4) 客戶有膽結石，並認為某種產品對膽結石有幫助。
    5) 客戶表示沒有血糖問題。
    6) 客戶不吃糖。

3. 職業背景
    1) 未提及具體職業背景。

4. 健康食品使用心得
    1) 客戶訂購了兩個加美丸。
    2) 客戶使用過膠丸產品。
    3) 客戶偶爾使用高麗產品。
    4) 客戶之前使用過牛樟芝產品，並給老公和兒子一起食用，且詢問是否還有顧肝的牛樟芝產品。
    5) 客戶曾經使用過扶元堂的枸杞汁，並對其效果有一定了解。
    6) 客戶對葉黃素產品有興趣，並曾經使用過相關產品。
    7) 客戶提到苦瓜胜肽，但未明確表示對其有興趣或認為效果不錯。
    8) 客戶以前使用過日本的B群產品，並覺得對掉髮問題有改善。
    9) 客戶提到澳洲原裝牧羊產品。
    10) 客戶提到紅素紅棗。
    11) 客戶提到之前購買過骨頭相關的產品。
    12) 客戶表示之前購買的美顏產品效果不好。
    13) 客戶提到華陀的產品有時候有效果，有時候沒有。
    14) 客戶提到利康的產品是中藥製成，且價格便宜。

5. 禁忌
    1) 客戶不喜歡蘑菇。",1
24648589,男,62.0,台中市北屯區,D,天蠍座,7662,否,否,是,否,否,是,是,否,292116.23811000003,106,101728.57144,24,9554.28571,5,2838.09524,1,951.42857,1,24045.71429,7,4760.0,2,951.42857,1,0.0,0,951.42857,1,否,否,是,否,否,否,1,否,否,否,否,否,0,否,否,否,"1. 家庭關係
    1) 客戶有一位兒子，兒子目前住在外面，住的是舊公寓，沒有管理員，平常日無法收貨，只有禮拜六放假時才有辦法收貨。
    2) 客戶曾購買葉黃素給太太和孩子，因為他們比較常用電腦。
    3) 客戶的父母曾經食用過顧骨膠，但後來不再食用。

2. 健康狀況
    1) 客戶表示自己不會染頭髮，但會有少量掉髮。
    2) 客戶提到自己比較不常接觸電腦。

3. 職業背景
    1) 客戶目前正在開車，未提及具體職業。

4. 健康食品使用心得
    1) 客戶曾於2018年在東森購買過顧骨膠，並非自己食用，而是買給父母食用，父母後來不再食用。
    2) 客戶最近有購買過維他命D，但目前沒有在吃骨頭保養相關的保健食品。
    3) 客戶有時會服用B群，但並不固定。
    4) 客戶曾購買過葉黃素，但不是自己食用，而是買給太太和孩子。
    5) 客戶平常很少吃保健食品，過往購買的商品中保健食品比例較多，包括骨頭類型、B群類型和眼睛類型的保健食品。

5. 禁忌
    1) 客戶對幹細胞相關產品不感興趣，且很久沒有購買此類產品。
    2) 客戶目前不再食用顧骨膠。",1
24650100,女,76.0,新北市板橋區,D+,天秤座,7662,否,否,否,是,否,是,否,否,748848.0951299998,406,53827.61905,13,45932.38095,8,0.0,0,3599.04762,2,126556.19046,87,8970.47619,5,4732.38095,3,0.0,0,3599.04762,2,否,否,是,否,否,否,0,否,否,否,否,否,0,否,否,否,"1. 家庭關係
    1) 客戶有子女，但子女不在國內，其中一位女兒住在加拿大，會幫她購買保健食品和面膜。
    2) 客戶有孫子，其中一位孫子與她同住，另一位孫子住在加拿大，最大孫子已經十八歲。
    3) 客戶的母親已過世六年，曾為母親購買燕窩。

2. 健康狀況
    1) 客戶75歲，認為年齡增長自然會老化，並提到老化是不可避免的。
    2) 客戶有三高（高血壓、高血糖、高血脂）問題，但表示不怕血壓。
    3) 客戶免疫力強，感冒時不吃藥，讓其自然痊癒，且感冒時不看醫生。
    4) 客戶曾開刀過蘋果肌，並有去醫院複診及看泌尿科的經歷。

3. 職業背景
    1) 客戶對股票投資有興趣，家人也喜歡玩股票，並提到自己有一筆專門用來玩股票的錢。
    2) 客戶曾以低價購買股票，持有十幾年後價值翻倍，並與朋友一起進行股票投資。

4. 健康食品使用心得
    1) 客戶不喜歡吃健康食品，包括魚油等產品，並表示自己很懶得吃保健食品。
    2) 客戶一天只服用一次保健食品，女兒從加拿大購買抗發炎保健品給她，效果讓她精神較好。
    3) 客戶曾購買燕盞作為保健品，但目前仍存放在冰箱中。
    4) 客戶認為益生菌比便秘相關產品更適合解決便秘問題。

5. 禁忌
    1) 客戶不外食，飲食偏向天然食材，不吃保養品或瓶瓶罐罐的營養品。
    2) 客戶不會購買華陀福元堂的產品，並表示朱董的產品不會主動購買。
    3) 客戶不喜歡普洱茶，會將其送人，但喜歡喝高山茶。
    4) 客戶固定使用日本品牌的防曬產品和洗面乳，並由女兒幫忙購買。",1
24656214,女,69.0,新北市三峽區,D+,獅子座,7658,否,否,是,否,否,是,是,否,562193.71427,176,141113.33336000005,71,42510.47617999999,22,20503.80952,7,0.0,0,41993.33332,7,34631.42856,5,10581.90476,1,10581.90476,1,0.0,0,否,否,是,是,否,否,1,否,否,否,否,否,0,否,否,否,"1. 家庭關係
    1) 客戶提到家人曾使用過橄欖油，但後來不再使用。

2. 健康狀況
    1) 客戶患有類風濕關節炎，醫生建議她不能食用與皮類相關的食物。
    2) 客戶提到頭髮變白且變短，覺得比較麻煩，但飲用膠原蛋白後頭髮變得柔軟。
    3) 客戶表示目前健康狀況良好，沒有太大問題需要改善。

3. 職業背景
    1) 客戶目前正在上課，白天較為忙碌，週三至週五下午比較有空，週一、週二、週六、週日通常很忙。
    2) 客戶有時自己開車，有時與司機出門。

4. 健康食品使用心得
    1) 客戶固定食用益生菌和葉黃素，對其效果感到滿意，但目前葉黃素尚有存貨，暫不需要購買。
    2) 客戶曾購買過膠原蛋白產品，對其濃度和效果感到滿意，並認為飲用後頭髮變得柔軟，但價格較高。
    3) 客戶曾購買自然美的口服安瓶（玻尿酸）和賦活膠囊，以及妍美会的葉黃素。
    4) 客戶曾使用過蚓激酶試用品，但因不習慣而未繼續使用。
    5) 客戶考慮購買一款名為加倍定的保健食品，該產品主要功能為保養關節、肌肉和皮膚，並有助於減少購買其他補充品的費用。

5. 禁忌
    1) 客戶不喜歡購買過多產品囤積在家中，會先將舊的保健食品吃完後再購買新的。
    2) 客戶的預算有限，無法接受支付超出預算的一萬多元。
    3) 客戶很少使用LINE，較少在東森購物，主要購買家庭用品和益生菌。
    4) 客戶確認過所有產品，確保無問題後才會購買。",1
24665085,女,58.0,高雄市路竹區,D+,處女座,7654,否,否,否,否,否,是,是,否,174342.47620999996,83,99261.90476999998,53,29978.09525,14,8550.476190000001,3,0.0,0,37924.76189,17,10305.714279999998,8,3808.57143,1,3808.57143,1,0.0,0,否,否,否,否,否,否,0,否,否,否,否,否,0,否,否,否,"1. 家庭關係
    1) 客戶提到保健品都是自己一個人在吃，未提及其他家庭成員的使用情況。

2. 健康狀況
    1) 客戶對於膽固醇問題表示關注，並希望改善膽固醇指數。

3. 職業背景
    1) 未提及客戶的職業背景。

4. 健康食品使用心得
    1) 客戶有在服用益生菌，每天服用一顆，但目前感覺效果不明顯。
    2) 客戶曾使用過一家人品牌的益生菌，起初感覺不錯，但後來效果一般。
    3) 客戶對益生菌產品的效果表示懷疑，擔心是否會對腸胃造成負擔。
    4) 客戶之前購買過葉黃素，目前還有很多存貨。
    5) 客戶表示想再試一試益生菌的效果。

5. 禁忌
    1) 未提及具體禁忌事項。",1
24676302,女,57.0,台中市和平區,C,金牛座,7648,否,否,是,否,否,否,是,否,539288.2857100001,93,177987.61903999996,31,71497.14285000002,12,58342.85713,6,0.0,0,487164.7618999999,64,161239.04761000004,22,62154.28571,7,56838.09522999999,5,0.0,0,否,否,否,否,否,否,1,否,否,否,否,否,0,否,否,否,"1. 家庭關係
    1) 客戶已婚，丈夫身體健康且不使用保養品。
    2) 客戶有多名子女，其中一名女兒曾為她購買葉黃素，另一名孩子於八月份結婚，最小的孩子已有一個小孩。
    3) 客戶提到女兒有時會使用家門口的貨物配送服務。
    4) 客戶計劃購買商品送給婆婆。

2. 健康狀況
    1) 客戶目前56歲，正在經歷更年期，無三高問題。
    2) 客戶從小便秘，需服用軟便劑，並在腸胃科醫生指導下使用。
    3) 客戶有服用治療紅斑性狼瘡的藥物，並每天服用類固醇。
    4) 客戶偶爾感冒，但次數不多，近期有抽筋情況，可能與代謝問題有關。
    5) 客戶眼睛乾澀，並有泌尿道健康問題。
    6) 客戶未接種皮色疫苗和流感疫苗，但已接種肺炎疫苗。

3. 職業背景
    1) 客戶目前閒暇在家，早上有運動一個多小時的習慣。
    2) 客戶表示經濟能力有限，無法購買過多保養品。

4. 健康食品使用心得
    1) 客戶每天服用15至16種保健食品，包括益生菌、葉黃素、玻尿酸、膠原蛋白、B群、魚油、鴕鳥精、土龍精、乳油木果提煉產品等。
    2) 客戶認為益生菌對泌尿道健康和排便有幫助，但曾因服用益生菌出現拉肚子情況，後改用腸胃科醫生開的軟便劑。
    3) 客戶認為玻尿酸對眼睛乾澀有幫助，並搭配多喝水以增強效果。
    4) 客戶認為葉黃素有助於眼睛保養，建議飯後服用，每日一顆，眼睛疲累時可加至每日兩顆。
    5) 客戶認為B群對神經健康有幫助，魚油則有抗發炎效果。
    6) 客戶曾服用膠原蛋白產品，認為其對皮膚和身體支撐有幫助。
    7) 客戶有規律服用鴕鳥精和土龍精，並認為皮膚因口服安瓶有所改善。
    8) 客戶曾購買含木鱉果和葉黃素的保健食品，認為有助於眼睛保養。
    9) 客戶近期購買了五盒保健食品，認為可使用五個月。

5. 禁忌
    1) 客戶避免食用高熱量、油炸食品及過於油膩的食物，飲料僅喝循環運動飲料。
    2) 客戶醫生建議軟便劑不可長期使用。
    3) 客戶無法再增加新的保健食品。",1
24683661,男,74.0,苗栗縣竹南鎮,Z,巨蟹座,7644,否,否,否,否,否,否,是,否,148901.80950000003,47,77099.04762,6,2838.09524,1,2838.09524,1,0.0,0,90133.33333,8,75600.0,4,2838.09524,1,2838.09524,1,0.0,0,否,否,是,否,否,否,0,否,否,否,否,否,0,否,否,否,"1. 家庭關係
    1) 客戶提到家裡有人會自己煮東西吃。
    2) 客戶提到家裡有人會自己決定想吃什麼就買什麼。
    3) 客戶之前購買的龜鹿膠是給老媽吃的。

2. 健康狀況
    1) 客戶已經70歲。
    2) 客戶表示他沒有抽菸，喝酒也很少。

3. 職業背景
    1) 無相關資訊。

4. 健康食品使用心得
    1) 客戶有購買過粒線體相關的保健食品。
    2) 客戶提到想購買日本優立強產品，並計劃先購買一組讓老人家試用。
    3) 客戶之前購買的龜鹿膠是給老媽食用。

5. 禁忌
    1) 客戶表示不會購買人蔘產品。
    2) 客戶目前暫時沒有購買五味子產品的需求。",1
24688260,女,62.0,台南市中西區,B,射手座,7642,否,否,是,是,否,是,是,否,467286.8095299999,185,78590.47619999999,14,55046.66668,10,29503.80952,4,25542.857160000003,6,241357.1429,82,78590.4762,14,55046.66668,10,29503.80952,4,25542.857160000003,6,否,否,是,否,否,否,0,否,否,否,否,否,0,否,否,否,"1. 家庭關係
    1) 客戶有一位兒子，目前在國外生活。
    2) 客戶的母親81歲，曾因跌倒導致腳踝骨裂，需手術治療，並患有骨質疏鬆症，導致骨骼癒合困難，目前已回家休養。
    3) 客戶的母親有時會感到寒冷，需要使用保暖設備。
    4) 客戶的兒子曾與朋友一起過中秋節。
    5) 客戶的母親有時會去打麻將。

2. 健康狀況
    1) 客戶目前61歲，曾罹患子宮頸癌，已接受手術治療。
    2) 客戶的膽固醇值從263降至223，通過運動改善健康，已持續運動約半年。
    3) 客戶有排便困難問題，並每天服用中藥粉幫助腸胃排便。
    4) 客戶不吃西藥，主要服用中藥。
    5) 客戶目前在家中，並提到外面的手搖飲口感不佳。

3. 職業背景
    1) 客戶是東森的精選會員，已超過二十年。
    2) 客戶提到需要他人幫助完成加入東森購物平台的操作。

4. 健康食品使用心得
    1) 客戶目前食用美國品牌的NMN保健品，已服用兩年，認為其具有抗老化、抗癌、抗消炎、保護眼睛和骨頭等功能，並能促進黑髮生長。
    2) 客戶每年購買一年的NMN保健品，花費約六萬多元，並在空腹時服用。
    3) 客戶選擇食用益生菌是因吸收問題，目前自己食用，朋友未食用，之前購買過藍色的益生菌產品。
    4) 客戶認為粉狀的膠原蛋白效果最好。
    5) 客戶目前食用一款美國保健品，效果很好，吃兩天就能看到細紋減少。

5. 禁忌
    1) 客戶不吃西藥，主要服用中藥。
    2) 客戶提到目前家中還有四瓶青春露，暫時不需要再購買。",1
24688521,女,70.0,台北市南港區,Z,金牛座,7642,是,否,否,是,是,是,是,否,593876.90474,86,207801.9047600001,32,57100.95239,11,15320.95238,3,11390.4762,2,566512.3809400001,66,196560.00000000003,25,47096.19049,5,10581.90476,1,11390.4762,2,否,否,是,否,否,否,1,否,否,否,否,否,0,否,否,否,"1. 家庭關係
    1) 客戶家中有九人，其中八個是大人，一個是小孩，包含四大一小共五人住在一起。
    2) 客戶的家人每週一和週四晚上回來吃飯，其他時間不住在一起。
    3) 客戶的孫子正在上小學，家中其他孩子則在上高中或國中。
    4) 客戶的媽媽曾輕微中風，客戶早上曾陪媽媽去做檢查。
    5) 客戶提到姐姐很少接電話。

2. 健康狀況
    1) 客戶每年進行健康檢查，並有高血壓的慢性處方簽。
    2) 客戶提到糖化血糖太高，並表示飯要少吃，現在很多東西都不能吃。
    3) 客戶腳痛，曾早上去看醫生。
    4) 客戶強調骨頭健康很重要，並提到傷口癒合後才能泡溫泉，建議至少一年後再去。
    5) 客戶一天泡四次溫泉，認為可以促進血液循環。
    6) 醫生建議客戶可以吃香蕉來補充鉀離子。

3. 職業背景
    1) 客戶從事服務人員相關工作，並提到一天曾去上課。
    2) 客戶每月領取一萬七千多元的收入。

4. 健康食品使用心得
    1) 客戶家中有保健食品，但尚未開始食用。
    2) 客戶之前購買過幹細胞產品，但因使用後感到不舒服，想要退掉。
    3) 客戶之前購買過粒線體產品，數量為四盒，目前使用的產品快吃完。
    4) 客戶對葉黃素產品的興趣無法確定，並提到葉黃素產品很多都送人。
    5) 客戶對陳美鳳代言的土龍龜鹿精產品的使用情況無法確定。
    6) 客戶購買了一組包含七盒的產品，金額為一萬一千一百一十一元，選擇分十二期付款，無利息。
    7) 客戶對新產品的價格和紅利點數折扣有了解，並詢問產品有效期及食用方式。
    8) 客戶曾購買東森幣，並詢問其使用期限。
    9) 客戶經常看電視購物，提到東森購買的產品是自己買的。

5. 禁忌
    1) 客戶提到糖化血糖太高，不能吃某些食物，並表示飯要少吃，現在很多東西都不能吃。
    2) 客戶提到沒有飲食禁忌，什麼都吃，可能與前述內容有矛盾。",1
24702892,男,46.0,桃園市龍潭區,Z,獅子座,7635,否,否,是,否,否,否,是,否,247726.99996,61,90757.14283,11,71373.33331,8,70962.85712,7,0.0,0,83885.71426000001,9,79352.38093,8,62380.95236,6,62380.95236,6,0.0,0,是,否,否,否,否,否,1,否,否,否,否,否,0,否,否,是,"1. 家庭關係
    1) 客戶已婚，與太太共同生活。
    2) 客戶有兩個兒子，其中一個就讀基隆的學校，另一個就讀茗傳大學，兩人均住在外面。
    3) 客戶負擔大兒子的生活費和租金，因其被當掉幾科，目前未打工。
    4) 客戶提到家人上週購買了防曬產品。

2. 健康狀況
    1) 客戶有高血壓，並正在服用降血壓藥物。
    2) 客戶眼睛有乾澀症狀。
    3) 客戶太太近期確診高血壓並開始服用藥物。
    4) 客戶太太曾接受PRP治療以改善膝蓋退化問題。

3. 職業背景
    1) 客戶從事水電工作，需到處跑，尚未退休。
    2) 客戶表示目前正在上班，平常早上都在外面活動，晚上比較有時間接電話。

4. 健康食品使用心得
    1) 客戶目前服用葉黃素，按照建議早上服用，並提到去年十一月份曾購買一組葉黃素產品，目前尚未吃完。
    2) 客戶曾購買魚油產品，包括古堡品牌、西班牙頂級魚油以及大一升級魚油，並表示自己有吃過魚油作為保養品。
    3) 客戶提到平時都有在吃保健品，包括葉黃素和其他產品，每天都會喝保健品並按照說明服用。
    4) 客戶表示魚油是其配偶在食用，而非自己。

5. 禁忌
    1) 客戶未服用其他營養保健食品或醫生開的藥。
    2) 客戶偏好在台塑生醫官網購買商品以確保安全，並提到自己在蝦皮購買商品較多。",1
24706115,女,56.0,高雄市岡山區,Z,天蠍座,7633,否,否,否,否,否,是,是,否,298990.19046,100,140040.95239000002,37,14713.33334,3,14466.66667,2,246.66667,1,182902.85715,24,130694.28572,16,14713.33334,3,14466.66667,2,246.66667,1,否,否,是,否,否,否,0,否,否,否,否,否,0,否,否,否,"1. 家庭關係
    1) 客戶與女兒及一歲四個月大的孫子同住，家中還有一隻狗。
    2) 客戶的先生曾因血管爆裂住院163天，期間住過加護病房並昏迷，後來恢復意識，目前在家休養，有外籍看護協助照顧，需定期到醫院進行治療。
    3) 客戶的先生因視神經受損導致視力受影響，無法看到五官，且有放棄治療的情緒，現在由客戶負責開車。
    4) 客戶的兒子已婚，有兩個孩子，經常出差到大陸，並使用行動支付。
    5) 客戶的兒子和妹妹住在小港，兩人住得很近。
    6) 客戶的孫子年齡為一歲四個月，客戶考慮為孫子購買葉黃素和鈣補充劑。
    7) 客戶家中有燕子築巢已超過三十年。

2. 健康狀況
    1) 客戶有皮膚敏感和過敏問題，對多種物品過敏，皮膚容易乾癢，天氣變化和灰塵會加重過敏症狀。
    2) 客戶免疫力較差，壓力大，擔心健康狀況，並表示感冒時會流鼻涕和咳嗽。
    3) 客戶有定期進行健康檢查，頻率約為一年一次，目前無三高問題，無胃潰瘍或其他胃部問題。
    4) 客戶已接種三次疫苗，認為肺活量需要通過運動恢復，並傾向於通過運動和調養保持健康，而非依賴藥物。

3. 職業背景
    1) 客戶目前仍在工作，提到需要做報表。
    2) 客戶每週有兩到三天參加會議，並參與財務組活動，曾代表財務組上台報告。
    3) 客戶曾賣掉房子並將資金投入基金以獲取每月被動收入。

4. 健康食品使用心得
    1) 客戶有服用益生菌，每天一到兩顆，認為排便情況有所改善，但覺得價格較高。
    2) 客戶有服用幹細胞產品，通常早晚各兩顆，認為幹細胞產品改善了抵抗力，減少感冒和過敏，但最近未服用。
    3) 客戶有服用鈣片、葉黃素、B群、維骨力、維他命C、氨基酸、粒線體產品和褐藻，但認為吃太多保健食品效果不明顯。
    4) 客戶對氨基酸產品的味道不滿意，家中尚有存貨未使用完。
    5) 客戶曾使用過直銷品牌的保養品，但因過敏停止使用，認為直銷產品價格較高。
    6) 客戶曾在美容院接受美白針和外泌體療程，對效果有一定滿意度。
    7) 客戶認為安瓶產品保濕效果一般，太濃的產品吸收不好會感到黏膩。

5. 禁忌
    1) 客戶對酸味食物和天氣冷熱、灰塵較為敏感，容易引起過敏。
    2) 客戶在農曆期間減少使用美白和抗皺保養品。
    3) 客戶不喜歡佩戴珠寶。",1
24706869,女,64.0,宜蘭縣宜蘭市,C,處女座,7633,否,否,是,否,否,是,是,否,54330.2381,18,35056.19047,8,12332.38095,4,11380.95238,3,951.42857,1,35056.19047,8,35056.19047,8,12332.38095,4,11380.95238,3,951.42857,1,否,否,否,否,否,否,0,否,否,否,否,否,0,否,否,否,,1
24715499,女,69.0,台北市士林區,C,摩羯座,7628,否,否,是,否,否,是,是,否,214018.47616,99,83665.71428000001,35,42707.619040000005,13,24955.23809,3,0.0,0,54422.85713999999,9,29359.04761,4,21163.80952,2,21163.80952,2,0.0,0,否,否,是,否,否,否,0,否,否,否,否,是,0,否,否,否,"1. 家庭關係
    1) 客戶提到她是單身，沒有配偶。

2. 健康狀況
    1) 客戶提到她的膝蓋現在很好。
    2) 客戶表示她的皮膚狀況很好。
    3) 客戶目前沒有在服用慢性處方藥。
    4) 客戶提到她目前沒有定期進行身體檢查，因為認為自己沒有健康問題。

3. 職業背景
    1) 客戶未提及具體職業背景。

4. 健康食品使用心得
    1) 客戶有固定食用保健品的習慣，目前每天食用兩顆活泉精華，且已接近用完。
    2) 客戶有食用葉黃素，並從不同平台購買不同品牌交替食用。
    3) 客戶曾經食用過玻尿酸產品，但對效果尚不確定。
    4) 客戶表示曾經食用過鹿胎盤產品，但忘記品牌名稱。
    5) 客戶提到目前食用的保健品種類已經很多，並且已減少購買其他保健品。

5. 禁忌
    1) 客戶目前沒有購買衛生紙的需求，認為價格太高，且家中存量充足。
    2) 客戶表示她目前沒有想購買的東西，並且不需要其他產品。
    3) 客戶提到她已經有固定使用的保養品，因此不再購買其他保養品。",1
24716099,女,80.0,台北市中山區,D,雙魚座,7628,否,否,否,否,否,是,否,否,79744.3333,66,32680.95236,26,10035.23809,10,0.0,0,3007.61905,4,1521.90476,4,760.95238,3,760.95238,3,0.0,0,0.0,2,否,否,否,否,否,否,0,否,否,否,否,否,0,否,是,否,,1
24716578,男,89.0,澎湖縣馬公市,D+,射手座,7628,否,否,否,否,否,是,否,否,124696.23809,51,7117.142849999999,8,5595.23809,6,0.0,0,951.42857,1,20359.999980000004,23,5517.142849999999,7,3995.23809,5,0.0,0,951.42857,1,否,否,是,否,否,否,0,否,否,否,否,否,0,否,否,否,"1. 家庭關係
    1) 客戶的父親已去世，享年八十幾歲。
    2) 客戶家中目前只有她一人居住。
    3) 客戶的兒子負責購買衛生紙。
    4) 客戶的女兒擁有很多保養品，並且是某公司的產品，但不吃某些保健食品。

2. 健康狀況
    1) 客戶提到自己年紀大了，已經六十歲，並表示有挺多障礙。
    2) 客戶愛美，可能對健康及外貌有一定的關注。

3. 職業背景
    1) 客戶目前每個月有現金師傅來，可能與財務管理或工作相關。
    2) 客戶正在開車，並帶某人去醫院看醫生，顯示其生活中有一定的活動性。

4. 健康食品使用心得
    1) 客戶平常有在吃葉黃素，但都是普通品牌，去年曾訂購過葉黃素產品。
    2) 客戶提到補氣的產品以及蔓越莓相關內容，可能有使用或了解。
    3) 客戶的媽媽使用葡眾的產品，並覺得效果很好。

5. 禁忌
    1) 客戶通常喝白開水，較少喝其他飲品。
    2) 客戶的女兒不吃某些保健食品。",1
24720546,女,64.0,新北市淡水區,C,雙魚座,7625,否,否,是,否,否,否,是,否,75785.38096,41,11704.76191,5,5657.14286,2,5657.14286,2,0.0,0,20704.76191,5,7923.80953,3,5657.14286,2,5657.14286,2,0.0,0,否,否,否,否,否,否,0,否,否,否,否,否,0,否,否,否,,1
24722302,女,69.0,屏東縣牡丹鄉,D,摩羯座,7624,否,否,否,否,否,否,是,否,48995.2381,33,2834.28572,2,1417.14286,1,1417.14286,1,0.0,0,17958.09524,6,2834.28572,2,1417.14286,1,1417.14286,1,0.0,0,否,否,是,否,否,否,0,否,否,否,否,否,0,否,否,否,,1
24728961,女,62.0,嘉義縣太保市,Z,處女座,7620,是,否,是,否,否,否,是,否,260755.61897,172,33624.76187,19,570.47619,1,570.47619,1,0.0,0,105567.09519,45,33624.76187,19,570.47619,1,570.47619,1,0.0,0,否,否,否,否,否,否,0,否,否,否,否,否,0,否,否,否,"1. 家庭關係
    1) 客戶曾離婚，目前獨居，子女住在國外或由前夫照顧，與子女關係疏遠，部分子女對她關心有限。
    2) 客戶有三個小孩，分別是八歲、六歲和四歲，曾幫忙照顧女兒的月子。
    3) 客戶的母親已過世，生前行動不便，需看護協助，客戶曾主要照顧母親。
    4) 客戶的伴侶在台北工作，伴侶的父母住在台東，行動不便且健康狀況不佳。

2. 健康狀況
    1) 客戶有急性心肌梗塞病史，曾接受心導管手術，目前服用心悸藥和抗焦慮藥。
    2) 客戶患有鼻竇炎，曾多次手術，目前復發，需服藥並可能開刀。
    3) 客戶有五十肩問題，定期施打玻尿酸治療，肩膀發炎影響日常生活。
    4) 客戶因車禍導致膝蓋骨折、髖關節疼痛及左手撕裂傷，行動不便，需長期休養。
    5) 客戶有胃食道逆流、乾眼症及骨刺問題，需注意飲食及健康管理。
    6) 客戶曾兩次確診新冠肺炎，近期感冒未癒，免疫力下降，睡眠品質不佳。

3. 職業背景
    1) 客戶曾在全聯工作，目前經營一家餐廳，工作時間長，每天上班12至14小時。
    2) 客戶曾計劃考取腸道健康及長照相關證照，並參與CPR和AED訓練。
    3) 客戶曾因工作問題與公司發生糾紛，涉及年終獎金爭議，並考慮重新規劃職業方向。

4. 健康食品使用心得
    1) 客戶服用益生菌、燕窩液態保養品及葉黃素，認為益生菌有助於體態維持及改善過敏性體質。
    2) 客戶使用膠原蛋白飲品及骨關節保養品，認為有助於骨頭修復及傷口癒合。
    3) 客戶曾購買白蘭氏、三得利及華陀的保健食品，並表示效果良好。

5. 禁忌
    1) 客戶因胃食道逆流避免食用刺激性食物及咖啡，並因犯太歲避免吃牛肉。
    2) 客戶因健康問題需避免過度運動及搬重物，並使用防水透氣膠帶保護傷口。",1
24733877,女,58.0,屏東縣里港鄉,D,摩羯座,7618,否,否,否,否,否,是,是,否,171371.3333,128,40356.19043,31,17962.857120000004,13,2456.19047,2,0.0,0,10098.09523,7,7269.523799999999,6,760.95238,1,0.0,0,0.0,0,否,否,是,否,否,否,0,否,否,否,否,否,0,否,否,否,"1. 家庭關係
    1) 客戶有小孩，且小孩已經在上班。
    2) 客戶提到她昨天訂購了一個商品，但回家後女兒對此表示不滿。

2. 健康狀況
    1) 客戶58歲，接近退休年齡。
    2) 客戶有心臟疾病，正在服用心臟的處方藥，醫生建議不要隨便服用其他保健食品。
    3) 客戶曾服用魚油，但因醫生建議已停止。
    4) 客戶平時有服用酵素，主要用於幫助排便。
    5) 客戶有在服用挺立鈣。

3. 職業背景
    1) 客戶目前從事保險產業。
    2) 客戶有時候會請同事幫忙購買保健品。

4. 健康食品使用心得
    1) 客戶之前購買過膠原蛋白產品，目前有在服用膠原蛋白，形式為粉狀，並詢問過飲用時間是否可以飯前或飯後。
    2) 客戶之前購買過紅麴相關產品，但尚未食用。
    3) 客戶之前在平台購買了很多組葉黃素，但表示都沒有吃。
    4) 客戶有在喝發泡錠和B群，但目前還有存貨未喝完。
    5) 客戶剛購買了一組B群，價格為一千五。
    6) 客戶有在使用膠原蛋白產品，並已訂購膠原飲且開始飲用。
    7) 客戶提到安利葡萄糖胺的乳清蛋白不能用熱水沖泡，會破壞營養素。

5. 禁忌
    1) 客戶因服用心臟的處方藥，醫生建議不要隨便服用其他保健食品。
    2) 客戶認為一次支付太多錢會有壓力。",1
24735181,男,80.0,台北市中正區,D,雙魚座,7617,否,否,否,否,否,否,是,否,224136.85719,98,20897.142859999996,15,3043.80952,4,0.0,0,0.0,0,31949.523790000003,22,15716.190470000003,12,3043.80952,4,0.0,0,0.0,0,否,否,否,否,否,否,0,否,否,否,否,否,0,否,否,否,"1. 家庭關係
    1) 客戶與家人同住。
    2) 客戶表示這幾天不在家，但家裡有人可以代收貨物。

2. 健康狀況
    1) 客戶提到自己有固定進行健康檢查，並由醫生提供建議。
    2) 客戶平常不會出去走走。

3. 職業背景
    1) 客戶提到目前很忙，可能正在忙碌中，無法參與活動。
    2) 客戶尚未使用東森提供的現金券，並希望查看東森的目錄及收到相關簡訊。

4. 健康食品使用心得
    1) 客戶曾購買葉黃素，但未明確表示是否每天服用，後來表示自己不吃葉黃素，也未使用相關產品。
    2) 客戶表示目前不需要高單位的B群產品。

5. 禁忌
    1) 客戶不喜歡使用粒線體激活再生安瓶，認為不必要且不喜歡此類產品。
    2) 客戶表示不吃素食，偏好混合菜色的年菜。",1
24736456,男,65.0,基隆市中山區,D+,水瓶座,7616,否,否,否,否,否,否,是,否,200886.85713,22,14180.95238,3,3771.42857,1,3771.42857,1,0.0,0,11333.33333,2,11333.33333,2,3771.42857,1,3771.42857,1,0.0,0,否,否,否,否,否,否,0,否,否,否,否,否,0,否,否,否,,1
24739444,女,62.0,新北市汐止區,C,雙魚座,7615,否,否,是,否,否,是,是,否,424164.7618999999,229,113314.28576,52,44525.71429,14,13314.28571,2,0.0,0,56597.14285,7,14180.95238,3,13314.28571,2,13314.28571,2,0.0,0,否,否,是,否,否,否,0,否,否,否,否,否,0,否,否,否,"1. 家庭關係
    1) 客戶需要煮飯給兒子吃，顯示她與兒子同住。
    2) 客戶的老公每天都有食用保健品。

2. 健康狀況
    1) 客戶表示不想吃太多藥物類的東西。
    2) 客戶從未進行過打針或幹細胞療法。

3. 職業背景
    1) 未提及具體職業背景。

4. 健康食品使用心得
    1) 客戶有使用粉末型膠原蛋白，但很少喝膠原蛋白或使用玻尿酸產品。
    2) 客戶之前購買過龜鹿產品，但因味道問題未繼續食用，龜鹿二仙膠目前還有剩餘。
    3) 客戶家中益生菌有存貨，且家人都有在食用。
    4) 客戶對善存銀五十歲以上的產品有興趣。
    5) 客戶曾在八月購買過腰果。
    6) 客戶剛在藥局購買了兩盒葉黃素，但未提及是否有持續使用。
    7) 客戶提到台糖保養品、韓國精華產品及台鹽產品，但未明確表示是否購買或使用過。

5. 禁忌
    1) 客戶表示不需要B群和葉黃素等保健食品。
    2) 客戶不想吃太多藥物類的東西。",1
24744092,女,65.0,高雄市岡山區,Z,雙子座,7612,否,否,否,否,否,是,否,否,286038.28568,188,52671.42855999999,30,20560.95238,12,0.0,0,0.0,0,47980.95235,25,17476.19047,7,3495.23809,2,0.0,0,0.0,0,否,否,是,否,否,否,0,否,否,否,否,否,0,否,否,否,"1. 家庭關係
    1) 客戶是一位64歲的女性，家庭主婦。
    2) 客戶有小孩，並提到小孩要下班了。
    3) 客戶有孫子，曾提到去台北帶孫子。
    4) 客戶的家人最近在台北忙於搬家。

2. 健康狀況
    1) 未提及具體健康問題，但有購買健康食品，顯示對健康有一定關注。

3. 職業背景
    1) 客戶是家庭主婦，平時在家煮菜。
    2) 客戶的朋友開了一家美容院，她經常使用朋友美容院的產品。

4. 健康食品使用心得
    1) 客戶經常購買苦茶油、橄欖油、葵花油和葡萄籽油，顯示對健康油品的偏好。
    2) 客戶曾購買玄米油，但尚未使用完相關點數，並詢問是否還有奧利塔的玄米油。
    3) 客戶曾購買苦瓜多肽銘產品，通常三個月會用掉六瓶。
    4) 客戶較少購買養生芝麻多谷飲，通常選擇堅果飲。
    5) 客戶曾購買茶葉，但因品質不佳而停止購買。

5. 禁忌
    1) 客戶對於產品品質有一定要求，曾因茶葉品質不佳而停止購買。
    2) 客戶目前在外面，無法處理相關事宜，顯示其對購物的時間安排有一定限制。",1
24744578,女,56.0,台中市潭子區,C,天秤座,7612,否,否,是,否,否,是,是,否,149742.19045999998,85,33569.52379,17,13287.619039999998,3,13287.619039999998,3,0.0,0,18792.380939999995,5,18031.42856,4,13287.619039999998,3,13287.619039999998,3,0.0,0,否,否,是,否,否,否,0,否,否,否,否,否,0,否,否,否,,1
24747810,女,52.0,台南市佳里區,C,射手座,7610,否,否,是,是,否,是,是,否,169229.57143,45,75682.85714,11,72665.71427999999,9,52342.85715,4,16951.42857,2,72665.71428,9,72665.71427999999,9,72665.71427999999,9,52342.85715,4,16951.42857,2,否,否,是,否,否,否,0,否,否,否,否,否,0,否,否,否,"1. 家庭關係
    1) 客戶提到她與家人關係良好。
    2) 客戶與家人一起食用葉黃素。
    3) 客戶的媽媽對燕窩產品不感興趣。

2. 健康狀況
    1) 客戶的皮膚比較敏感，但使用含有積雪草成分的試用包後感覺不會過敏，效果不錯。
    2) 客戶目前的膚質適合簡單保養，並擔心美容油用在臉上會太油。

3. 職業背景
    1) 無相關資訊。

4. 健康食品使用心得
    1) 客戶有飲用鱸魚精，對其味道和效果表示滿意。
    2) 客戶有食用葉黃素，並與家人一起食用。
    3) 客戶有食用魚油，包括白蘭氏送的魚油和華陀的魚油，並表示有時一天吃兩顆，有時吃一顆，目前還剩幾罐。
    4) 客戶提到磷蝦油可以在感冒時服用。
    5) 客戶之前購買過粒線體產品，感覺效果還好，並表示該產品是她自己在喝，先生沒有一起喝。
    6) 客戶之前購買過紅棗核桃產品，並再次訂購了兩組，總金額為2360元。

5. 禁忌
    1) 客戶目前不需要使用玻尿酸。
    2) 客戶對積雪草的了解較少，但使用相關產品後無過敏反應。
    3) 客戶目前保養品應該還夠用，暫時不需要購買自然美的產品。",1
24752621,女,62.0,台中市大甲區,D,雙子座,7607,否,否,否,否,否,是,是,否,85460.00000000001,48,28150.4762,14,6601.90476,4,570.47619,1,6031.42857,3,570.47619,1,570.47619,1,570.47619,1,570.47619,1,0.0,0,否,否,否,否,否,否,0,否,否,否,否,否,0,否,否,否,"1. 家庭關係
    1) 無相關資訊。

2. 健康狀況
    1) 客戶年齡為62歲，為女性。
    2) 客戶目前沒有固定在食用B群或葉黃素。

3. 職業背景
    1) 客戶目前在工廠工作，工作時間較長。
    2) 客戶因工作原因，經常不方便接聽電話或參加活動。

4. 健康食品使用心得
    1) 客戶知道PPLS產品，並提到其類似於眼睛的產品。
    2) 客戶曾購買過白蘭氏的產品。

5. 禁忌
    1) 無相關資訊。",1
24754274,女,70.0,新北市鶯歌區,D,白羊座,7606,否,否,否,否,否,否,是,否,191843.04763,141,1513.33333,2,1513.33333,2,570.47619,1,0.0,0,2456.19047,3,1513.33333,2,1513.33333,2,570.47619,1,0.0,0,否,否,是,否,否,否,0,否,否,否,否,否,0,否,否,否,,1
24760496,女,68.0,新北市中和區,Z,雙子座,7602,否,否,是,否,否,是,是,否,266655.23814000003,117,48428.57144,19,15276.19048,7,8009.52381,3,0.0,0,22891.428570000004,6,13053.33333,3,2847.61905,1,0.0,0,0.0,0,否,否,是,否,否,否,0,否,否,否,否,是,0,否,是,否,"1. 家庭關係
    1) 未提及相關內容。

2. 健康狀況
    1) 未提及相關內容。

3. 職業背景
    1) 未提及相關內容。

4. 健康食品使用心得
    1) 客戶曾購買過華陀品牌的氏菌體液和益生菌產品。
    2) 客戶喜歡吃粉狀的保健食品。
    3) 客戶尚未開始食用益生菌，因為家裡還有存貨。

5. 禁忌
    1) 未提及相關內容。",1
24766332,女,59.0,台中市后里區,C,天秤座,7598,否,否,否,是,否,是,是,否,679596.9047100001,297,95641.90475999998,25,26989.52381,5,21313.33333,3,5676.19048,2,359027.61906,67,74550.47619,12,26989.52381,5,21313.33333,3,5676.19048,2,否,否,是,否,否,否,0,否,否,否,否,否,0,否,否,否,"1. 家庭關係
    1) 客戶家中有長輩，但長輩不吃購物台購買的保健食品，因擔心其真實性。
    2) 客戶提到她的公婆已經不在了。
    3) 客戶的女兒每天食用葉黃素，並表示眼睛感覺比較不乾。

2. 健康狀況
    1) 客戶有白內障問題，並有時感覺骨頭關節不太舒服。
    2) 客戶血糖偏高，血糖值通常在100上下波動，健康檢查時血糖為6.5，尚未服用糖尿病藥物。
    3) 客戶平時沒有定期量血壓或血糖，主要在健康檢查時測量。
    4) 客戶沒有在服用處方藥物。

3. 職業背景
    1) 客戶從事傳統行業，所在公司員工不多，工作環境不便於長時間通話。
    2) 客戶工作繁忙，經常加班，下午通常在上班，無法參加直播或健康講座。

4. 健康食品使用心得
    1) 客戶曾購買過葉黃素、蚓激酶、顧骨膠、參鹿膠囊、萬壽元及鴕鳥精等保健食品，但部分產品未使用或已過期。
    2) 客戶目前每天食用一顆葉黃素，女兒每天食用兩顆，並表示女兒食用後眼睛較不乾。
    3) 客戶對葉黃素的效果有興趣，並已購買一年份，選擇分十二期付款。
    4) 客戶對山苦瓜在血糖管理方面的效果感興趣。
    5) 客戶需要每天早晚各食用一顆蚓激酶，並曾購買過該產品。
    6) 客戶曾購買過萬壽元，一天食用一顆。

5. 禁忌
    1) 客戶被建議葉黃素一天不要超過兩顆，且不要一次性服用兩顆。
    2) 客戶對於保養品不太了解，且很少使用保養品。",1
24769402,女,65.0,台北市信義區,C,處女座,7596,否,否,否,是,否,是,是,否,228312.90473,60,165514.28569000002,39,29321.90476,9,23372.38094,5,1798.09524,1,153034.28569000002,30,148710.47616999998,28,25638.09523,7,23372.38094,5,0.0,0,否,否,是,否,否,否,0,否,否,否,否,否,0,否,否,否,"1. 家庭關係
    1) 客戶有一位女兒，目前居住在新加坡。
    2) 客戶的父親曾經服用過芝麻明E加蜂王乳和和力他命，對這些產品反應良好，但父親容易皮膚過敏。

2. 健康狀況
    1) 客戶目前64歲，體重約57公斤，目標是再減重5公斤，但曾提到體重為99公斤，可能存在矛盾。
    2) 客戶容易發胖，認為體重增加與飲食有關，並提到如果不出遊，體重會下降較快。
    3) 客戶的血糖偏高，三酸甘油酯尚未達到可以減半西藥的程度。
    4) 客戶有肩頸痠痛問題，曾服用蚓激酶改善症狀，但目前已停止使用。
    5) 客戶提到有一隻眼睛有問題，但未詳細說明。
    6) 客戶提到睡眠改善效果不佳。

3. 職業背景
    1) 客戶未提及具體職業，但提到自己最近有些忙碌。
    2) 客戶有打牌的習慣，每次金額約220元。

4. 健康食品使用心得
    1) 客戶長期服用益生菌，每天服用兩顆，認為益生菌有助於排便順暢並減少發胖。
    2) 客戶曾服用幹細胞產品，認為其有助於代謝，但對睡眠改善效果不佳，目前每天服用兩顆。
    3) 客戶曾服用蚓激酶，認為其對肩頸痠痛有幫助，但已停止使用。
    4) 客戶有服用薑黃作為保健食品，並曾購買魚油、鈣片、白藜蘆醇等產品。
    5) 客戶曾購買過林心如代言的產品，但效果不佳。
    6) 客戶認為吃太多保健食品可能不好，並提到飯前服用某些產品會導致胃不適，因此改為飯後服用。
    7) 客戶對葉黃素膠囊、維生素C和綜合維他命的定狀產品不適應，會引起胃部不適和胸悶。
    8) 客戶曾購買過燕窩、鹿胎盤素等產品，並對幹細胞產品和益生菌的效果表示滿意。
    9) 客戶曾將幹細胞產品和蚓激酶分享給朋友，但朋友反映幹細胞產品效果不明顯。
    10) 客戶是華陀品牌的VIP，長期使用該品牌的益生菌和幹細胞產品。

5. 禁忌
    1) 客戶對葉黃素膠囊、維生素C和綜合維他命的定狀產品不適應，會引起胃部不適和胸悶。
    2) 客戶避免飯前服用保健品，改為飯後服用以減少胃不適。",1
24778389,女,85.0,新北市淡水區,C,處女座,7590,否,否,否,是,否,是,是,否,264699.66672000004,136,85921.90477,31,43973.333340000005,13,17142.85714,1,19630.4762,5,89404.76189999998,29,42599.99999,10,29543.80952,4,17142.85714,1,10581.90476,1,否,否,否,否,否,否,0,否,否,否,否,否,0,否,否,否,"1. 家庭關係
    1) 客戶有孫子，孫子已經三十歲。
    2) 客戶的最小孩子是60年次出生。
    3) 客戶的兒媳婦和女兒會購買東西並送回家。
    4) 客戶提到有人員幫忙處理家務。

2. 健康狀況
    1) 客戶虛歲八十五歲，實歲八十四歲。
    2) 客戶有血糖和血壓問題，血壓控制在120到130之間，糖化血色素在6.3到6.8之間。
    3) 客戶腎臟較弱，並有胃酸問題。
    4) 客戶一天喝約2000毫升的水，體重約為66到67公斤。
    5) 客戶平常飲食有節制，知道該吃什麼、不該吃什麼。
    6) 客戶平常只吃三餐，並在家裡做運動來保持健康。

3. 職業背景
    1) 客戶年輕時曾經練習瑜伽，現在則在家裡自己活動。

4. 健康食品使用心得
    1) 客戶之前有喝過枸杞原汁，但覺得太甜，不喜歡喝，目前家中還有存貨。
    2) 客戶提到家裡還有很多苦茶油。
    3) 客戶去年五月曾購買回春高和護腰保養品。
    4) 客戶吃幹細胞產品後出現排尿不順的情況，因此不敢繼續服用。
    5) 客戶目前沒有在吃枸杞原汁、顧骨頭素食產品或使用面膜、幹細胞產品。

5. 禁忌
    1) 客戶表示現在不能隨便吃藥。
    2) 客戶目前不需要購買保健品、保養品、燕窩禮盒或東森購物的商品。",1
24786950,男,70.0,台南市安南區,Z,處女座,7585,否,否,是,否,否,是,是,否,686600.23792,434,179857.14275999993,91,39949.5238,23,28208.57143,13,2727.61905,2,173767.61904000005,55,81505.71424999995,23,942.85714,1,0.0,0,0.0,0,否,否,否,否,否,否,1,否,否,否,否,是,0,是,否,否,"1. 家庭關係
    1) 客戶有兩個孩子。
    2) 客戶的父母有在服用益生菌。

2. 健康狀況
    1) 客戶有高血壓，並且有在服用處方藥物。
    2) 客戶排便不太順暢。
    3) 客戶目前沒有定期進行大腸鏡檢查。
    4) 客戶目前沒有在服用三高的西藥。

3. 職業背景
    1) 客戶以前從事外銷相關工作。

4. 健康食品使用心得
    1) 客戶有購買並使用葉黃素、益生菌等保健食品。
    2) 客戶之前有購買過幹細胞相關的保健品。
    3) 客戶提到益生菌膠囊，為藍色包裝的一種。
    4) 客戶購買了干貝醬。

5. 禁忌
    1) 客戶每月進行醫美相關保養，可能需注意相關產品的成分是否與其高血壓處方藥物有交互作用。
    2) 客戶有高血壓，需避免食用高鹽分或可能影響血壓的食品。",1
24787670,女,59.0,新北市新店區,Z,雙魚座,7584,否,否,否,否,否,是,是,否,46090.85713,28,23324.7619,16,1886.66666,2,0.0,0,0.0,0,942.85714,1,942.85714,1,942.85714,1,0.0,0,0.0,0,否,否,否,否,否,否,0,否,否,否,否,否,0,否,否,否,"1. 家庭關係
    1) 客戶與家人住在一起。
    2) 客戶的兒子是軟體工程師，工作需要長期坐著且耗腦力，且工作時間較長。

2. 健康狀況
    1) 客戶有早上運動的習慣。
    2) 客戶過年前進行了健康檢查，並表示目前沒有服用慢性處方簽的藥物。

3. 職業背景
    1) 客戶的兒子是工程師，專注於軟體開發。

4. 健康食品使用心得
    1) 客戶有使用保健食品，主要用於保養和營養補充，而非針對關節問題。
    2) 客戶目前在服用加拿大品牌的保健品，包含大豆異黃酮，該產品連孕婦都可以食用。
    3) 客戶曾購買骨關節保健品，但目前家裡還有備用的保健食品，因此暫時不需要購買新的。
    4) 客戶的兒子服用魚油，該產品也是客戶購買的。

5. 禁忌
    1) 客戶表示目前不需要購買燕窩禮盒。
    2) 客戶曾購買洗衣精和洗碗精，但對洗衣精的效果不滿意。",1
24798365,男,67.0,台北市萬華區,D+,天蠍座,7577,否,否,是,否,否,是,是,是,77079.04764,50,37340.95237,9,21045.71428,3,17142.85714,1,0.0,0,22800.0,2,22800.0,2,17142.85714,1,17142.85714,1,0.0,0,否,否,是,否,否,否,0,否,否,否,否,否,0,否,否,否,,1
24805455,女,60.0,新北市中和區,B,摩羯座,7572,否,是,是,否,否,是,是,否,507780.95241,117,236870.47623999996,48,57328.57144,13,41709.52382000001,7,0.0,0,400695.80955,71,195975.23814,28,53062.85716,11,39805.71430000001,6,0.0,0,否,否,是,否,否,否,0,否,否,否,否,否,0,否,否,否,"1. 家庭關係
    1) 客戶與家人同住，家中有佛堂，信仰一貫道。
    2) 客戶的媽媽曾購買過十幾萬的遠紅外線能量床，家人也使用過價值一萬多元的產品。

2. 健康狀況
    1) 客戶的膽固醇、血壓、血脂偏高，建議每三個月抽血檢查。
    2) 客戶最近睡眠不好，睡眠時間通常為五到七小時，晚上睡前會起來上廁所一到兩次。
    3) 客戶有腰痛問題，目前正在接受能量治療。
    4) 客戶每天都有上廁所，偶爾會吃西藥。
    5) 客戶有運動習慣，但有時會忘記運動。

3. 職業背景
    1) 客戶目前已經退休。
    2) 客戶有時候會參與志工活動。
    3) 客戶目前正在上課。

4. 健康食品使用心得
    1) 客戶是素食者，偶爾食用素食幹細胞產品和代餐，但表示沒有特別的感覺。
    2) 客戶有在吃益生菌（建議飯前食用）、速速通和梅託洛全效金梅（建議晚上吃兩顆），以及顧血管的產品，但因為吃的東西太多，常常吃不完。
    3) 客戶吃過很多保健食品，但覺得效果不明顯，且不喜歡瓶瓶罐罐的產品。

5. 禁忌
    1) 客戶不喜歡厚重的保暖產品。
    2) 客戶對於價格較高的產品較為敏感，認為花太多錢不行。
    3) 客戶對減肥產品沒有特別興趣。",1
24808365,女,56.0,新北市板橋區,Z,處女座,7570,否,否,否,是,否,是,否,否,26953.47619,11,12709.52381,5,5588.57143,2,0.0,0,2838.09524,1,7539.047619999999,3,2838.09524,1,2838.09524,1,0.0,0,2838.09524,1,否,否,否,否,否,否,0,否,否,否,否,否,0,否,否,否,"1. 家庭關係
    1) 客戶有兩個小孩，是兩個孩子的母親。
    2) 客戶表示葉黃素是全家一起使用的保健品。

2. 健康狀況
    1) 客戶有老花眼，度數約為兩百左右，但眼睛狀況目前還好，沒有霧霧或乾澀的問題。
    2) 客戶幾乎全白頭髮，可能是遺傳因素導致。
    3) 客戶的睡眠狀況還不錯。

3. 職業背景
    1) 客戶目前工作地點在台北市，工作時間較晚，通常七點下班，八點左右才能回家。
    2) 客戶的工作與電腦密切相關，幾乎整天都在使用電腦。
    3) 客戶曾從事會計方面的工作，後來因二度就業遇到找工作的困難，並提到超過45歲的年齡在辦公室工作中不受歡迎。
    4) 客戶在工作場合曾與經理發生爭吵，並因此被公司投訴，需要回去解釋相關情況。

4. 健康食品使用心得
    1) 客戶曾使用海洋新產的亮睛亮組膠原蛋白產品，但目前已停止使用，並表示膠原飲效果不佳。
    2) 客戶暫時不考慮購買葉黃素或膠原蛋白產品，因為效果不一定符合期待，且最近有四千元的支出。
    3) 客戶考慮使用東森幣購買粒線體相關產品。

5. 禁忌
    1) 客戶表示不需要加購葉黃素或魚油。
    2) 客戶最近不急於購買電風扇，並表示會留意相關優惠。",1
24825841,女,60.0,台東縣鹿野鄉,Z,金牛座,7557,否,否,否,否,否,是,是,否,29999.23808,16,6807.6190400000005,6,2075.23809,2,1123.80952,1,951.42857,1,3969.5238,4,3969.5238,4,2075.23809,2,1123.80952,1,951.42857,1,否,否,是,否,否,否,0,否,否,否,否,否,0,否,否,否,,1
24839807,男,55.0,新北市中和區,D+,白羊座,7546,否,否,否,否,否,否,是,否,48987.61906,19,29577.14285,11,26748.571420000004,9,19980.95238,2,0.0,0,17142.85714,1,17142.85714,1,17142.85714,1,17142.85714,1,0.0,0,否,否,否,否,否,否,0,否,否,否,否,否,0,否,否,否,,1
24850382,女,68.0,高雄市三民區,C,獅子座,7539,否,否,是,是,否,是,是,否,497590.95236000005,185,91062.85714,41,64785.714280000015,23,47758.09524,10,3588.57143,2,354540.95237,88,56840.95238000002,19,35790.47619,6,33232.38095,3,0.0,0,否,否,否,否,否,否,0,否,否,否,否,否,0,否,否,否,"1. 家庭關係
    1) 客戶的媽媽最近去世，這段時間狀態不太好。
    2) 客戶有一個女兒，女兒會購買保健品和寄東西給她，並負責購買家庭用品如衛生紙。
    3) 客戶提到有小孩，早上需要送小孩去讀書，並計劃帶小朋友去清境農場度假。
    4) 客戶的朋友有兩個兒子是醫生。

2. 健康狀況
    1) 客戶目前身體健康，但提到自己年紀大了，需要運動以避免肌少症。
    2) 客戶有敏感性膚質，對於使用新產品較為謹慎。
    3) 客戶目前在醫院，並提到最近狀態不太好。

3. 職業背景
    1) 客戶已經退休。
    2) 客戶提到自己有運動習慣，並有去健身房運動。

4. 健康食品使用心得
    1) 客戶有在服用B群，但提到買了一盒還沒開始吃，並詢問一天的劑量。
    2) 客戶有服用仁丹，目前每天服用一包，之前是一天兩包，並提到包裝與之前購買的不同。
    3) 客戶提到一定要服用益生菌，但之前購買的益生菌效果不明顯，目前計劃購買一組試用。
    4) 客戶曾訂購粒線體產品，早上起床空腹時搭配兩三百cc的水飲用，對效果感覺一般，認為需要再喝一段時間才能確定。
    5) 客戶曾購買過日本妍美会的產品。
    6) 客戶之前購買的雞精是給媽媽喝的，自己也有喝過，但現在已經沒有在訂購。
    7) 客戶表示目前只想先試一個療程的保健品，喝完後再考慮是否繼續購買。

5. 禁忌
    1) 客戶表示沒有購買燕窩的需求。
    2) 客戶提到以前有吃黑米，但因小朋友不吃，現在比較少吃。
    3) 客戶提到有很多精油還未開封使用。",1
24852751,女,60.0,新北市林口區,E,水瓶座,7537,否,否,否,是,否,是,否,否,379963.52371,203,87828.57138,46,36295.23807000001,17,0.0,0,8095.2381,1,83009.52378999999,23,24796.19046,8,11104.7619,3,0.0,0,8095.2381,1,否,否,是,否,否,否,0,否,否,否,否,否,0,否,否,否,"1. 家庭關係
    1) 客戶提到家中有警衛。
    2) 客戶過年通常在家裡吃烏魚子。

2. 健康狀況
    1) 客戶有慢性病，已服用醫生開的藥三到四年。
    2) 客戶因健康問題，醫生建議不能服用保健食品，包括魚油等產品。
    3) 客戶曾在手背上打過玻尿酸，但因健康問題醫生建議不能再打。
    4) 客戶年紀較大，對健康問題更加關注。

3. 職業背景
    1) 客戶提到自己住在領口並有練做。
    2) 客戶表示自己比較忙，外食較多，很少在家裡開火。

4. 健康食品使用心得
    1) 客戶幾乎每天服用益生菌，偏好粉狀益生菌而非膠囊型態。
    2) 客戶最近購買了很多益生菌，目前存貨充足，曾詢問是否有臺塑生技的蔓越莓益生菌。
    3) 客戶不吃營養食品，也不使用健康食品，並表示需要遵循醫生建議。

5. 禁忌
    1) 客戶因健康問題，醫生建議不能服用保健食品，包括魚油等產品。
    2) 客戶不使用防曬產品。",1
24853605,男,75.0,桃園市龜山區,B,天蠍座,7537,否,否,是,否,否,是,是,否,2130729.714299999,546,416639.04761000007,81,112180.00001000002,15,110294.28572,14,0.0,0,1690980.0,276,359145.71425,51,108584.76191000004,13,108584.76191000002,13,0.0,0,是,否,否,否,否,否,0,否,否,否,否,否,0,否,否,否,"1. 家庭關係
    1) 客戶家中有四個人，包括三個小孩，其中兩個在國外，一個住院，還有一位孫子。
    2) 客戶提到女兒年輕，年齡約在二十至三十歲之間，能力很強且有工作，曾經離婚。
    3) 客戶提到小孩目前讀三年級，另一位小孩今年十年級，年齡約十二歲。
    4) 客戶提到全家人住在一起，並且全家人會一起玩遊戲到晚上十一點多。
    5) 客戶提到小孩代謝能力快，會自己開電風扇，並計劃帶小朋友去綠心牧場看動物。

2. 健康狀況
    1) 客戶有血糖偏高的問題，糖化血色素數值為6.4至6.82，空腹血糖值為115至128，並有服用降血糖藥物。
    2) 客戶有腸胃炎病史，冬天血液循環較差，並每年需花費數萬元進行總關節炎相關治療。
    3) 客戶表示目前沒有高血壓，血壓正常，曾有高血脂但已控制下來。
    4) 客戶有慢性處方簽，定期進行健康檢查，包括血糖和腎功能檢測，每三個月檢查一次。
    5) 客戶提到不吃水果，因為升糖指數高，並提到最近吃泡麵會造成水腫。

3. 職業背景
    1) 客戶目前未提及具體職業，但表示每月固定花費約兩萬元，並租用停車場，每月租金為兩千元。
    2) 客戶提到目前還在台北轉站，並表示二十五號有人會先過去，二十六號早上要出門。

4. 健康食品使用心得
    1) 客戶有服用多種保健食品，包括苦瓜胜肽、葉黃素、活泉幹細胞、南瓜籽油、龜鹿膠、褐藻糖膠、蚓激酶、滑精量身產品等。
    2) 客戶每天服用四顆保健食品，固定吃苦瓜胜肽和益生菌，苦瓜胜肽一天服用四顆，早晚各兩顆，感覺筋骨比較不會痛。
    3) 客戶每天吃兩顆葉黃素，早晚各一次，感覺眼睛有比較亮，家中葉黃素尚未開封，且未完全使用。
    4) 客戶曾服用活泉幹細胞產品，感覺效果穩定，並曾使用九胜肽產品。
    5) 客戶提到媳婦曾使用過印加果油，且對特定品牌有偏好。
    6) 客戶表示曾服用蚓激酶保健品，效果穩定血糖，並曾購買褐藻糖膠，使用時間約為三至四年前。
    7) 客戶提到滑精量身產品效果沒有特別改變，感覺一樣。

5. 禁忌
    1) 客戶不喜歡某些保健品的味道，影響使用意願，並不喜歡芝麻湯圓。
    2) 客戶不喜歡刷卡支付，選擇貨到付款方式。
    3) 客戶提到對於單人套餐超過三千元的餐飲沒有消費經驗，並對舉辦的活動如跳舞、唱歌等不感興趣。
    4) 客戶對口罩過敏，不習慣佩戴口罩。",1
24864508,女,58.0,高雄市大寮區,D+,白羊座,7528,否,否,否,否,否,否,是,否,133337.61905,46,15394.28571,5,12647.61905,1,12647.61905,1,0.0,0,53640.95239,10,14441.90476,4,12647.61905,1,12647.61905,1,0.0,0,否,否,否,否,否,否,0,否,否,否,否,否,0,否,否,否,"1. 家庭關係
    1) 客戶提到她的先生也可以一起使用益生菌。
    2) 客戶購買的益生菌主要是給先生食用，因為先生之前有排便不順的問題。
    3) 客戶提到她先生已經習慣食用韓國的益生菌。

2. 健康狀況
    1) 客戶表示她不一定每天排便，但至少兩天內會排便一次。
    2) 客戶提到她之前購買過褐藻糖膠，主要是為了解決氣管不順的問題。
    3) 客戶目前不需要物理性防曬產品，因為皮膚過敏。

3. 職業背景
    1) 客戶提到她現在還在忙，未提及具體職業。

4. 健康食品使用心得
    1) 客戶已經開始服用挺立鈣，但之前曾忘記服用，並選擇加購一組挺立鈣加強錠。
    2) 客戶提到她之前在購物台購買過日常用品、葉黃素和幹細胞等保健品，幹細胞產品是購物台前五名的產品。
    3) 客戶目前沒有在使用葉黃素。
    4) 客戶提到她想購買益生菌，並希望益生菌能夠改善腸道健康。
    5) 客戶提到她最近有在交流堅果，並想購買萬歲牌的小包裝堅果。

5. 禁忌
    1) 客戶目前不需要保養品。
    2) 客戶目前不需要物理性防曬產品，因為皮膚過敏。",1
24867358,女,49.0,宜蘭縣羅東鎮,D,天秤座,7526,否,否,是,否,否,否,是,否,90056.80948999999,48,12291.42857,8,1140.95238,2,1140.95238,2,0.0,0,15578.09523,7,1711.42857,3,1140.95238,2,1140.95238,2,0.0,0,否,否,是,否,否,否,0,否,否,否,否,否,0,否,否,否,,1
24870002,女,77.0,台中市大肚區,Z,天蠍座,7524,是,否,否,否,否,是,是,否,331335.19044000003,121,69954.28571999999,13,12747.61905,3,0.0,0,12048.57143,2,275444.76193000004,75,68312.38096,11,12048.57143,2,0.0,0,12048.57143,2,否,否,是,否,否,否,0,否,否,否,否,否,0,否,否,否,"1. 家庭關係
    1) 客戶有兒子和媳婦，兒子已經上班，媳婦每天工作，兩人曾幫忙購買商品。
    2) 客戶有一名孫女，目前一歲三個月大，健康狀況良好，但語言發展稍慢，四個月大時進入托嬰中心，現在仍在托嬰中心。
    3) 客戶平時在週六和週日會照顧孫女，幫她洗澡、餵食。
    4) 客戶的母親健康狀況不佳，生活品質差，脾氣壞，需調血壓，曾因肺部發炎住院，目前已拔掉尿管，但不太認識人。
    5) 客戶的妹妹堅持不開刀治療乳癌，選擇中藥和氣功，導致病情惡化。
    6) 客戶的妹妹的丈夫非常疼愛她。
    7) 客戶和四五個姐妹每週會探望住在安養中心的朋友。
    8) 客戶的家人曾從美國回來。
    9) 客戶家中有一隻八歲的中型犬，活動力很好，需注意保暖，還有一隻妹妹的狗需要幫忙照顧。

2. 健康狀況
    1) 客戶有高血壓、糖尿病、血糖偏高、尿酸偏高和心臟病等慢性病，並有家族遺傳的高血壓和心臟病。
    2) 客戶曾因乳癌開刀，進行了六次化療，但未完成十二次療程。
    3) 客戶年紀大了，體力變差，記憶力和反應能力逐漸變差，感冒持續了一個月才好，目前仍有咳嗽症狀。
    4) 客戶已接種六劑疫苗，每年進行健康檢查，醫生建議改為每年追蹤一次。
    5) 客戶每天進行30至40分鐘的人工運動。

3. 職業背景
    1) 客戶目前在台中營業。
    2) 客戶的助理每年更換一次。

4. 健康食品使用心得
    1) 客戶目前服用鈣片、B群、葉黃素、益生菌和魚油等保健食品，從58歲開始服用。
    2) 客戶曾考慮停止服用某種保健食品以觀察效果。
    3) 客戶訂購了一盒氨基酸產品，計劃從七號開始服用，並已收到產品，剛開始飲用時覺得味道苦，後來習慣了。
    4) 客戶認為三得利的產品高檔，且一瓶即可滿足需求，目前使用三得利的橘色小瓶保養品。
    5) 客戶曾使用歐系面霜，現在使用自然美品牌保養品，並認為效果不錯。

5. 禁忌
    1) 客戶不能吃甜食和某些特定食物。
    2) 客戶不吃魚類和水生動物。
    3) 客戶控制飲食，避免大量進食和面食。",1
24876214,女,58.0,桃園市桃園區,B,金牛座,7519,否,是,是,否,否,是,是,否,544209.38105,181,370080.95241,107,133983.80952000004,20,110438.09524,5,7297.14285,3,213858.09524,29,184715.23811000003,21,122397.14286000002,12,110438.09523999998,5,2171.42857,1,否,否,否,否,否,否,0,否,否,否,否,否,0,否,否,否,"1. 家庭關係
    1) 客戶提到她沒有與父母同住。
    2) 客戶表示家中應該有人可以幫忙代收快遞。

2. 健康狀況
    1) 客戶提到現在吃東西吃不了那麼多，腸胃沒以前那麼好。
    2) 客戶的皮膚是混合性膚質，額頭和臉頰比較乾，但其他地方會出油。
    3) 客戶提到有時候吃太多保健品也不好。

3. 職業背景
    1) 客戶目前在醫院上班，工作很忙碌，屬於正常生活。
    2) 客戶表示不需要談論自己的工作行業。

4. 健康食品使用心得
    1) 客戶曾購買過活泉幹細胞產品，並對其效果表示認可，該產品為膠囊形式，用口服代替注射。
    2) 客戶之前有買保健食品給長輩吃。
    3) 客戶對燕窩產品有興趣，並考慮購買一組作為母親節禮物，去年也曾購買過燕窩產品。
    4) 客戶之前訂購過萬歲牌純堅果，並再次訂購兩箱。
    5) 客戶提到目前還在使用之前購買的洗髮精，並表示該產品蠻好用的。
    6) 客戶認為美容產品需要使用一段時間才能看到效果，但未明確表示感興趣。

5. 禁忌
    1) 客戶表示不需要購買葉黃素產品。
    2) 客戶不打算購買平安米，因為朋友最近給了她一些其他的。
    3) 客戶提到不喜歡分期付款，選擇一次性付款。",1
24879793,女,72.0,桃園市八德區,D+,巨蟹座,7517,否,否,是,是,否,是,是,否,2323037.90484,452,382948.5714399997,84,139383.80953999987,39,118570.47620999996,17,0.0,0,1279358.0952799998,153,301507.61902,25,105642.85712,10,98595.23809,4,0.0,0,否,否,是,否,否,是,0,否,否,否,否,否,1,是,否,否,"1. 家庭關係
    1) 客戶與先生共同經營醫美中心，兩人目前過著簡單的生活，彼此互不干擾，先生在家中較為依賴客戶。
    2) 客戶有一個兒子和兩個孫子，兒子目前未婚，住在公司附近，喜歡與朋友出國旅行，對菇類食品有排斥，並且每天食用益生菌、魚油和南瓜籽等保健食品。
    3) 客戶的孫女即將上大學，另一個孫子/孫女即將上高中。
    4) 客戶的家人配合她的素食習慣，家中飲食以素食為主，過年和中秋節時全家會在家聚餐，並準備素食火鍋和水果。
    5) 客戶的父母已過世，生日或母親節時會與兄弟姐妹聚餐，一年約三到四次。

2. 健康狀況
    1) 客戶年輕時因搬重物導致身體受損，現在健康狀況不佳，並有感冒未癒的情況。
    2) 客戶有氣喘病史，曾透過食用花旗蔘保養，現已康復。
    3) 客戶晚上偶爾會抽筋，食用黑芝麻醬後有所改善。
    4) 客戶的先生年輕時有氣喘，近期因氣候原因出現咳嗽，並有關節疼痛問題，需早上做伸展運動和按摩緩解。
    5) 客戶注重健康，生活簡單，飲食清淡，避免炸物，並認為健康比外表重要。

3. 職業背景
    1) 客戶與先生共同經營醫美中心，並表示做生意多年，與客戶合作基於信任，許多交易為口頭約定。
    2) 客戶曾是公務人員，現已退休，每月領取不到兩萬元的養老金，並曾用公保一次領的錢購房。

4. 健康食品使用心得
    1) 客戶吃素，對全素保健食品有需求，喜歡膠原產品，並認為保健品不能持續吃，需間隔食用。
    2) 客戶對黑木耳露效果滿意，認為有助於排便和健康，家中常備多瓶，並會送人。
    3) 客戶曾購買過蜂王乳、薑黃粉、全素B群、白藜蘆醇等產品，並對薑黃粉和黑胡椒粉搭配椰子油的飲用方式感到滿意。
    4) 客戶喜歡天然材料製作的保養品，並自製面膜和護髮產品，效果良好。
    5) 客戶對健康食品價格敏感，認為部分產品過於昂貴，適合有經濟能力的人。

5. 禁忌
    1) 客戶吃素，無法食用含葷的保健食品，如鱸魚精和葷的黑木耳露。
    2) 客戶不喜歡緊身衣物，偏好寬鬆自在的服裝，並不在意名牌。
    3) 客戶不喜歡陌生人到家中，通常只接待親友，並希望配送時間在下午五點以前。
    4) 客戶不使用藥局的健康食品，偏好天然食材，並避免使用西藥。
    5) 客戶不喜歡分期付款，僅在特定情況下接受。",1
24893850,女,69.0,新北市中和區,D+,射手座,7507,否,否,否,否,否,是,否,否,16708.47618,12,6619.04762,3,5676.19048,2,0.0,0,5676.19048,2,5676.19048,2,5676.19048,2,5676.19048,2,0.0,0,5676.19048,2,否,否,否,否,否,否,0,否,否,否,否,否,0,否,否,否,"1. 家庭關係
    1) 未提及具體家庭成員或關係。

2. 健康狀況
    1) 未提及具體健康狀況。

3. 職業背景
    1) 客戶已退休，之前在學校工作。

4. 健康食品使用心得
    1) 未提及健康食品使用心得。

5. 禁忌
    1) 未提及具體禁忌。",1
24894277,女,66.0,高雄市仁武區,D+,金牛座,7507,否,否,否,是,否,是,否,否,85023.76191,43,41712.38096,19,20874.28572,9,0.0,0,10418.09525,4,5676.19048,1,5676.19048,1,5676.19048,1,0.0,0,5676.19048,1,否,否,是,否,否,否,0,否,否,否,否,是,0,否,否,否,,1
24898034,男,62.0,高雄市三民區,D+,摩羯座,7505,否,否,否,否,否,否,是,否,58488.57145,27,33598.09525,11,17590.47619,4,11314.28571,1,0.0,0,16971.42857,2,16971.42857,2,11314.28571,1,11314.28571,1,0.0,0,否,否,否,否,否,否,0,否,否,否,否,否,0,否,否,否,,1
24902639,女,53.0,台中市南區,D+,巨蟹座,7502,否,否,是,否,否,否,是,否,151101.57145,50,33647.61904,6,20837.14285,2,20837.14285,2,0.0,0,60048.57143,11,30808.57142,5,20837.14285,2,20837.14285,2,0.0,0,否,否,是,否,否,否,0,否,否,否,否,否,0,否,是,否,"1. 家庭關係
    1) 客戶提到葉黃素的消耗量大約是一到兩個人使用，但使用頻率不高。

2. 健康狀況
    1) 客戶提到她已經在幾個月前接種了疫苗。
    2) 客戶表示對益生菌有需求，特別是針對腸胃不好的情況進行保養。

3. 職業背景
    1) 客戶提到她目前正在上班，無法詳細討論購買事宜。

4. 健康食品使用心得
    1) 客戶之前購買過葉黃素，但因為買太多，目前還有剩餘，尚未吃完，消耗速度較慢，久久才會吃完再購買。
    2) 客戶之前購買過益生菌，但不太喜歡其味道，特別是漢方益生菌。
    3) 客戶曾購買舒暢益生菌，主要是為了腸胃保養。
    4) 客戶對日本仁丹的產品有興趣。

5. 禁忌
    1) 客戶不使用舒酸定牙膏。
    2) 客戶表示不習慣接到直銷電話，若有需求會自行上網或主動聯繫。",1
24913321,男,65.0,桃園市中壢區,D+,巨蟹座,7494,否,否,是,否,是,是,是,否,153254.28566000002,56,94179.99996000004,37,21691.42857,6,16000.0,1,2647.61905,1,99219.99997,41,88211.42855000001,29,21691.42857,6,16000.0,1,2647.61905,1,否,否,否,是,否,否,0,否,否,否,否,否,0,否,否,否,"1. 家庭關係
    1) 客戶提到太太有排便不順的問題，曾購買保健品給太太食用，效果不錯。
    2) 客戶表示會詢問配偶是否需要購買葉黃素。
    3) 客戶提到家裡有很多面膜和防曬用品，且太太自己製作保養品。

2. 健康狀況
    1) 客戶表示自己腸道排便狀況良好。
    2) 客戶提到眼睛有乾澀的問題，並使用某產品後感覺臉部不再過於乾燥。
    3) 客戶提到自己有低血糖的情況，醫生建議不要一次吃太多。

3. 職業背景
    1) 客戶表示目前尚未退休。
    2) 客戶是一位64歲男性會員。

4. 健康食品使用心得
    1) 客戶曾購買葉黃素保護眼睛，目前尚未吃完，並表示上次購買的益生菌也尚未吃完，認為不需要再購買。
    2) 客戶選擇粉末狀益生菌，認為其效果較快。
    3) 客戶表示家中有使用魚油、磷蝦油以及血管硬化相關保健食品。
    4) 客戶提到家裡有很多健康食品，包括魚油、牛樟芝和折護寶，有些未使用過期被丟掉。
    5) 客戶曾使用玻尿酸產品，並表示效果很好。

5. 禁忌
    1) 客戶表示尚未使用金山美的三色零產品。
    2) 客戶提到家裡有很多洗髮精，目前暫時不需要再購買。
    3) 客戶提到芒果的價格合理且外觀漂亮，表示會再訂購。",1
24915550,女,71.0,台中市北屯區,B,獅子座,7493,否,否,是,是,否,是,是,否,1465618.00021,205,645996.1905799999,93,152500.00003000002,28,139200.00004,17,4446.666660000001,3,1314947.6192200002,150,609341.9048500003,74,141474.28574999998,20,139200.00003999998,17,1894.28571,2,否,否,是,否,否,否,0,否,否,否,否,否,0,否,否,否,"1. 家庭關係
    1) 客戶有兩個兒子，其中一個兒子在小學三年級，並有朋友在同年級。
    2) 客戶的先生經濟狀況良好，但不吃她提供的保健品，選擇維骨力。
    3) 客戶有兩位年長的長輩，分別為89歲和91歲。
    4) 客戶的孫子有養寵物。
    5) 客戶幾乎每天與家人聚會，並會購買產品給家人和長輩使用。

2. 健康狀況
    1) 客戶有三高（高血壓、高血脂）和甲狀腺低下的健康問題，並有服用相關藥物。
    2) 客戶年輕時曾患腎炎，現在需服用固腎藥物。
    3) 客戶以前有乾眼症，需早晚點眼藥水，但現在不再需要，可能是葉黃素或幹細胞的效果。
    4) 客戶提到掉頭髮的現象有所改善，白頭髮的生長速度變慢。
    5) 客戶提到晚上起來上廁所的頻率減少，可能是膀胱功能改善。
    6) 客戶家中有人有血糖高的問題。
    7) 客戶對於產品的安全性和衛福部的防護措施表示關注。

3. 職業背景
    1) 客戶的職業是老師，但對親友隱瞞了自己的實際工作。
    2) 客戶早上在家工作，下午需外出上班，工作相關事宜讓她感到心煩。

4. 健康食品使用心得
    1) 客戶長期購買健康食品，包括幹細胞產品、益生菌、鴕鹿鈣、玻尿酸、葉黃素、三膠原、蚓激酶等，並對部分產品效果持正面看法。
    2) 客戶認為幹細胞產品、葉黃素和三膠原對健康有幫助，幹細胞產品改善了膀胱功能，葉黃素可能改善了乾眼症。
    3) 客戶對褐藻糖膠的功能表示認可，但因存貨多而感到困擾。
    4) 客戶對於益生菌產品的效果感到滿意，並有長期使用習慣。
    5) 客戶對於玻尿酸產品的效果有感，並連續三年購買，但目前停止使用，認為吃的東西太多。
    6) 客戶對於能量床墊的效果感興趣，但對價格有考量。
    7) 客戶對於東森的產品有興趣，並認為價格較便宜。
    8) 客戶提到使用歐樂B衝牙機後，牙齦出血情況改善，對其效果滿意。

5. 禁忌
    1) 客戶不希望購買太多健康食品，對於囤貨感到害怕，並認為退貨壓力大。
    2) 客戶對於價格較高的產品有猶豫，並傾向於選擇價格較便宜的產品。
    3) 客戶對於折扣和優惠券的使用不太清楚，並希望總價不要超過一萬元。
    4) 客戶對於直播和線上說明會不感興趣，因為時間與工作衝突。
    5) 客戶對於產品的防偽標籤和成分差異表示關注，並對價格差異較大的產品持保留態度。",1
24915678,女,60.0,台北市松山區,D,處女座,7493,否,否,否,否,否,是,是,否,262737.85714,109,103011.42857,25,94589.5238,16,0.0,0,90971.42857,12,82539.99999,11,82539.99999000001,11,81304.76189,8,0.0,0,78447.61903999999,5,否,否,是,是,否,否,0,否,是,否,否,否,0,否,是,否,"1. 家庭關係
    1) 客戶目前單身，沒有配偶、男朋友或小孩，並養了三隻寵物。
    2) 客戶曾經談過一段24年的感情，但沒有結果，之後單身了11年。
    3) 客戶是一位經濟獨立的女性，認為女人無論如何都要經濟獨立。
    4) 客戶曾幫伴侶在北京處理財產，但未拿到任何金錢。

2. 健康狀況
    1) 客戶提到自己有免疫問題，因此不太能吃某些產品。
    2) 客戶重感冒，並與合作廠商的會計聯絡。
    3) 客戶表示她的皮膚需要養出來，並提到保養品的使用方式。
    4) 客戶無法食用人蔘產品，因為食用後會有不良反應。
    5) 客戶不吃魚油。

3. 職業背景
    1) 客戶經營補習班，並將其視為舒壓的地方。
    2) 客戶從事投資理財工作，且已經做了很久。
    3) 客戶提到她在眼科忙碌，因此比較沒有時間看其他事情。
    4) 客戶最近非常忙，需趕單並開會，並提到過年前也很忙。

4. 健康食品使用心得
    1) 客戶表示自己已經使用幹細胞產品八年。
    2) 客戶使用藍鑽產品幾天後感覺效果不錯。
    3) 客戶提到她朋友從加拿大回來，帶了一些健康相關的產品。
    4) 客戶表示她不需要葉黃素，因為朋友從國外帶回來很多葉黃素，目前家中還有存貨。

5. 禁忌
    1) 客戶無法食用人蔘產品，因為食用後會有不良反應。
    2) 客戶提到自己有免疫問題，因此不太能吃某些產品。",1
24919570,女,70.0,新北市中和區,C,天蠍座,7490,否,否,是,否,否,是,是,否,541515.71435,155,133532.38098,28,55772.380950000006,7,55332.380950000006,6,0.0,0,334115.23812,78,104007.61906,17,55332.380950000006,6,55332.380950000006,6,0.0,0,否,否,是,否,否,否,1,否,否,否,否,否,0,否,否,否,"1. 家庭關係
    1) 客戶有一位女兒，女兒最近常去日本，並購買和力他命，且即將去日本讀航空學校，正在準備語言考試和面試。
    2) 客戶有兩位孫子，其中一位正在日本讀書，另一位是高三學生，正在準備大學考試。
    3) 客戶有一位幼稚園的小孫子需要照顧，因此無法陪女兒去日本。
    4) 客戶的老公曾使用某產品，並表示效果很好，且有建議購買目前的產品。

2. 健康狀況
    1) 客戶提到自己腸胃不好，不能食用某些瘦身產品。
    2) 客戶表示自己沒有便秘問題。
    3) 客戶提到自己已經七十歲，平常覺得出門很麻煩，通常只會在附近買東西，不會出遠門。

3. 職業背景
    1) 客戶目前已退休，無明確提及職業背景。
    2) 客戶目前在南部處理事情，並提到自己平常很忙。

4. 健康食品使用心得
    1) 客戶目前正在服用葉黃素，因為舊的還沒吃完，並提到葉黃素適合飯後服用。
    2) 客戶曾購買幹細胞產品，並每天服用兩顆，平日一到五固定服用，六日因外出常忘記服用，感覺排便正常，目前剩下半盒。
    3) 客戶曾購買妍美会的葉黃素和燃燒膠囊，且目前仍有存貨。
    4) 客戶曾購買並食用鴕鳥精，但目前不再食用。
    5) 客戶曾購買納豆並持續食用，最近才吃完。
    6) 客戶目前每天服用兩顆保健品，包含眼睛相關產品，家中還有多盒存量。
    7) 客戶曾購買活泉幹細胞產品，使用了一至兩年，目前選擇購買一組包含七罐的產品。
    8) 客戶提到早上會吃活泉和眼睛保健食品，並固定服用。
    9) 客戶曾購買骨頭保健食品，但尚未使用完。
    10) 客戶提到之前有吃過某品牌的產品，效果很好。

5. 禁忌
    1) 客戶不吃龜苓膏，並表示不喜歡這類產品。
    2) 客戶腸胃不好，不能食用某些瘦身產品。
    3) 客戶提到目前不需要幹細胞產品，暫時不考慮購買。",1
24942567,男,62.0,澎湖縣馬公市,D+,水瓶座,7475,否,否,否,否,否,否,是,否,166548.28572,31,74089.52381,3,74089.52381,3,74089.52381,3,0.0,0,97748.57143,7,74089.52381,3,74089.52381,3,74089.52381,3,0.0,0,否,否,否,否,否,否,1,否,否,否,否,否,0,否,否,否,"1. 家庭關係
    1) 客戶有給母親服用保健食品，但母親未感受到明顯效果。

2. 健康狀況
    1) 客戶表示自己的血壓和血糖都正常。
    2) 客戶偶爾頭髮本來就很多。
    3) 客戶尚未感受到保健品對體力或精神的顯著改善。

3. 職業背景
    1) 客戶是一位公務人員，表示無法負擔高額消費。
    2) 客戶目前正在工作，並提到下班時間為六點半。

4. 健康食品使用心得
    1) 客戶一天服用一至兩顆保健食品，分早晚各一顆，但感覺效果不明顯。
    2) 客戶曾購買益生菌、鴕鳥普弄靜音及幹細胞產品等保健食品，但均感覺效果有限。
    3) 客戶對幹細胞產品的評分為五分。

5. 禁忌
    1) 客戶尚未服用專員寄送的紅色罐裝降血脂產品。",1
24944443,男,61.0,台北市中山區,D+,獅子座,7474,否,否,否,否,否,否,否,否,75809.19047,44,12600.0,7,6734.28571,3,0.0,0,0.0,0,2742.85714,1,2742.85714,1,2742.85714,1,0.0,0,0.0,0,否,否,是,否,否,否,0,否,否,否,否,否,0,否,否,否,,1
24945965,女,69.0,台中市北屯區,C,雙子座,7473,否,是,是,否,否,是,是,否,747546.6190399999,115,281863.80953,28,57618.09524,5,28380.95238,1,951.42857,1,478828.57143,39,273054.28572,22,57618.09524,5,28380.95238,1,951.42857,1,否,否,否,否,否,否,0,否,否,否,是,否,1,否,否,否,"1. 家庭關係
    1) 客戶有一個兒子，兒子的每月支出約兩萬，客戶目前住在兒子家。
    2) 客戶有一位大姐，提到大姐家有參加活動。
    3) 客戶的女兒最近在台北，並且曾買過一瓶面霜給她。

2. 健康狀況
    1) 客戶有膝蓋問題，膝蓋已無軟骨且磨損嚴重，走路時間過長會感到疼痛，醫生建議休息一到兩週並減少走動。
    2) 客戶曾摔倒導致臀腿受傷，韌帶受損，行動不便，需使用拐杖，並且上下樓梯困難。
    3) 客戶有甲狀腺結節，且結節變大，正在考慮手術或打針治療。
    4) 客戶有乾眼症，眼睛乾燥不適，人工淚液效果不佳。
    5) 客戶有結石問題，因此會多喝水。
    6) 客戶目前沒有三高問題，但體重超重，達180公斤，擔心健康問題。
    7) 客戶最近感到疲憊，並且有掉髮情況。
    8) 客戶曾住院，近期身體不適，需服用止痛藥，但用量不多。
    9) 客戶早上起來精神狀況良好，晚上深層睡眠有所改善。

3. 職業背景
    1) 客戶曾投資房地產，但認為租給別人不划算，現在主要投資於ETF，認為較穩定。
    2) 客戶提到目前沒有購買產品的計劃，因為還未收到相關款項，且家裡剛整理乾淨。

4. 健康食品使用心得
    1) 客戶目前服用氨基酸、粒線體產品、益氣養神膏、滴雞精、益生菌、蚓激酶及葉黃素，並有服用鈣片和維他命B2。
    2) 客戶認為氨基酸產品味道酸但可接受，且有一點腥味，早晚各服用一支，有時早上會忘記服用。
    3) 客戶提到益生菌和滴雞精的腥味較重，滴雞精會放在湯裡煮以方便取用。
    4) 客戶曾飲用粒線體產品，有時一天喝兩支，認為其有助於維持身體能量和健康。
    5) 客戶提到早上起來精神好，可能與某產品有關，但對某些保健品效果不明顯。
    6) 客戶曾服用保健食品三個月，但未見效果，且不喜歡瓶瓶罐罐的保健品。
    7) 客戶對於某些產品的味道不滿意，曾考慮退貨。

5. 禁忌
    1) 客戶不吃重有味道的食物，如香菜。
    2) 客戶不喜歡喝一包一包的產品，並提到喝開水即可。
    3) 客戶擔心西藥對身體的傷害，並不敢吃太多保健品。
    4) 客戶提到某些食物會導致脹氣，感到不舒服。",1
24955819,男,60.0,基隆市七堵區,D+,天蠍座,7466,否,否,是,否,否,是,是,否,136791.14289999998,67,124677.14289999996,62,100993.33337,50,41680.95238999999,22,6836.190480000001,4,2247.61904,2,2247.61904,2,2247.61904,2,2247.61904,2,0.0,0,否,否,否,否,否,否,0,否,否,否,否,否,0,否,否,否,"1. 家庭關係
    1) 客戶與配偶感情很好。
    2) 客戶提到內褲要寄回給他的老婆。
    3) 客戶提到他和太太都有相關的健康問題。

2. 健康狀況
    1) 客戶提到自己每天都有排便，但有宿便問題。
    2) 客戶表示呼吸是自己要用的，可能有呼吸相關需求。

3. 職業背景
    1) 未提及具體職業背景。

4. 健康食品使用心得
    1) 客戶提到使用清體素，但感覺效果一般。
    2) 客戶有購買過骨頭保健品和益生菌，但未購買過眼睛保健品。
    3) 客戶提到之前有吃過某款保健食品。
    4) 客戶有購買過東森的魚油產品，並提到上次購買了一瓶魚油，價格為1180元，目前還剩下一瓶。
    5) 客戶提到東森的產品還有很多沒吃完。
    6) 客戶確認收到台鹽的產品，包括霜和呼吸相關產品。

5. 禁忌
    1) 客戶提到葉黃素應該不是他在吃。",1
24963002,女,68.0,高雄市大寮區,D,雙魚座,7462,否,否,是,否,否,否,是,否,185557.33333,63,43959.04761000001,15,21578.09523,9,15923.80952,5,0.0,0,90216.19045999998,28,32439.04761,10,12896.19047,5,11374.28571,3,0.0,0,否,否,是,否,否,否,1,否,否,否,否,否,0,否,否,否,"1. 家庭關係
    1) 客戶有一位兒子，曾幫她訂購葡萄糖胺。
    2) 客戶有一位女兒，尚未結婚且沒有小孩，女兒有在服用益生菌，但不確定是否每天食用。
    3) 客戶的丈夫有輕微的帕金森氏症。

2. 健康狀況
    1) 客戶目前正在運動，並有接種流感疫苗。
    2) 客戶提到自己身邊有很多魚油，並有在服用魚油，但偏好液態形式，不喜歡膠囊。
    3) 客戶有在服用B群和海豹油，但目前不需要再購買海豹油。
    4) 客戶認為膠囊形式的保健品不容易被吸收，偏好其他形式的產品。

3. 職業背景
    1) 客戶主要在上班，平時因工作和家務繁忙，沒有太多時間查看其他事物。
    2) 客戶提到最近工作和家裡的事情都很忙。

4. 健康食品使用心得
    1) 客戶有使用葡萄糖胺，並曾購買過華陀的益生菌，但益生菌並非每天食用。
    2) 客戶曾定期購買益生菌，每次一組價格為1500元，並曾訂購過七組益生菌，但其中三組已取消，目前家中益生菌尚未吃完。
    3) 客戶曾購買過玻尿酸產品，並通常購買心美的產品，包括石墨烯相關產品。
    4) 客戶提到東森有傳送葉黃素相關資訊，並提到有贈送活動，目前家中葉黃素還有好幾盒。
    5) 客戶十年前曾在東森購物為家人購買過海豹油，但當時自己並未食用。

5. 禁忌
    1) 客戶不喜歡膠囊形式的保健品，認為膠囊不容易被吸收，偏好液態形式的產品。
    2) 客戶認為家裡沒有地方存放太多商品，對於購買新商品較為謹慎。
    3) 客戶提到現在詐騙很多，對此感到擔心。",1
24964503,女,71.0,屏東縣潮州鎮,D,雙子座,7461,否,否,否,否,否,是,是,否,606065.95233,207,196328.5714499999,79,8930.47619,7,1712.3809499999998,2,0.0,0,484249.52379,149,183922.85716,69,6741.90476,5,570.47619,1,0.0,0,是,否,否,否,否,否,0,否,否,否,否,否,0,否,否,否,"1. 家庭關係
    1) 客戶一家人一起生活，家中有老公、兒子、女兒及外籍人士。
    2) 客戶的兒子會幫忙處理訂單、加LINE、查看保健食品，並幫忙吃保健食品。
    3) 客戶的孫子27歲，女兒二十幾歲，家中有營養師。
    4) 客戶的先生需要確認是否購買產品。
    5) 客戶提到她的兒子在高雄購買了一個健康被，買一送一。

2. 健康狀況
    1) 客戶70歲，身體狀況較差，患有高血壓、高血脂（血脂水平200多）、脂肪肝、輕微肝纖維化、飛蚊症、膝關節和膝蓋問題，並有眼壓高的情況。
    2) 客戶沒有高血糖或靜脈曲張，但有三高問題，並需要特別注意血管健康。
    3) 客戶提到壓力大，心情不好，並希望能消除水腫現象。
    4) 客戶提到手上有斑，並希望進行體態管理和美白。
    5) 客戶提到不想熬夜，並有在運動，包括跑步、走路和跳舞，已持續二十多年。

3. 職業背景
    1) 客戶未提及具體職業背景，但普通話不好，可能與外籍人士有接觸。
    2) 客戶對購物和健康產品有一定的了解，並關注產品價格和使用效果。

4. 健康食品使用心得
    1) 客戶每天服用多種保健食品，包括膠原蛋白、玻尿酸、幹細胞、益生菌等，並表示每天吃兩包保健食品。
    2) 客戶認為吃太多健康食品不好，並提到幹細胞精華不需要吃太多。
    3) 客戶對萬歲牌產品有興趣，曾購買過燕麥、蔬果堅果、芝麻醬、即食燕窩等，並表示會續訂。
    4) 客戶對音波霜和華陀產品的效果不滿意，認為紅麴不適合自己。
    5) 客戶提到山苦瓜是否有降血脂效果，並表示有降血脂需求。
    6) 客戶提到每天不吃糖分的東西，並對含糖產品不感興趣。

5. 禁忌
    1) 客戶不接受喝涼的東西。
    2) 客戶不吃零食，也不吃B群，並不使用保健品或自然美的洗髮精。
    3) 客戶對紅麴產品表示不適合，並對某些產品效果不滿意。",1
24976549,男,58.0,台北市大同區,D,天蠍座,7453,否,否,否,否,否,否,是,否,88862.76191,54,16591.42858,12,3875.23809,4,570.47619,1,0.0,0,4341.90476,2,4341.90476,2,570.47619,1,570.47619,1,0.0,0,否,否,否,否,否,否,0,否,否,否,否,否,0,否,否,否,,1
24980253,女,65.0,高雄市鳳山區,D+,水瓶座,7450,否,否,否,否,否,是,是,否,757204.7140099998,545,111399.99995999988,89,14098.09522,9,4743.80952,1,2753.3333300000004,2,73741.23808,15,5314.28571,2,4743.80952,1,4743.80952,1,0.0,0,否,否,是,否,否,否,0,否,否,否,否,是,0,否,否,否,"1. 家庭關係
    1) 客戶與孫子住在一起，孫子班上沒有腸病毒病例。
    2) 客戶提到有一個兒子和一個女兒，兒子每天工作兩個班次且不與她同住，女兒正在減肥。
    3) 家裡的小孩喜歡吃香腸，女兒特別喜歡吃黑棗，並認為黑棗有助於改善便秘問題。
    4) 客戶與家人共三人一起食用保健品。

2. 健康狀況
    1) 客戶最近身體狀況較差，感冒已經快兩個禮拜，正在服藥並考慮打針治療，感冒是與孫子之間傳染的。
    2) 客戶提到目前有身體疼痛的情況，但沒有便秘問題，也沒有服用血壓藥或血糖藥，且沒有三酸甘油酯或膽固醇的問題。
    3) 客戶提到青光眼相關內容，但未明確表示是否為本人患有。

3. 職業背景
    1) 客戶目前正在上班。
    2) 客戶提到朋友和兒子都在上班，朋友週六上班且沒有週末休息。

4. 健康食品使用心得
    1) 客戶曾購買並使用過多種保健食品，包括B群、土龍、龜鹿、葡萄糖胺、蚓激酶、人蔘參片、牛樟芝膠囊、益生菌、顧骨頭的保健食品及葉黃素。
    2) 客戶表示牛樟芝膠囊主要用來顧肝，黑棗有助於改善便秘問題，並與家人一起食用保健品。
    3) 客戶目前家中還有存貨，包括蚓激酶、人蔘參片、龜鹿膠產品及面膜，暫時不需要購買新的。
    4) 客戶曾購買東森的保健食品，並使用東森幣參加抽獎活動。

5. 禁忌
    1) 客戶一天只吃一餐，沒有刷卡習慣。
    2) 客戶表示目前沒有在服用任何保健食品，但未明確表示未服用任何保健食品。",1
24986592,女,61.0,高雄市岡山區,D,白羊座,7445,否,否,否,否,否,是,是,否,142770.28567,78,33519.04761999999,18,22924.761909999997,12,1409.52381,1,0.0,0,1409.52381,1,1409.52381,1,1409.52381,1,1409.52381,1,0.0,0,否,否,是,否,否,否,0,否,否,否,否,否,0,否,否,否,"1. 家庭關係
    1) 客戶有一個兒子，身高178公分。
    2) 客戶有一個女兒，曾購買商品送給女兒。

2. 健康狀況
    1) 客戶表示不想吃太多保健食品。

3. 職業背景
    1) 未提及具體職業背景。

4. 健康食品使用心得
    1) 客戶提到她還沒有吃上個月購買的萬歲牌堅果，僅吃了一包萬歲牌堅果飲，其他的還放著。
    2) 客戶曾在日本購買保健食品。
    3) 客戶購買了珍珠鹿角鈣，價格為1480元，但尚未收到貨。

5. 禁忌
    1) 客戶表示不想吃太多保健食品。",1
25003986,女,68.0,台北市信義區,D+,獅子座,7432,否,否,是,是,否,是,是,否,257892.90485,98,108781.90480999998,48,28799.04762,9,6629.523810000001,2,1314.28571,1,3791.42857,1,3791.42857,1,3791.42857,1,3791.42857,1,0.0,0,否,否,否,否,否,否,1,否,否,否,否,否,0,否,否,否,"1. 家庭關係
    1) 客戶提到她和先生都有購買商品。
    2) 客戶家中以前從事中醫中藥批發的行業。

2. 健康狀況
    1) 客戶有胃食道逆流的問題，且喉嚨有慢性發炎。
    2) 客戶有飲食禁忌，不能吃番茄，且不能喝含有添加劑的瓶裝茶。

3. 職業背景
    1) 客戶目前從事服務業工作。
    2) 客戶目前在公司上班，表示不方便講電話。

4. 健康食品使用心得
    1) 客戶目前已經有很多保健品，並且有特定需要的東西。
    2) 客戶正在服用另一種品牌的保健食品，並且之前購買的華陀高價人參尚未食用完。
    3) 客戶有特定的方式補充B群。
    4) 客戶不習慣使用自然美的產品，也不習慣使用東森的商品，即使回購率高也對她沒用。

5. 禁忌
    1) 客戶不需要使用東森幣購買保健保養品或日用品，因為她用不到。
    2) 客戶不喜歡東森的折價券，因為只能部分折抵，且上次有兩萬多元的折價券未使用。
    3) 客戶不會去百貨公司搶周年慶活動。
    4) 客戶家中已經累積了太多商品，包括保健品和保養品，現在都沒有使用。",1
25037026,女,62.0,台南市永康區,D+,白羊座,7407,否,否,是,否,是,是,是,否,54939.19049999999,55,27786.66665,28,9561.90478,10,8626.66668,9,935.2381,1,25000.952389999995,31,22092.380940000003,25,9561.90478,10,8626.66668,9,935.2381,1,否,否,是,否,否,否,0,否,否,否,否,否,0,否,否,否,,1
25037309,女,63.0,宜蘭縣宜蘭市,D+,處女座,7407,否,否,否,是,否,是,否,否,323639.61903,241,130859.04765,69,84566.66666,30,0.0,0,11723.80952,3,29144.76192,11,8952.38096,4,2238.09524,1,0.0,0,2238.09524,1,否,否,否,否,否,否,0,否,否,否,否,否,0,否,否,否,"1. 家庭關係
    1) 無相關資訊。

2. 健康狀況
    1) 客戶提到自己年紀大了，認為不需要某些保養品。
    2) 客戶提到她沒有在吃處方簽的藥。

3. 職業背景
    1) 客戶目前在上班。
    2) 客戶最近比較忙，沒有時間看商品。

4. 健康食品使用心得
    1) 客戶不想在專員推薦的地方購買保健品，而是選擇在醫生那邊購買。
    2) 客戶認為粒線體產品價格昂貴，無法購買。

5. 禁忌
    1) 客戶沒有在使用面膜，包括自然美的天天面膜。
    2) 客戶從未使用過東森的電視購物服務。
    3) 客戶通常在網路上自行訂購商品。
    4) 客戶已經在網路上購買了防曬乳。
    5) 客戶有在使用物理性防曬乳及自然美的防曬隔離產品。
    6) 客戶不缺吹風機。
    7) 客戶在八月時購買了一組PP石墨烯枕頭。",1
25045965,女,64.0,高雄市大社區,A,獅子座,7400,否,否,是,是,否,是,是,否,2690174.14297,590,813539.0476200001,117,302481.90475999995,41,237729.5238,11,6243.809520000001,3,2077540.95245,321,779117.1428399998,96,289245.7142899999,34,237729.5238,11,0.0,0,是,否,是,否,否,是,0,否,否,否,否,否,0,是,否,是,"1. 家庭關係
    1) 客戶的媽媽年齡較大，家族中有長壽因子，家族成員普遍自律，注重保養和健康。
    2) 客戶的兒子目前在管理業務，子女在外地工作，一週回家一次。
    3) 客戶的先生有使用某些產品，並需要一件紅色的二L碼外套。

2. 健康狀況
    1) 客戶有靜脈曲張、斑病變、皺紋和斑點的健康問題。
    2) 客戶免疫力下降，右手後背部有不適感，並有睡眠困難，可能與代謝不良有關。
    3) 客戶沒有高血壓，但曾因疫苗導致血壓飆升到170-180，並出現頭暈症狀。
    4) 客戶有乳糖不耐症，不敢食用含乳糖成分的產品。
    5) 客戶對於晚上服用鈣片有顧慮，擔心會導致鈣質堆積。

3. 職業背景
    1) 客戶目前擔任理事長，參與醫學會及環保局、水利局相關事務，組織已有20年歷史，成員年齡偏大。
    2) 客戶曾經經營保齡球館，並從事早餐行業，現在主要依靠銷售自製的咖啡牛奶產品，已有30多年歷史。
    3) 客戶目前已退休，但有時會幫忙處理建檔資料。

4. 健康食品使用心得
    1) 客戶有服用蚓激酶產品，通常每天服用一至兩粒，但外出時可能會忘記服用。
    2) 客戶曾使用過納豆激酶、紅麴、幹細胞、粒線體、秘活泉等產品，並表示部分產品對靜脈曲張、通血管、走路和胸悶等問題有改善。
    3) 客戶購買過羊胎盤、美顏中和管理粉紅色產品、石墨烯褲子等，對部分產品效果評價一般。
    4) 客戶目前有多箱保健品未使用完，暫時不考慮購買新產品。

5. 禁忌
    1) 客戶不喜歡充血態的產品，不敢食用含乳糖成分的產品及泡的產品，認為成分不適合自己。
    2) 客戶不需要吸塵器、面膜、清潔用品等，並對某些產品價格過高表示不滿。
    3) 客戶對於直播活動和代言人不感興趣，對珠寶的興趣一般，購買頻率低。",1
25060453,女,49.0,高雄市燕巢區,Z,處女座,7389,否,否,否,否,否,否,是,否,70009.85713,41,10999.0476,7,8505.71427,6,8505.71427,6,0.0,0,29501.90474,13,8505.71427,6,8505.71427,6,8505.71427,6,0.0,0,否,否,是,否,否,否,0,否,否,否,否,否,0,否,否,否,,1
25070201,男,53.0,新北市樹林區,Z,天蠍座,7382,否,否,是,否,否,否,是,否,135908.47621,22,67740.95237999999,7,18266.66666,2,17142.85714,1,0.0,0,95487.61904999998,11,59914.28571,5,18266.66666,2,17142.85714,1,0.0,0,否,否,否,否,否,否,0,否,否,否,否,否,0,否,否,否,"1. 家庭關係
    1) 客戶表示自己目前是單身，沒有小朋友。
    2) 客戶提到父母年齡約八十歲，住在雲林，並未與自己同住。
    3) 客戶提到家裡有養狗。
    4) 客戶表示家人有在食用褐藻產品，由阿姨提供，但家人不吃幹細胞產品。
    5) 客戶提到家裡沒有吃燕窩的習慣，家人送的燕窩也未食用。

2. 健康狀況
    1) 客戶表示自己睡眠品質很好，平常洗頭髮不會掉頭髮，髮量多且沒有白頭髮問題。
    2) 客戶提到自己有近視及老花眼的情況。
    3) 客戶表示目前沒有服用慢性病藥物，也不吃藥。
    4) 客戶提到平時有在服用中藥，但不確定是否影響幹細胞產品的效果。

3. 職業背景
    1) 客戶表示自己正在上班，未透露具體職業，但提到工作有輪休安排。
    2) 客戶提到需要輪班工作，下午兩點上班，晚上十一點下班，過年期間也需上班。

4. 健康食品使用心得
    1) 客戶表示曾服用葉黃素，品牌為大理美，感覺效果一般，純粹作為保養使用，目前已停止使用。
    2) 客戶曾服用幹細胞產品，起初一天一顆，後來改為一天兩顆，但未感受到明顯效果。
    3) 客戶提到之前使用過妍美会保健食品，效果不明顯，並考慮更換品牌試試看。
    4) 客戶表示目前沒有在吃益生菌或葉黃素，家人有在吃益生菌但為其他品牌。
    5) 客戶提到土龍鴕鳥精是買來試試看，但效果不明顯。
    6) 客戶表示她購買的保健食品是為了給媽媽食用，自己目前未食用褐藻糖膠。
    7) 客戶提到她一天只吃一顆妍美会，並表示不需要吃到兩顆。

5. 禁忌
    1) 客戶表示不需要瑪咖成分，但覺得南瓜籽和花粉的成分不錯。
    2) 客戶提到自己不送禮，也不會去親戚家走春。
    3) 客戶表示不需要保險，並提到自己不喜歡購買太多保險。
    4) 客戶提到不喜歡加Line，認為加Line後會有很多人來聯絡他。
    5) 客戶表示目前沒有便利商店代收的選項，因此可能無法完成交易。
",1
25072726,男,78.0,高雄市三民區,D+,白羊座,7380,否,否,是,否,否,否,是,否,863478.8095099999,134,393015.23809,32,136209.5238,9,132628.57142,7,0.0,0,755387.6190200001,76,386474.2857,28,136209.5238,9,132628.57142,7,0.0,0,否,否,是,否,否,否,0,否,否,否,否,否,0,否,否,否,"1. 家庭關係
    1) 客戶有一位女兒和老婆，女兒最近感冒但已經痊癒，目前住在另一個地方，距離不遠，並即將出國。
    2) 客戶提到曾經購買人蔘是為了給老媽飲用。

2. 健康狀況
    1) 客戶提到自己78歲，曾有腳部受傷並伴隨破皮，需要照顧。
    2) 客戶提到尿尿不順，對改善腎功能的產品有興趣，並提到腎臟功能問題及腎絲球過濾值。
    3) 客戶曾因眼睛不舒服服用葉黃素，腸胃不適時服用益生菌。
    4) 客戶提到泌尿科和心臟血管科的健康狀況，專員建議益生菌對腎臟有保護作用。
    5) 客戶對於保健食品的效果有過懷疑，剛開始有感覺，後來效果不明顯。

3. 職業背景
    1) 客戶提到工作量大，店裡沒有語音專線。
    2) 客戶提到日本人在台灣開的公司。

4. 健康食品使用心得
    1) 客戶曾購買過倍熱產品、華陀鴕鳥龜鹿精、杏仁粉、高麗蔘、元氣參飲等產品，並對人蔘產品有興趣。
    2) 客戶提到南瓜籽的使用方法為早晚各兩顆，並已收到南瓜籽和杏仁粉。
    3) 客戶曾服用益生菌和葉黃素，對腸胃和眼睛不適有幫助，但對保健食品的效果有時感覺不明顯。
    4) 客戶對於產品的折扣和點數使用有關注，並同意使用點數兌換產品。

5. 禁忌
    1) 客戶家裡不吃幹細胞產品，並提到不喝滴雞精。
    2) 客戶表示不需要某些產品，如龜鹿二仙膠、人蔘產品等，並不會購買推銷的產品。
    3) 客戶對於來源不明的產品和過於昂貴的產品有顧慮，並表示價格不應該過於複雜。
    4) 客戶不需要生日相關通知，也不會參加購物活動如雙十一。",1
25075291,女,57.0,新北市樹林區,D,天蠍座,7378,否,否,否,是,否,是,否,否,130674.38096,77,18312.38097,12,6523.80953,4,0.0,0,1800.0,1,19113.33332,11,5380.0,4,1800.0,1,0.0,0,1800.0,1,否,否,是,否,否,否,0,否,否,否,否,否,0,否,否,否,,1
25079119,女,57.0,高雄市鳥松區,C,獅子座,7375,否,否,是,否,否,否,是,否,145127.38096,113,37669.52382,20,27701.90477,9,26588.57144,8,0.0,0,24149.52382,7,24149.52382,7,23769.52382,6,23769.52382,6,0.0,0,否,否,否,否,否,否,0,否,否,否,否,否,0,否,否,否,,1
25080816,女,80.0,新北市板橋區,A,雙魚座,7374,否,否,否,是,否,是,是,否,330009.09525,106,155286.66668999998,23,139255.2381,15,126646.66666,8,5521.90477,2,198139.04759000003,24,125237.14285,7,125237.14285,7,125237.14285,7,0.0,0,否,否,否,否,否,否,0,否,否,否,否,否,0,否,否,否,"1. 家庭關係
    1) 客戶家裡有三個人。
    2) 客戶提到她的兒子會帶她去做復健。
    3) 客戶提到她明天要將物品送給弟弟，並且曾給弟弟吃過東森的產品，但弟弟表示沒有感覺到效果。
    4) 客戶提到弟弟之前有買過龜鹿頸類的產品。

2. 健康狀況
    1) 客戶超過75歲。
    2) 客戶有低血糖問題，血糖有時候會降得很低，導致頭暈，糖化血色素數值大約在7到8之間。
    3) 客戶有三高問題，包括高血壓、高血糖和高膽固醇。
    4) 客戶有便秘問題，通常兩天上一次廁所。
    5) 客戶表示有在服用醫生開的藥物。
    6) 客戶提到她要去做復健，並且今天下午四五點會去運動後直接去做復健。

3. 職業背景
    1) 無相關資訊。

4. 健康食品使用心得
    1) 客戶有訂購過益生菌。
    2) 客戶有在吃顧骨頭的保健食品，但不是每天吃，有時候三天吃兩次，有時候會休息，並且購買了兩盒尚未使用。
    3) 客戶曾經服用過苦瓜胜肽，但因為會導致低血糖，目前已經停止服用。
    4) 客戶提到她現在吃習慣了某種產品，覺得味道還可以。
    5) 客戶曾經購買過龜鹿產品，包括龜鹿膠，通常一次吃一包。
    6) 客戶提到她之前購買過人蔘飲，但尚未飲用。
    7) 客戶提到她有服用膠囊，並且可以搭配早上吃鴕鳥精一起服用。

5. 禁忌
    1) 客戶不吃膠原蛋白。
    2) 客戶沒有在吃鴕鳥精和補骨胜肽。
    3) 客戶提到苦瓜胜肽會導致低血糖，因此已停止服用。",1
25112412,女,67.0,高雄市田寮區,D,雙魚座,7351,否,否,否,否,否,否,是,否,121924.23807999998,92,29881.90475,26,951.42857,1,0.0,0,0.0,0,7396.19047,7,7396.19047,7,951.42857,1,0.0,0,0.0,0,否,否,否,否,否,否,0,否,否,否,否,否,0,否,否,否,,1
25112601,女,65.0,新北市中和區,D,金牛座,7351,否,否,是,否,否,是,是,否,271769.04768,158,53971.428580000014,35,20871.42856,16,1140.95238,2,9289.52381,7,5740.95238,4,2902.85714,3,1140.95238,2,1140.95238,2,0.0,0,否,否,否,否,否,否,0,否,否,否,否,是,0,否,否,否,"1. 家庭關係
    1) 客戶提到她的小孩已經在上班。
    2) 客戶目前在照顧家人，並且每天來回醫院。
    3) 客戶晚上到醫院照顧家人，通常是十點到達。
    4) 客戶提到她的孫子可以早上起床時吃一顆B群。

2. 健康狀況
    1) 客戶提到皮膚很過敏，因此不敢亂吃保健品。
    2) 客戶表示今天身體不太舒服。
    3) 客戶曾經確診過一次。

3. 職業背景
    1) 未提及具體職業背景。

4. 健康食品使用心得
    1) 客戶有使用泡錠形式的維他命C。
    2) 客戶表示她沒有食用益生菌的習慣，但曾經食用過益生菌。

5. 禁忌
    1) 客戶皮膚過敏，不敢亂吃保健品。
    2) 客戶表示暫時不需要保養品。",1
25114257,女,70.0,高雄市林園區,C,雙魚座,7350,否,否,否,否,否,是,是,否,402909.85715000005,186,128760.95241,32,63384.761910000016,8,59700.95238000001,6,0.0,0,234484.76189,66,105858.09524,15,59700.95238000001,6,59700.95238,6,0.0,0,否,否,是,否,否,否,0,否,否,否,否,否,0,否,否,否,"1. 家庭關係
    1) 客戶有一位丈夫，丈夫在台灣擔任領班，年齡七十多歲，沒有皺紋，與客戶一樣服用魚油和合利他命。
    2) 客戶有三個小孩，其中一位女兒已婚，過年時會回家，女兒經常購買面膜和保養品，曾去韓國購買保養品。
    3) 客戶提到家人目前在美國。
    4) 客戶有兄弟姐妹三到四人。
    5) 客戶家中養了一隻狗，會定期帶寵物去美容、健康檢查及打疫苗。

2. 健康狀況
    1) 客戶69歲，身高150到160公分，體重65公斤，目前無三高問題，但血糖偏高。
    2) 客戶有一定程度的人群恐懼症，並提到經濟壓力大。
    3) 客戶提到吃魚油後晚上睡覺會頭痛，因此有時候不吃魚油。
    4) 客戶提到吃黑色產品會感到不適，如心悸，並懷疑紅景天成分可能導致不適。
    5) 客戶提到小孩抵抗力較弱。

3. 職業背景
    1) 客戶是高雄人，已經退休，曾是工人員。
    2) 客戶目前沒有上班，經濟狀況較緊張，每月需支付5000多元保險費，剩餘約5000元可用，信用卡額度已用滿，無法再刷卡購物。

4. 健康食品使用心得
    1) 客戶曾購買過加拿大魚油、蚓激酶、龜鹿二仙膠、益生菌、人蔘膠囊、幹細胞產品等，對部分產品效果不明顯或有不適感。
    2) 客戶目前服用日醫醫生開的藥，並有服用魚油、合利他命、維他命C及幹細胞產品，幹細胞產品已服用好幾年，對其成分如紅參或魚油有疑慮。
    3) 客戶提到保養品會與其他保健品錯開使用。
    4) 客戶認為某些產品價格昂貴，但對苦瓜胜肽的價格表示接受。

5. 禁忌
    1) 客戶不吃魚，且對紅景天成分敏感，會導致心悸。
    2) 客戶一天只吃兩顆人蔘膠囊，擔心燥熱。
    3) 客戶不想再嘗試黑色產品，要求更換為銀色產品。
    4) 客戶不想談論台酒相關話題。",1
25121066,男,66.0,桃園市桃園區,B,水瓶座,7345,否,否,否,否,否,否,是,否,174460.99996000002,94,72488.57141000002,19,55442.85711999999,11,48517.14284,5,0.0,0,57086.66664,11,56143.80950000002,10,49688.57141,6,48517.14284,5,0.0,0,否,否,否,否,否,否,0,否,否,否,否,否,0,否,否,否,"1. 家庭關係
    1) 客戶的太太腸胃較為敏感，曾因腸胃炎住院一天，客戶每天陪伴在醫院。
    2) 客戶的太太需要每週進行三次洗腎，客戶會陪伴太太進行療程並照顧她。

2. 健康狀況
    1) 客戶有心臟問題，曾經裝過心臟支架。
    2) 客戶表示過年後曾住院。

3. 職業背景
    1) 客戶目前已經退休，沒有經濟來源。
    2) 客戶不會上網購物，選擇貨到付款的方式支付。

4. 健康食品使用心得
    1) 客戶曾購買益生菌，表示效果還可以，每天服用一顆，但目前家中還有兩盒江守山醫生推薦的益生菌。
    2) 客戶曾購買江守山的保健食品，但感覺效果不明顯。
    3) 客戶目前有在服用幹細胞產品，每天服用兩顆，已經服用九天。
    4) 客戶的太太有在食用益生菌和B群等營養品。

5. 禁忌
    1) 客戶表示平常沒有在吃其他保健品，並確認自己沒有在吃B群。
    2) 客戶提到目前準備左拐，其他的先不用。",1
25124537,男,66.0,台北市中山區,D+,處女座,7343,否,否,是,否,否,否,是,否,180657.14283000003,53,45523.80952,2,45523.80952,2,45523.80952,2,0.0,0,107543.80952,13,45523.80952,2,45523.80952,2,45523.80952,2,0.0,0,否,否,是,否,否,否,0,否,否,否,否,否,0,否,否,否,"1. 家庭關係
    1) 客戶提到太太有購買白蘭氏產品，因此自己不需要再購買。
    2) 客戶與太太可以一起飲用鱸魚精，專員建議可加到湯頭中。
    3) 客戶表示家中上班時有人可以收貨，因此不指定送貨時間。

2. 健康狀況
    1) 客戶表示目前沒有健康檢查紅字。
    2) 客戶曾購買牛樟芝作為保肝用途，目前仍有在食用。
    3) 客戶使用白蘭氏的葉黃素產品，認為其有助於眼睛健康。
    4) 客戶平常會在佳節食物中加入蜂蜜，並且有喝蜂蜜的習慣。
    5) 客戶表示每天早上喝一支安瓶。

3. 職業背景
    1) 客戶提到自己是上班族，認為高價產品可能會帶來經濟壓力。
    2) 客戶選擇分十二期付款以減少每月負擔。

4. 健康食品使用心得
    1) 客戶曾購買過保健品，包括龜鹿產品，表示目前暫時先把現有的喝完再考慮購買新的。
    2) 客戶提到2022年5月曾購買紅衣十八種蔬果精華B群升級版。
    3) 客戶表示曾經購買牛樟芝作為保肝用途，目前仍有在食用。
    4) 客戶提到自己使用白蘭氏的葉黃素產品，認為其有助於眼睛健康。
    5) 客戶提到平常沒有喝咖啡，但會在佳節食物中加入蜂蜜，並且有喝蜂蜜的習慣。
    6) 客戶提到自己有購買綜合維他命，通常在好市多購買。
    7) 客戶表示會持續飲用產品，並了解其效果。

5. 禁忌
    1) 客戶表示目前沒有在食用保健食品。
    2) 客戶提到金額較高的保健品需要分期付款以減少經濟壓力。
    3) 客戶表示目前先減少購買，等喝完再考慮是否繼續購買。
    4) 客戶表示自己沒有使用專員推薦的產品，僅太太有在使用。",1
25128317,女,76.0,台北市北投區,D+,雙子座,7340,否,否,是,否,是,是,是,否,57278.09524,17,41546.66667,8,29800.0,2,28380.95238,1,0.0,0,40095.2381,7,30838.09524,2,28380.95238,1,28380.95238,1,0.0,0,否,否,否,否,否,否,0,否,否,否,否,否,0,否,是,否,,1
25131261,女,84.0,新北市永和區,C,射手座,7338,否,否,是,是,否,是,是,否,529601.0950999999,242,121465.71425,56,50129.52380999999,16,28380.95238,1,1894.28571,2,342610.47616,99,92656.19045,31,44345.71429,11,28380.95238,1,1894.28571,2,否,否,是,否,否,否,0,否,否,否,否,是,0,否,否,否,"1. 家庭關係
    1) 客戶有一位女兒和一位兒子，女兒會陪她購物並幫她準備生活用品，兒子目前在大陸工作。
    2) 客戶的先生仍在世，家中還有兩個箱子未開。
    3) 客戶的媽媽在天熱時可能會感到混亂。
    4) 客戶提到家人飯量不大，通常只煮一杯米，兒子回來時會煮三杯米。

2. 健康狀況
    1) 客戶83歲，身體健康是她最重視的事情，平時每天走八千步保持健康，並每天喝2200毫升的水。
    2) 客戶有胃食道逆流問題，且已持續很久，並有腸胃相關問題，容易結石，認為這是遺傳因素。
    3) 客戶目前有在看中醫和西醫進行治療，並服用益生菌和B群，但因時間不足未能定期服用。
    4) 客戶提到體脂和結石問題是遺傳因素造成的。

3. 職業背景
    1) 客戶目前正在上課，並提到自己有進行海外代購。
    2) 客戶表示自己是個節儉的人，購物時會根據需要選擇商品，並偏好使用刷卡支付。

4. 健康食品使用心得
    1) 客戶曾購買過多種保健食品，包括益生菌、玻尿酸、葉黃素、人蔘產品等，但表示目前家中保健食品和保養品過多，部分未使用完。
    2) 客戶對益生菌的效果有不同看法，曾表示益生菌對她無效，但也提到益生菌效果很好，並計劃觀察一週效果。
    3) 客戶認為益生菌價格昂貴，曾購買後退貨，目前仍在考慮是否繼續購買。
    4) 客戶提到中醫建議她服用益生菌，但有些食物不能吃。

5. 禁忌
    1) 客戶不會購買太貴的商品，認為不划算，並表示不再盲目購買商品。
    2) 客戶不需要燕窩、年菜等商品，並提到不吃燕窩，過年送禮都是自己做的菜。
    3) 客戶不喜歡五保穿的產品，認為不健康。
    4) 客戶家中物品過多，櫃子和抽屜已經塞滿，沒有地方放新物品，因此不需要其他物品。",1
25135998,女,67.0,雲林縣斗六市,C,天秤座,7335,否,否,是,是,是,是,是,否,401239.66668,155,45600.00001999999,8,17028.57144,3,0.0,0,17028.57144,3,84169.52384000001,16,45600.00002,8,17028.57144,3,0.0,0,17028.57144,3,否,否,是,否,否,否,0,否,否,否,否,否,0,否,否,否,"1. 家庭關係
    1) 未提及具體家庭成員或關係。

2. 健康狀況
    1) 客戶有在服用葉黃素，並使用心血管和骨骼保健品，顯示對健康保養有一定重視。
    2) 未提及具體健康問題或疾病。

3. 職業背景
    1) 客戶目前正在上班，顯示仍有工作。
    2) 客戶是一位66歲的女性會員，可能接近退休年齡。

4. 健康食品使用心得
    1) 客戶曾購買並使用時空膠囊，通常早晚各使用一顆，有時一天使用兩顆，並表示目前家中仍有存量。
    2) 客戶對東森購物的服務和商品品質感到不滿意，曾退回一件生薑產品，認為品質很差。

5. 禁忌
    1) 客戶要求商品配送需在上班時間送達，避免假日送貨。
    2) 未提及其他禁忌事項。",1
25150852,女,63.0,彰化縣花壇鄉,Z,天秤座,7323,否,否,否,否,否,否,是,否,123521.95242,99,17119.04761,13,6797.14285,5,2838.09524,1,0.0,0,7752.38096,3,2838.09524,1,2838.09524,1,2838.09524,1,0.0,0,否,否,否,否,否,否,0,否,否,否,否,否,0,否,否,否,,1
25153085,男,63.0,雲林縣斗六市,D,處女座,7321,否,否,否,否,否,否,否,否,35676.04761,11,3504.7619,3,3504.7619,3,0.0,0,0.0,0,1600.0,1,1600.0,1,1600.0,1,0.0,0,0.0,0,否,否,否,否,否,否,0,否,否,否,否,否,0,否,否,否,,1
25197617,女,43.0,彰化縣線西鄉,Z,雙子座,7283,否,否,否,否,否,否,是,是,265101.14285,40,11387.619060000005,8,8540.00001,7,1798.09524,1,0.0,0,1521.90476,2,1521.90476,2,1521.90476,2,0.0,0,0.0,0,否,否,是,否,否,否,0,否,否,否,否,否,0,否,否,否,,1
25201864,女,73.0,彰化縣溪湖鎮,C,摩羯座,7279,否,否,是,否,否,是,是,否,583164.71424,362,190477.14282000004,76,55141.90475000001,23,28094.28571,5,2011.42857,1,159248.57139,58,129934.28569999998,38,35448.57142,11,24608.57143,3,2011.42857,1,否,否,否,否,否,否,0,否,否,否,否,是,0,否,否,否,"1. 家庭關係
    1) 客戶提到自己與配偶都未曾確診。
    2) 客戶提到她的兒子可能需要減肥產品。

2. 健康狀況
    1) 客戶提到她已經72歲，並有乾眼症。
    2) 客戶提到她的排便情況不太好，腸胃蠕動較差。
    3) 客戶提到自己在吃藥，並有服用葉黃素和喝龜鹿飲品。
    4) 客戶提到她每天吃一次保健品，每周吃一頓保健品。
    5) 客戶提到在公共場所人多的地方建議戴口罩以防感染。

3. 職業背景
    1) 客戶提到每天都去田里。
    2) 客戶提到她住在台北，最近沒有空看電視，但每天都會看新聞。

4. 健康食品使用心得
    1) 客戶提到她在六月份購買了葉黃素產品，並且上一次購買的葉黃素還沒有吃完。
    2) 客戶提到之前有購買過一款益生菌，但效果不明顯。
    3) 客戶提到使用的產品沒有改善效果。
    4) 客戶提到她之前購買的產品是一百三十條的特殊組合，並對價格有印象。
    5) 客戶提到她有在喝豆油伯的產品。

5. 禁忌
    1) 客戶提到她無法收到簡訊通知，因此無法查詢相關資訊。
    2) 客戶提到她對產品的質量有疑慮，擔心產品是否變質。
    3) 客戶提到她不喜歡櫃姐。
    4) 客戶提到她對購買魚油產品持觀望態度。
    5) 客戶確認需要在飯前吃一包產品，並表示理解需要多喝500cc的水以達到更好的效果。",1
25203855,女,63.0,台南市東區,Z,水瓶座,7278,否,否,是,是,否,是,是,否,463321.42856,124,84798.09524,30,25179.04762,6,19903.80952,3,1885.71429,1,47076.19047,6,31895.23809,4,18666.66666,2,18666.66666,2,0.0,0,否,否,是,否,否,否,1,否,否,否,否,否,0,否,否,否,"1. 家庭關係
    1) 客戶提到家人認為她購買的保健品太多。
    2) 客戶提到家人偶爾會來看她，來時她會分一些保健品給家人。
    3) 客戶將骨頭保養品送給家人一起分享。

2. 健康狀況
    1) 客戶有高血壓，不能吃人參片。
    2) 客戶有鼻子過敏的問題，使用澳洲品牌的精油感覺效果很好。
    3) 客戶有胃食道逆流和胃潰瘍的問題。
    4) 客戶有膝蓋骨頭關節不舒服的情況。

3. 職業背景
    1) 客戶目前在上班，下班時間是六點半。

4. 健康食品使用心得
    1) 客戶對維他命B和D類的保健品感興趣。
    2) 客戶對喝的玻尿酸感興趣，並要求專員傳產品品項給她。
    3) 客戶最近訂購了關節保健相關產品，並有在持續服用。
    4) 客戶目前還有華陀的鴕鳥龜鹿精尚未吃完。
    5) 客戶昨天才購買了芝麻製品。
    6) 客戶之前有在吃骨頭保養品，但最近覺得效果不明顯，所以停止使用。
    7) 客戶有購買過澳洲品牌的保健食品。
    8) 客戶對澳洲的精油感到滿意，使用了好幾年，並用來舒緩冬天的過敏問題。

5. 禁忌
    1) 客戶不能吃人參片，因為有高血壓。",1
25218347,女,63.0,台北市北投區,C,天秤座,7266,否,否,是,否,否,是,是,否,1546673.47602,561,404102.8570299999,90,54093.33331999999,24,52483.80950999999,22,0.0,0,1232484.7617400002,331,401133.33322,85,53426.666650000014,23,52483.80951000001,22,0.0,0,否,否,是,否,否,否,0,否,否,否,否,否,0,否,否,否,"1. 家庭關係
    1) 客戶為59歲女性，已婚，育有子女，女兒已婚，兒子曾確診。
    2) 客戶的母親年齡接近85歲，體重49公斤，有骨質疏鬆問題，曾開過刀，恢復期需一年，客戶目前照顧母親。
    3) 客戶的老公身高170公分，體重70公斤，身材瘦，從事保全工作，每天跑步運動。
    4) 客戶的妹妹已婚，妹妹的兒子即將結婚。
    5) 客戶家是小家庭，未與公婆同住，公公曾開刀後有睡眠問題，媽媽未服用某些產品。

2. 健康狀況
    1) 客戶有便秘問題，青菜攝取不足，曾嘗試益生菌和酵素改善，但效果不明顯。
    2) 客戶有子宮肌瘤，長期使用褐藻後肌瘤縮小。
    3) 客戶有高血壓，需服用高血壓藥，血糖偶爾偏高，但控制在正常範圍內（100-105）。
    4) 客戶有灰指甲問題，使用抹藥效果較好，需長期治療。
    5) 客戶曾進行心臟手術，需復健，心臟供血量不足。
    6) 客戶有脊椎問題，需手術治療，手術費用昂貴，政府有補助。
    7) 客戶提到年紀大了，擔心骨質疏鬆問題。
    8) 客戶的健康狀況有所改善，但仍需定期進行肝功能檢查和抽血檢查。

3. 職業背景
    1) 客戶的老公從事保全工作。
    2) 客戶未提及自身職業，但提到經濟狀況不佳，錢需花在刀口上。

4. 健康食品使用心得
    1) 客戶服用益生菌、葉黃素、褐藻、魚油、B群、苦瓜胜肽等保健食品，認為益生菌對腸道健康有幫助，葉黃素對眼睛有益，褐藻有抗發炎和抗自由基效果。
    2) 客戶每天服用兩顆葉黃素，認為一顆效果不佳，葉黃素可與魚油、B群一起食用。
    3) 客戶曾使用补骨胜肽和能量手環，但效果不佳。
    4) 客戶對某些產品如芝麻明E、參萃產品、氨基酸產品等不感興趣，對日本產品和粉末形式產品不喜歡。
    5) 客戶對購物台產品和來自大陸的產品質量有疑慮，曾購買益生菌產品但對包裝標示不滿意。
    6) 客戶對紅石榴產品的補血和抗氧化效果有興趣，對葉黃素特價產品有關注。

5. 禁忌
    1) 客戶不敢每天吃纖維酵素，擔心便秘。
    2) 客戶不想加西藥，對西藥有顧慮。
    3) 客戶提到消炎止痛藥不能亂吃。
    4) 客戶擔心魚油可能有污染。",1
25246397,男,75.0,台南市新營區,D+,天秤座,7243,否,否,否,否,否,否,是,否,76453.99998999998,49,27319.999990000008,25,3310.47619,5,2281.90476,4,0.0,0,3422.85714,6,3422.85714,6,2281.90476,4,2281.90476,4,0.0,0,否,否,是,否,否,否,0,否,否,否,否,否,0,否,否,否,,1
25252802,女,56.0,高雄市前鎮區,D+,水瓶座,7238,否,否,否,否,否,是,否,否,162719.52385,81,14912.380960000002,9,6172.38096,3,0.0,0,2838.09524,1,11323.80953,4,2838.09524,1,2838.09524,1,0.0,0,2838.09524,1,否,否,是,否,否,否,0,否,否,否,否,否,0,否,否,否,"1. 家庭關係
    1) 客戶表示目前沒有小朋友。

2. 健康狀況
    1) 客戶提到她不怕冷，喜歡冷的天氣，但每天都覺得很熱，即使在過年時也穿短袖。
    2) 客戶提到她有在吃蠻多營養品，並且喜歡自己選擇營養品。

3. 職業背景
    1) 客戶目前正在工作，工作日為周休二日。
    2) 客戶提到她的工作很忙，平日下班時間大約是六七點。

4. 健康食品使用心得
    1) 客戶之前有購買過PPLS品牌的葉黃素，但表示不會固定吃同一品牌，會更換品牌使用。
    2) 客戶目前沒有在吃葉黃素，但有在吃其他保健食品，並且喜歡變換不同的產品。
    3) 客戶之前有在吃葉黃素和凡凌志，但目前已經沒有在吃。
    4) 客戶家中有用不完的益生菌。

5. 禁忌
    1) 客戶表示目前沒有購買需求，會再考慮後決定。
    2) 客戶提到她不需要分期付款。",1
25260651,男,58.0,台南市歸仁區,D+,天秤座,7230,否,否,否,否,否,否,是,否,39212.7619,12,11841.90476,8,7114.28572,4,3808.57143,1,0.0,0,3808.57143,1,3808.57143,1,3808.57143,1,3808.57143,1,0.0,0,否,否,否,否,否,否,0,否,否,否,否,否,0,否,否,否,,1
25261112,女,71.0,高雄市三民區,D+,巨蟹座,7230,否,否,是,否,否,是,是,否,89217.14285999999,46,21122.85714,14,16856.19047,10,8027.619049999999,4,0.0,0,4618.09524,3,4618.09524,3,4238.09524,2,4238.09524,2,0.0,0,否,否,是,否,否,否,0,否,否,否,否,是,0,否,否,否,,1
25263991,女,76.0,桃園市桃園區,D+,天秤座,7228,否,否,否,否,否,否,是,否,13142.85714,1,13142.85714,1,13142.85714,1,13142.85714,1,0.0,0,13142.85714,1,13142.85714,1,13142.85714,1,13142.85714,1,0.0,0,否,否,否,否,否,否,0,否,否,否,否,否,0,否,否,否,,1
25264873,女,75.0,台北市文山區,D+,天蠍座,7227,否,否,是,否,否,是,是,否,160905.71426000007,54,111264.76189999998,10,18085.71428,2,17142.85714,1,0.0,0,114394.28572,13,110161.90476,9,18085.71428,2,17142.85714,1,0.0,0,否,否,否,否,否,否,0,否,否,否,否,否,0,否,否,否,"1. 家庭關係
    1) 客戶目前單身，沒有老公，喜歡獨居，認為與他人同住會感到不自在。
    2) 客戶有兩個兒子，老大住在高雄，週五回來，週日返回，老二在新店擔任腎臟科醫師助理，主要負責實驗和事務，曾住在家中，後因工作搬離。老大贊成她購買龜鹿產品，但認為價格偏高，老二對她的消費行為較不關心。
    3) 客戶的母親已過世，生前曾由客戶照顧，僅在需要時去醫院。
    4) 客戶的妹妹定居於日本福岡，近期較常回台灣，客戶有幫妹妹進行定期定額的投資。
    5) 客戶的媳婦目前請假一年，可能會失去工作，讓她感到擔心。

2. 健康狀況
    1) 客戶主要健康問題是皮膚長白斑，眼睛有問題，包括輕微白內障和曾經有飛蚊症，但其他健康狀況尚可。
    2) 客戶容易口渴，可能與體質有關，並且有爬樓梯時感到疲憊的情況。
    3) 客戶曾進行白內障手術，目前主要依靠中藥和針灸進行調理，偶爾也會吃中藥。
    4) 客戶怕冷，不喜歡吃酸的東西，也不喝甜的飲品或含糖飲料。

3. 職業背景
    1) 客戶是一位74歲的退休家庭主婦，經濟來源主要依靠兒子提供的金錢。
    2) 客戶對房地產投資不感興趣，曾購買過ETF，但認為目前價格過高，不適合再投資。

4. 健康食品使用心得
    1) 客戶家中有許多未開封的保健品，包括鴕鳥精、龜鹿產品等，但她對保健品不感興趣，認為自己的養生方法更有效。
    2) 客戶有在喝激活粒線體產品，但不是每天飲用，目前還有存貨，暫時不會回購。
    3) 客戶曾購買東森老師推薦的保健食品，但目前家中存貨充足，暫時不需要再購買。
    4) 客戶生活習慣是想到才吃保健品，平時很少食用，除非感覺身體有異樣。

5. 禁忌
    1) 客戶不吃西藥、不吃泡麵、不吃麥片類食品，認為這類食品以澱粉為主，吸引力不大。
    2) 客戶不喝甜的飲品或含糖飲料，也不吃訂購的食品。
    3) 客戶不喜歡某些產品，認為不夠天然，可能含有添加物，並且不喜歡水光產品及睫毛相關產品。
    4) 客戶不喜歡被改變，喜歡固定的生活方式。",1
25281583,女,75.0,高雄市旗山區,D+,天秤座,7213,否,否,是,否,否,否,是,否,83591.90473000001,36,21288.571430000004,12,7904.761899999999,3,7904.761899999999,3,0.0,0,30159.04761,10,16901.90476,7,7904.761899999999,3,7904.761899999999,3,0.0,0,否,否,否,否,否,否,0,否,否,否,否,否,0,否,否,否,,1
25287741,女,86.0,台北市士林區,D+,巨蟹座,7208,否,否,否,否,否,否,否,否,294505.4762,183,51791.42858,41,43480.00001,19,0.0,0,0.0,0,35010.47619,10,32839.04761,8,30266.66667,2,0.0,0,0.0,0,否,否,是,否,否,否,0,否,否,否,否,否,0,否,否,否,"1. 家庭關係
    1) 客戶有一位妹妹，剛從美國回來，帶了很多巧克力。
    2) 客戶的弟弟將於11月中旬從美國回來。
    3) 客戶的女兒每次出國都會幫她買某品牌的鐵盒巧克力。
    4) 客戶提到家裡有客人，並提到孫子吃飯。
    5) 客戶以前每年都會去美國探望父母，但父母過世後就很少出國了。

2. 健康狀況
    1) 客戶已經86歲，年紀較大，身體需要定期檢查。
    2) 客戶有高血壓和腸胃炎，腸胃不適。
    3) 客戶曾經有白內障，左眼已經開過手術，右眼需要開刀，並且有散光和深度近視。
    4) 客戶不隨便吃保健品，認為自然最好。
    5) 客戶目前很少出門，出門較為困難。

3. 職業背景
    1) 客戶已經退休，過去曾經每年出國探望父母。
    2) 客戶提到她以前常在東森購物，但現在很少購買，偶爾會上網購物。

4. 健康食品使用心得
    1) 客戶有在吃益生菌，主要是為了腸胃健康。
    2) 客戶表示她不吃保養品，也不需要任何保養品。
    3) 客戶習慣喝泰山純粹600cc的水。
    4) 客戶不喜歡苦茶油，不喝茶，也不吃巧克力。

5. 禁忌
    1) 客戶不使用保養品，包括保濕化妝水等產品，但會擦乳液。
    2) 客戶不做醫美，認為自然最好。
    3) 客戶不吃保養品，也不需要任何保養品。",1
25293790,男,57.0,台北市士林區,Z,天秤座,7203,否,否,否,否,否,否,是,否,70197.90477000001,50,5657.14286,1,5657.14286,1,5657.14286,1,0.0,0,49255.2381,36,5657.14286,1,5657.14286,1,5657.14286,1,0.0,0,否,否,否,否,否,否,0,否,否,否,否,否,0,否,否,否,"1. 家庭關係
    1) 未提及家庭相關資訊。

2. 健康狀況
    1) 客戶每天服用葉黃素，通常一天吃一顆。
    2) 客戶有服用銀保善存補充維他命C。
    3) 客戶尚未試用過最近購買的銀保善存保健食品。

3. 職業背景
    1) 客戶曾從事大理石師傅工作，涉及工地作業。
    2) 客戶目前正在休息，未提及具體工作性質。

4. 健康食品使用心得
    1) 客戶每天服用葉黃素，認為一天一顆是適合的用量。
    2) 客戶最近才購買銀保善存保健食品，但尚未試用。

5. 禁忌
    1) 客戶暫時沒有購買東西的計劃。
    2) 客戶一般選擇貨到付款方式購買商品。",1
25300507,女,64.0,花蓮縣花蓮市,B,摩羯座,7197,否,否,是,是,否,是,是,否,636206.33334,106,192472.38094,24,105616.19047000002,16,101732.38095,13,2361.90476,1,609178.09525,87,191397.14285,22,105616.19047000005,16,101732.38095,13,2361.90476,1,否,否,否,否,否,否,0,否,否,否,否,否,0,是,否,否,"1. 家庭關係
    1) 客戶提到她有一位姐姐，並與姐姐聯絡後決定取消部分訂單。
    2) 客戶目前一個人居住，家中使用衛生紙的人數不固定。

2. 健康狀況
    1) 客戶63歲，吃素，對胎盤素和鴕鳥成分的產品有顧慮。
    2) 客戶大約三四年未進行體檢，對食用保健食品持保留態度，擔心可能產生的不適。
    3) 客戶提到目前有在吃益生菌，排便狀況良好，並使用免疫力提高的保健食品。
    4) 客戶無法適應一次食用多種保健品，選擇分開使用。
    5) 客戶提到她所在的地區空氣污染嚴重，且有時會因電力不足而斷電。

3. 職業背景
    1) 客戶未提及具體職業背景。
    2) 客戶對投資計劃不感興趣，並無相關計劃。

4. 健康食品使用心得
    1) 客戶曾購買並使用多種保健食品，包括益生菌、玻尿酸、氨基酸、褐藻糖膠、靈芝多醣體膠囊、激活安瓶、紅色安瓶、降血糖保健食品等，對部分產品效果表示滿意。
    2) 客戶對保健食品的選擇偏好高品質產品，對東森的服務表示滿意，並對產品的價格和折扣有考量。
    3) 客戶對於保健食品的使用有自己的安排，通常會錯開不同產品的使用時間，避免囤積過多產品。
    4) 客戶對於玻尿酸產品和其升級版有興趣，並考慮在優惠時購買。
    5) 客戶對於美容油的使用不太習慣，感覺有些油膩。
    6) 客戶對於保健食品的國際認證感興趣，特別是環保石墨烯認證、遠紅外線認證和負離子認證。

5. 禁忌
    1) 客戶不會食用鱸魚精，因為不喜歡該產品。
    2) 客戶不敢使用含有鴕鳥成分的產品，並對胎盤素有顧慮。
    3) 客戶對於食用保健食品持保留態度，擔心可能產生的不適。",1
25308954,男,70.0,新北市林口區,C,天秤座,7189,否,是,否,否,否,是,是,否,70299.42858,29,67451.42858,28,32327.61906,19,15672.38096,7,1760.95238,1,34201.90476,15,34201.904760000005,15,19261.90477,10,15672.38096,7,0.0,0,否,否,否,否,否,否,0,否,否,否,否,否,0,否,否,否,"1. 家庭關係
    1) 客戶表示有孫子。
    2) 客戶提到葉黃素是他的太太在服用。

2. 健康狀況
    1) 客戶表示目前身體狀況還可以，體檢骨密度正常，沒有相關問題。
    2) 客戶提到葉黃素的使用讓眼睛感覺比較舒服，益生菌則改善了排便順暢。
    3) 客戶表示益生菌每天都吃，幫助排便，但效果與之前相比沒什麼差別。
    4) 客戶提到他吃素。

3. 職業背景
    1) 客戶提到最近兩個禮拜在出差，不在台灣，目前在上海。
    2) 客戶表示可能過年後回台灣，但尚未確定。

4. 健康食品使用心得
    1) 客戶表示每天服用葉黃素，劑量為一顆，偶爾服用益生菌一天一包，幫助排便。
    2) 客戶提到尚未使用購買的保健品，原因是沒有時間拆開使用。
    3) 客戶表示平常沒有額外補充B群和魚油。
    4) 客戶提到他很少使用其他保養品，偏好簡單的保養方式。

5. 禁忌
    1) 客戶提到對粒線體相關產品不感興趣。
    2) 客戶表示擔心購買兩組產品可能會太多。",1
25327959,女,75.0,台中市龍井區,C,天秤座,7174,否,否,是,否,否,是,是,否,286757.38095,186,51340.00001,35,23646.66664,14,13541.90474,8,0.0,0,19025.71427,10,13368.57141,9,11276.190460000002,6,11276.19046,6,0.0,0,否,否,是,否,否,否,0,否,否,否,否,是,0,否,否,否,"1. 家庭關係
    1) 未提及相關資訊。

2. 健康狀況
    1) 客戶為74歲女性，可能有骨骼健康相關需求。

3. 職業背景
    1) 未提及相關資訊。

4. 健康食品使用心得
    1) 客戶有在使用挺立加強鈣。
    2) 客戶對於軟骨素和補鈣產品有興趣並曾詢問相關資訊。
    3) 客戶已購買多種健康產品。
    4) 客戶有使用魚油，並確認收到魚油和苦瓜相關產品。

5. 禁忌
    1) 未提及相關資訊。",1
25337726,女,70.0,新北市三重區,E,摩羯座,7167,否,否,否,否,否,否,否,否,248596.47614,84,55939.99998,14,5149.52381,3,0.0,0,0.0,0,53349.5238,10,46939.99998999999,7,1961.90476,1,0.0,0,0.0,0,否,否,是,否,否,否,0,否,否,否,否,是,0,否,否,否,,1
25343330,女,78.0,台南市中西區,C,射手座,7162,否,否,是,否,否,否,是,否,104862.47617,49,76699.04759999999,34,32635.23809,13,29139.99999,11,0.0,0,59860.95236,27,59385.71426000001,26,29139.99999,11,29139.99999,11,0.0,0,否,否,是,否,否,否,0,否,否,否,否,是,0,否,否,否,,1
25344723,女,74.0,新北市中和區,D+,巨蟹座,7161,否,否,否,是,否,是,是,是,195533.33334,30,96730.47618000004,7,14066.66666,3,9522.85714,1,4543.809520000001,2,166186.66666,12,92186.66666,5,9522.85714,1,9522.85714,1,0.0,0,否,否,是,否,否,否,0,否,否,否,否,是,0,否,否,否,"1. 家庭關係
    1) 客戶已經離婚，子女不與她同住。
    2) 客戶提到她的女兒不理她，且沒有給她任何金錢支持。
    3) 客戶目前一個人居住，表示不需要人陪伴。

2. 健康狀況
    1) 客戶於三月二十八日發生車禍，導致視網膜出血和腦部出血，並因此住院21天（包括家務病房和普通病房），目前已出院在家。
    2) 客戶行動不便，出門有困難，經常需要往返醫院，交通費為250元。
    3) 客戶需要服用安眠藥才能入睡，已服用超過二十年。
    4) 客戶提到身體狀況不佳，希望能夠改善健康。
    5) 客戶表示如果生病了，沒有人可以照顧她。

3. 職業背景
    1) 客戶之前從事公司的清潔工作。
    2) 客戶因車禍無法工作，目前沒有收入，經濟狀況困難。

4. 健康食品使用心得
    1) 客戶是東森購物的資深會員，已加入19年，對東森的產品有信任感，過去曾購買過多盒龜鹿精。
    2) 客戶提到之前購買了很多健康食品，但有些尚未吃完。
    3) 客戶目前有在服用幹細胞保健食品，並每天按時服用。
    4) 客戶提到過去使用的保健品未達到預期效果。

5. 禁忌
    1) 客戶目前經濟狀況困難，無法負擔額外的開銷，無法購買保健品。
    2) 客戶通常穿拖鞋出門，表示沒有錢購買其他鞋子。",1
25354526,女,55.0,新北市三重區,Z,金牛座,7153,否,否,否,是,否,是,是,否,165564.33336999998,100,47380.95239000002,22,6977.14286,6,570.47619,1,1100.0,1,14522.85714,7,6551.42857,3,570.47619,1,570.47619,1,0.0,0,否,否,是,否,否,否,1,否,否,否,否,否,0,否,否,否,"1. 家庭關係
    1) 客戶表示家中襪子很多，但不是石墨烯材質的襪子。
    2) 客戶需要與先生討論是否購買石墨烯襪子，因為是先生要使用。
    3) 客戶提到她婆婆習慣使用包紮用品，並詢問尿素相關產品是否缺貨。

2. 健康狀況
    1) 客戶表示自己已經滿五十歲，目前為54歲女性。
    2) 客戶提到之前有人打過幹細胞療程。
    3) 客戶有在吃A25，並表示其屬於B群的一種。

3. 職業背景
    1) 客戶提到自己正在上班，並表示加班到七八點才會下班。
    2) 客戶表示工作時間有限，沒有太多時間進行對話。

4. 健康食品使用心得
    1) 客戶表示她有買過葉黃素，但覺得效果還好，目前沒有缺每日葉黃素的需求。
    2) 客戶提到目前沒有購買保健食品的需求，但會再考慮。
    3) 客戶表示家中已有漢方產品，因此暫時不需要其他產品。
    4) 客戶提到之前在好市多購買A25作為保健食品。

5. 禁忌
    1) 客戶提到她有另外在使用的皮膚保養品牌，但未具體說明品牌名稱。
    2) 客戶目前沒有購買保健食品的需求，並對葉黃素效果評價一般。",1
25356386,女,56.0,新北市中和區,C,射手座,7151,否,否,是,是,否,是,是,否,132234.95235,47,67843.80950999999,26,21652.380939999995,11,14262.85713,5,1602.85714,1,48290.95236,10,40178.09522,7,10006.66666,2,10006.66666,2,0.0,0,否,否,是,否,否,否,0,否,否,否,否,否,0,否,否,否,"1. 家庭關係
    1) 客戶有一個九個月大的孫子，總共有三個孫子，其中一個孫子已經十歲。
    2) 客戶的大兒子年齡約22到23歲，兒子和媳婦提到小孫子聽到客戶講話的聲音會想睡覺。
    3) 客戶的先生會自行購買魚油等保健品，並在過年期間請客戶幫忙購買看電視時喜歡的商品。
    4) 客戶的女兒曾購買一款晚上睡前吃的保健食品給她，並表示該產品代謝效果很好。
    5) 客戶的妹妹曾購買一款純天然的保健食品給她，並表示效果很好。

2. 健康狀況
    1) 客戶目前56歲，免疫力不錯，很少感冒，也很少看醫生。
    2) 客戶每天都會排便，沒有便秘問題。
    3) 客戶提到她以前常吃大餐，一週吃到飽四天以上。

3. 職業背景
    1) 客戶的保險大部分是透過電話行銷購買的。

4. 健康食品使用心得
    1) 客戶曾使用紅色膠囊和紅白膠囊的保健食品，認為效果不錯。
    2) 客戶曾在出國去泰國和越南時使用減重產品，認為有效果且沒有增胖。
    3) 客戶每天會吃一包膠原蛋白粉和益生菌，並根據自身情況調整補充維生素和綜合維他命。
    4) 客戶之前購買過日夜塑封家的代謝排便膠囊產品，並已經吃完，認為有效。
    5) 客戶有購買過葉黃素和高單位B群。
    6) 客戶的老公使用了一款霜，並表示效果不錯。
    7) 客戶提到目前有在吃中醫的產品。

5. 禁忌
    1) 客戶不想購買保養品，因為家裡已經有很多。
    2) 客戶的朋友認為藍色盒子裡面一條一條像果凍的產品太貴了。",1
25356909,男,75.0,台南市北區,C,天秤座,7151,是,否,是,否,否,是,是,否,152497.14291,47,70126.66666999999,10,56926.666670000006,8,51123.80952,5,2647.61905,1,78285.71429,10,66971.42857,8,53771.42857,6,51123.80952,5,2647.61905,1,否,否,否,否,否,否,0,否,否,否,否,否,0,否,否,否,"1. 家庭關係
    1) 客戶目前獨居，家中沒有電視和電腦，主要使用藍牙音響聽音樂和新聞。
    2) 客戶的配偶和子女目前居住在美國，女兒曾幫忙從美國帶回南瓜籽油。
    3) 客戶提到妹妹最近剛做了白內障手術。

2. 健康狀況
    1) 客戶目前沒有三高問題，但有輕微的膽固醇問題，醫生建議隔天服用半顆保養藥物。
    2) 客戶曾因皮膚搔癢問題去掛急診。
    3) 客戶每天早上會運動，花一個小時走路到公園，並有與朋友聚餐的計劃。
    4) 客戶早上空腹時會喝咖啡。

3. 職業背景
    1) 客戶是日本股東，與日本貨品有關聯。
    2) 客戶平時喜歡聽音樂和欣賞藝術品，並有收藏藝術品的興趣，但目前未購買新的。

4. 健康食品使用心得
    1) 客戶目前固定食用三樣保健品，包括益生菌、葉黃素和日本蜂膠，並認為蜂膠效果不錯。
    2) 客戶每天服用一顆益生菌和一顆葉黃素，家中還有存貨。
    3) 客戶曾購買過妍美会品牌的葉黃素產品，但因價格較高而停止購買。
    4) 客戶曾購買過穆拉德的強心冠路通，但已經很久沒吃了。
    5) 客戶認為夏天適合使用竹炭產品，冬天則適合使用石墨烯產品，但對石墨烯內褲不習慣，已停止使用。
    6) 客戶曾購買過六雙石墨烯襪子，並將其中一雙送給太太。
    7) 客戶從美國購買南瓜籽油，並由女兒帶回台灣。

5. 禁忌
    1) 客戶不會亂吃藥，醫療問題會交由醫生處理，並不依賴保健品解決醫療問題。
    2) 客戶不喜歡吃太多保健品，認為保健品是可有可無的，且家中已有足夠存貨。
    3) 客戶對含有鹿茸成分的產品感到擔心，擔心產品是否會變質。
    4) 客戶已經不再食用心血管相關的保健品。
    5) 客戶表示一年內不希望再接到推銷電話，因為家中已有足夠存貨。",1
25357218,女,83.0,基隆市暖暖區,D+,射手座,7151,否,否,否,否,否,是,是,否,569814.2379500001,378,31143.809519999995,23,31143.809519999995,23,3598.09523,3,1800.0,1,267318.09507000004,134,12882.857140000002,10,12882.857140000002,10,1314.28571,1,1800.0,1,否,否,否,否,否,否,0,否,否,否,否,否,0,是,否,否,"1. 家庭關係
    1) 客戶提到有一位年紀較大的阿姨，可能不太會使用語音客服或文字客服。
    2) 客戶幫他人（可能是阿姨）訂購商品，並協助處理相關事宜。

2. 健康狀況
    1) 客戶提到自己營養不對應，可能存在健康方面的需求。

3. 職業背景
    1) 未提及具體職業背景，但客戶是一位82歲的女性，可能已退休。

4. 健康食品使用心得
    1) 客戶早期曾購買過龜鹿精和龜鹿膠等保健產品。
    2) 客戶表示不再使用某些產品，可能與健康需求或效果相關。

5. 禁忌
    1) 未提及具體禁忌。",1
25358064,女,68.0,高雄市左營區,Z,水瓶座,7150,否,否,否,否,否,否,是,否,81572.19046000001,34,5657.14286,1,5657.14286,1,5657.14286,1,0.0,0,25295.2381,5,5657.14286,1,5657.14286,1,5657.14286,1,0.0,0,否,否,是,否,否,否,0,否,否,否,否,否,0,否,否,否,,1
25364217,女,41.0,台中市大里區,C,射手座,7146,否,否,否,否,否,否,是,否,171349.0,47,99723.80953,24,41619.04762,5,40762.85714000001,4,0.0,0,165268.57142,43,96472.38095,21,40762.85714,4,40762.85713999999,4,0.0,0,否,否,否,否,否,否,0,否,否,否,否,否,0,否,否,否,"1. 家庭關係
    1) 無相關資訊提供。

2. 健康狀況
    1) 無相關資訊提供。

3. 職業背景
    1) 無相關資訊提供。

4. 健康食品使用心得
    1) 客戶提到白藜蘆醇對她蠻好的。

5. 禁忌
    1) 客戶表示未來不願意收到數據商品推薦。",1
25365182,女,66.0,台北市北投區,D+,天蠍座,7145,否,否,否,否,否,否,是,否,337741.19049,115,16331.428580000002,7,7369.52381,4,5657.14286,2,0.0,0,29741.90477,8,11694.28572,4,6037.14286,3,5657.14286,2,0.0,0,否,否,是,否,否,否,0,否,否,否,否,否,0,否,否,否,"1. 家庭關係
    1) 客戶與老公一起服用保健品，並分享每次購買的產品。
    2) 客戶提到婆婆最近過世，因此今年無法前往苗栗拜拜。
    3) 客戶有佛教的宗教信仰。

2. 健康狀況
    1) 客戶有甲狀腺問題。
    2) 客戶的關節問題尚未透過藥物解決。
    3) 客戶表示一整年都未接種疫苗，並且不想接種。
    4) 客戶討厭吃藥，認為有問題可以自己解決，並選擇其他方式改善循環。

3. 職業背景
    1) 客戶目前處於退休狀態。
    2) 客戶表示她沒有被動收入，且經濟壓力大，主要原因是繳房貸。

4. 健康食品使用心得
    1) 客戶每天早上服用葉黃素，一次服用兩顆，並提到三月份的訂單快吃完了。
    2) 客戶表示葉黃素有在吃，但目前未拆開新收到的產品，因為舊的還未使用完。
    3) 客戶以前有購買過循利鈴產品，用於增加血液循環。
    4) 客戶不喜歡吃日本的綠蜂膠。
    5) 客戶提到她曾購買某品牌保健品，但對其廣告內容感到不滿，認為不實。

5. 禁忌
    1) 客戶不吃牛肉和豬肉，但有吃魚肉、蝦肉及雞胸肉。
    2) 客戶每天喝五到六杯紅茶，且加糖。
    3) 客戶不喜歡黑色衣物，並將較暗色的衣物送給他人。
    4) 客戶不太講究衣物的清洗方式。
    5) 客戶住在台北，表示手頭緊且預算有限，需使用貨到付款方式。
",1
25381203,男,63.0,高雄市鼓山區,C,雙魚座,7127,否,否,是,否,否,否,是,否,34763.809530000006,14,34763.80953,14,16695.2381,5,15752.38096,4,0.0,0,19003.80952,7,19003.809520000003,7,15752.380960000002,4,15752.38096,4,0.0,0,否,否,否,否,否,否,0,否,否,否,否,否,0,否,否,否,,1
25408671,女,74.0,高雄市小港區,C,天蠍座,7098,否,否,是,是,否,是,是,否,1186876.2856299998,387,334712.38091000007,135,119226.66662999996,41,78886.66665,14,11901.90477,6,825052.3810099999,117,170564.76190000004,13,75869.5238,9,66479.04761,7,2838.09524,1,否,否,是,否,否,否,0,否,否,否,否,是,0,否,否,否,"1. 家庭關係
    1) 客戶有三個小孩。
    2) 客戶提到她的女兒最近回來了。

2. 健康狀況
    1) 客戶曾經脊椎開刀，並有脊椎相關問題，可能與過去騎車摔倒的經歷有關。
    2) 客戶提到自己有慢性病，需使用處方簽，並建議慢性病藥物與保健品隔開一個半小時服用。
    3) 客戶提到自己有癌細胞。
    4) 客戶的腰部會酸，可能需要護腰產品。
    5) 客戶有水腫、膽固醇問題，並提到肚子消不下去，想減重十公斤，目前體重約六十公斤。
    6) 客戶提到腸胃不太好，並且目前正在重感冒，需要打針。
    7) 客戶提到最近有去做健康檢查，但尚未拿到報告。
    8) 客戶聲音有些沙啞，專員建議多喝溫熱水。
    9) 客戶沒有排便不順暢的問題，但不確定是否有血糖過高的情況。

3. 職業背景
    1) 客戶的工作時間為下午一點到五點，平常只有早上比較方便接電話。
    2) 客戶提到禮拜三和禮拜五有上課。

4. 健康食品使用心得
    1) 客戶曾購買過朱董的商品，包括B群、深海魚油、顧骨頭產品、葉黃素、堅果、鴕鳥精、龜鹿產品、牛樟芝等，並對朱董的產品有興趣。
    2) 客戶對鴕鳥精的成分和功效熟悉，認為其對體質有幫助，特別是在秋冬時不會燥熱，且對減少痠痛有效。
    3) 客戶表示吃過龜鹿產品，但仍感到骨頭疼痛。
    4) 客戶被建議每天早上空腹喝一瓶含有德國成分的飲品，改善胸悶和疲勞。
    5) 客戶被建議在體力較累或工作結束後，隔水加熱飲用含有鱸魚萃取的產品以提升體力。
    6) 客戶曾購買再生安瓶，專員提醒其多喝水並觀察使用效果。
    7) 客戶對於產品的價格、優惠活動、成分及有效期有關注，並希望獲得更多優惠和贈品。

5. 禁忌
    1) 客戶提到需要在空腹時服用某些產品，建議早上十一點和下午三點服用。
    2) 客戶提到在空檔時先吃兩顆，若無燥熱感可早晚各兩顆。
    3) 客戶被建議慢性病藥物需與保健品隔開一個半小時服用，以避免影響藥效。",1
25421781,女,65.0,台南市東區,Z,摩羯座,7085,否,否,否,否,否,否,是,否,9096.66667,6,6943.80953,4,6943.80953,4,2828.57143,1,0.0,0,2828.57143,1,2828.57143,1,2828.57143,1,2828.57143,1,0.0,0,否,否,否,否,否,否,0,否,否,否,否,否,0,否,否,否,,1
25444932,女,65.0,新北市中和區,C,水瓶座,7063,否,否,否,是,否,是,否,否,149561.8095,112,41191.42855,25,24435.238090000003,13,0.0,0,18754.28572,7,29077.142850000004,14,21696.19047,11,18825.71428,9,0.0,0,15154.28572,5,否,否,是,否,否,否,0,否,否,否,否,否,0,否,否,否,"1. 家庭關係
    1) 客戶提到她的女兒購買的商品通常由特定配送員送達。
    2) 客戶表示她的家老爺子通常五點半下班。

2. 健康狀況
    1) 客戶表示她有筋膜炎，禮拜一狀況不好。
    2) 客戶提到之前購買的堅果產品對乙肝沒有效果。

3. 職業背景
    1) 客戶提到她目前已退休，沒有在上班。

4. 健康食品使用心得
    1) 客戶表示她平常有使用益生菌，並提到益生菌幫助她排便順暢。
    2) 客戶提到她常常購買萬歲牌堅果，並偏好隨身包形式的堅果產品，認為大包裝不方便一天吃完。
    3) 客戶表示她最近常購買萬歲牌產品，因為家裡需要使用。
    4) 客戶提到她喜歡看書，並關注健康食品是否有人體實驗。

5. 禁忌
    1) 客戶表示她不需要購買醫美品牌的保養品，認為浪費時間。
    2) 客戶提到她不希望被推薦化妝品，並表示只想討論堅果相關產品。",1
25447364,男,63.0,台北市中山區,A,水瓶座,7061,否,否,是,是,否,是,是,否,160078.95236999998,30,149117.14285,25,131136.19045999998,17,119357.14285,12,4094.28571,1,120185.71428,11,120185.71428,11,116394.28571,10,112861.90476000002,8,0.0,0,否,否,否,否,否,否,0,否,是,否,否,否,0,否,否,否,"1. 家庭關係
    1) 客戶的父母已過世，母親瘦了五六年後過世。
    2) 客戶每週五晚上下班後一定回家陪父親，並在週六中午與父親共進午餐。
    3) 客戶提到有人因車禍受傷，並提到花蓮地區。

2. 健康狀況
    1) 客戶曾開刀，術後每天服用八顆保健品以促進修復。
    2) 客戶表示牛樟芝對術後恢復有幫助。
    3) 客戶喝安瓶後感覺腦血管方面有所改善。
    4) 客戶連續服用胎盤素保健品16年，認為效果良好。
    5) 客戶提到益生菌改善了身體狀況。
    6) 客戶目前幾乎不吃膠囊形式的保健品，偏好其他形式的產品。
    7) 客戶不抽菸，且完全沒有咖啡依賴。

3. 職業背景
    1) 客戶是公務員，年紀接近退休年齡。
    2) 客戶在政府機關工作，通常五點下班。
    3) 客戶提到自己正在上班並開會。

4. 健康食品使用心得
    1) 客戶使用過鱸魚精並查看過產品，了解牛樟芝的培育過程及珍貴性。
    2) 客戶曾購買幹細胞相關產品，並研究過其成分與品牌。
    3) 客戶曾使用白蘭氏保健食品一段時間。
    4) 客戶喝過東森的魚肝油產品，並表示目前最需要魚肝油。
    5) 客戶了解磷蝦油和魚油的效果，並對心血管健康產品如納豆紅麴蚓激酶有所了解。
    6) 客戶認為葉黃素對眼睛保養有幫助，但需長期服用才能見效，目前未服用但考慮未來可能會使用。
    7) 客戶擔心被騙，因此會研究購買的產品。
    8) 客戶提到東森購物平台曾看到心血管健康產品。

5. 禁忌
    1) 客戶表示不需要心血管相關商品，並不購買或使用該類產品。
    2) 客戶幾乎不吃膠囊形式的保健品。",1
25450074,女,66.0,台南市南區,D+,射手座,7059,否,否,否,否,否,否,是,否,129628.28571,57,13005.71429,5,8263.80952,2,8263.80952,2,0.0,0,7761.90476,2,4933.33333,1,4933.33333,1,4933.33333,1,0.0,0,否,否,否,否,否,否,0,否,否,否,否,否,0,否,否,否,,1
25456373,男,未知,新北市三重區,B,0,7052,否,否,否,否,否,否,是,否,1614425.7142,213,227203.8095,42,73238.09522000002,10,69712.38094,6,0.0,0,1531898.0951900005,174,227203.80950000003,42,73238.09522000002,10,69712.38094,6,0.0,0,是,否,是,否,否,否,1,否,否,否,否,否,0,否,否,否,"1. 家庭關係
    1) 客戶提到小孩在讀初一。
    2) 客戶提到女兒的相關資訊，但未明確說明具體內容。
    3) 客戶提到自己沒有養寵物。

2. 健康狀況
    1) 客戶提到有三高問題。
    2) 客戶提到加巴胺可能影響睡眠。

3. 職業背景
    1) 客戶目前在家，未提及具體職業。
    2) 客戶提到醫美相關內容，但未明確是否從事相關行業。

4. 健康食品使用心得
    1) 客戶提到氨基酸可以使用。
    2) 客戶提到葉黃素。
    3) 客戶提到抗氧化產品可以使用。
    4) 客戶提到益生菌相關內容，但未明確使用情況。

5. 禁忌
    1) 客戶提到不能吃海鮮。",1
25459316,女,72.0,新北市淡水區,C,白羊座,7049,否,否,是,是,否,是,是,否,345314.66666000005,75,142079.99998999995,34,24642.85715,9,11314.28572,2,8899.047630000001,3,275476.19045,41,124284.7619,22,18704.76192,4,11314.28572,2,7390.4762,2,否,否,是,否,否,否,0,否,否,否,否,是,0,否,否,否,"1. 家庭關係
    1) 客戶提到她的女兒曾買了很多面膜給她，但她並未使用。
    2) 客戶曾參與愛心捐贈活動，捐贈飼料物資給流浪動物。

2. 健康狀況
    1) 客戶表示目前沒有三高或其他健康問題，對血管或血糖控制的產品沒有興趣。
    2) 客戶提到她今年已經滿70歲，並表示吃東西感到很累，不太想吃東西了。

3. 職業背景
    1) 客戶提到目前沒有在工作。
    2) 客戶表示她平時會看簡訊和電視廣告，並根據廣告內容考慮購買商品。

4. 健康食品使用心得
    1) 客戶目前有在服用魚油和維他命B群，並對台鹽生技的魚油產品感興趣。
    2) 客戶曾購買並服用益生菌、葉黃素、B群、娘家大紅麴、扶元堂的芝麻明E產品及鴕鳥龜鹿精，但部分產品已停止使用或不再購買。
    3) 客戶提到家中有很多保健食品，部分尚未使用，且有三盒已過期。
    4) 客戶表示目前不再購買或食用任何新的保健食品，認為自己已經吃得太多。

5. 禁忌
    1) 客戶表示不想購買或食用鴕鳥龜鹿精、醫療等級的葉黃素、幹細胞產品、粒線體保健品及抗老CC霜。
    2) 客戶對收藏品及藝術品沒有興趣，並表示不會嘗試一六八飲食法。",1
25461190,女,67.0,高雄市前鎮區,B,處女座,7048,否,否,否,是,否,是,是,否,647710.61907,132,239145.71425999983,52,54732.38096,14,28590.4762,3,19705.71428,3,582621.90477,110,204651.42853999996,41,48296.19048,6,28590.4762,3,19705.71428,3,否,否,否,否,否,否,0,否,否,否,否,否,0,否,否,否,"1. 家庭關係
    1) 客戶的先生忙於工作，颱風期間不願開車回家。
    2) 客戶有一個兒子和一個女兒，兒子目前住在台北，與兩位室友合租，並在苗栗工作；女兒在外地上學，曾從日本回來，偶爾坐高鐵上課，與男朋友同住。
    3) 客戶的媽媽年紀大了，身體不太好，有高血壓和老年痴呆，且需要開刀，客戶在手術過程中陪伴。
    4) 客戶的婆婆住在一個食物和營養品較貴的地方。
    5) 客戶的表妹體重過重，正在進行血清相關的事情，並且有拜佛的習慣。
    6) 客戶的家人喜歡吃肉包，女兒和先生特別喜歡。
    7) 客戶的家中曾有一隻寵物，已過世，客戶對其感情深厚，曾花費大量金錢照顧。

2. 健康狀況
    1) 客戶有骨頭痠痛的情況，但症狀不嚴重，並提到睡眠不足。
    2) 客戶的媽媽血壓不穩，曾因息肉問題導致流血不止，且有高血壓和中風風險。
    3) 客戶的女兒腸胃不太好，時好時壞，曾有心臟問題，最近因腸胃性感冒上吐下瀉，但已逐漸恢復。
    4) 客戶提到自己眼睛不太好，需每天服用葉黃素，並曾因頭暈懷疑血液循環不良。
    5) 客戶提到自己曾做過手術，目前情況有所好轉。
    6) 客戶對某些保養品過敏，使用某些產品會全身癢，並對安瓶過敏。

3. 職業背景
    1) 客戶提到她在指導一項軍事。
    2) 客戶的女兒的男朋友的媽媽在高雄一家有名的餐廳工作，且無需輪班。

4. 健康食品使用心得
    1) 客戶和家人每天都吃保健品，特別是葉黃素和益生菌，認為效果不錯，但客戶對益生菌效果感受不明顯。
    2) 客戶的女兒和兒子都在喝膠原蛋白，並覺得效果不錯；客戶的媽媽也有喝膠原蛋白。
    3) 客戶曾購買過人蔘、鴕鳥精、華陀龜鹿系列等保健產品，但目前使用較少。
    4) 客戶提到膠原蛋白對膝蓋有幫助，並對產品的環保包裝表示認同。
    5) 客戶曾購買蚓激酶，詢問是否適合母親服用以穩定血壓。

5. 禁忌
    1) 客戶的兒子對某些成分敏感，對益生菌成分有顧慮。
    2) 客戶不使用面膜，認為成分不適合自己，且覺得浪費錢。
    3) 客戶的媽媽不願意吃藥，醫生建議暫時不要服用通血路的藥物。
    4) 客戶不敢使用某些產品，因為曾對安瓶過敏。",1
25469501,女,61.0,新北市新莊區,D+,處女座,7040,否,否,是,否,否,否,是,否,43620.00002,22,9927.61905,3,4270.47619,2,4270.47619,2,0.0,0,29514.28571,11,9927.61905,3,4270.47619,2,4270.47619,2,0.0,0,否,否,否,否,否,否,0,否,否,否,否,否,0,否,否,否,"1. 家庭關係
    1) 未提及家庭關係相關內容。

2. 健康狀況
    1) 客戶有多種慢性健康問題，包括三高（高血壓、高血脂、高血糖）及血糖問題。
    2) 客戶心臟狀況不佳，容易喘，需要控制健康狀況。
    3) 客戶每三個月需要回去檢查健康狀況。

3. 職業背景
    1) 未提及職業背景相關內容。

4. 健康食品使用心得
    1) 客戶曾訂購挺立鈣片，目前尚未吃完，並表示一天服用一到兩顆鈣片進行保養。
    2) 客戶有服用保養品，包括銀杏和B群。
    3) 客戶曾購買益生菌，但效果不明顯。
    4) 客戶曾服用魚油，但目前尚未持續使用。

5. 禁忌
    1) 未提及具體禁忌內容。",1
25499109,女,62.0,屏東縣里港鄉,A,金牛座,7014,否,否,是,是,否,是,是,否,406773.33329,174,190091.42856000003,50,133244.76192000002,19,103673.33334,7,14000.00001,3,165324.7619,26,129614.28572,18,112818.09525,10,96457.14286,5,14000.00001,3,否,否,否,否,否,否,0,否,否,否,否,否,0,否,否,否,"1. 家庭關係
    1) 客戶有一位老公，老公正在服用某種粉末狀的保健食品，並認為該產品很好。
    2) 客戶有一個女兒在澳洲，兒子在台灣。
    3) 客戶購買的洗髮精是全家一起使用。

2. 健康狀況
    1) 客戶目前61歲。
    2) 客戶提到便秘問題，可能有相關需求。

3. 職業背景
    1) 未提及具體職業背景。

4. 健康食品使用心得
    1) 客戶目前正在服用大力美，每次服用兩顆。
    2) 客戶曾購買過葉黃素產品，但上次購買的還未吃完，並提到葉黃素是用來顧眼睛的。
    3) 客戶曾購買過玻尿酸產品，但使用後未感覺到效果。
    4) 客戶曾購買過華陀的產品及白冰冰代言的產品。
    5) 客戶提到她改吃了其他保健食品。
    6) 客戶的老公認為從Momo購買的粉末狀保健食品效果很好。
    7) 客戶的朋友曾推薦某產品，並表示有效。
    8) 客戶表示她在Momo購買過眼睛相關的產品，但效果不好。

5. 禁忌
    1) 客戶表示不需要益生菌，因為家裡已經有很多。
    2) 客戶不會使用電子型錄，也不喜歡看電子型錄。",1
25503096,女,57.0,高雄市楠梓區,C,白羊座,7010,否,否,是,否,否,是,是,否,200715.61907,57,153056.19050000008,38,62905.71429999999,16,52667.61906,11,0.0,0,114299.04763,20,110507.61906,19,44685.71429999999,8,44685.71429999999,8,0.0,0,否,否,否,否,否,否,0,否,否,否,否,否,0,否,否,否,"1. 家庭關係
    1) 客戶目前與家人同住，家中沒有養寵物。
    2) 客戶有兩個小朋友。
    3) 客戶的母親年齡約八十幾歲，客戶有意購買保健食品給母親食用。
    4) 客戶提到家中有家人生病住院。

2. 健康狀況
    1) 客戶偶爾感到髖關節不適，且已有一段時間，並持續進行復健。
    2) 客戶每年進行一次健康檢查，由公司提供。
    3) 客戶目前有在服用蚓激酶和葉黃素，並每天服用兩顆保健食品。
    4) 客戶表示晚上上班時會服用保健品。

3. 職業背景
    1) 客戶的工作時間為晚上七點半到隔天早上七點半，屬於夜班工作。
    2) 客戶表示早上不方便接電話，但上午十一點之前可以接聽電話。
    3) 客戶每月開銷不超過五千元，目前每月繳費壓力較大，無法負擔額外支出。

4. 健康食品使用心得
    1) 客戶之前購買過漢方益生菌，以優惠價格購買了六盒。
    2) 客戶對葉黃素產品感興趣，並詢問價格和折扣情況。
    3) 客戶有購買並食用挺立鈣作為補充骨關節的產品，目前尚未吃完。
    4) 客戶有購買天天面膜。
    5) 客戶有購買並食用B群保健食品，已經吃完，想要再購買。
    6) 客戶有購買魚油保健食品，但尚未吃完。
    7) 客戶提到她還沒有開始喝紅麴產品。
    8) 客戶表示她有在吃顧眼睛的保健品。

5. 禁忌
    1) 客戶表示目前不需要購買地震應急包。
    2) 客戶提到目前還沒有看到需要的保養品，會再通知專員。",1
25513871,女,64.0,台北市中正區,Z,天蠍座,7000,否,否,是,是,否,是,是,否,327515.42854,233,140611.42852,81,53105.714250000005,24,32871.42854,10,9154.28572,6,46274.28568999999,15,45741.90473999999,14,22302.85713,3,22302.85713,3,0.0,0,否,否,否,否,否,否,0,否,否,否,否,否,0,否,否,否,"1. 家庭關係
    1) 客戶計劃將剩餘的 NMN 保健食品帶回大陸給媽媽使用。
    2) 客戶曾將專員提到的商品資訊給女兒看。

2. 健康狀況
    1) 客戶目前正在看醫生。
    2) 客戶每年固定在十一月接種流感疫苗。
    3) 客戶的公司要求員工固定戴口罩以防傳染。

3. 職業背景
    1) 客戶目前在餐廳工作，尚未退休。
    2) 客戶提到她有在上班，禮拜五和禮拜六可以收貨。

4. 健康食品使用心得
    1) 客戶目前主要服用眼睛保健產品（葉黃素）和 NMN，並已停止服用其他保健食品。
    2) 客戶每天服用葉黃素，並曾購買華陀和東森的葉黃素產品。
    3) 客戶每天早上空腹服用活泉幹細胞產品，每次一顆。
    4) 客戶服用高劑量的 B 群，並提到目前服用的 B 群是紅色盒子且濃度較高。
    5) 客戶偶爾服用日本購買的合利他命，主要用於保養。
    6) 客戶會在飯後服用鈣片。
    7) 客戶曾購買魚油、蝦紅素、益生菌、玻尿酸等保健食品，但部分產品已送人或停止使用。
    8) 客戶曾購買 NMN 保健食品，價格約為兩萬五千多元，每天服用四顆，分早上、中午和晚上服用，目前家中還有兩盒未使用完。
    9) 客戶表示曾購買華陀的益生菌，但覺得效果不佳，並不再使用。

5. 禁忌
    1) 客戶很少使用化妝品和面膜，也很少使用防曬或精華液。
    2) 客戶很少煮飯，也很少購買米。
    3) 客戶很少購買日用品，例如牙膏、洗面乳等。",1
25515735,女,58.0,高雄市仁武區,Z,白羊座,6998,否,否,是,是,否,是,是,否,344404.04769000004,199,46110.47619,31,11161.90476,7,1508.57143,1,4426.66667,3,8483.80952,5,1913.33333,3,942.85714,1,0.0,0,942.85714,1,否,否,是,否,否,否,0,否,否,否,否,否,0,否,否,否,"1. 家庭關係
    1) 未提及具體家庭成員或關係。

2. 健康狀況
    1) 客戶有高血壓，需每天早上服用高血壓藥及中藥。
    2) 客戶曾接受過膝蓋幹細胞注射治療，主要針對膝關節問題，並由骨科醫師處理。

3. 職業背景
    1) 客戶未提及具體職業，但提到有認識的朋友從事生化科技相關生意。

4. 健康食品使用心得
    1) 客戶每天固定服用保健品，包括鱈魚油、綜合維他命、葉黃素、益生菌及挺立鈣，且這些保健品均有固定品牌。
    2) 客戶曾訂購過台糖的清河產品、日本某品牌產品及萬歲牌堅果，並對這些產品有良好評價。
    3) 客戶之前購買過杏仁粉，並有特定廠牌，不會選擇其他品牌。
    4) 客戶表示她有固定使用益生菌，且目前不需要購買新的益生菌產品。
    5) 客戶提到她比較少購買保健品，且有固定的健康食品在吃，因此不會再吃其他健康食品。
    6) 客戶曾訂購過挺立保健食品，並有再次訂購。

5. 禁忌
    1) 客戶不喜歡花旗蔘的味道。
    2) 客戶比較少使用苦茶油，且只會回到固定購買的地方購買。
    3) 客戶不需要使用醫美產品，且不會用醫美方式處理相關問題，認為去醫美會有購買壓力。",1
25519993,女,72.0,台中市龍井區,D+,金牛座,6995,否,否,否,否,否,否,是,否,15242.7619,13,3489.52381,3,3027.61905,2,3027.61905,2,0.0,0,6318.09524,4,3489.52381,3,3027.61905,2,3027.61905,2,0.0,0,否,否,否,否,否,否,0,否,否,否,否,否,0,否,否,否,,1
25530960,男,83.0,彰化縣員林市,D,金牛座,6985,否,否,否,否,否,否,是,否,57816.85713,30,21453.33334,11,6276.19048,5,3019.0476200000003,2,0.0,0,35392.38094999999,14,18196.19048,8,3019.0476200000003,2,3019.0476200000003,2,0.0,0,否,否,是,否,否,否,0,否,否,否,否,否,0,否,否,否,,1
25533260,女,68.0,基隆市中山區,D,白羊座,6982,否,否,否,否,否,是,是,否,200558.47618,117,44900.00001000001,24,11851.42857,8,0.0,0,951.42857,1,18306.23809,7,951.42857,1,951.42857,1,0.0,0,951.42857,1,否,否,是,否,否,否,0,否,否,否,否,否,0,否,否,否,"1. 家庭關係
    1) 無相關資訊。

2. 健康狀況
    1) 客戶為68歲女性。
    2) 客戶目前不需要膠原蛋白飲，因為她已經在食用多種保養品。

3. 職業背景
    1) 無相關資訊。

4. 健康食品使用心得
    1) 客戶曾經食用過補骨胜肽，但表示效果不好，現已停止食用。
    2) 客戶在八月份購買過東森的葉黃素。
    3) 客戶目前不再使用自然美的產品，包括平衡滋養霜。

5. 禁忌
    1) 客戶不會使用APP進行訂購。
    2) 客戶對於產品價格敏感，曾提到電視廣告中洗髮精的價格與專員提供的價格不同。",1
25533584,女,67.0,新北市三重區,Z,天秤座,6982,否,否,否,否,否,是,是,否,220772.80949,110,45675.23808,24,8789.5238,6,0.0,0,2647.61905,1,10132.38095,5,10132.38095,5,2647.61905,1,0.0,0,2647.61905,1,否,否,否,否,否,否,0,否,否,否,否,否,0,否,否,否,"1. 家庭關係
    1) 客戶提到家裡有益生菌，幫助排便。
    2) 客戶表示不需要加購廚房紙巾或洗衣精，這些用品她都有。

2. 健康狀況
    1) 客戶提到自己有關節問題，曾進行修復手術但未裝人工關節。
    2) 客戶表示自己六十幾歲但沒有老花眼或白內障，並認為葉黃素有幫助。
    3) 客戶目前頭髮很短，使用洗髮精的量較少。

3. 職業背景
    1) 客戶提到自己已經退休，沒有在工作。

4. 健康食品使用心得
    1) 客戶每天服用益生菌，通常早上空腹服用，並固定使用特定品牌的保健品，包括益生菌和女性專用的B群。
    2) 客戶固定在吃某種牌子的葉黃素，並表示效果不錯。
    3) 客戶表示之前購買過液態型益生菌，但覺得效果不明顯。
    4) 客戶表示目前有在服用固力申作為骨骼保健品。

5. 禁忌
    1) 客戶提到她不是購買東森的保健品。
    2) 客戶表示保健食品她懶得吃。",1
25536179,女,63.0,高雄市大寮區,D+,天蠍座,6979,否,否,否,是,否,是,否,否,53271.14284,35,18773.33334,7,10278.09524,4,0.0,0,5676.19048,1,11922.85715,3,11352.38096,2,5676.19048,1,0.0,0,5676.19048,1,否,否,否,否,否,否,0,否,否,否,否,否,0,否,否,否,,1
25542027,女,53.0,彰化縣溪湖鎮,Z,白羊座,6974,否,否,否,否,否,是,是,否,44784.14284,35,13615.2381,12,3789.52381,3,3028.57143,2,0.0,0,7179.047619999999,3,1521.90476,2,760.95238,1,0.0,0,0.0,0,否,否,是,否,否,否,0,否,否,否,否,否,0,否,否,否,,1
25566273,女,63.0,花蓮縣秀林鄉,D,雙魚座,6951,否,否,否,否,否,否,是,否,24369.42856,15,6617.142860000001,4,570.47619,1,570.47619,1,0.0,0,9264.7619,6,6617.142860000001,4,570.47619,1,570.47619,1,0.0,0,否,否,否,否,否,否,0,否,否,否,否,否,0,否,否,否,,1
25567226,女,48.0,桃園市桃園區,Z,金牛座,6950,否,否,否,否,否,是,是,否,149016.23810000002,60,12565.714299999996,10,4061.90477,5,1140.95238,2,856.19048,1,57944.7619,21,8569.523809999999,5,1140.95238,2,1140.95238,2,0.0,0,否,否,否,否,否,否,0,否,否,否,否,否,0,否,否,否,"1. 家庭關係
    1) 客戶表示家中洗面乳主要由她老公使用，且使用速度很快。

2. 健康狀況
    1) 客戶表示服用三得利芝麻靈芝產品一年多，效果是保持身體狀況。

3. 職業背景
    1) 客戶從事助學糕的銷售工作，並表示其產品有口碑且穩定銷售。
    2) 客戶提到她正在做生意，並有客人在場。

4. 健康食品使用心得
    1) 客戶目前有在吃三得利的保健食品，並認為效果不錯。
    2) 客戶最近從日本購買了三得利芝麻靈芝產品，花費六千多元，並表示效果保持身體狀況。
    3) 客戶有在吃芝麻明E，並認為效果還不錯。
    4) 客戶曾購買益生菌，並收到一張兌換B群的優惠券。
    5) 客戶表示B群一天吃一顆，六十顆可以吃兩個月，並決定使用兌換券購買兩組B群。

5. 禁忌
    1) 客戶表示她目前沒有在吃益生菌。
    2) 客戶提到她不吃B群，並表示自己從來不吃B群。
    3) 客戶目前比較保守，不會亂買不需要的商品。",1
25579795,男,59.0,高雄市左營區,Z,獅子座,6937,否,否,否,否,否,否,是,否,28166.66668,12,8128.571430000001,6,570.47619,1,570.47619,1,0.0,0,11890.47619,7,5290.476189999999,5,570.47619,1,570.47619,1,0.0,0,否,否,否,否,否,否,0,否,否,否,否,否,0,否,否,否,,1
25581335,男,82.0,台南市南區,E,巨蟹座,6935,否,否,否,否,否,否,是,否,54758.09519,39,2835.23809,3,750.47619,1,0.0,0,0.0,0,22242.85713,14,2835.23809,3,750.47619,1,0.0,0,0.0,0,否,否,是,否,否,否,0,否,否,否,否,否,0,否,否,否,,1
25584607,男,82.0,新北市淡水區,D+,天蠍座,6932,否,否,否,否,否,否,否,否,8887.619040000001,10,8412.38094,9,2552.38095,1,0.0,0,0.0,0,6739.99999,6,6739.999989999999,6,2552.38095,1,0.0,0,0.0,0,否,否,否,否,否,否,0,否,否,否,否,否,0,否,否,否,,1
25600361,女,53.0,新竹縣竹東鎮,Z,處女座,6915,否,否,否,否,否,否,是,否,345540.71425,124,44788.57141,9,12190.47619,1,12190.47619,1,0.0,0,44424.76187999999,8,40653.33331,7,12190.47619,1,12190.47619,1,0.0,0,否,否,是,否,否,否,0,否,否,否,否,否,0,否,否,否,"1. 家庭關係
    1) 客戶與母親一起服用益生菌，但母親並不經常服用，且家人服用益生菌的時間不固定。
    2) 家中只有一人定期服用保健品。

2. 健康狀況
    1) 客戶提到有時候會忘記一些事情。
    2) 客戶擔心益生菌可能會過期，顯示她對健康食品的使用有一定的規劃和考量。

3. 職業背景
    1) 客戶目前在藥廠工作。
    2) 客戶提到自己工作繁忙，接電話不方便。

4. 健康食品使用心得
    1) 客戶之前購買過益生菌產品，包括華陀的益生菌，並認為效果不錯。
    2) 客戶通常在傍晚服用保健品，並考慮先試吃半年，確定效果後再決定是否繼續購買。
    3) 客戶認為保健品不應長期服用同一品牌，應該更換品牌。
    4) 客戶這次決定購買三組益生菌，共18盒，並選擇分三期付款。

5. 禁忌
    1) 客戶對於保健品的使用有一定的規劃，擔心長期服用同一品牌可能會有不良影響。
    2) 客戶對於保健品的保存期限較為在意，擔心未及時服用會導致過期。",1
25603623,男,68.0,新北市中和區,D+,天秤座,6913,否,否,是,否,否,否,是,否,161349.66667,19,44293.333320000005,6,28457.14285,3,28457.14285,3,0.0,0,139025.71429,14,44293.333320000005,5,28457.14285,2,28457.14285,2,0.0,0,否,否,否,否,否,否,0,否,否,否,否,否,0,否,否,否,"1. 家庭關係
    1) 客戶提到女兒在台中工作，並於昨晚回來探望。
    
2. 健康狀況
    1) 客戶曾罹患鼻咽癌，並已進行治療。
    2) 客戶有白內障，並已接受手術。
    3) 客戶腎功能有些問題，容易疲倦，但尚未進行檢查。
    4) 客戶表示攝護腺有些問題，偶爾晚上起來一次上廁所，並已進行檢查。
    5) 客戶血糖偏高，約在七左右，且難以控制，糖化血色素目前為5.8。
    6) 客戶睡前喝太多水會影響睡眠，且晚上會起來跑廁所，睡覺時會口乾舌燥。
    7) 客戶表示健康部分未來需要改善。

3. 職業背景
    1) 未提及具體職業背景。

4. 健康食品使用心得
    1) 客戶曾購買幹細胞產品，使用後感覺還好，偶爾晚上精神較好，但白天感覺一般，曾購買過兩罐，每罐價格為四千三百元，並有送一盒小盒的十顆裝。
    2) 客戶曾購買鴕鳥精，目前還剩下一盒多，但現在很少在吃。
    3) 客戶偶爾使用南瓜籽產品，並表示有夜尿的情況。
    4) 客戶記得益生菌是有人送給他的。
    5) 客戶提到第一個月服用產品時是早晚各一次，早上吃的產品可以餐前餐後都食用。

5. 禁忌
    1) 客戶表示睡前喝太多水會影響睡眠，且晚上會起來跑廁所。
    2) 客戶目前有在服用西藥，並且早上服用。
    3) 客戶需要抽血檢查糖化血色素與飯前血糖。",1
25605448,女,69.0,台南市中西區,D+,獅子座,6911,是,否,是,是,否,是,是,否,454486.42869,203,153154.28577000002,67,37128.57144,21,28193.33334,15,6946.6666700000005,4,169645.71429,61,83628.57143999999,31,2116.19048,2,0.0,0,2116.19048,2,否,否,是,否,否,否,0,否,否,否,否,是,0,否,否,否,"1. 家庭關係
    1) 客戶的老公患有攝護腺癌，已進行過開刀和化療。
    2) 客戶目前一個人居住，過年時家人會回來一起吃飯。
    3) 客戶曾提到她以前養過狗，但現在沒有養寵物，也不打算再養。
    4) 客戶曾去北部探望姐姐並住了一段時間。

2. 健康狀況
    1) 客戶有胃潰瘍病史，曾因此暫停服用幹細胞產品。
    2) 客戶有在服用降膽固醇藥物，每天早上服用一顆，並定期進行抽血檢查。
    3) 客戶的三酸甘油酯指數很低，低密度膽固醇指數偏高，高密度膽固醇指數超過一百。
    4) 客戶有在服用處方限用藥，身體指數變得較穩定。
    5) 客戶平時飲食自律，過年期間飲食與平常無異。

3. 職業背景
    1) 客戶每天早上七點多到八點去店裡工作，下午五點多回家。
    2) 客戶提到她需要上班，但最近幾天比較有空，不像之前早上需要去幫忙。

4. 健康食品使用心得
    1) 客戶目前有在服用多種保健品，包括血糖保養、血管保養、骨頭保養產品，以及某品牌的B群產品。
    2) 客戶之前購買過自然美系列的眼霜、金山酶產品、葉黃素、益生菌、台大幹細胞產品和Momo台的產品。
    3) 客戶目前仍在服用葉黃素和B群，並表示之前購買的眼睛保養品和幹細胞產品還有存貨。
    4) 客戶曾購買幫助排便及減少腹部脂肪的產品，效果良好。
    5) 客戶目前每天只吃一顆保健品，並計劃先吃完現有存貨再考慮是否購買新產品。

5. 禁忌
    1) 客戶不想隨便亂吃保健品，並表示目前不需要額外服用保健品，因為已經在服用多種藥物。
    2) 客戶因胃潰瘍曾暫停服用幹細胞產品。",1
25607707,女,60.0,新北市蘆洲區,C,射手座,6909,否,是,是,否,否,是,是,否,1027647.0476699998,279,376275.2381099999,109,140130.47621999998,43,108459.99999999996,25,13919.047630000005,8,656495.23813,104,220014.2856899999,40,81252.38096000001,11,70285.71428,5,10966.666680000002,6,否,否,是,否,否,否,0,否,否,否,否,否,0,是,否,否,"1. 家庭關係
    1) 客戶的媽媽曾摔斷髖關節，使用過相關產品，對某些產品有感覺。
    2) 客戶的媽媽不允許她穿橘色的衣服。
    3) 客戶考慮購買產品給長輩使用，提到長輩有老化問題，但不需要使用拐杖。

2. 健康狀況
    1) 客戶的手部受傷，無法自理且行動不便，需六到八個月才能恢復。
    2) 客戶的膝蓋不舒服，髕骨外翻，正在做復健。
    3) 客戶提到走路時比較怕跌倒，可能與骨質疏鬆有關，並已經有骨質疏鬆的情況。
    4) 客戶表示自己沒有慢性病或其他疾病，僅有自律神經失調的小毛病。
    5) 客戶表示自己沒有血糖問題，購買血糖產品只是為了保養。

3. 職業背景
    1) 未提及具體職業背景。

4. 健康食品使用心得
    1) 客戶每天吃兩顆關節保健商品，並曾購買過補骨胜肽膠囊產品。
    2) 客戶曾購買過幹細胞產品，並了解其效果。
    3) 客戶有吃過益生菌，嘗試過睡前服用，發現隔天早上有排便效果，但對某品牌益生菌無感。
    4) 客戶曾服用軟便劑，但效果不佳，已停止使用。
    5) 客戶曾使用過自然美品牌的蔘萃霜、安瓶及小藍膠囊，對其產品有好感，並考慮購買短效期產品。
    6) 客戶目前使用台鹽的清透隔離防曬乳，對自然美的防曬產品不太喜歡。
    7) 客戶曾購買過鴕鳥精、土龍金、龜鹿精等產品，認為老產品效果較好，對新產品無感。
    8) 客戶曾購買過代謝類產品，對益生菌的試用產品有疑問，並詢問服用方式。
    9) 客戶使用過膠囊類保健品，早晚各用一顆，一罐可用一個月，並考慮購買四罐。
    10) 客戶提到以前吃過苦瓜相關保健食品，並詢問是否需要繼續食用。
    11) 客戶購買了黑咖啡，建議中午前或早餐時飲用以避免影響睡眠。
    12) 客戶使用過名為“呼吸”的產品，認為其僅為輔助，不能治本，並提到醫生建議使用該產品。

5. 禁忌
    1) 客戶對某些產品過敏。
    2) 客戶不喜歡某些日用品。
    3) 客戶對於黃西田廣告的土龍鴕鳥龜鹿精產品沒有感覺，對於購買更多該產品沒有興趣。
    4) 客戶對於某些產品的廣告和促銷活動不太關注。
    5) 客戶對瘦身產品有興趣，但不會使用相關的抽獎或體驗功能。",1
25608893,女,64.0,高雄市三民區,D+,金牛座,6908,否,否,否,是,否,是,是,否,251615.52385,91,56093.33333,26,13237.142849999998,7,3599.04762,2,6619.04762,2,115770.4762,24,30743.80953,8,5676.19048,1,0.0,0,5676.19048,1,否,否,是,否,否,否,0,否,否,否,否,否,0,是,否,否,"1. 家庭關係
    1) 客戶有一個大兒子，會回來過年。
    2) 客戶每年都會和家人一起觀看神韻藝術團的演出，並已購買今年的演出票。

2. 健康狀況
    1) 客戶目前沒有慢性疾病，也不需要服用慢性病藥物。
    2) 客戶目前有健身習慣，並計劃定期去健身房。
    3) 客戶提到最近減重了兩到三公斤，並正在減肥。
    4) 客戶提到昨天去看診時感到有些暈。

3. 職業背景
    1) 客戶是個體戶。
    2) 客戶對房地產投資和相關直播活動不感興趣，並提到自己沒有多餘的錢參與此類活動。

4. 健康食品使用心得
    1) 客戶目前不吃膠原蛋白、魚油、葉黃素和B群等保健食品，並對保健食品興趣不大。
    2) 客戶曾購買過三得利的allin保健食品，認為其品質較好且一瓶可用兩個月。
    3) 客戶對益生菌不感興趣，認為免疫力不好的人不能隨便亂吃益生菌，可能會有反效果。
    4) 客戶對於沒有科學證據支持的產品不會購買，並對不專業的產品不信任。
    5) 客戶曾購買過膠囊產品，但使用後感覺效果一般。

5. 禁忌
    1) 客戶不吃益生菌，膠原蛋白、魚油、葉黃素和B群等保健食品。
    2) 客戶不信任中國製造的產品，並表示不相信共產黨。
    3) 客戶不贊成過度保護流浪動物，認為流浪動物會製造問題。
    4) 客戶不贊成養寵物，認為養寵物會影響他人且不衛生。
    5) 客戶對醫生的推薦持懷疑態度，認為醫生可能為了利益進行宣傳。",1
25620976,女,51.0,高雄市大寮區,D+,摩羯座,6898,否,否,是,否,否,是,是,否,134604.1905,60,22560.95239,12,2838.09524,1,2838.09524,1,0.0,0,40206.66668,13,6409.523810000001,3,2838.09524,1,2838.09524,1,0.0,0,否,否,是,否,否,否,0,否,否,否,否,否,0,否,否,否,"1. 家庭關係
    1) 客戶家中有三個人，包括她的先生和孩子。
    2) 客戶的孩子目前已經上大學。
    3) 客戶提到先生有時會在家庭旅遊時開車。

2. 健康狀況
    1) 客戶的先生可能有三高的健康問題，並可能有抽菸的習慣。
    2) 客戶的先生可能有應酬和熬夜的情況。

3. 職業背景
    1) 客戶目前正在上班，平日會在公司，假日則不在公司。
    2) 客戶有時會去珠寶店或其他地方逛。

4. 健康食品使用心得
    1) 客戶對華陀的高麗紅參精感興趣，並提到其價格為2980元，包含60包。
    2) 客戶之前購買過正官庄的即飲型產品，並提到是由韓國代言人代言的產品。
    3) 客戶曾購買過葉黃素和紅曲等保健食品，但提到葉黃素已經很久沒吃了。
    4) 客戶家中有很多營養品，但通常是想到才會吃。
    5) 客戶的先生有在吃露得清體素和韓國正官庄的高麗紅參，紅參一天吃一條，露得清體素的目的是解毒。
    6) 客戶的先生曾購買過蟲草全參飲，並有飲用正官庄的高麗蔘。

5. 禁忌
    1) 客戶目前沒有需要加購的洗髮精、洗面乳或面膜。
    2) 客戶選擇將購買的產品分六期付款。",1
25628036,女,69.0,台北市中正區,E,雙子座,6891,否,否,否,否,否,是,是,否,106668.57145999998,40,29996.19052,14,13266.66669,6,1895.2381,1,9485.7143,4,2847.61905,1,2847.61905,1,2847.61905,1,0.0,0,2847.61905,1,否,否,是,否,否,否,0,否,否,否,否,否,0,否,否,否,,1
25650375,男,62.0,台北市士林區,D+,天蠍座,6871,否,否,否,否,否,是,是,否,124700.42854,114,15776.190460000002,19,10184.7619,9,2828.57143,1,2664.76191,3,11084.7619,14,9865.71428,13,5493.333339999999,4,2828.57143,1,2664.76191,3,否,否,是,否,否,否,0,否,否,否,否,否,0,否,否,否,"1. 家庭關係
    1) 未提及家庭關係相關內容。

2. 健康狀況
    1) 客戶提到眼睛有沉澱且會不舒服。
    2) 客戶訂購了一組葉黃素，並計劃每天早上服用以改善眼睛狀況。

3. 職業背景
    1) 未提及職業背景相關內容。

4. 健康食品使用心得
    1) 客戶表示平常不太有興趣購買保健食品，認為像是在吃藥。
    2) 客戶曾購買過五盒葉黃素，價格為二九七零元，平均每盒五九四元。

5. 禁忌
    1) 客戶提到健康食品完全沒有興趣，並表示不喜歡吃保健品。
    2) 客戶不需要保養品，主要關注日常用品的折扣。",1
25665561,女,60.0,雲林縣西螺鎮,C,金牛座,6857,否,否,是,否,否,是,是,否,94813.04763,68,84518.09523999997,58,29509.52383,14,17733.333339999997,7,7880.00001,5,40474.28573,20,40474.28573,20,20580.9524,8,15485.7143,5,5095.2381000000005,3,否,否,否,否,否,否,0,否,否,否,否,否,0,否,否,否,"1. 家庭關係
    1) 客戶提到她的先生也有在吃鈣片進行骨頭保養。
    2) 客戶提到她與先生一起服用魚油進行保養。

2. 健康狀況
    1) 客戶最近身體不太舒服，可能有拉肚子的情況。
    2) 客戶的腸胃狀況良好，排便正常，每天一到兩次。
    3) 客戶的眼睛有些退化，想要進行保養。
    4) 客戶的身高是158公分，體重是50公斤出頭。
    5) 客戶表示自己沒有過敏體質。

3. 職業背景
    1) 客戶的上班時間是下午一點半到晚上九點半。
    2) 客戶固定在禮拜一去幫忙工作幾個小時。

4. 健康食品使用心得
    1) 客戶目前有服用葉黃素、檸檬酸、鈣片、紅麴、納豆紅麴、合利他命及魚油等保健品。
    2) 客戶有時候會吃維他命C和益生菌，但不是每天服用，且益生菌沒有特定品牌。
    3) 客戶一天吃兩顆保健品，但有時候會想到才吃，並非每天服用。
    4) 客戶通常會在藥局購買葉黃素和合利他命。
    5) 客戶曾購買過補骨胜肽產品和減肥咖啡，減肥咖啡購買過兩三次。
    6) 客戶有使用過時空膠囊，目前只剩下半瓶，快用完。
    7) 客戶曾購買過自然美的面膜，但使用後感覺效果不明顯。
    8) 客戶曾購買過保濕面膜，折扣後一片價格為123元。
    9) 客戶之前購買過物理性防曬產品，價格折扣後約為1980元。
    10) 客戶對化妝水有需求，特別是美白和淡斑功能的化妝水。

5. 禁忌
    1) 客戶每天不會吃益生菌或酵素。
    2) 客戶目前沒有使用賦活霜。",1
25668248,女,50.0,桃園市桃園區,Z,雙魚座,6854,否,否,否,否,否,否,是,否,16161.333329999998,7,10711.42857,4,10711.42857,4,9283.80952,3,0.0,0,1123.80952,1,1123.80952,1,1123.80952,1,1123.80952,1,0.0,0,否,否,否,否,否,否,0,否,否,否,否,否,0,否,否,否,"1. 家庭關係
    1) 未提及家庭關係相關內容。

2. 健康狀況
    1) 未提及健康狀況相關內容。

3. 職業背景
    1) 未提及職業背景相關內容。

4. 健康食品使用心得
    1) 客戶曾購買葉黃素產品。
    2) 客戶表示如果有需要會自行結帳購物車中的商品。

5. 禁忌
    1) 客戶提到她不需要購買魚油產品。",1
25669443,女,63.0,台北市內湖區,D,摩羯座,6853,否,否,否,否,否,否,否,否,119021.23810999998,36,3043.80952,4,760.95238,1,0.0,0,0.0,0,93154.28572,17,3043.80952,4,760.95238,1,0.0,0,0.0,0,否,否,是,否,否,否,0,否,是,否,否,否,0,否,否,否,"1. 家庭關係
    1) 客戶家中有購買過萬歲牌的產品。
    2) 客戶提到家人對保健食品興趣不大，因此不再購買相關產品。

2. 健康狀況
    1) 客戶目前身體狀況良好，行動方便，走路、買菜都沒有問題。
    2) 客戶之前曾因腳痛和腰痛問題購買過保健品，後來透過更換支架和復健，情況有所改善。
    3) 客戶目前沒有健康問題，身體狀況穩定。

3. 職業背景
    1) 客戶未提及具體職業背景。

4. 健康食品使用心得
    1) 客戶曾購買過幹細胞保健品，但尚未食用。
    2) 客戶曾因身體不適購買並食用過保健品，但認為效果不明顯，後來找到問題並改善後就不再購買。
    3) 客戶曾經吃過保健食品，但覺得沒有用，因此停止使用。

5. 禁忌
    1) 客戶目前不使用任何保養品。
    2) 客戶現在很少購買商品，認為沒有需要。",1
25671457,男,75.0,台北市大安區,C,摩羯座,6851,否,是,是,否,否,是,是,否,480267.8093800001,218,163361.90468999994,82,127996.19043999996,46,102450.47618,28,0.0,0,255654.28566,77,67256.19046,19,62600.0,10,51969.52381,6,0.0,0,否,否,否,否,否,否,0,否,否,否,否,否,0,是,否,否,"1. 家庭關係
    1) 客戶有三個孩子，最小的女兒已四十幾歲，兒子目前就讀大學二年級，孫女二十幾歲，正在大學就讀，可能是大二或大三。
    2) 客戶的孫女在小學時期曾被診斷為白血病，目前仍在追蹤中。
    3) 客戶的妻子曾做志工，但手腳不方便，曾經跌倒，且在家裡呆不住。
    4) 客戶的父親腎臟不好，需要洗腎。
    5) 客戶的姐姐是護理師，平時工作繁忙。

2. 健康狀況
    1) 客戶七十幾歲，體重約五十幾公斤，身高約157-158公分。
    2) 客戶有高血壓和心肌梗塞，正在服用相關藥物，並曾經小中風，右耳聽力受損，走路較慢。
    3) 客戶近期因頭暈住院，並被診斷為小中風，且曾因車禍導致小腿受傷，腳掌無法承受壓力，目前正在復健。
    4) 客戶早晚會進行健走或散步，每次約半小時，65歲後改為健走。
    5) 客戶提到目前人在醫院，曾在急診室，並提到今天早上跌倒，頭部流血，叫了救護車。

3. 職業背景
    1) 客戶曾在聯合報工作，已經退休，後來從事保險行業17至18年，之後轉行做保全工作。
    2) 客戶目前已退休，靠退休金生活，並有房產出租，每月可收兩萬多元房租。

4. 健康食品使用心得
    1) 客戶有服用多種保健品，包括挺立鈣、葉黃素、B群、銀保善存、龜鹿補腎丸等，並曾購買過華陀、味王、妍美会等品牌的產品。
    2) 客戶每天服用保健品，包括葉黃素、B群、挺立鈣等，葉黃素一天吃一顆，偶爾加強保養時吃兩顆。
    3) 客戶認為幹細胞產品效果不明顯，對龜鹿二仙膠的效果也不滿意。
    4) 客戶提到葉黃素用於保養眼睛，並曾購買過多次葉黃素產品。
    5) 客戶的女兒會購買氨基酸產品給他食用。

5. 禁忌
    1) 客戶表示目前不想再亂吃保養品，也不想購買任何東西。
    2) 客戶提到不會給某人吃某產品。",1
25672657,女,56.0,雲林縣斗南鎮,D+,雙魚座,6850,否,否,是,是,否,是,是,否,185753.66662,72,128460.95234,34,48689.52379000001,9,41828.57142,3,951.42857,1,123819.99997,25,108678.09521,19,43723.80951,5,41828.57142,3,951.42857,1,否,否,否,否,否,否,0,否,否,否,否,否,0,否,否,否,"1. 家庭關係
    1) 客戶有一位弟弟。
    2) 客戶的父母還在世，但父親前陣子因車禍受傷，左半邊身體全部受傷，已開完刀，需長時間復原，目前只能喝牛奶，母親則由客戶照顧。
    3) 客戶的父親近期過世，客戶計劃去拜拜。
    4) 客戶已婚，與先生關係良好，並有一位女兒，女兒有時需要她的幫助。

2. 健康狀況
    1) 客戶曾因騎機車摔倒導致骨裂，未進行手術，目前身體狀況已好轉。
    2) 客戶曾開過白內障手術，需定期回診，並有耳鳴問題，已持續數月，曾至台大醫院檢查但未查出原因。
    3) 客戶曾因頭痛服用循環藥物，服用半年後症狀改善，目前無三高問題，晚上睡眠狀況良好。
    4) 客戶目前未服用慢性處方藥物，但因服用多種藥物暫停使用幹細胞產品。

3. 職業背景
    1) 客戶目前沒有工作，主要負責家庭事務及照顧父母。

4. 健康食品使用心得
    1) 客戶有服用益生菌，對上次收到的益生菌感到滿意，並計劃再次購買。
    2) 客戶曾購買醇養妍，認為其抗氧化及抗老化效果良好。
    3) 客戶曾使用幹細胞產品，目前因服用多種藥物暫停使用。
    4) 客戶有喝保濕飲品，每次一包，有時早上喝後不吃早餐。
    5) 客戶購買過葡萄籽油、苦茶油，並詢問是否可更換部分為玄米油，認為在煮飯時滴一點油進去更健康且米飯更香。

5. 禁忌
    1) 客戶的先生不喜歡某些產品，僅客戶自己使用。
    2) 客戶表示目前不考慮購買蒲燒鰻魚和鯛魚腹排的組合，也不需要購買褐藻糖膠產品。",1
25672673,女,71.0,新北市土城區,Z,金牛座,6850,否,否,否,否,否,是,否,否,45225.90476,29,8075.238089999999,6,2009.52381,2,0.0,0,951.42857,1,4722.85714,2,951.42857,1,951.42857,1,0.0,0,951.42857,1,否,否,是,否,否,否,0,否,否,否,否,否,0,否,否,否,"1. 家庭關係
    1) 未提及家庭關係相關資訊。

2. 健康狀況
    1) 客戶膝蓋有不適，蹲下時會感到疼痛，但骨密度測試結果顯示正常。
    2) 客戶未進行任何膝蓋相關的復健或改善行動力的措施。

3. 職業背景
    1) 未提及職業背景相關資訊。

4. 健康食品使用心得
    1) 客戶曾購買過葉黃素、益生菌、龜鹿二仙膠等保健食品，但表示效果不佳且不再有信心使用此類產品。
    2) 客戶目前有剩餘的葉黃素產品，並表示暫時不需要補骨胜肽產品。
    3) 客戶不喜歡服用一顆一顆的軟膠囊保健食品。

5. 禁忌
    1) 客戶對保健食品的效果持懷疑態度，並不再有信心使用此類產品。
    2) 客戶未提及其他明確的禁忌。",1
25677505,男,59.0,新北市土城區,Z,水瓶座,6846,否,否,否,否,否,否,是,否,63669.38094,54,16162.85714,14,10386.66665,7,2171.42857,1,0.0,0,2932.38095,2,2932.38095,2,2171.42857,1,2171.42857,1,0.0,0,否,否,是,否,否,否,0,否,否,否,否,否,0,否,否,否,"1. 家庭關係
    1) 未提及具體家庭成員或關係。

2. 健康狀況
    1) 客戶年齡接近六十歲，健康狀況良好。
    2) 客戶每週服用保健食品兩次，感覺身體比較不會疲勞。
    3) 客戶提到吃海鮮可能會導致痛風。
    4) 客戶喝酒。

3. 職業背景
    1) 客戶表示目前很忙，可能有穩定的工作或繁忙的生活。

4. 健康食品使用心得
    1) 客戶曾購買葉黃素、B群、鈣片、綠藻及瑪卡等健康食品，但因工作忙碌常忘記食用，導致部分食品過期。
    2) 客戶表示葉黃素過期後不敢使用，並丟棄過期產品。
    3) 客戶每週服用保健食品兩次，認為不需要每天服用即可達到保養效果。
    4) 客戶曾經服用日本味王的葉黃素，但目前已停止使用。
    5) 客戶提到服用保健食品後感覺身體比較不會疲勞。
    6) 客戶曾購買一盒三十顆的瑪卡，並已經吃完。
    7) 客戶與朋友一起購買保健食品，每次購買一百盒並分攤費用。

5. 禁忌
    1) 客戶提到吃海鮮可能會導致痛風，因此可能避免食用海鮮。
    2) 客戶不使用過期的健康食品。",1
25709652,女,57.0,金門縣金城鎮,D,白羊座,6813,否,否,是,否,否,是,是,否,232819.04768,158,57206.666670000006,37,13750.47619,10,5311.42857,4,1521.90476,2,8112.38095,5,3788.57143,3,1521.90476,2,570.47619,1,951.42857,1,否,否,是,否,否,否,0,否,否,否,否,否,0,否,否,否,"1. 家庭關係
    1) 客戶提到目前有小孩。
    2) 客戶提到她的小朋友可能有在吃中藥。
    3) 客戶提到她購買的保健食品是給兒子食用，因為兒子比較胖。
    4) 客戶提到家裡有人煮湯，並提到家人認為不能一直買東西。

2. 健康狀況
    1) 客戶提到她現在已經瘦了，不再需要減肥藥。
    2) 客戶提到小朋友比較胖。

3. 職業背景
    1) 客戶提到她目前正在工作，表示現在很忙。
    2) 客戶提到因為工作忙，沒有時間泡三色利賣。
    3) 客戶表示五六點才有空接電話。

4. 健康食品使用心得
    1) 客戶提到之前有購買纖體產品和益生菌。
    2) 客戶提到之前有購買B群保健食品進行保養。
    3) 客戶提到她有收到之前訂購的一盒三十粒的產品。
    4) 客戶表示會試試看該食品的效果。
    5) 客戶提到她的兒子可能有在吃益生菌，但未明確表示。

5. 禁忌
    1) 客戶提到目前沒有缺保健品。
    2) 客戶提到家人認為不能一直買東西。",1
25735253,女,58.0,桃園市蘆竹區,C,白羊座,6786,否,否,否,是,否,是,是,否,558164.00009,149,107818.09520999996,33,38898.09522999999,17,1140.95238,2,37757.14284999999,15,414851.0477,106,106313.33331000005,30,38374.28571,16,1140.95238,2,37233.33333,14,否,否,否,否,否,否,0,否,否,否,否,否,0,否,否,否,"1. 家庭關係
    1) 客戶家中有一個兒子和一個女兒，但未提及是否同住。
    2) 客戶有一名孫子，且孫子已經上國小，由媽媽送去上學。
    3) 客戶早上會幫兒子在早餐店工作，並表示回家後可能需要應酬。
    4) 客戶提到家裡現在很少人。
    5) 客戶的老公曾在加拿大幫忙。

2. 健康狀況
    1) 客戶表示自己快六十歲，並沒有高血壓問題。
    2) 客戶目前有在運動。
    3) 客戶提到家裡有使用維他命等保健食品，並且家裡的保健品還夠用，暫時不需要補充。

3. 職業背景
    1) 客戶早上需要幫兒子在早餐店工作，因此早上不方便接電話或收貨。

4. 健康食品使用心得
    1) 客戶和老公都使用藏紅花產品，並已經習慣使用。
    2) 客戶家中使用橄欖油，並表示橄欖油便宜，媽媽也有給她橄欖油，但不使用玄米油，因為玄米油適合高油炸的料理。
    3) 客戶提到她的老公已經購買了挺立鈣。
    4) 客戶提到最近家裡沒在吃蚓激酶，並表示覺得很難。
    5) 客戶有在服用膠囊形式的葉黃素。

5. 禁忌
    1) 客戶表示她目前不需要自然美的保養品或青春露。
    2) 客戶提到青春露類型的精華液保濕效果不太夠。
    3) 客戶表示蔘萃秘齡霜的保濕效果不足，但考慮再購買一組。
    4) 客戶提到她捨不得使用植物幹細胞美容油，尚未使用完。
    5) 客戶提到她的媳婦有購買面膜，但未使用。",1
25740111,男,58.0,台南市東區,D+,天秤座,6781,否,否,否,否,否,否,是,否,193953.09524,76,63795.23812000001,22,12593.33333,3,11219.04762,2,0.0,0,26342.857140000004,4,14038.09524,2,8380.95238,1,8380.95238,1,0.0,0,否,否,否,否,否,否,0,否,否,否,否,否,0,否,否,否,"1. 家庭關係
    1) 客戶提到家裡通常沒有人，可能是獨居或家人不常在家。

2. 健康狀況
    1) 客戶可能有血糖控制需求，曾購買苦瓜相關產品。

3. 職業背景
    1) 未提及具體職業背景。

4. 健康食品使用心得
    1) 客戶之前購買過甘味人蔘的苦瓜產品，可能是為了控制血糖。
    2) 客戶目前選購了一組魚油產品。

5. 禁忌
    1) 無明確提及禁忌事項。",1
25742927,女,65.0,屏東縣萬巒鄉,E,水瓶座,6777,否,否,是,是,否,是,是,否,247067.90475,74,72118.09524000001,25,38341.90476,6,28380.95238,1,6275.238090000001,3,137790.47618,18,38600.95238,8,36889.52381,5,28380.95238,1,4822.85714,2,否,否,是,否,否,否,0,否,否,否,否,否,0,是,否,否,"1. 家庭關係
    1) 客戶提到她的女兒有在服用她提供的產品。

2. 健康狀況
    1) 客戶目前64歲，身體狀況包括膝蓋疼痛，骨頭狀況與之前相同，仍然會感到疼痛。
    2) 客戶曾經跌倒過，造成骨頭受傷，最近因工作再次跌倒，目前在家休息。
    3) 客戶提到她的睡眠本來就很好。
    4) 客戶目前正在服用中藥進行身體調養，之前有服用醫生開的藥，但目前已停用。

3. 職業背景
    1) 客戶目前從事包裝香蕉的工作，屬於體力活，需長時間站立，且經常在戶外進行。
    2) 客戶的工作性質需要經常爬上爬下，並以簽約形式進行。

4. 健康食品使用心得
    1) 客戶提到她有服用膠原蛋白，並表示效果不錯，但對某些產品的效果表示懷疑。
    2) 客戶曾購買過粒線體相關產品，該產品被描述為具有美容養顏效果。
    3) 客戶曾購買過一箱幹細胞產品並食用，但表示沒有感覺到效果。
    4) 客戶有在服用魚油和磷蝦油，並每天早上服用某種產品。
    5) 客戶決定使用換購券購買兩組高濃度B群，每組60顆，每天服用一顆，總共可使用四個月。
    6) 客戶之前有購買過B群，但後來停用了。

5. 禁忌
    1) 客戶表示不需要購買每日一物的膠原蛋白產品。
    2) 客戶認為L尺寸的鞋墊不太合腳，可能需要更換為XL尺寸。",1
25754763,女,75.0,台北市中山區,C,巨蟹座,6765,否,否,否,否,否,否,是,否,15057.14286,5,13657.14286,4,13657.14286,4,11314.28572,2,0.0,0,11314.28572,2,11314.28572,2,11314.28572,2,11314.28572,2,0.0,0,否,否,否,否,否,否,0,否,否,否,否,否,0,否,否,否,,1
25757102,女,60.0,雲林縣麥寮鄉,D+,處女座,6762,否,否,否,否,否,否,是,否,50079.52381,25,19615.23809,8,12190.47619,1,12190.47619,1,0.0,0,27177.14285,10,19615.23809,8,12190.47619,1,12190.47619,1,0.0,0,否,否,否,否,否,否,0,否,否,否,否,否,0,否,否,否,,1
25765507,女,62.0,苗栗縣通霄鎮,C,天秤座,6754,否,否,否,是,否,是,是,否,201854.90472,111,37427.61904,19,24472.38095,6,21163.80952,2,2647.61905,1,117782.85711,49,33741.90475,16,24472.38095,6,21163.80952,2,2647.61905,1,否,否,否,否,否,否,0,否,否,否,否,否,0,否,否,否,"1. 家庭關係
    1) 客戶提到她的父親需要照顧。

2. 健康狀況
    1) 客戶提到自己有高血壓。
    2) 客戶提到她不太會處理高血壓相關問題。

3. 職業背景
    1) 客戶提到自己目前正在加班。
    2) 客戶提到目前工作繁忙。

4. 健康食品使用心得
    1) 無相關資訊。

5. 禁忌
    1) 無相關資訊。",1
25772482,女,56.0,彰化縣員林市,D,射手座,6748,否,是,否,否,否,是,是,否,462843.95237,171,103221.90474000004,53,14545.714279999998,11,1694.28571,2,0.0,0,9851.42856,10,9851.42856,10,570.47619,1,570.47619,1,0.0,0,否,否,是,否,否,否,1,否,否,否,否,否,0,否,否,否,"1. 家庭關係
    1) 客戶提到家中需要購買衛生紙和濕紙巾等家庭用品，顯示其可能負責家庭日常用品的採購。

2. 健康狀況
    1) 客戶之前有購買過葉黃素，可能關注視力健康。
    2) 客戶選擇購買含鈣產品，可能重視骨骼健康。

3. 職業背景
    1) 客戶經營便當工廠，可能從事餐飲相關行業。

4. 健康食品使用心得
    1) 客戶曾購買葉黃素，可能對其有一定的需求或使用經驗。
    2) 客戶使用挺立鈣兌換券購買六罐產品，顯示對該產品有興趣或需求。

5. 禁忌
    1) 客戶提到不會使用點數折價券。",1
25773826,女,56.0,新北市鶯歌區,C,處女座,6747,否,否,否,否,否,否,是,否,538988.2380199999,299,43729.52382,14,22032.38096,7,22032.38096,7,0.0,0,152958.09523000004,22,34367.61905,10,22032.38096,7,22032.38096,7,0.0,0,否,否,是,否,否,否,0,否,否,否,否,否,0,否,否,否,"1. 家庭關係
    1) 客戶曾經結婚，但後來離婚，且沒有小孩。

2. 健康狀況
    1) 客戶有過敏體質，會出現皮膚癢和紅疹的狀況。
    2) 客戶有飛蚊症的問題，並關注眼睛健康，但目前認為眼睛狀況良好，無需看醫生。
    3) 客戶最近有抽筋的問題，抽筋時會感到疼痛且無法行動，並提到身體很熱但腳無法承受冷氣，會因此抽筋並大冒汗。
    4) 客戶之前骨關節有不適，但目前已經改善。
    5) 客戶目前正在接受中醫調理，並有服用中藥。
    6) 客戶提到自己有飲酒習慣，有時會喝很多。

3. 職業背景
    1) 客戶從事室內設計工作，需跑工地進行監工。
    2) 客戶目前正在上班，且最近非常忙碌。

4. 健康食品使用心得
    1) 客戶有服用B群、葉黃素和益生菌的習慣，並曾購買過膠原蛋白、玻尿酸、龜鹿養生膏及龜鹿膳纖高等產品。
    2) 客戶認為藥局購買的葉黃素效果很好，但目前已停止服用，認為眼睛狀況良好。
    3) 客戶曾購買妍美会的日夜塑、顧眼睛產品及瘦身產品，但對顧眼睛產品效果不滿意，且部分保健食品已過期。
    4) 客戶曾在東森購物平台購買過多種保健食品，包括益生菌、華陀產品等，並表示家中仍有許多未使用的保健品。
    5) 客戶目前對益生菌和其他保健食品沒有需求，並表示不想再購買更多。

5. 禁忌
    1) 客戶目前不需要面膜、化妝水或精華液等保養品。
    2) 客戶對幹細胞產品沒有興趣。
    3) 客戶表示不想再吃過多的保健食品。",1
25774141,女,78.0,桃園市桃園區,A,雙子座,6746,是,否,是,是,否,是,是,否,1250690.8094199998,466,356138.09522,123,100392.38094999998,22,72914.28572,9,0.0,0,574560.9524000001,84,166368.57142999995,25,58628.57143,3,58628.57143,3,0.0,0,否,否,是,否,否,否,1,否,否,否,否,否,0,是,是,否,"1. 家庭關係
    1) 客戶有一個兒子和一個女兒，兒子目前住在新店，尚未結婚，並計劃搬到桃園的新房子。
    2) 女兒曾在中央大學讀研究所，並在學校附近租房子住。
    3) 家中有一位年過百歲的老人，曾感染過疾病，因醫院無病床，醫生每天回家看診。
    4) 客戶的媽媽曾經進行過腰椎手術，術後使用保健品進行保養。

2. 健康狀況
    1) 客戶77歲，身高152公分，體重44公斤，患有糖尿病，糖化血色素為6.1，並有三高問題，但情況穩定。
    2) 客戶的骨密度為-2.5，對此感到擔憂，並提到小腿肌耐力較不足。
    3) 客戶的兒子有青光眼，並服用醫生開的藥物。
    4) 客戶的朋友最近被診斷可能患有乳癌。

3. 職業背景
    1) 客戶提到早上有時候會去看醫生或做股票，並且每天都會看股票。
    2) 客戶提到她比較有空的時間是禮拜六和禮拜日，才會看電視購物。

4. 健康食品使用心得
    1) 客戶有服用多種保健食品，包括葉黃素、蚓激酶、龜鹿二仙膠、褐藻醣膠、益生菌、維生素D3等，並表示對龜鹿二仙膠效果不錯，但對蚓激酶效果不明顯。
    2) 客戶每天早上服用一顆蚓激酶，兩顆褐藻醣膠，並有喝激活再生安瓶。
    3) 客戶家中保健食品存量充足，超過十五種，並不需要囤貨。
    4) 客戶曾購買過高麗蔘、人蔘、鹿胎盤膠囊等產品，對部分產品效果不滿意，並提到鹿胎盤膠囊曾引起身體癢的情況。
    5) 客戶對萬歲牌堅果飲和杏仁茶等產品有使用經驗，並提到家中有人有血糖問題，改變飲食後糖化血色素有所改善。
    6) 客戶對於購買的保健品會根據需要選擇，不會囤積太多，並表示目前不缺補貨。
    7) 客戶對於某些產品的廣告感到不滿，認為產品與宣傳不符。

5. 禁忌
    1) 客戶提到醫生建議她不要服用紅麴，並建議停用所有補充品三個月以檢查是否影響健康。
    2) 客戶不喜歡亞培安素的味道，認為不好喝。
    3) 客戶不需要分期付款，選擇一次付清。
    4) 客戶不想使用一千塊的抵用券，也不想購買任何東西。",1
25777359,男,67.0,高雄市左營區,D,獅子座,6744,否,否,是,否,否,否,是,否,1203923.9999900004,594,145461.90476999996,84,44331.42857,23,34386.66667,16,0.0,0,507941.90473,165,20824.7619,12,18844.7619,10,17425.71428,9,0.0,0,否,否,是,否,否,否,1,否,否,否,否,否,0,是,否,否,"1. 家庭關係
    1) 客戶有一位從事美容行業的老婆，兩人共同經營茶葉生意，已有二十多年。
    2) 客戶有一個兒子，穿L尺寸的衣服。
    3) 客戶提到女兒最近購買了挪威的魚油，並對其品質有信心。
    4) 客戶曾購買人蔘產品給已故的家人。

2. 健康狀況
    1) 客戶66歲，患有糖尿病，血糖有時忽高忽低，但目前控制在標準範圍內，每三個月檢查一次。
    2) 客戶肝功能和腎功能正常。
    3) 客戶曾因車禍進行復健，手部有痠痛但未開刀。
    4) 客戶已十多年未飲酒。

3. 職業背景
    1) 客戶與老婆共同經營自營的茶葉生意，並且不打算早退休，認為早退休會影響腦袋和體力。
    2) 客戶月底需要忙於收保費和寫字。

4. 健康食品使用心得
    1) 客戶曾購買多種保健食品，包括華陀的龍悅久久、人蔘精、鱘龍魚產品、龜鹿菱角產品、心膠囊、葉黃素、紅景天、黑紅馬卡等，並表示部分產品對其有幫助，但對保健品的效果整體持懷疑態度。
    2) 客戶家中有大量人蔘產品，包括參條和野山蔘，部分是為家人購買。
    3) 客戶對挪威魚油產品感興趣，並對其品質和濃度有信心，已詢問價格、分期付款及優惠期限。
    4) 客戶對攝護腺相關產品和生物腺保養產品表示興趣，並考慮分期或一次付清購買。
    5) 客戶曾購買血糖調節產品和營養素，並使用東森幣進行折扣購物。

5. 禁忌
    1) 客戶不吃某些產品，可能與血糖狀況有關。
    2) 客戶對舒酸定牙膏不習慣使用。
    3) 客戶對於購物台產品的品質和價格有疑慮，認為部分產品效果不明顯，且促銷方式單一。
    4) 客戶對東森購物的葉黃素產品不感興趣，並表示不需要。",1
25798501,女,62.0,台中市南區,A,水瓶座,6723,否,否,是,是,是,是,是,否,622800.8095300001,159,212158.09522,36,130042.85713,14,104835.23808999998,8,20778.09524,3,393186.66663,66,192303.80951000005,25,121787.61904,9,104835.23809,8,16952.38095,1,否,否,是,否,否,否,1,否,否,否,否,否,0,否,是,否,"1. 家庭關係
    1) 客戶與媽媽住在附近，但沒有住在一起。
    2) 客戶曾幫媽媽購買珍珠膏，並表示媽媽有在使用。

2. 健康狀況
    1) 客戶目前有掉髮情況，並曾因咳嗽嚴重而掛急診，檢查結果無異常，現感冒已好轉。
    2) 客戶最近有角膜炎，正在使用藥膏治療。
    3) 客戶代謝較差，黑色素沉澱導致臉部有小斑點，並有固定的脂肪管理方式。
    4) 客戶定期進行健康檢查，每半年到一年檢查一次。
    5) 醫生建議她通過運動和走路改善身體功能，並避免過量服用保健品。

3. 職業背景
    1) 客戶目前處於半退休狀態。
    2) 客戶年輕時皮膚狀況良好，曾被人誤認為美容師。

4. 健康食品使用心得
    1) 客戶有服用膠原蛋白、益生菌、維他命B群、C、A、D及魚油，並會更換品牌。
    2) 客戶持續飲用海洋膠原飲三年，並有使用其他品牌的膠原粉。
    3) 客戶曾購買玻尿酸產品，但感覺效果不明顯，美容師建議不要長期飲用同一品牌。
    4) 客戶曾購買過六盒一號養陰產品及其他保健品，並收到葉黃素作為贈品。
    5) 客戶每天飲用口服安瓶和多喝水。

5. 禁忌
    1) 醫生建議客戶不要亂吃保健品或其他食品，僅需基本的保健品。
    2) 客戶不能食用活化細胞相關保健品，臉部相關保健品也不能使用。
    3) 客戶的體質不適合某些產品，並不需要心血管保健食品。",1
25800502,女,63.0,新北市三峽區,E,射手座,6721,是,否,否,否,否,否,否,否,60412.57141,33,1609.52381,1,1609.52381,1,0.0,0,0.0,0,9152.38095,3,1609.52381,1,1609.52381,1,0.0,0,0.0,0,否,否,否,否,否,否,1,否,否,否,否,否,0,否,否,否,,1
25802662,女,63.0,台中市南區,B,摩羯座,6719,否,否,否,是,否,是,是,是,411474.28576,118,207523.8096,69,58177.14287999999,15,26820.95238,3,18537.14287,4,311625.71432,63,140124.76194,36,53054.28572999999,12,26820.95238,3,18537.14287,4,否,否,否,否,否,否,1,否,否,否,否,否,0,否,否,否,"1. 家庭關係
    1) 客戶有一位先生，先生有慢性病，需定期去醫院拿藥，並有在服用B群和益生菌。
    2) 客戶的女兒會幫她購買益生菌。
    3) 客戶的爸爸很愛打扮自己。

2. 健康狀況
    1) 客戶目前慢性病的藥已減半服用，身體狀況已改善，甚至可以跑步。
    2) 客戶之前有輕微飛蚊症，但現在已經痊癒。
    3) 客戶有近視，但否認有老花眼。

3. 職業背景
    1) 未提及具體職業背景。

4. 健康食品使用心得
    1) 客戶目前有服用鈣片，但認為效果一般。
    2) 客戶每天服用一顆魚油。
    3) 客戶有在服用B群補充劑和人蔘補氣，但人蔘補氣尚未吃完。
    4) 客戶之前購買過葉黃素，主要是給先生服用，家中尚有剩餘。
    5) 客戶有時候會吃益生菌，但目前沒有在吃，並認為益生菌產品價格偏高。
    6) 客戶曾購買過東森的華陀產品和台塑的洗髮精，但洗髮精尚未使用。
    7) 客戶曾購買過保養品，覺得效果還可以。
    8) 客戶在冬天會使用人蔘相關產品進行保養，並且通常冬天會使用擦臉產品，但夏天不使用。
    9) 客戶的飲食習慣是喝湯，並表示這樣的飲食方式讓她感覺改善很多。

5. 禁忌
    1) 客戶目前不需要購買顧肝、顧腎臟的保健品。
    2) 客戶目前不需要購買任何保健食品或生活用品。",1
25819002,女,63.0,台中市霧峰區,C,天秤座,6702,否,否,是,否,否,是,是,否,923853.90482,335,152615.23810999998,51,48098.09524,16,19876.19047,3,5412.38096,4,644074.28575,183,131888.57143999997,44,38412.380950000006,14,19876.19047,3,5412.38096,4,否,否,是,否,否,否,0,否,否,否,否,否,0,是,否,否,"1. 家庭關係
    1) 客戶有一位兒子，提到兒子有固定的生活習慣或狀態，曾到高雄旅遊並購買物品，也有提及生醫相關產品並刷卡購買。
    2) 客戶提到自己十年後才生下兒子，曾經有不孕症的經歷。
    3) 客戶的母親骨頭狀況良好，並每天服用龜鹿精華。
    4) 客戶提到丈夫臉型較大，眼鏡不太合適。

2. 健康狀況
    1) 客戶表示自己有偏頭痛的習慣，喝少量咖啡可以緩解症狀。
    2) 客戶提到年紀較大，對購物的欲望降低。
    3) 客戶有老花眼，對老花眼鏡的使用感一般。

3. 職業背景
    1) 客戶提到自己以前曾經賣化妝品，並分享了使用面膜精華液的技巧。
    2) 客戶平時在田裡忙碌，享受看植物成長的過程。

4. 健康食品使用心得
    1) 客戶曾購買並食用葉黃素，表示目前存貨還可以吃一年多，並曾多買一箱。
    2) 客戶每天固定吃玻尿酸，搭配湯食用以保持身體健康。
    3) 客戶曾購買益生菌並食用，認為效果不錯，但目前已停止服用。
    4) 客戶去年雙十一購買了顧骨頭和關節的保健品，分別是藍色和紫色盒子。
    5) 客戶曾購買奧利塔的油和苦茶油，並用於烹飪，目前使用葵花油，最近購買了一組一千毫升六罐的玄米油，並嘗試更換品牌。
    6) 客戶的兒子曾經食用過益生菌。

5. 禁忌
    1) 客戶提到噴霧壺不好用，並希望退貨。
    2) 客戶表示她很少退貨，認為買來可以穿就好。
    3) 客戶對淺色系的衣服顏色感到猶豫，喜歡藍色的衣服。
    4) 客戶提到夏天的內衣容易流汗，因此需要存錢購買新款。
    5) 客戶會將面膜放在冰箱保存，並分享了延長使用的方法。
    6) 客戶提到她的臉很小，使用少量防曬產品即可覆蓋整臉，且防曬產品隔兩年才會購買一次。",1
25825786,女,67.0,屏東縣屏東市,Z,獅子座,6696,否,否,否,否,否,是,是,否,54076.14286,33,20062.85714,10,6646.66666,3,4743.80952,1,1902.85714,2,15161.90475,5,11390.47618,4,6646.66666,3,4743.80952,1,1902.85714,2,否,否,否,否,否,否,0,否,否,否,否,否,0,否,否,否,,1
25826277,男,78.0,台南市東區,D+,天秤座,6696,否,否,是,否,否,是,是,否,494873.52385,82,162124.76191,15,26666.66667,1,26666.66667,1,0.0,0,423255.23813,46,149533.33334,8,26666.66667,1,26666.66667,1,0.0,0,否,否,否,否,否,否,0,否,否,否,否,否,0,是,否,否,"1. 家庭關係
    1) 客戶家中有一位年紀尚小的小妹妹。
    2) 客戶有一位七歲的孫女。
    3) 客戶的父親活到98歲，身體健康。
    4) 客戶每週會去台中陪伴母親三天。
    5) 客戶計劃與家人一起出國旅行，預計停留兩三天。

2. 健康狀況
    1) 客戶三餐正常飲食，並且吃素。
    2) 客戶有時候會降壓，牙齒不好，因此不吃堅果。
    3) 客戶每天五六點起床，晚上十一二點才睡覺，生活作息較忙碌。
    4) 客戶每天爬三層樓，家裡三樓比較涼快。
    5) 客戶飲用香檳茸，但感覺效果不明顯，飲用時間不固定。

3. 職業背景
    1) 客戶曾是老師，現已退休，並有退休金。
    2) 客戶年輕時很節省，已累積一定財富，主要透過保險進行財務管理，並持有多家保險公司的保單。
    3) 客戶有理財專員協助處理投資事宜，並購買基金，每月可領取利息。
    4) 客戶曾在監獄中設立佛堂，並參與相關志工活動，且與出獄後的人保持聯絡，熱心公益。

4. 健康食品使用心得
    1) 客戶不常吃保養品，家中堆積許多未使用的保養品，並認為三餐正常飲食即可，不需要額外補充保養品。
    2) 客戶過去曾購買過ES品牌的保健食品，但認為效果不好。
    3) 客戶曾購買過日本原裝保健食品，每天服用兩顆，感覺精神變得比較好。
    4) 客戶目前家中有許多妍美会的保健食品，部分尚未開封。
    5) 客戶主要食用天然食品，如芝麻醬，並表示不再使用保養品，之前購買是因為被推銷。
    6) 客戶家中已有很多人蔘產品，認為北韓人蔘品質較好，但目前不需要再購買。
    7) 客戶表示如果需要產品會再聯絡。

5. 禁忌
    1) 客戶認為外面買的產品可能有毒，並詢問產品是否無毒。
    2) 客戶不吃堅果，因為牙齒不好。",1
25826489,男,59.0,高雄市旗津區,B,白羊座,6695,否,否,是,否,否,是,是,否,467800.5714100001,134,189901.90475,50,73105.71428999999,20,52466.66666999999,8,2171.42857,1,349754.28568,75,151286.66664999997,30,57057.14286,11,49628.57143,7,2171.42857,1,否,否,是,否,否,否,0,否,否,否,否,否,0,否,否,否,"1. 家庭關係
    1) 客戶與家人同住，家中有兩個子女，子女已長大，其中一位剛高中畢業，對日語有興趣且能力很強。
    2) 配偶是護理人員，工作性質為輪班，目前在護理病假，工作量大且壓力大，曾考慮換較輕鬆的醫院工作。
    3) 父親每週洗腎三次，曾切除一個腎臟，另一個腎臟功能不好，且有心臟相關問題，容易喘且經常感到無力。
    4) 家中沒有養寵物。

2. 健康狀況
    1) 客戶有血壓問題，但血糖正常，白頭髮較多，年紀增長後對某些食物不適應。
    2) 客戶安排健康檢查的頻率為一年一次，目前沒有領取慢性處方簽。
    3) 父親曾服用過對心臟和心血管有幫助的四合一保健食品，效果不錯。

3. 職業背景
    1) 客戶目前在公司上班，工作了快三十年，平時五點下班，每週休一天。
    2) 客戶家裡以前經營店面，年終獎金約為一個半月的底薪，但不到五萬元。

4. 健康食品使用心得
    1) 客戶目前服用多種保健食品，包括妍美会、膠原蛋白、葉黃素、幹細胞產品等，並每天服用幹細胞產品兩顆。
    2) 客戶曾購買過玻尿酸、龜鹿二仙膠（給母親食用）、蚓激酶、骨關節保健品（玻璃罐裝）及郭子乾的關節保健產品，對後者評價為「還可以」。
    3) 客戶和小朋友一起服用葉黃素，小朋友一天吃一顆，家中目前還有七八盒存貨。
    4) 客戶早上有泡杏仁粉的習慣，認為杏仁粉有點苦但已改良過，並表示不需要再購買其他飲品。
    5) 客戶曾購買清涼薄荷牙膏、面膜（送給配偶但未使用而過期）及綠茶咖啡，並有意嘗試新產品。

5. 禁忌
    1) 客戶不喜歡紅參的味道。
    2) 客戶需要注意眼睛的藥物。",1
25827360,女,52.0,台南市關廟區,D+,雙子座,6695,否,否,否,否,否,否,是,否,226467.38098,125,35282.85714,4,9522.85714,1,9522.85714,1,0.0,0,123733.33338,34,35282.85714,4,9522.85714,1,9522.85714,1,0.0,0,否,否,否,否,否,否,0,否,否,否,否,否,0,否,否,否,,1
25832932,女,67.0,新北市泰山區,D+,摩羯座,6689,否,否,否,否,否,是,是,否,170706.85716999997,104,26023.80953,14,11360.95238,6,10418.09524,5,0.0,0,9713.33333,6,4723.80952,3,4723.80952,3,4723.80952,3,0.0,0,否,否,是,否,否,否,0,否,否,否,否,否,0,否,否,否,"1. 家庭關係
    1) 客戶提到她的女兒在公司擔任經理，從事科技相關工作，業績表現非常出色。

2. 健康狀況
    1) 客戶提到她快七十歲了，目前67歲。
    2) 客戶有便秘的情況，但尚未就此問題看醫生。
    3) 客戶的睡眠品質不好。
    4) 客戶提到她有在運動。
    5) 客戶目前在醫院。

3. 職業背景
    1) 客戶未提及自身職業背景，但提到她的女兒從事科技相關工作。

4. 健康食品使用心得
    1) 客戶曾購買過保健品，包括華陀的一定順暢、保養品、龜鹿精等，並有在服用眼睛的保健品及益生菌。
    2) 客戶提到使用華陀的一定順暢後，沒有感覺到效果。

5. 禁忌
    1) 客戶表示產品價格太高，無法負擔，需考慮是否購買。
    2) 客戶目前沒有購買商品的計劃，並提到最近沒有錢購買商品。
    3) 客戶不希望專員介紹產品，要求直接講重點。
    4) 客戶對新竹貨運的服務不滿意，認為送貨時間不準確。",1
25854119,女,50.0,屏東縣恆春鎮,D+,天秤座,6666,否,否,否,否,否,否,是,否,109806.57139,62,34648.57142000001,15,12300.95238,2,11200.0,1,0.0,0,26623.80952,9,12721.90476,3,11200.0,1,11200.0,1,0.0,0,否,否,否,否,否,否,0,否,否,否,否,否,0,否,否,否,"1. 家庭關係
    1) 未提及相關內容。

2. 健康狀況
    1) 客戶為50歲女性，睡眠品質良好，通常晚上十點喝茶，十一點能快速入睡。
    2) 客戶有運動的習慣，並提到目前仍持續進行運動。

3. 職業背景
    1) 未提及相關內容。

4. 健康食品使用心得
    1) 客戶曾在東森購物台購買過珍珠粉和膠原蛋白，並提到之前的膠原蛋白是從鳳凰購買的。
    2) 客戶目前有服用益生菌，剛開始使用，並提到朋友建議她購買益生菌且分享給朋友。
    3) 客戶有服用魚油的習慣，通常在晚上睡前服用。

5. 禁忌
    1) 客戶目前不需要補充B群、維他命C和葉黃素。
    2) 客戶雖有喝茶的習慣，但通常在晚上九點到十一點之間飲用。",1
25867501,女,67.0,台北市內湖區,C,天蠍座,6652,否,否,否,是,否,是,是,否,883232.6190299998,314,107684.76192,17,34816.19048,10,10581.90476,1,22632.38096,7,320100.0,70,106765.71430000002,15,34157.14286,9,10581.90476,1,22632.38096,7,否,否,是,否,否,否,1,否,是,是,否,否,0,否,否,否,"1. 家庭關係
    1) 客戶提到她有女兒在英國，計劃過年前探望她，並於一月十五日回來。
    2) 客戶表示曾購買益生菌給家人使用，但家人現在有自己想要吃的保健品。
    3) 客戶表示家中沒有人特別吃幹細胞相關產品，因此購買這些產品對她無意義。

2. 健康狀況
    1) 客戶提到胃不好，吸收進食的東西效果不佳，需遵循醫生建議，部分需用打針方式進行。
    2) 客戶提到血壓問題，暫時不會購買某些產品。
    3) 客戶提到眼睛狀況不佳，包括老花眼，並有在服用眼睛相關的藥物。
    4) 客戶提到自己感冒了，並表示吃太多藥導致胃不舒服。
    5) 客戶表示平時睡眠狀況良好，通常可以一覺到天亮。
    6) 客戶提到過敏問題。

3. 職業背景
    1) 客戶提到她在家工作，並表示明天中午以前都會在家工作。
    2) 客戶提到她的行程繁忙，近期忙於開會、出差及準備出國。

4. 健康食品使用心得
    1) 客戶表示目前有在吃燕窩，但還有存貨未吃完，回家後偶爾會吃一點點。
    2) 客戶提到她目前有在服用醫生開的保健品及醫院的藥物，因此不會隨意服用其他保健品。
    3) 客戶表示曾購買燕窩產品，對購買燕窩有興趣，但需要詳細了解內容與價格。
    4) 客戶表示曾購買南投信義五十年老張青梅。
    5) 客戶提到她之前購買的鍋寶產品有小問題，但仍繼續使用，並提到其價錢合理。
    6) 客戶提到她之前的電鍋使用了兩三年後才壞掉，修理後仍可繼續使用。
    7) 客戶表示最近購買了許多美容保養品，尚未使用完畢，並對修護抗老面膜有需求。

5. 禁忌
    1) 客戶表示不會服用通血管的保健品，認為這類產品不能亂吃。
    2) 客戶提到她不喜歡花旗蔘產品。
    3) 客戶提到她的胃不好，對入口的產品有挑選限制，除了燕窩外其他產品不太接受。
    4) 客戶表示暫時不會購買褐藻糖膠及幹細胞產品，因為已有其他產品在使用。",1
25880042,男,60.0,高雄市左營區,D+,水瓶座,6638,否,否,否,否,否,是,是,否,10771.42857,6,10771.42857,6,7179.047619999999,3,5657.14286,1,0.0,0,7749.52381,4,7749.52381,4,7179.047619999999,3,5657.14286,1,0.0,0,否,否,否,否,否,否,0,否,否,否,否,否,0,否,否,否,,1
25888419,女,55.0,桃園市八德區,D+,摩羯座,6627,否,否,否,否,否,否,是,否,50048.85714000001,35,13256.19048,5,2828.57143,1,2828.57143,1,0.0,0,10654.28572,5,9371.42857,3,2828.57143,1,2828.57143,1,0.0,0,否,否,是,否,否,否,0,否,否,否,否,否,0,否,否,否,,1
25904415,女,68.0,新北市新莊區,D,天蠍座,6606,否,否,否,否,否,是,否,否,24850.761869999995,29,8270.476179999998,13,3853.33333,5,0.0,0,951.42857,1,8964.76189,14,7327.619039999999,12,2910.4761899999994,4,0.0,0,951.42857,1,否,否,是,否,否,否,0,否,否,否,否,否,0,否,否,否,"1. 家庭關係
    1) 客戶提到她的女兒負責購買家中所需的牙膏等用品，但未提及是否同住。
    2) 客戶表示她的女兒已經購買了十年的某品牌牙膏。
    3) 客戶表示她的女兒會幫忙購買生活用品。
    4) 客戶表示她會詢問女兒的意見後再決定是否購買葉黃素。

2. 健康狀況
    1) 客戶提到她目前手臂受傷，行動受限，且需要一個月才能恢復正常活動。
    2) 客戶表示她花了十幾萬進行修復治療，包含自費項目。
    3) 客戶提到今天要出門去復健，並表示明後天應該可以在家。

3. 職業背景
    1) 客戶提到她已經退休了。

4. 健康食品使用心得
    1) 客戶表示她幾乎每天都有在服用保健食品，目前家中還有一瓶半的存量。
    2) 客戶提到她有在使用葉黃素，並且目前家中有兩盒存貨。
    3) 客戶提到她有使用龜鹿膏，可能作為修復或保養用途。
    4) 客戶表示她有使用美人膠，並提到慢慢來使用。
    5) 客戶提到她目前不需要益生菌、葉黃素或時空膠囊等保健品。
    6) 客戶詢問苦瓜胜肽的價格與功效，並提到可能會考慮購買。
    7) 客戶提到魚油，但未明確表示正在使用。

5. 禁忌
    1) 客戶提到她目前沒有在吃苦茶油。
    2) 客戶表示對白冰冰的補骨胜肽廣告沒有興趣。",1
25905206,女,69.0,宜蘭縣宜蘭市,Z,天秤座,6604,否,否,否,否,否,否,是,否,93042.66667,55,75569.04759,37,16039.04761,11,0.0,0,0.0,0,10247.61904,4,10247.61904,4,2742.85714,1,0.0,0,0.0,0,否,否,是,否,否,否,0,否,否,否,否,否,0,否,否,否,,1
25915251,女,62.0,新北市新店區,A,獅子座,6592,否,否,是,否,否,否,是,否,740979.3808799998,393,86097.14285,13,67791.42856999999,4,67791.42856999999,4,0.0,0,345644.76192,54,86097.14284999999,13,67791.42857,4,67791.42857,4,0.0,0,否,否,否,否,否,否,0,否,否,是,否,否,0,否,否,否,"1. 家庭關係
    1) 客戶提到她的女兒也有訂購產品。
    2) 客戶家最近重新開業。

2. 健康狀況
    1) 客戶提到自己有便秘的問題。
    2) 客戶表示自己有乾性皮膚，使用某些產品後感覺太乾。

3. 職業背景
    1) 客戶白天從事股票相關工作，平日工作繁忙。
    2) 客戶參加了直銷，表示現在什麼都不缺。

4. 健康食品使用心得
    1) 客戶對保健品效果持懷疑態度，認為如果沒有明顯效果，即使免費也不會考慮。
    2) 客戶曾購買口服玻尿酸、干貝產品和藏紅花，但對效果不滿意，部分產品未使用完即丟棄。
    3) 客戶對益生菌產品有興趣，並詢問其功能及價格，且表示會先吃益生菌再吃代餐。
    4) 客戶偶爾購買玻尿酸產品，但覺得效果不明顯，認為直接進行醫美效果更快。
    5) 客戶表示曾經購買過自然美和東森的保養品，但對某些產品效果不滿意，現在對此類產品興趣不大。
    6) 客戶表示會回購某些產品，顯示對部分產品的滿意度。

5. 禁忌
    1) 客戶表示不需要醫美產品，並對保養品興趣不大，因為已有太多存貨。
    2) 客戶提到她的胃不大，吃代餐後無法再吃其他東西。",1
25919105,女,69.0,嘉義市,D,金牛座,6587,否,否,否,否,否,否,是,否,74204.76188,59,32133.333330000005,22,5502.85714,7,1711.42857,3,0.0,0,7500.95238,8,7500.952380000001,8,2769.52381,4,1711.42857,3,0.0,0,否,否,是,否,否,否,0,否,否,否,否,否,0,否,否,否,,1
25928455,女,55.0,台南市永康區,D+,水瓶座,6575,否,否,是,否,否,是,是,否,290889.80956,94,48280.95238,12,15121.90477,6,12730.4762,4,0.0,0,243040.95239,57,48251.42857,11,15092.38096,5,12730.4762,4,0.0,0,否,否,否,否,否,否,1,否,否,否,否,否,0,否,否,否,"1. 家庭關係
    1) 客戶家中小孩已經上大學，並不住在家裡。
    2) 家庭聚餐人數大約是六到八人。

2. 健康狀況
    1) 客戶提到因年紀較大，有時會忘記服用保健品。
    2) 客戶表示她會胃痛，且有時候會忘記喝水。
    3) 客戶提到她之前打過疫苗，但後來沒有再接種。
    4) 客戶表示她很怕亂吃東西導致健康問題，並不敢隨便嘗試新產品。

3. 職業背景
    1) 客戶目前正在上班，通常在五點下班。
    2) 客戶表示辦公室有開冷氣。

4. 健康食品使用心得
    1) 客戶有購買過幹細胞產品、B群、益生菌、膠原蛋白、魚油等保健食品，但許多產品尚未使用完或已過期。
    2) 客戶每天服用一顆幹細胞產品，但未感受到明顯效果或副作用，且有時會忘記服用。
    3) 客戶認為某些保健品需要長期服用才有效果，但她經常因忙碌而忘記服用。
    4) 客戶提到她購買的魚油膠囊好吞，且對其功效和價格有疑問。
    5) 客戶認為資生堂的保養品效果較好，並使用其金色圓形面霜。
    6) 客戶對之前購買的金鑽產品不滿意，並表示如果產品不好用，通常不會退貨。
    7) 客戶提到她不喜歡吃保健食品，也不喜歡吃燕窩。

5. 禁忌
    1) 客戶不吃牛肉和羊肉。
    2) 客戶目前不需要玻尿酸相關產品，並對幹細胞產品持保留態度，認為一開始使用可能會像白老鼠。
    3) 客戶擔心每天服用某些產品可能會有副作用。
    4) 客戶不敢亂吃東西，包括飯都不敢亂吃。",1
25931314,男,59.0,台中市大肚區,C,金牛座,6571,否,否,是,否,否,是,是,否,372945.28574,174,88340.00003,47,26931.42858,14,14914.285720000002,7,2552.38095,1,29161.90475,11,11504.7619,7,9619.04762,5,9619.04762,5,0.0,0,否,否,是,否,否,否,0,否,否,否,否,否,0,否,否,否,"1. 家庭關係
    1) 未提及具體家庭關係。

2. 健康狀況
    1) 客戶為58歲男性，患有高血壓，血壓值在130到140之間，並有服用血壓藥控制。
    2) 客戶血糖偏高，數值在150到160之間。
    3) 客戶有膝蓋疼痛的問題，正在嘗試通過保健食品緩解。

3. 職業背景
    1) 客戶為東森購物的會員，已加入16年。

4. 健康食品使用心得
    1) 客戶目前每天服用四顆保健食品，早晚各兩顆，已經服用了一個星期。
    2) 客戶曾服用含有玻尿酸和葡萄糖胺成分的保健食品。
    3) 客戶目前服用魚油，並表示會再試吃新的保健食品。
    4) 客戶對某產品價格較高且效果不佳表示不滿，但未明確指出具體產品。

5. 禁忌
    1) 客戶未提及具體禁忌事項。",1
25938237,女,58.0,台南市永康區,A,白羊座,6564,否,否,是,是,否,是,是,否,483910.8572100001,257,296974.2857999998,142,118319.04763000007,57,95961.90479000004,21,2738.09523,4,294309.5239,106,264492.38105,99,102068.57146,28,95961.90479,21,1504.7619,1,否,否,是,否,否,否,0,否,否,否,否,否,0,否,否,否,"1. 家庭關係
    1) 客戶與先生已分居，並不想與先生有來往。
    2) 客戶有一名30歲的兒子和一名32歲的女兒，兒子是工程師，工作忙碌，女兒目前在找房子。
    3) 客戶的兒子有鼻子過敏，最近因抵抗力下降感冒，已接種四劑疫苗。
    4) 客戶有孫子，但由其他家人照顧。
    5) 客戶曾經照顧過生病的婆婆三個月，婆婆曾因中風賣掉房子支付醫藥費。

2. 健康狀況
    1) 客戶有糖尿病、高血壓、高血糖、膽固醇高等健康問題，並有腰痠背痛、膝蓋疼痛、抽筋、乾眼症、眼睛模糊、脂肪堆積等症狀。
    2) 客戶進入更年期，感到身體狀況與兩年前相比有明顯落差，並有自律神經失調、睡眠品質不佳、記憶力減退等問題。
    3) 客戶有過敏、支氣管問題，偶爾夜尿，並提到尿液有泡沫。
    4) 客戶的體重穩定，目前為52公斤，身高158公分，曾因生育體重增加，且有肥胖問題。
    5) 客戶有時感到疲勞，體力不佳，偶爾感冒，並提到最近感冒但無其他症狀。

3. 職業背景
    1) 客戶目前從事早餐店相關工作，工作時間為早上四點至中午十二點，工作需要長時間站立，可能導致職業傷害。
    2) 客戶曾從事餐飲業超過二十年，過去工作時間長，超負荷工作導致身體勞累。
    3) 客戶的工作斷斷續續，月收入約兩萬元，可能持續工作到退休。

4. 健康食品使用心得
    1) 客戶每天服用B群和其他保健食品，感覺精神狀況有所改善，頭腦清楚，排便順暢，睡眠品質也有所提升。
    2) 客戶對葉黃素和咪唑胜肽有正面評價，認為有助於眼睛健康和舒緩腳部不適。
    3) 客戶對於保健食品的口味較為挑剔，不喜歡太甜、太酸或油膩的產品，並不喜歡人蔘相關產品。
    4) 客戶曾嘗試過德國水晶蛋白，但不喜歡其酸味，對氨基酸飲品的味道也不滿意。

5. 禁忌
    1) 客戶是全素食者，因宗教原因不吃葷食，包括蛋和奶。
    2) 客戶不吃麻辣食物，也不喜歡喝豆漿和豆腐乳。
    3) 客戶不喜歡使用油膩的產品，並避免含糖的保健食品。",1
25953054,男,57.0,屏東縣竹田鄉,D+,水瓶座,6548,否,否,否,否,否,是,是,否,137955.90474,70,46702.85715000001,27,16914.28571,3,14742.85714,2,2171.42857,1,84783.80948,24,31568.57143,9,16914.28571,3,14742.85714,2,2171.42857,1,否,否,是,否,否,否,0,否,否,否,否,否,0,否,否,否,"1. 家庭關係
    1) 客戶母親年齡為85至86歲，健康狀況正常，沒有三高。
    2) 客戶提到自己有種植少量的水果，並需要保養和費心照顧。

2. 健康狀況
    1) 客戶年齡為56歲，眼睛狀況良好，能看到一千公尺，並無三高或攝護腺相關症狀。
    2) 客戶提到有時候工作會感到疲勞，但目前健康狀況尚可。

3. 職業背景
    1) 客戶從事務農工作，並提到需要照顧種植的水果。
    2) 客戶目前經濟狀況不佳，最近沒有收入，經濟負擔較重，無法負擔額外開銷。

4. 健康食品使用心得
    1) 客戶曾使用過葉黃素，但認為對自己幫助不大，目前以一盒一盒的形式購買。
    2) 客戶有時候服用B群，並有補骨胜肽可食用，且目前服用肝藥和中藥配方的保健品。
    3) 客戶曾購買過含芝麻素的牛奶，使用過南極磷蝦油，並曾訂購過蚓激酶三次。
    4) 客戶對於檸檬和芭樂的搭配飲品有一定了解，認為對身體有幫助，並表示南瓜籽油有用。

5. 禁忌
    1) 客戶目前經濟狀況不佳，無法負擔額外開銷，對購買褐藻產品仍在考慮中。
    2) 客戶對美國的產品較有好感，但目前經濟上不允許購買產品。",1
25957574,女,65.0,新北市泰山區,D,雙子座,6543,否,否,否,否,否,是,否,否,59458.42853,48,10304.76189,16,1760.0,3,0.0,0,0.0,0,35905.71425,35,8599.999989999998,14,1760.0,3,0.0,0,0.0,0,否,否,否,否,否,否,0,否,否,否,否,否,0,否,否,否,"1. 家庭關係
    1) 客戶提到她已婚，並有兩個孩子。
    2) 客戶提到她的老公下班會回家，且因車禍需要賠償五十萬，目前已支付了二十萬作為賠償金。

2. 健康狀況
    1) 客戶提到自己比較偏胖。
    2) 客戶提到她有低血壓的情況。
    3) 客戶提到曾經骨折。

3. 職業背景
    1) 客戶未提及具體職業背景，但提到她是VIP會員，且偏好購買零利率商品。
    2) 客戶曾經網購磷蝦油，並提到磷蝦油的價格為五百元。

4. 健康食品使用心得
    1) 客戶提到她有在吃磷蝦油，並剛購買了兩瓶磷蝦油。
    2) 客戶表示她以前有喝過膠原蛋白，並提到市面上有補膠質的產品。
    3) 客戶提到每天喝精油。

5. 禁忌
    1) 客戶提到她不吃甜食。
    2) 客戶提到她不吃日本的食品，也不吃萬歲牌的堅果。
    3) 客戶提到她不取豆發酵劑。
    4) 客戶表示她不使用保養品，也不使用時空膠囊。
    5) 客戶提到她不喜歡保健品，且有很多東西吃不完，因此不需要再購買。",1
25961145,女,63.0,花蓮縣光復鄉,D+,雙子座,6539,否,否,否,否,否,否,是,否,8523.00001,4,7580.00001,3,7580.00001,3,7580.00001,3,0.0,0,3808.57143,1,3808.57143,1,3808.57143,1,3808.57143,1,0.0,0,否,否,否,否,否,否,0,否,否,否,否,否,0,否,否,否,,1
25962180,男,70.0,新北市汐止區,D+,雙子座,6538,否,否,是,否,否,否,是,否,665396.4761699999,194,66415.23807,27,42997.14282000001,14,39268.57139000001,11,0.0,0,308807.61904,71,39019.04761,7,26182.85713,3,26182.85713,3,0.0,0,否,否,否,否,否,否,1,否,否,否,否,是,0,否,否,否,"1. 家庭關係
    1) 客戶有一位配偶，配偶有血糖和血壓偏高的問題，並服用糖尿病相關藥物。
    2) 客戶的配偶目前有在服用甘味人生苦瓜胜肽產品，並對米糠魚油產品有興趣。

2. 健康狀況
    1) 客戶目前服用合利他命和眼睛相關保健品。
    2) 客戶提到自己仍在服用葉黃素，並曾購買龜鹿丸作為保健食品。

3. 職業背景
    1) 未提及具體職業背景。
    2) 客戶提到每年出國旅遊兩到三次。

4. 健康食品使用心得
    1) 客戶曾購買華陀的鴕鳥精，但表示效果不明顯，且很久未再購買。
    2) 客戶曾購買PPLS的綠蜂膠，認為其濃度是超市網的三倍。
    3) 客戶曾購買南瓜籽、磷蝦油和益生菌等產品，並提到益生菌和葉黃素，但未明確表示對其有興趣。
    4) 客戶經常從東森購物購買商品。
    5) 客戶曾購買葉黃素產品，對其價格表示疑問。
    6) 客戶提到之前購買的保健品已過期。

5. 禁忌
    1) 客戶未提及具體禁忌事項。",1
25966794,男,54.0,新竹縣竹北市,D,雙魚座,6534,否,否,是,否,否,否,是,否,55037.57145,31,42494.28574000001,21,11160.95238,8,7619.04761,5,0.0,0,12351.428569999998,7,12351.428570000002,7,3808.57142,4,3371.4285600000003,3,0.0,0,否,否,否,否,否,否,0,否,否,否,否,否,0,否,否,否,,1
25968575,女,74.0,高雄市鳳山區,D+,射手座,6532,否,否,否,否,否,是,是,否,388423.19043,175,154697.14284,36,27666.666659999995,7,23600.95238,3,0.0,0,314775.23806,116,145330.47617,28,26437.14285,6,23600.95238,3,0.0,0,否,否,否,否,否,否,0,否,否,否,否,否,0,否,否,否,"1. 家庭關係
    1) 客戶目前一個人住，家中有太多營養品未使用完。
    2) 客戶提到家中有人在吃中藥調理身體。
    3) 客戶曾在過年時一個人過年。

2. 健康狀況
    1) 客戶有高血壓，早上會服用血壓藥和降血糖藥。
    2) 客戶有胃食道逆流和便秘的問題。
    3) 客戶已接種流感疫苗。
    4) 客戶提到如果回到高雄，會去做復健。

3. 職業背景
    1) 客戶目前在高雄工作，採取做一天休一天的工作模式。
    2) 客戶提到公司提供住宿，每人一個房間。
    3) 客戶目前的班表尚未排出來，並計劃四月六日之前都待在高雄。
    4) 客戶提到她可能需要休息一下再開始上班。

4. 健康食品使用心得
    1) 客戶曾購買過萬壽元保健食品，針對血壓、血脂、血糖和膽固醇，並記得該產品。
    2) 客戶曾購買過大紅麴產品，但經常忘記服用。
    3) 客戶對補骨胜肽產品感興趣，並詢問產品名稱和詳細說明。
    4) 客戶曾購買過幹細胞相關產品，但需要時間考慮是否再次購買。
    5) 客戶曾購買過藍色的保健食品，但尚未食用。
    6) 客戶對益生菌的服用方式有疑問，確認一天吃一顆。
    7) 客戶對石墨烯產品感興趣，曾購買過石墨烯圍巾。
    8) 客戶表示對褐藻有所了解。
    9) 客戶曾購買過美國的某種產品，且一直有在使用。
    10) 客戶提到她斷斷續續服用某產品，覺得效果不大。

5. 禁忌
    1) 客戶目前不考慮購買涼感衣物，因為價格較高。
    2) 客戶目前不需要購買乳霜，因為手上還有其他產品。
    3) 客戶提到家中有存放保健食品，擔心過期浪費，因此對購買新保健食品感到猶豫。
    4) 客戶提到目前家裡的東西實在太多了，不想花錢再購買。
    5) 客戶表示她目前沒有時間看商品資訊，因此不知道有什麼商品。",1
25970122,女,64.0,台南市永康區,D+,處女座,6530,否,否,否,是,否,是,是,否,197232.61906,119,74300.0,40,36577.14286,17,6252.38095,2,1798.09524,1,17000.95238,4,7572.38095,2,4743.80952,1,4743.80952,1,0.0,0,否,否,是,否,否,否,0,否,否,否,否,否,0,否,否,否,"1. 家庭關係
    1) 無相關資訊提及。

2. 健康狀況
    1) 客戶看東西比較模糊。
    2) 客戶有飛蚊症的問題。
    3) 客戶有胃食道逆流的問題。

3. 職業背景
    1) 客戶目前正在上班，平日下班時間為六點。

4. 健康食品使用心得
    1) 客戶有服用健康食品的習慣，通常在飯後服用。
    2) 客戶曾購買過東森購物和妍美会的葉黃素，並每天服用一顆，後來改為一天兩顆，現在改為服用XXX軍品牌的葉黃素。
    3) 客戶目前服用XXX軍品牌的葉黃素，認為其價格較高，一盒約一千多元。
    4) 客戶曾使用過膠囊形式的益生菌，目前仍有服用益生菌。

5. 禁忌
    1) 無其他禁忌資訊提及。",1
25971645,男,68.0,台中市大里區,D+,處女座,6529,否,否,是,否,否,否,是,否,39133.19048999999,22,5666.6666700000005,2,5666.6666700000005,2,5666.6666700000005,2,0.0,0,2828.57143,1,2828.57143,1,2828.57143,1,2828.57143,1,0.0,0,否,否,否,否,否,否,0,否,否,否,否,否,0,否,否,否,,1
25998447,女,76.0,高雄市前鎮區,D+,射手座,6501,否,否,否,否,否,是,否,否,17674.28571,15,14845.71428,12,9450.47619,7,0.0,0,0.0,0,2282.85714,3,2282.85714,3,2282.85714,3,0.0,0,0.0,0,否,否,否,否,否,否,1,否,否,否,否,否,0,否,否,否,,1
25999247,男,57.0,屏東縣屏東市,C,巨蟹座,6500,否,否,否,否,否,是,是,否,146193.19052,63,31835.23811,13,20198.09523,7,0.0,0,7200.0,4,31647.61904,8,16685.71428,6,16685.71428,6,0.0,0,7200.0,4,否,否,否,否,否,否,0,否,否,否,否,否,0,否,否,否,"1. 家庭關係
    1) 客戶有兩個小孩，其中老大已經在賺錢。
    2) 客戶的女兒目前是學生，住在外面租房子，只有在廠家有活動時才會回家。

2. 健康狀況
    1) 客戶提到自己瘦身成功，現在穿M號或L號的衣服。

3. 職業背景
    1) 無相關資訊。

4. 健康食品使用心得
    1) 客戶有購買過華陀的燕窩產品。

5. 禁忌
    1) 客戶不喜歡黃色的顏色。
    2) 客戶不敢在網路上購買某些商品，尤其是鞋子。",1
26009849,女,66.0,高雄市楠梓區,D+,白羊座,6487,否,否,否,否,否,否,是,否,74307.76189000001,51,7582.85714,2,3791.42857,1,3791.42857,1,0.0,0,13992.38095,5,7582.85714,2,3791.42857,1,3791.42857,1,0.0,0,否,否,是,否,否,否,0,否,否,否,否,否,0,否,否,否,,1
26012845,女,50.0,桃園市桃園區,Z,摩羯座,6483,否,否,否,否,否,否,否,否,37415.23812,19,10045.71428,3,10045.71428,3,0.0,0,0.0,0,760.95238,1,760.95238,1,760.95238,1,0.0,0,0.0,0,否,否,否,是,否,否,1,否,否,否,否,否,0,否,否,否,,1
26015849,女,79.0,屏東縣內埔鄉,Z,水瓶座,6480,否,否,否,否,否,是,是,否,282314.76187000005,66,56735.23809,11,5176.1904700000005,3,0.0,0,2838.09524,1,215078.09524,26,54397.14286000001,9,2838.09524,1,0.0,0,2838.09524,1,否,否,否,否,否,否,0,否,否,否,否,是,0,否,否,否,"1. 家庭關係
    1) 客戶提到她的家庭每月有固定的開銷。
    2) 客戶目前與他人一起用餐，顯示她可能與家人或朋友有一定的互動。

2. 健康狀況
    1) 客戶年紀較大（78歲），身體狀況不佳，抵抗力較弱。
    2) 客戶有膝蓋不適及骨裂情況，正在接受物理治療，並考慮是否需要手術。
    3) 客戶有胃發炎、高血壓、三高、尿酸及類風濕問題。
    4) 客戶曾進行過白內障手術，且有皮膚乾燥、腰痠背痛的情況。
    5) 客戶平常睡眠狀況尚可，能睡到八個小時。
    6) 客戶每天早上五點半起床運動，運動到七點，顯示有一定的運動習慣。

3. 職業背景
    1) 客戶已經退休，但提到平常早上仍在做生意，工作很忙。
    2) 客戶提到她很會精打細算，對金錢管理有自己的方式，並偏好用現金支付以避免超支。

4. 健康食品使用心得
    1) 客戶有服用多種健康食品，包括靜脈高鐵相關保健品、磷蝦油、葉黃素、葉綠素、薑黃素、胎盤素及幹細胞產品。
    2) 客戶曾購買過葡萄王的健康食品，並提到每天早餐飯後服用兩顆。
    3) 客戶提到膠原蛋白對皮膚、骨骼、韌帶有幫助，且自然澎潤效果明顯，但吸收效果與分子大小有關。
    4) 客戶目前暫時停止使用中醫提供的健康食品，並提到她有很多健康食品需要使用完。

5. 禁忌
    1) 客戶提到自己暫時不吃精緻澱粉類食物，例如麵包。
    2) 客戶不耐受魚油，並暫時不會再進行醫美。",1
26023818,女,67.0,台中市北區,Z,金牛座,6470,否,否,是,否,否,是,是,否,79924.23811,35,40694.28573,18,28123.80952,11,21760.95238,7,0.0,0,5657.14286,1,5657.14286,1,5657.14286,1,5657.14286,1,0.0,0,否,否,否,否,否,否,0,否,否,否,否,是,0,否,否,否,,1
26033026,女,62.0,台中市西區,Z,天蠍座,6458,否,否,否,是,否,是,是,否,324271.42852,201,157587.61902999997,88,53107.61904,26,4743.80952,1,13110.4762,4,12207.61904,6,7866.66666,3,7486.66666,2,4743.80952,1,0.0,0,否,否,是,否,否,否,0,否,否,否,否,否,0,否,是,否,"1. 家庭關係
    1) 客戶有一位成年女兒，女兒從小到大個性聽話，但身體健康狀況不佳，容易過敏，可能有濕氣重的問題，對藥物和蒜頭過敏。
    2) 客戶提到家中有小朋友曾穿過石墨烯內衣，但因拉鍊設計不佳感到不舒服。

2. 健康狀況
    1) 客戶有心律不整的健康問題，並提到不喜歡穿貼身衣物，因為心臟不好，不喜歡有束縛感。
    2) 客戶提到最近體重增加，穿羊毛衣服時感覺貼身。

3. 職業背景
    1) 客戶是東森的A級會員。
    2) 客戶提到她即將前往歐洲旅行，預計六月五日回國，目前人在外辦事。

4. 健康食品使用心得
    1) 客戶有在服用益生菌，會輪流食用不同品牌，家中存有大量益生菌和保健食品，包括日本和美國品牌的產品。
    2) 客戶固定服用合利他命，特別是日本和力他命，並提到曾購買苦茶油，雖然尚未使用，但有混合使用的經驗。

5. 禁忌
    1) 客戶的孩子對藥物和蒜頭過敏。
    2) 客戶不使用牙膏，並表示不想亂花錢，近期因旅行和購物花費較多，決定開始控制開支。",1
26033354,男,70.0,苗栗縣竹南鎮,C,獅子座,6458,否,否,是,否,否,否,是,否,84850.90475,37,19660.000010000003,6,15974.285720000002,4,15974.285720000002,4,0.0,0,20717.14286,5,15974.28572,4,15974.28572,4,15974.28572,4,0.0,0,否,否,是,否,否,否,0,否,否,否,否,否,0,否,否,否,,1
26037758,女,83.0,高雄市左營區,C,金牛座,6453,否,否,是,否,否,是,是,否,201829.8095,102,155805.71429,76,56495.2381,25,21952.38096,6,4342.85714,2,40333.333320000005,10,40333.33331999999,10,12571.42857,3,9828.57143,2,2742.85714,1,否,否,否,否,否,否,0,否,否,否,否,是,0,否,否,否,"1. 家庭關係
    1) 客戶有一名已故的先生，先生生前是陸戰隊成員，體格健壯，去世已有四年。
    2) 客戶有一名兒子，身高182公分，體重70-80公斤，單身且離婚，無小孩，患有糖尿病，需注射胰島素和服用藥物，經濟條件良好。
    3) 客戶有一名女兒，住在外面，身體不好，有腎臟問題，需服用醫生開的藥物，曾從美國寄回保健品。
    4) 客戶的孫女最近結婚，孫女的先生曾在日本讀書。
    5) 客戶的女婿在高雄的好市多工作，負責家中日用品的供應。
    6) 客戶的孩子住在她家附近，房子是她購買的。

2. 健康狀況
    1) 客戶82歲，身體狀況不佳，患有糖尿病、骨質疏鬆、乳腺增生、胃潰瘍、胃酸過多，血壓不穩定，近期血壓高達149，並有嘔吐症狀。
    2) 客戶有膝蓋和大腿骨不適，膝蓋偶爾痠痛，曾摔倒兩次導致腦部和腿部問題，並有膝蓋疼痛和脫臼的情況。
    3) 客戶的眼睛不適，乾澀，無法看電視，並有腳底麻木和大腿、骨盆腔酸痛的症狀。
    4) 客戶精神狀況不佳，需接受精神、內臟和老年健康方面的診療，並有三位專門的醫生。
    5) 客戶每天早上服用口服藥物，並正在服用大量西藥和多種保健食品。

3. 職業背景
    1) 客戶曾在海軍工作。
    2) 客戶的先生曾是陸戰隊成員。
    3) 客戶的兒子目前從事交通管理相關工作。

4. 健康食品使用心得
    1) 客戶每天喝補骨胜肽，服用魚油、鱈魚魚肝油、B群、龜鹿錠、華陀保健食品等，並認為魚油和鱈魚魚肝油對眼睛乾澀有改善。
    2) 客戶曾購買過多種保健食品，包括苦瓜胜肽、甘味人生、挺立鈣、羅利魚油、日日光、維骨力等，對部分產品效果滿意。
    3) 客戶從年輕時開始食用燕窩，並每天吃雞蛋、喝牛奶，少吃肉類。
    4) 客戶的醫生每三個月會開健康食品進行保養，避免重複開藥。

5. 禁忌
    1) 客戶不吃外賣、便當和自助餐，認為不乾淨且怕胖。
    2) 客戶不喝魚肝油，但會用羅利魚油涼拌或炒菜。
    3) 客戶不購買日本產品，對日本有歷史上的不滿。
    4) 客戶對含中藥成分的保健食品不感興趣，家中已有類似產品。
    5) 客戶不吃綠色葡萄，只吃紫色葡萄。",1
26044744,女,61.0,桃園市平鎮區,D+,金牛座,6444,否,否,是,否,否,否,是,否,64283.66666,28,11284.7619,3,8446.666659999999,2,8446.666659999999,2,0.0,0,11275.23808,5,8446.666659999999,2,8446.666659999999,2,8446.666659999999,2,0.0,0,否,否,是,否,否,否,0,否,否,否,否,否,0,否,否,否,"1. 家庭關係
    1) 未提及家庭關係相關內容。

2. 健康狀況
    1) 客戶為60歲女性，未提及具體健康問題。
    2) 客戶對幹細胞及粒線體注射效果持懷疑態度，並表示不敢亂吃幹細胞相關產品。

3. 職業背景
    1) 未提及職業背景相關內容。

4. 健康食品使用心得
    1) 客戶有服用益生菌，未提及具體效果。
    2) 客戶有在吃葉黃素，未提及具體效果。
    3) 客戶會上網查看挺立鈣的相關資訊，但未提及是否使用。
    4) 客戶不喜歡喝一瓶的產品。

5. 禁忌
    1) 客戶表示不敢亂吃幹細胞相關產品。
    2) 客戶曾使用面膜，但認為效果不好，因此不再使用。
    3) 客戶提到她的朋友曾注射粒線體，但效果不佳。
    4) 客戶提到她的朋友曾去日本打幹細胞，費用約一百萬。
    5) 客戶目前使用勝利品牌的保養品，效果很好，皮膚變得透明亮白，並已使用一年多。",1
26055238,女,62.0,苗栗縣頭份市,D,金牛座,6431,否,否,否,否,否,否,是,否,132491.71426,91,10239.047609999998,9,4911.42857,5,1140.95238,2,0.0,0,1140.95238,2,1140.95238,2,1140.95238,2,1140.95238,2,0.0,0,否,否,是,否,否,否,0,否,否,否,否,否,0,否,否,否,"1. 家庭關係
    1) 客戶提到小孩目前正在睡覺。
    2) 客戶的保健品多由小朋友幫忙購買，並且主要是為了小朋友而購買。

2. 健康狀況
    1) 客戶目前健康狀況良好，沒有高血壓、高血脂、高血糖或高膽固醇的問題。

3. 職業背景
    1) 無相關資訊。

4. 健康食品使用心得
    1) 客戶有在服用葉黃素，但不清楚品牌，因為是小朋友幫她購買的。
    2) 客戶表示她不會每天服用葉黃素，僅在需要保養時才服用，目前家中還有三盒未使用完的葉黃素，其中兩盒未開封。
    3) 客戶有購買魚油，且家中目前還有存貨。
    4) 客戶會一次性購買一整組保健品，主要是為了小朋友。
    5) 客戶剛從日本旅遊回來，並已在當地購買了所需的保健品，因此目前不需要再購買相關產品。

5. 禁忌
    1) 客戶表示目前沒有需要購買保健食品的需求。
    2) 客戶表示她沒有聽過粒線體產品。",1
26063272,女,80.0,新竹市,B,獅子座,6422,否,否,是,是,否,是,是,否,676071.1429099999,130,259357.14287000004,38,64591.42859000001,13,41487.61905,3,20856.19049,5,582304.76193,68,248896.19049000004,26,64591.42859000001,10,41487.61905000001,3,20856.19049,5,否,否,否,否,否,否,0,否,否,否,否,否,0,是,否,否,"1. 家庭關係
    1) 客戶與家人同住，有四個小孩，其中一位孩子是工程師，工作繁忙，早出晚歸。
    2) 客戶的孫子在大陸讀書，家中還有一位一歲的小孩。
    3) 客戶提到家中有家長患有糖尿病，需要注射胰島素。
    4) 客戶每兩個月與家人聚會一次，並提到過年時會送禮。

2. 健康狀況
    1) 客戶有三高問題（血壓、血糖、血脂），並服用相關藥物，且有檢查腎臟健康。
    2) 客戶提到低血壓、頭暈、頭痛、咳嗽、感冒、身體虛弱、視力模糊等健康問題，並曾開過眼睛手術但效果不佳。
    3) 客戶最近身體不適，曾跌倒且感到無力，需有人陪伴才能行走。
    4) 客戶常感到不舒服，已持續一年，並表示不想再去看醫生。
    5) 客戶每三年進行一次健康檢查，並有使用慢性處方簽。

3. 職業背景
    1) 客戶目前從事志工工作，並提到自己已經八年沒有上班。
    2) 客戶經濟狀況不佳，主要依靠小孩支持，並需每月繳交三萬塊貸款。

4. 健康食品使用心得
    1) 客戶有使用蚓激酶、葉黃素、萬壽元、黃金土龍鴕鳥龜鹿精等產品，並表示蚓激酶有助於三高改善。
    2) 客戶對葉黃素效果表示懷疑，認為效果不明顯，但仍有存貨並每日服用。
    3) 客戶對萬壽元產品有存貨，通常在晚上睡前服用，並表示其效果不錯。
    4) 客戶對玻尿酸產品、美白產品、即飲燕窩等有興趣，但對價格較為敏感。
    5) 客戶提到使用某些保養品後，皮膚乾燥情況有所改善，且對皮膚緊實度和保濕度有期待。

5. 禁忌
    1) 客戶不喜歡膠囊形式的產品，偏好其他形式。
    2) 客戶表示不喝酒，對於高價產品持保留態度，並對經濟負擔較為敏感。
    3) 客戶對於冰的產品感到不方便，並對某些產品的包裝不滿意。",1
26071050,女,66.0,台北市大安區,D+,雙子座,6413,否,否,否,是,否,是,是,否,299785.85715000005,151,75047.61907999999,38,28796.19048,15,7133.33333,3,11291.42858,5,74313.33334,18,8514.28572,2,5676.19048,1,0.0,0,5676.19048,1,否,否,是,否,否,否,0,否,否,否,否,否,0,否,否,否,"1. 家庭關係
    1) 客戶提到她的兒子有朋友從事面膜相關工作，並且她的兒子有訂購面膜。
    2) 客戶家中有很多面膜和保養品。

2. 健康狀況
    1) 客戶目前有在食用保健食品，但尚未吃完之前購買的葉黃素。
    2) 客戶提到她去日本旅遊時購買了一些保健食品。

3. 職業背景
    1) 客戶提到她目前正在上課。
    2) 客戶常常外出，生活較為忙碌。

4. 健康食品使用心得
    1) 客戶曾購買白蘭氏磷蝦油、魚油、海洋膠原飲、自然美時空膠囊、自然美小藍球膠囊等多種保健食品，但多數尚未使用完。
    2) 客戶表示她用不到白蘭氏的產品，並對東森提供的商品不滿意，認為不是她想要的。

5. 禁忌
    1) 客戶提到不需要購買益生菌產品。
    2) 客戶目前家中有很多保健食品、保養品和商品，認為數量過多。",1
26083975,女,65.0,新北市土城區,Z,獅子座,6400,否,否,否,否,否,是,是,否,527165.0476500001,302,113705.71431000002,56,19442.85714,6,15185.71428,4,1895.2381,1,10856.19048,3,5657.14286,1,5657.14286,1,5657.14286,1,0.0,0,否,否,是,否,否,否,0,否,否,否,否,否,0,否,否,否,"1. 家庭關係
    1) 客戶的女兒負責購買葉黃素及其他商品，並使用APP或電腦進行訂購。
    2) 客戶的保健食品通常由管理室代收。

2. 健康狀況
    1) 客戶偶爾服用骨頭關節保養的保健食品，但並非每天服用。
    2) 客戶目前人不在台灣。

3. 職業背景
    1) 無明確提及客戶的職業背景。

4. 健康食品使用心得
    1) 客戶家中已有大量葉黃素和益生菌，且葉黃素尚未吃完，暫時不需要新的葉黃素產品。
    2) 客戶曾購買並使用過穆拉德的保健食品，效果尚可，但並非經常服用，目前尚未服用完畢。
    3) 客戶曾購買並使用過台酒的青春露，但該產品已停產。
    4) 客戶家中有許多保健品，但她並未持續服用。

5. 禁忌
    1) 客戶目前不需要購買新的保健食品，因為家中存貨充足。
    2) 客戶否認自己是鍋寶產品的愛用者，雖然曾購買過相關產品。",1
26085172,女,74.0,高雄市苓雅區,C,雙魚座,6399,否,否,否,是,否,是,是,否,55684.00001,24,20359.04763,9,9256.19048,3,5657.14286,1,3599.04762,2,29787.619060000005,10,20359.04763,9,9256.19048,3,5657.14286,1,3599.04762,2,否,否,是,否,否,否,0,否,否,否,否,否,0,否,否,否,,1
26090414,女,49.0,新北市汐止區,C,金牛座,6394,否,否,否,是,否,是,是,否,1033137.1427599996,402,144579.0476,58,53381.90477,14,12571.42857,1,26180.95239000001,7,644416.19043,150,88622.85714000002,23,44409.52382,9,12571.42857,1,26180.95239000001,7,否,否,是,否,否,否,0,否,否,是,否,否,0,是,否,否,"1. 家庭關係
    1) 客戶與先生關係良好，兩人都有在服用鈣片，認為補充鈣質對健康很重要。
    2) 客戶有小孩，曾為小朋友購買過背心式內衣。

2. 健康狀況
    1) 客戶有血糖問題，糖化血色素曾達到10點多，目前控制在6點多，但最近一年有升高情況。
    2) 客戶有拇指外翻問題，對鞋子的版型有特別需求。
    3) 客戶有黑斑問題，曾使用美白產品但效果不明顯。
    4) 客戶有排便困擾，排便頻率約兩三天一次。
    5) 客戶曾因飲食習慣改變導致血糖升高，並表示難以控制零食攝取量。
    6) 客戶不敢吃高糖分水果，但偶爾會吃奇異果和番茄。

3. 職業背景
    1) 客戶目前無工作，主要待在家中，最近才開始上班並開始保養。
    2) 客戶早上通常在接維修電話工作，因此無法接聽其他電話。

4. 健康食品使用心得
    1) 客戶和先生都有服用鈣片，認為補充鈣質對健康有幫助。
    2) 客戶曾使用過妍美会的膠原蛋白產品，認為效果很好。
    3) 客戶曾使用過某品牌的果凍產品，對排便問題非常有效，但對另一品牌果凍效果一般。
    4) 客戶曾使用過苦瓜胜肽產品，但因價格昂貴且效果不明顯而停止購買。
    5) 客戶曾使用過珍珠鹿角鈣，對頭髮有幫助，並認為效果不錯。
    6) 客戶家中還有益生菌及其他保健食品，暫時不考慮購買新產品。

5. 禁忌
    1) 客戶擔心糖尿病會影響保健品效果，但專員表示補充鈣質對代謝有幫助。
    2) 客戶不建議一次吃兩顆保健品，應該分開吃。
    3) 客戶避免食用高糖分水果，並認為果糖應避免攝取，偏好無糖產品。",1
26096716,男,57.0,新竹市,D+,巨蟹座,6388,否,否,否,否,否,否,是,否,9333.33333,5,7933.333329999999,4,4152.38095,2,2828.57143,1,0.0,0,2828.57143,1,2828.57143,1,2828.57143,1,2828.57143,1,0.0,0,否,否,否,否,否,否,0,否,否,否,否,否,0,否,否,否,,1
26100567,女,47.0,雲林縣斗南鎮,D+,金牛座,6384,否,否,否,否,否,否,是,否,55524.57143,31,17020.0,2,17020.0,2,9428.57143,1,0.0,0,16971.42857,3,9428.57143,1,9428.57143,1,9428.57143,1,0.0,0,否,否,否,否,否,否,0,否,否,否,否,否,0,否,否,否,,1
26102457,男,61.0,高雄市三民區,C,雙子座,6382,否,否,是,否,否,是,是,否,268463.66669,135,181250.47621,81,78037.14289999998,40,52114.28574000001,15,3085.71429,3,60645.71432,27,60645.71431999996,27,59702.85717999999,26,46685.71431,12,1028.57143,1,否,否,是,否,否,否,0,否,否,否,否,否,0,否,否,否,"1. 家庭關係
    1) 客戶與父母同住。
    2) 客戶的父親是退休老師。

2. 健康狀況
    1) 客戶曾進行健康檢查，結果顯示狀況良好。
    2) 客戶認為活菌對健康有幫助，並提到自己做的食物比較健康。
    3) 客戶提到平常會透過食物補充營養。

3. 職業背景
    1) 客戶提到購買的物品是用於公司。
    2) 客戶對於興富發的線上直播活動和七喜的微信上班類型的投資表示沒有興趣。

4. 健康食品使用心得
    1) 客戶每天服用一到兩顆魚油，目前正在服用從美國帶回來的深色魚油，並提到早晚分別服用不同品牌的魚油。
    2) 客戶曾購買過葉黃素，並提到葉黃素是飯後服用，購買的數量足夠超過一年使用。
    3) 客戶每天喝一包益生菌，家中還有兩盒益生菌，足夠食用一到兩個月。
    4) 客戶曾購買過華陀的枸杞、人蔘和基金產品，但目前不打算再購買人蔘，並提到人參不能天天吃，通常兩天吃一包。
    5) 客戶曾購買過舒酸定牙膏和大罐魚油，並提到五月購買的魚油足夠吸收半年到一年。
    6) 客戶提到醫生建議需要時會吃相關保健食品。

5. 禁忌
    1) 客戶對幹細胞產品的用途和效果沒有概念，表示需要考慮和了解更多資訊。
    2) 客戶目前不想購買產品，表示需要先了解保額和產品內容。
    3) 客戶提到夏天天氣熱，不適合某種服務。
    4) 客戶不使用芳香劑，而是使用筷木和其他天然材料。",1
26118583,女,64.0,新北市新店區,Z,巨蟹座,6366,否,否,否,否,否,否,是,否,333181.66663000005,161,20372.38095,7,18486.666660000003,6,14811.42856,4,0.0,0,96169.5238,19,14811.42856,4,14811.42856,4,14811.42856,4,0.0,0,否,否,否,否,否,否,0,否,否,否,否,否,0,否,否,否,"1. 家庭關係
    1) 客戶提到自己有孫子，並表示在帶孫子時感到疲累。

2. 健康狀況
    1) 客戶為63歲女性，皮膚狀況退化，希望改善皮膚健康。
    2) 客戶提到有子宮下垂問題。
    3) 客戶表示帶孫子時感到疲累。

3. 職業背景
    1) 客戶目前人在國外，並提到即將在禮拜一出國，可能會出國一個月以上。

4. 健康食品使用心得
    1) 客戶曾購買膠原蛋白玻尿酸產品，但因買太多導致過期未繼續使用。
    2) 客戶表示之前購買的活膚膠囊沒有使用效果。
    3) 客戶提到有很多保健食品，但覺得吃不來。
    4) 客戶目前正在飲用膠原蛋白。

5. 禁忌
    1) 客戶對於保健食品的使用效果較為挑剔，對於無效或不適合的產品可能會停止使用。
    2) 客戶可能不適合購買過多保健食品，避免浪費或過期。",1
26128835,男,74.0,基隆市中正區,B,獅子座,6357,否,否,是,否,否,否,是,否,342752.28571,79,194005.7143,24,103053.33334,14,99849.52382,11,0.0,0,267713.33336,26,183068.57145,16,98725.71430000002,10,98725.7143,10,0.0,0,否,否,是,否,否,否,0,否,否,否,否,否,0,否,否,否,"1. 家庭關係
    1) 客戶提到有親戚患有腎結石，並提到該親戚使用某些產品改善狀況。

2. 健康狀況
    1) 客戶提到自己有腎結石相關問題，並詢問安瓶對腎臟部分的效果。
    2) 客戶年齡為73歲，男性。

3. 職業背景
    1) 無相關資訊。

4. 健康食品使用心得
    1) 客戶有服用葉黃素，認為對眼睛有幫助，並曾訂購眼睛相關保健品且獲得回饋購物金。
    2) 客戶收到葉黃素和甲能量霜，甲能量霜用於緩解痠痛。
    3) 客戶提到早晨起來空腹服用保健品的方式，專員建議每天服用一顆新款保健食品，需空腹服用以達到效果。
    4) 客戶之前購買了境外保健品，價格約一萬到兩萬，且尚未吃完。
    5) 客戶之前購買了益生菌和葉黃素，但尚未吃完。
    6) 客戶尚未開始服用安瓶，並表示不清楚其功能。

5. 禁忌
    1) 客戶提到費用較高的產品可能會造成生活負擔，因此不考慮購買。
    2) 客戶會先查看商品資料或促銷活動，並挑選後再決定是否購買。",1
26129134,女,72.0,台北市北投區,D+,巨蟹座,6356,否,否,是,否,否,否,是,否,43618.09523,28,22501.90475,13,10550.476169999998,8,9607.619029999998,7,0.0,0,14590.4762,6,11314.28572,3,2828.57143,1,2828.57143,1,0.0,0,否,否,否,否,否,否,0,否,否,否,否,是,0,否,否,否,,1
26129701,女,52.0,桃園市中壢區,D+,白羊座,6356,否,否,否,否,否,否,是,否,127999.85714,71,54933.33333,25,23895.2381,9,14205.71429,6,0.0,0,6418.09524,3,3589.52381,2,2828.57143,1,2828.57143,1,0.0,0,否,否,是,否,否,否,0,否,否,否,否,否,0,否,否,否,"1. 家庭關係
    1) 客戶提到她的先生曾經查看過商品信息，並建議她打電話詢問相關問題。
    2) 客戶之前購買的龜鹿膠是給她的老公食用，但她的老公後來就沒有再吃了。
    3) 客戶表示她的老公吃什麼產品她不太清楚。

2. 健康狀況
    1) 客戶提到她的肌膚有點敏感，冬天容易乾燥和癢。
    2) 客戶表示她吃素。
    3) 客戶提到她比較少去中醫。

3. 職業背景
    1) 客戶提到她目前在上班。
    2) 客戶提到她上班時間無法接電話。

4. 健康食品使用心得
    1) 客戶提到她有在吃B群保健食品，目前吃的保健食品超過三種。
    2) 客戶提到她有在吃華陀龜鹿雙寶的葡萄糖胺飲禮盒。
    3) 客戶之前有購買過葉黃素。
    4) 客戶之前有購買過龜鹿膠產品，但目前已經沒有在使用。

5. 禁忌
    1) 客戶表示她沒有去做醫美。
    2) 客戶提到她吃素。",1
26130786,女,41.0,台南市麻豆區,D,雙子座,6355,否,否,否,否,否,否,是,否,153513.19045999998,60,19939.04761,10,570.47619,1,570.47619,1,0.0,0,59859.99997,20,15939.047609999998,9,570.47619,1,570.47619,1,0.0,0,否,否,是,否,否,否,0,否,否,否,否,否,0,否,否,否,,1
26131038,女,76.0,苗栗縣苗栗市,Z,天秤座,6355,否,否,是,否,否,否,是,否,493216.28571,286,110455.2381,58,41448.57141,20,28274.28571,9,0.0,0,78716.19046000001,30,17914.28571,3,11314.28571,1,11314.28571,1,0.0,0,否,否,是,否,否,否,0,否,否,否,否,是,0,否,否,否,"1. 家庭關係
    1) 客戶家中有三個人，包括她自己、兒子和孫女。
    2) 客戶的女兒52歲，曾患有子宮肌瘤和腫瘤體質，子宮壁變薄，無法手術，曾服用黃體素治療，目前健康問題已解決。
    3) 客戶的兒子經常購買B群給她，並建議她持續服用。
    4) 客戶的孫女曾經被詐騙分子利用。

2. 健康狀況
    1) 客戶目前75歲，已退休七年。
    2) 客戶每天早上會運動，通常十點多到十一點左右回家。
    3) 客戶有服用慢性病相關的三高藥物。
    4) 客戶沒有外食習慣，晚上不會在十一點後進食。

3. 職業背景
    1) 客戶已退休，無提及具體職業背景。

4. 健康食品使用心得
    1) 客戶有服用葉黃素，從2021年開始食用某品牌的葉黃素，每天服用一顆，覺得效果還好。
    2) 客戶有購買過美國品牌的軟膠囊葉黃素。
    3) 客戶有在服用魚油、B群、D3及顧眼睛的保健食品。
    4) 客戶曾詢問過人蔘相關產品，並有購買人蔘。
    5) 客戶認為產品價格偏高。

5. 禁忌
    1) 客戶對藝術品收藏和相關活動沒有興趣。
    2) 客戶家中沒有人觀看國華或收藏品相關節目。
    3) 客戶表示目前不需要購買保健品。",1
26133635,女,73.0,新北市土城區,C,白羊座,6353,否,否,否,否,否,否,是,否,228903.33330000003,110,33942.85715,5,16971.42857,2,16971.42857,2,0.0,0,150813.33333999998,53,33942.85715,5,16971.42857,2,16971.42857,2,0.0,0,否,否,是,否,否,否,0,否,否,否,否,否,0,否,否,否,"1. 家庭關係
    1) 客戶有一位兒子，目前在廣州。
    2) 客戶有一位女兒，從事精油、精油香皂和手工皂的製作。
    3) 客戶提到家人也可以食用葉黃素。

2. 健康狀況
    1) 客戶有糖尿病，正在服用糖尿病藥物。
    2) 客戶有胃食道逆流的症狀，胸口會有不適感，但尚未就醫，目前服用護胃康來緩解症狀。
    3) 客戶曾經摔倒並開刀，為了養護骨頭曾服用過相關保健品，但感覺效果不明顯。
    4) 客戶視力正常，無需戴眼鏡，老花眼情況有所改善。

3. 職業背景
    1) 客戶提到她四月份會開始賣產品。
    2) 客戶在東森購物已有17年，幾乎沒有退貨記錄。

4. 健康食品使用心得
    1) 客戶目前食用紫色盒子的保健食品，為升級版的第三代產品。
    2) 客戶固定需要葉黃素，已經食用葉黃素十幾年，每天一顆，目前家中還有存貨，並計劃過年後再購買。
    3) 客戶收到的葉黃素產品已更換為新包裝，並提到朋友曾從香港送她葉黃素。
    4) 客戶曾在日本尋找類似的保健食品，但未找到。
    5) 客戶曾購買過滴雞精產品，並對其有一定了解。
    6) 客戶曾購買過華陀龜鹿類產品及華佗保健品，但對後者效果感覺不明顯。

5. 禁忌
    1) 客戶表示自己很少吃保健食品。
    2) 客戶選擇分12期付款。",1
26134338,男,41.0,新北市三峽區,D,雙魚座,6353,否,否,否,否,否,否,是,否,37983.14287,22,3421.90479,7,570.47619,1,570.47619,1,0.0,0,13831.42859,11,3421.90479,7,570.47619,1,570.47619,1,0.0,0,否,否,否,否,否,否,0,否,否,否,否,否,0,否,否,否,,1
26140669,女,67.0,桃園市桃園區,D+,天蠍座,6346,否,否,否,否,否,是,是,否,393763.381,216,91192.38093999996,47,38345.71428,19,13662.85715,4,5676.19048,2,11398.09523,5,2742.85714,1,2742.85714,1,0.0,0,0.0,0,否,否,是,是,否,否,0,否,否,否,否,否,0,否,否,否,"1. 家庭關係
    1) 未提及具體家庭關係。

2. 健康狀況
    1) 客戶提到目前有消化不良的情況，可能與收到過多保健食品有關。

3. 職業背景
    1) 客戶目前有工作，且在上班時不方便接聽電話。
    2) 客戶中午時間較有空接電話。

4. 健康食品使用心得
    1) 客戶忠實於扶元堂的產品，近期購買了扶元堂的產品。
    2) 客戶目前有華陀益生菌產品存量充足，並且對金賞產品的效果表示滿意。
    3) 客戶曾購買過奧利塔橄欖油，但覺得效果一般。
    4) 客戶曾購買過金鑽產品，但目前沒有存貨。
    5) 客戶最近購買了松露禮盒。
    6) 客戶有訂購蟲草產品，並且正在評估華陀素速走、人蔘、龜鹿訊膠原錠等四個商品。

5. 禁忌
    1) 客戶表示沒有聽過玻尿酸口服安瓶，且未使用過膠原蛋白或玻尿酸產品。
    2) 客戶目前不需要購買其他商品，並表示需要先處理現有的品號。",1
26154756,女,42.0,彰化縣大村鄉,D+,獅子座,6334,否,否,否,是,否,是,是,否,229130.33335,71,81549.52384,18,7627.619049999999,4,0.0,0,7627.619049999999,4,203353.33336000005,50,81549.52384,15,7627.61905,4,0.0,0,7627.61905,4,否,否,否,否,否,否,0,否,否,否,否,否,0,否,否,否,"1. 家庭關係
    1) 客戶提到家中有小朋友，並提到可以將海苔給小朋友吃。
    2) 客戶提到她的女兒曾經購買過試用包，並且女兒近期要去某個地方。
    3) 客戶提到家裡有人會看到分期付款單，這讓她感到有壓力。

2. 健康狀況
    1) 客戶未提及具體健康狀況，但提到對保健品的吸收效果有關注，認為吃的保健品比喝的更好吸收。

3. 職業背景
    1) 客戶提到她目前在工作，且提到自己在上班，工作較為忙碌。
    2) 客戶提到過年之後會開始報修比較少，可能與工作性質相關。

4. 健康食品使用心得
    1) 客戶表示家中之前有購買過某品牌的保健品，並且已經吃完。
    2) 客戶提到家裡已經有很多保健品，無法再購買更多。
    3) 客戶認為吃的保健品比喝的保健品更好吸收。

5. 禁忌
    1) 客戶目前不想再消費，因為經濟狀況不允許。
    2) 客戶不想分期付款太久，認為這樣很麻煩。
    3) 客戶提到家裡面膜和卸妝膏都還有很多，因此不需要再購買。",1
26170561,女,73.0,雲林縣林內鄉,D+,獅子座,6319,否,否,否,否,否,否,是,否,21876.61901,20,7360.95237,8,7360.95237,8,3791.42857,1,0.0,0,3791.42857,1,3791.42857,1,3791.42857,1,3791.42857,1,0.0,0,否,否,是,否,否,否,0,否,否,否,否,否,0,否,否,否,,1
26183585,男,76.0,新北市三峽區,D,射手座,6306,否,否,是,否,否,否,是,否,117647.61907,47,83589.52381999999,33,22784.7619,9,6246.6666700000005,3,0.0,0,10941.90476,3,8113.33333,2,570.47619,1,570.47619,1,0.0,0,否,否,是,否,否,否,0,否,否,否,否,是,0,否,否,否,"1. 家庭關係
    1) 客戶有兒子，兒子曾幫他購買過許多日用品。
    2) 客戶有孫子。

2. 健康狀況
    1) 客戶76歲，男性，沒有三高問題，血糖值為6.1，目前未服用血糖藥物或相關處方藥。
    2) 客戶有心臟相關問題，並服用抗凝血劑。
    3) 客戶提到骨頭會痛，尤其是膝蓋，走路時會有卡卡的聲音。

3. 職業背景
    1) 客戶目前沒有在上班。

4. 健康食品使用心得
    1) 客戶曾購買並服用過華陀扶元堂的商品，包括龜鹿膠囊、龍悅久久、燕窩產品、B群及苦瓜胜肽等。
    2) 客戶目前服用苦瓜胜肽，主要是為了保養，但對於購買的保健品效果表示不滿意，認為沒有用。
    3) 客戶目前未服用B群，並表示不需要使用紅利金購買B群或葉黃素。

5. 禁忌
    1) 客戶服用抗凝血劑，可能需注意與其他保健品的交互作用。
    2) 客戶對於專員介紹的商品表示沒有興趣，且家中日用品和保健品存量充足，目前不需要再購買。",1
26187973,女,69.0,高雄市鼓山區,D+,處女座,6302,否,否,否,否,否,否,是,否,244930.76191,95,55696.190480000005,16,12937.142860000002,5,11050.4762,3,0.0,0,202719.04764000003,54,50038.095250000006,11,11993.33334,4,11050.4762,3,0.0,0,否,否,否,否,否,否,0,否,否,否,否,否,0,否,否,否,"1. 家庭關係
    1) 客戶提到她有兒子和女兒。
    2) 客戶提到她會回去看兒子，並提到兒子家中可能還有一些物品。
    3) 客戶提到早上送孫子後會去爬山。

2. 健康狀況
    1) 客戶提到她的體重約六十多公斤。
    2) 客戶提到她的年齡需要有一點肉肉的。

3. 職業背景
    1) 未提及具體職業背景。

4. 健康食品使用心得
    1) 客戶提到她有在服用四君子益生菌，並表示最近幾天有排便增加的情況，但沒有拉肚子或腹脹的情況。
    2) 客戶提到之前有提到人蔘相關產品。

5. 禁忌
    1) 未提及具體禁忌。",1
26191934,男,58.0,台南市北區,C,處女座,6298,否,否,是,是,否,是,是,否,541344.38106,98,129057.14287,10,63600.0,5,59600.0,3,3239.04762,1,337246.66666,10,114475.23809,4,57522.85713999999,3,56761.90476,2,0.0,0,是,否,是,是,否,否,1,否,否,否,是,否,0,否,否,否,"1. 家庭關係
    1) 客戶有孩子，年齡在二十八到二十九歲之間。
    2) 客戶提到家中孩子有購買一些物品。
    3) 客戶有時候一個月只回家一到兩天，且回家時間很晚。
    4) 家裡目前正在裝潢。

2. 健康狀況
    1) 客戶年齡57歲，提到自己年齡看起來比實際年齡大8歲。
    2) 客戶有痛風、糖尿病、高血糖、高膽固醇及代謝問題。
    3) 客戶曾經暈倒，後來發現血管阻塞90%以上，並已裝心臟支架。
    4) 客戶有抽菸的習慣，壓力大時會吃甜食。
    5) 客戶體質容易起紅疹，目前正在看醫生。

3. 職業背景
    1) 客戶目前在江華，從事與車間相關的工作，工作非常忙碌。
    2) 客戶有時因開標不方便接電話。
    3) 客戶提到自己不適合玩股票，但目前正在看股票。

4. 健康食品使用心得
    1) 客戶曾購買過華陀的商品，包括高麗蔘產品和人蔘。
    2) 客戶曾購買過鴕鳥精作為保健食品。
    3) 客戶決定購買一組十五天參。
    4) 客戶提到目前不需要繼續購買葉黃素。
    5) 客戶有收到好幾盒產品，但尚未打開。

5. 禁忌
    1) 客戶對南韓的人蔘表示沒有興趣。
    2) 客戶提到自己不吃保健品。",1
26202074,女,63.0,新北市新店區,Z,雙魚座,6288,是,否,否,否,否,是,是,否,188766.76191000003,115,102616.19048000003,53,18617.142850000004,10,7587.619050000001,3,3503.80952,2,13523.8095,12,2742.85714,1,2742.85714,1,2742.85714,1,0.0,0,否,否,否,否,否,否,0,否,否,否,否,否,0,否,否,否,"1. 家庭關係
    1) 客戶的母親心臟較弱，腎臟指數不佳但未到需要洗腎的程度，年紀大了，生活中依賴客戶的支持。
    2) 客戶曾購買高價防滑鞋及昂貴保健食品如葡萄內枕給母親食用，以確保母親的安全及健康。
    3) 客戶的母親住在三樓，平時走樓梯，雨天避免外出以防跌倒，喜歡打牌，客戶支持母親與老朋友碰面。

2. 健康狀況
    1) 客戶可能有三高，但未進行健康檢查以避免壓力。
    2) 客戶因摔斷腿後休息兩個月，導致體重增加，目前約65-67公斤，褲子衣服都無法穿。
    3) 客戶曾經過敏，去年年底出現皮膚脫皮、紅腫、癢的症狀，並看過皮膚科和中醫調理。

3. 職業背景
    1) 客戶從事服務業，晚上回家很晚，通常會吃宵夜，可能導致代謝差和體重增加。
    2) 客戶目前有經濟壓力，曾欠銀行錢並慢慢還清，但仍有負擔。

4. 健康食品使用心得
    1) 客戶曾購買昂貴保健食品如葡萄內枕給母親食用，認為有助於母親健康。
    2) 客戶平常喝手搖飲料，冬天偶爾喝花旗蔘茶包，夏天較難喝無甜味的飲品。

5. 禁忌
    1) 客戶避免進行健康檢查以減少心理壓力。
    2) 客戶的母親雨天避免外出以防跌倒。",1
26202795,女,50.0,台南市安南區,D+,獅子座,6287,否,否,否,否,否,否,是,否,100131.7143,57,52140.95239,20,4751.42857,2,3808.57143,1,0.0,0,42292.38097,12,39463.80954,11,3808.57143,1,3808.57143,1,0.0,0,否,否,否,否,否,否,0,否,否,否,否,否,0,否,否,否,"1. 家庭關係
    1) 客戶有四個小孩，其中兩個兒子已經三十多歲，另外提到一個小孩讀高一，還有一個兒子目前是國中五年級。
    2) 客戶提到孩子的成長過程中沒有父親的陪伴。
    3) 客戶的婆婆目前住院，正在等待出院。
    4) 客戶提到姐姐曾經購買過葉黃素和其他保健食品給她使用。

2. 健康狀況
    1) 客戶目前住院，因骨頭斷裂且有骨質疏鬆問題，摔倒後感到不適，需要回診檢查是否有裂開情況。
    2) 客戶有急性肝炎的病史，並提到有家族癌症病史。

3. 職業背景
    1) 客戶經營早餐店，工作時間為早上，通常中午前回家，下午三四點起床。
    2) 客戶表示過年期間沒有做生意，選擇在家休息。

4. 健康食品使用心得
    1) 客戶有在服用多種保健食品，包括葉黃素、益生菌、膠原蛋白粉、膠原胜肽、B群、牛樟芝、金沛皙膠原蛋白、乳酸菌和魚油等。
    2) 客戶對金沛皙膠原蛋白表示有感，認為對骨頭有幫助。
    3) 客戶每天服用兩顆牛樟芝，之前購買過24盒，目前剩下8盒。
    4) 客戶提到她的葉黃素、益生菌、膠原蛋白粉、膠原胜肽、B群和魚油等保健食品目前都有存貨。
    5) 客戶提到她的兒子有在服用葉黃素，並且之前有給某人葉黃素，對方表示效果不錯。
    6) 客戶平時喝AB品牌的膠原蛋白飲品，並使用日本品牌的洗衣球，認為該品牌產品好用。

5. 禁忌
    1) 客戶目前資金不足，無法支付額外費用，並提到小朋友剛開學，需要支付學費和生活費。
    2) 客戶目前暫時不需要購買葉黃素、益生菌、膠原蛋白粉等保健食品，因家中存貨充足。",1
26207961,女,70.0,高雄市三民區,D,天秤座,6282,否,否,是,否,否,是,是,否,219364.28573,57,76683.80953,25,12139.04762,7,3789.52381,2,951.42857,1,177396.19048000002,34,69486.66666,21,12139.04762,7,3789.52381,2,951.42857,1,否,否,是,否,否,否,0,否,否,否,否,否,0,否,否,否,"1. 家庭關係
    1) 客戶已婚，家中有五個人，包括一個十五歲的兒子，兒子體型較胖。
    2) 客戶提到家裡有人曾中風，並提到老公可能有輕微腦中風的情況。
    3) 客戶提到女兒在三月有事情，但未明確說明是什麼活動。
    4) 客戶提到疫情影響了她的外甥。

2. 健康狀況
    1) 客戶提到自己有高血壓，並提到“三高”問題。
    2) 客戶提到需要保養關節，並有膝關節問題。
    3) 客戶提到黃斑部病變，但未明確表示是否與自身相關。
    4) 客戶提到隨著年齡增長，身體會退化。

3. 職業背景
    1) 客戶提到她目前沒有工作，並提到她剛畢業。
    2) 客戶提到她來自高雄，但目前在大陸，並提到自己是東北人。

4. 健康食品使用心得
    1) 客戶提到使用過多種健康食品，包括地龍酵素、紅參、東北人參、正官庄、苦瓜胜肽、葉黃素、膠原蛋白、維他命、魚油、橄欖油、葡萄籽油、何首烏、燕窩、固力申、蝦紅素產品等。
    2) 客戶表示每天一定要吃B群，並喜歡每天使用維他命。
    3) 客戶提到曾經每天購買調理身體的產品，並提到三百億膠原蛋白和小的餘額膠原飲。
    4) 客戶提到購買過意大利橄欖油，並提到中醫師建議使用橄欖油。
    5) 客戶提到購物公司是東森，並提到曾購買六盒產品花費兩千多塊。
    6) 客戶提到白蘭氏藥品很貴，並提到訂購的產品價格在一瓶一千到兩千塊之間。

5. 禁忌
    1) 客戶提到她不做醫美，並表示從未嘗試過相關服務，但也提到曾經在醫美進行美白。
    2) 客戶提到龜鹿二仙膠，但表示不想規律使用。",1
26215321,女,56.0,彰化縣溪湖鎮,C,射手座,6273,否,否,是,否,否,是,是,否,210354.42850000007,130,95927.61902,16,88608.57141,8,85219.04761000001,3,3389.5238,5,86170.47618,4,86170.47618,4,86170.47618,4,85219.04761000001,3,951.42857,1,是,否,是,否,否,否,0,否,否,否,否,否,0,否,否,否,"1. 家庭關係
    1) 客戶提到她沒有結婚，因此沒有家庭相關的負擔。

2. 健康狀況
    1) 客戶提到她有血糖和血壓偏高的問題。
    2) 客戶長時間使用電腦，可能對眼睛造成負擔。

3. 職業背景
    1) 客戶的職業背景未提及。

4. 健康食品使用心得
    1) 客戶平時有服用綜合維他命、魚油和葉黃素，且三者會一起服用。
    2) 客戶目前有在服用葉黃素，主要是因為長時間看電腦。
    3) 客戶提到她會在飯後服用活泉，有時早上沒吃到會在其他時間補上。
    4) 客戶之前購買過葉黃素，目前應該還沒吃完，但已經收到新的葉黃素，尚未拆開使用。

5. 禁忌
    1) 客戶有服用其他藥物，這些藥物是朋友在醫院提供的。
    2) 客戶目前沒有購物計劃。",1
26246667,男,47.0,新竹市,D+,天蠍座,6241,否,否,否,否,否,否,是,否,40902.61905,36,16710.47618,13,3791.42857,1,3791.42857,1,0.0,0,6647.61905,2,6647.61905,2,3791.42857,1,3791.42857,1,0.0,0,否,否,是,否,否,否,1,否,否,否,否,否,0,否,否,否,,1
26248048,男,54.0,台中市潭子區,E,巨蟹座,6240,否,否,是,否,否,是,是,否,189802.61913,109,84397.14293000005,45,16880.952390000002,9,8514.28572,3,2665.71429,1,5692.380950000001,4,5692.380950000001,4,5692.380950000001,4,2838.09524,1,0.0,0,否,否,否,否,否,否,0,否,否,否,否,否,0,否,否,否,"1. 家庭關係
    1) 客戶提到全家人都在食用一家人益生菌產品。
    2) 客戶的小孩有購買保健品給他。

2. 健康狀況
    1) 客戶有老花眼的問題，並希望透過保養來改善。
    2) 客戶提到眼睛保養是購買葉黃素。
    3) 客戶目前家中還有很多保健品尚未使用完。

3. 職業背景
    1) 客戶目前正在上班，無法接聽電話。
    2) 客戶的下班時間為六點。

4. 健康食品使用心得
    1) 客戶曾經購買過一家人益生菌產品，並表示全家人都在食用，普通版和S版都有效，但會選擇比較便宜的版本購買。
    2) 客戶之前購買過白蘭氏深海魚油加蝦紅素產品，並詢問是否可以幫忙訂購。
    3) 客戶提到前幾天購買過堅果產品，並詢問是否還有貨。

5. 禁忌
    1) 客戶表示不需要華陀的高單位魚油產品。",1
26251155,女,71.0,新北市土城區,Z,天秤座,6236,否,否,否,否,否,否,否,否,22477.42857,13,4447.619049999999,2,4447.619049999999,2,0.0,0,0.0,0,1600.0,1,1600.0,1,1600.0,1,0.0,0,0.0,0,否,否,是,否,否,否,0,否,否,否,否,否,0,否,否,否,,1
26254203,女,68.0,台北市北投區,D+,金牛座,6233,否,否,否,是,否,是,是,否,110058.52381,75,14360.0,4,2171.42857,1,0.0,0,2171.42857,1,54747.61906,22,14360.0,4,2171.42857,1,0.0,0,2171.42857,1,否,否,否,否,否,否,0,否,否,否,否,否,0,否,否,否,"1. 家庭關係
    1) 客戶提到她的兒子曾經購買過骨頭相關的保健食品。

2. 健康狀況
    1) 客戶目前有便秘的情況。
    2) 客戶早上有在吃藥。
    3) 客戶表示目前有在服用其他保健食品。

3. 職業背景
    1) 客戶是一位68歲的女性，目前仍在上班，並提到自己是上班族，非貴婦。
    2) 客戶提到她平時工作繁忙，經常加班，過年期間也在上班，最近因為搬家和上班而非常忙碌。

4. 健康食品使用心得
    1) 客戶曾購買過葉黃素，但認為效果一般，且有時候會忘記服用，若服用則一天兩顆，目前沒有固定服用。
    2) 客戶曾購買過海洋膠原飲，但距今已有兩年。
    3) 客戶曾購買過妍美会產品，包括紫色盒子的妍美会葉黃素產品。
    4) 客戶目前有在服用多種保健食品。

5. 禁忌
    1) 客戶表示目前一個月的開銷太大，無法隨便購買其他商品。
    2) 客戶表示不需要領取上次購買的葉黃素。",1
26258113,女,62.0,高雄市小港區,E,天蠍座,6229,否,否,否,是,否,是,是,否,118074.76191,72,73249.52380000001,36,39139.04762,14,8552.38095,1,15068.57143,4,38627.61906,13,35789.52382000001,12,33713.333340000005,11,8552.38095,1,13944.76191,3,否,否,是,否,否,否,0,否,否,否,否,否,0,否,否,否,,1
26262164,男,75.0,桃園市大溪區,D+,獅子座,6224,是,否,否,否,否,是,是,否,385753.99999,119,49095.23809,14,14047.61904,13,7114.28572,7,2171.42857,1,272654.28572,29,39683.80952,5,4636.19047,4,942.85714,1,2171.42857,1,否,否,是,否,否,否,1,否,否,否,否,否,0,否,否,否,"1. 家庭關係
    1) 客戶目前獨居，沒有其他人同住。
    2) 客戶領養了兩個孩子，孩子目前租房子住，且都在私立學校就讀。
    3) 客戶家中沒有養寵物。

2. 健康狀況
    1) 客戶有三高，但目前已改善，未服用藥物。
    2) 客戶曾經輕微中風，住院一週後自行調理恢復正常。
    3) 客戶擔心血糖問題，雖有測血糖的設備，但尚未使用。
    4) 客戶目前每天服用多種藥物，並有在服用中藥。
    5) 客戶今年滿74歲。

3. 職業背景
    1) 客戶已退休十幾年，過去從事工程工作。
    2) 客戶目前主要靠送便當維持生活，每月收入約五千元。
    3) 客戶提到自己有在販賣衛生紙。

4. 健康食品使用心得
    1) 客戶每天早上服用兩顆幹細胞產品，但未達建議的三顆。
    2) 客戶曾購買益生菌、葉黃素等保健品，但都送給他人，自己未食用。
    3) 客戶表示目前已擁有許多保健食品，但因每天服用的藥物已經很多，導致保健食品未能使用。

5. 禁忌
    1) 客戶擔心血糖問題，因此不敢飲用含糖分的食品。",1
26270244,男,65.0,台南市新市區,C,天蠍座,6215,否,否,否,否,否,否,是,否,155987.85715000005,92,43218.09523000001,34,12936.19047,9,8957.14285,5,0.0,0,71536.19047,42,21156.19046,19,11431.42857,8,8957.142849999998,5,0.0,0,否,否,否,否,否,否,0,否,是,否,否,否,0,否,否,否,"1. 家庭關係
    1) 客戶提到家裡有在煮飯，購買橄欖油是為了家裡使用。
    2) 客戶曾購買華陀的南瓜籽保健食品給父親食用。
    3) 客戶選擇將獎品捐贈出去，顯示其關心他人。

2. 健康狀況
    1) 客戶65歲，性別為男性。
    2) 客戶有在吃中藥進行保養。
    3) 客戶吃素，並有服用纖素。
    4) 客戶提到去年購買的B群還有剩餘，但尚未吃完。

3. 職業背景
    1) 客戶提到幾乎每天都不在家，可能工作或活動較為繁忙。

4. 健康食品使用心得
    1) 客戶曾購買過華陀的益生菌，專員建議其飯後服用益生菌進行保養。
    2) 客戶對奧利塔品牌的橄欖油和葡萄籽油有偏好，並希望購買奧利塔品牌的葵花籽油和玄米油。
    3) 客戶偏好玻璃罐裝的油品，並曾購買過兩箱油品且已用完。
    4) 客戶之前購買過妍美会的高單位B群，為素食膠囊，一天只需服用一顆。
    5) 客戶同意購買包含葡萄籽、玄米油、葵花的產品。

5. 禁忌
    1) 客戶吃素，可能對非素食產品有所忌諱。
    2) 客戶目前還有部分健康食品尚未用完，可能對購買新產品的數量有所考量。",1
26271133,男,72.0,南投縣南投市,D+,獅子座,6214,否,否,否,否,否,否,是,否,14161.80953,6,5657.14286,1,5657.14286,1,5657.14286,1,0.0,0,5657.14286,1,5657.14286,1,5657.14286,1,5657.14286,1,0.0,0,否,否,否,否,否,否,0,否,否,否,否,否,0,否,否,否,,1
26285314,女,55.0,花蓮縣花蓮市,D+,白羊座,6201,否,否,否,否,否,是,是,否,79744.14285,54,12458.09524,10,4217.14286,3,2828.57143,1,951.42857,1,10887.61905,8,10887.61905,8,4217.14286,3,2828.57143,1,951.42857,1,否,否,是,否,否,否,0,否,否,否,否,否,0,否,否,否,,1
26288881,女,54.0,台北市北投區,Z,水瓶座,6198,否,否,否,否,否,否,是,否,86050.38096000001,36,19307.61905,4,12647.61905,1,12647.61905,1,0.0,0,42304.7619,5,12647.61905,1,12647.61905,1,12647.61905,1,0.0,0,否,否,否,否,否,否,0,否,否,否,否,否,0,否,否,否,"1. 家庭關係
    1) 客戶家中有長輩腎臟狀況不佳，且需要洗腎。
    2) 客戶家中長輩吃素，對保健食品的複方成分有嚴格限制。

2. 健康狀況
    1) 客戶表示自己吃素，不接受葷的食品。
    2) 客戶提到家人有慢性疾病如三高、腎臟病、糖尿病，並曾向醫生請教適合的保健食品。

3. 職業背景
    1) 未提及客戶的職業背景。

4. 健康食品使用心得
    1) 客戶曾購買過星星果油、褐藻糖膠及印加果油，並喝粥作為保健方式，但因膠囊是葷的而感到不便。
    2) 客戶目前服用B群，並詢問是否適合家中長輩服用及劑量限制。
    3) 客戶對葉黃素相關保健食品有興趣，偏好成分單純且全素的產品，並希望有優惠。
    4) 客戶曾購買褐藻保健品，但因經濟考量停止購買，並詢問褐藻的原料來源及服用方式。
    5) 客戶取消了含有魚類成分的訂單，因無法食用。

5. 禁忌
    1) 客戶不接受葷的食品，對膠囊類產品有顧慮，偏好素食膠囊並拆開服用。
    2) 客戶家中長輩對保健食品的複方成分有嚴格限制，選擇葉黃素時偏好成分單純的產品。",1
26294758,女,67.0,新北市三重區,D+,天秤座,6193,否,否,否,是,否,是,是,是,61353.99998,24,53364.76190000001,17,6269.5238,8,1140.95238,2,1800.0,1,52082.85714,14,50036.19048,12,2940.95238,3,1140.95238,2,1800.0,1,否,否,否,否,否,否,0,否,否,否,否,是,0,否,是,否,"1. 家庭關係
    1) 客戶表示家中只有她一人。
    2) 客戶提到她兒子有時會弄髒衣物，因此需要使用洗衣精清洗。

2. 健康狀況
    1) 客戶提到自己有乙肝，因此不購買某些產品。
    2) 客戶表示臉上有很多斑點，並使用了專員提供的產品，但臉頰仍未達到緊緻效果。

3. 職業背景
    1) 客戶提到她準備要出門上班。
    2) 客戶表示上班時不方便使用完整面膜，因此會剪掉下半部使用。

4. 健康食品使用心得
    1) 客戶曾購買必邦膠囊，並詢問使用時機。
    2) 客戶最近購買了賦活膠囊，金額為12120元，共購買了十罐。
    3) 客戶曾購買時空膠囊並搭配青春露使用，並詢問使用方式。

5. 禁忌
    1) 客戶提到自己有乙肝，因此不購買某些產品。
    2) 客戶表示她不會化妝，僅使用基本保養品。",1
26299338,男,72.0,台南市永康區,D+,雙子座,6188,否,否,否,否,否,是,是,否,157798.66666,38,3208.57142,3,3208.57142,3,1314.28571,1,951.42857,1,113658.09523,16,3208.57142,3,3208.57142,3,1314.28571,1,951.42857,1,否,否,否,否,否,否,0,否,否,否,否,是,0,否,否,否,"1. 家庭關係
    1) 客戶家中有佛堂。
    2) 客戶的女兒與他住在一起。

2. 健康狀況
    1) 客戶為71歲男性。
    2) 客戶是素食者，並提到不能吃蚓激酶及某些特定食物。

3. 職業背景
    1) 客戶目前正在上課。
    2) 客戶提到中午以後比較方便聯絡，六點多才能回到家。

4. 健康食品使用心得
    1) 客戶曾訂購過健康食品並已經吃完。
    2) 客戶購買了很多保健食品，但都沒有食用，其中包括有抗癌描述的產品。

5. 禁忌
    1) 客戶不能吃蚓激酶。
    2) 客戶不能吃某些特定食物，並表示之前已告知過對方。",1
26302552,女,59.0,台北市北投區,Z,天秤座,6186,否,否,是,是,否,是,是,否,65029.23809,25,33096.19049,8,24711.42858,5,23760.00001,4,951.42857,1,30190.4762,4,26400.00001,3,20742.85715,2,20742.85715,2,0.0,0,否,否,否,否,否,否,0,否,否,否,否,否,0,否,否,否,"1. 家庭關係
    1) 客戶提到家人中有一個人很懶。
    2) 客戶提到她女兒也在服用葉黃素，但只吃一顆作為保養。

2. 健康狀況
    1) 客戶是一位癌症患者，目前已完成放療，並進行後續追蹤。
    2) 客戶正在進行化療，希望提升免疫力。
    3) 客戶有飛蚊症、乾眼症、近視、老花眼等眼部問題，並使用不含防腐劑的人工淚液。
    4) 客戶鼻子本來就有問題，且有夜尿情況，次數不固定。
    5) 客戶表示精神狀況有改善，但晚上睡眠品質不穩定。
    6) 客戶目前身體有些不舒服，正在休息。
    7) 客戶長期服用安眠藥，每天服用兩顆。

3. 職業背景
    1) 客戶提到她都在出差。

4. 健康食品使用心得
    1) 客戶每天服用葉黃素，通常一天吃一顆，但有時需要吃到兩顆才有作用。
    2) 客戶曾購買過陽明生醫的葉黃素及其他品牌的葉黃素產品，並了解妍美会的葉黃素含量為三十毫克。
    3) 客戶表示自己曾經吃過很多牌子的保健食品，但效果不佳。
    4) 客戶曾使用亞培安素作為營養補充品。
    5) 客戶表示自己有在喝益生菌，但目前不能吃益生菌。
    6) 客戶選擇將購買的商品捐贈給東森慈善基金會。

5. 禁忌
    1) 客戶表示醫生交代她使用不含防腐劑的人工淚液。
    2) 客戶表示褐藻糖膠的價格太高，無法負擔。
    3) 客戶提到想把錢省下來。
    4) 客戶不刷卡，習慣使用貨到付款的方式購物。",1
26324307,女,72.0,高雄市鳳山區,C,處女座,6167,否,否,否,是,否,是,是,否,111609.14287,40,76677.14287000001,18,23040.95239,6,11314.28572,2,11726.66667,4,83110.47621,18,72158.09526,14,20770.4762,5,11314.28572,2,9456.19048,3,否,否,是,否,否,否,0,否,否,否,否,否,0,否,否,否,"1. 家庭關係
    1) 客戶是一位72歲的女性，住在屏東。
    2) 客戶有一個女兒，女兒住在台北，且經常回來探望她。
    3) 客戶目前一個人居住。

2. 健康狀況
    1) 客戶有三高問題，包括高血壓、高血脂和高血糖，並有服用相關藥物控制。
    2) 客戶的空腹血糖值約在118到128之間，糖化血色素偏高，但血糖控制得不錯。
    3) 客戶有高血壓，血壓有時達到139或150。
    4) 客戶有白內障問題，計劃進行白內障手術。
    5) 客戶有膝蓋問題，偶爾會有聲音，並有在服用葡萄糖胺、顧骨膠和雙龍錠保養骨骼。
    6) 客戶有在服用護肝藥物和抗凝血劑。
    7) 客戶手部曾因摩托車事故受傷，近期較忙。
    8) 客戶有在定期進行抽血檢查。

3. 職業背景
    1) 未提及具體職業背景。

4. 健康食品使用心得
    1) 客戶有服用魚油、葉黃素、山苦瓜產品、參片、白木耳和紅白木耳進行保養。
    2) 客戶喜歡使用膠囊類型的保養品，認為容易吸收。
    3) 客戶曾購買過日本味王魚油、台鹽保養品及自然美的瑞昇逆齡膠囊，對其效果表示滿意。
    4) 客戶每天早上喝一瓶保健品，早餐吃麥片，晚餐不吃。
    5) 客戶習慣在睡前吃魚油，但因服用抗凝血劑，需與魚油間隔兩小時。
    6) 客戶提到冬天需要特別保養皮膚。

5. 禁忌
    1) 客戶不喜歡亂吃東西，通常自己做飯，認為這樣比較安全，且很少吃外面的食物。
    2) 客戶不敢喝某些產品，擔心其影響。
    3) 客戶平常很少使用醬油。",1
26333099,女,55.0,台南市佳里區,Z,天蠍座,6159,否,否,否,否,否,否,是,否,104086.61904,45,11564.7619,3,4744.7619,1,4744.7619,1,0.0,0,29136.19048,7,11564.7619,3,4744.7619,1,4744.7619,1,0.0,0,否,否,否,否,否,否,0,否,否,否,否,否,0,否,否,否,,1
26354311,女,83.0,台北市南港區,Z,天蠍座,6137,否,否,是,是,否,是,是,否,172940.90472999998,89,97530.47621,38,71313.33332999998,15,57905.71428,7,3685.71429,2,55477.14285,6,51191.42855999999,5,50267.61904,3,50267.61904,3,0.0,0,否,否,是,否,否,否,0,否,否,否,否,是,0,否,否,否,"1. 家庭關係
    1) 未提及家庭成員或家庭關係。

2. 健康狀況
    1) 客戶年齡為82歲，女性。
    2) 客戶提到有神經相關問題，並服用利他命以改善。
    3) 客戶有保養眼睛的需求，服用葉黃素。
    4) 客戶早上六點多起床後會運動，並喝一大罐溫開水。

3. 職業背景
    1) 未提及職業背景。

4. 健康食品使用心得
    1) 客戶曾購買並食用挺立鈣產品，了解其包裝和成分，產品含有鎂、鋅、銅、錳和維生素D3，但一天只吃一顆，感覺效果不明顯。
    2) 客戶有服用幹細胞相關產品，每天服用兩顆，並提到其效果。
    3) 客戶服用葉黃素以保養眼睛。
    4) 客戶服用利他命以改善神經相關問題。
    5) 客戶有購買並使用魚油。
    6) 客戶平時會購買保養品，包括精華液和香水。

5. 禁忌
    1) 未提及具體禁忌。",1
26359256,男,56.0,台南市仁德區,Z,天蠍座,6131,否,否,是,否,否,是,是,否,437365.04769,124,111236.19047999998,47,35784.761889999994,16,6419.04762,3,0.0,0,760.95238,1,760.95238,1,760.95238,1,0.0,0,0.0,0,否,否,否,否,否,否,0,否,否,否,否,否,0,否,否,否,"1. 家庭關係
    1) 客戶有太太和兩個孩子，孩子們已經長大，無需照顧，大兒子與配偶住在外面，小兒子目前在準備日語鑑定考試。
    2) 客戶的太太非常顧家，對他很好，喜歡購買保養品和具有精神寄託意義的物品，並經常與姐妹團一起出國旅遊，但今年選擇留在家陪伴客戶。
    3) 客戶的太太經常購買保健食品，並為客戶準備每日800cc的保健品。

2. 健康狀況
    1) 客戶提到曾經飲用國際胜肽後感到肚子不適，可能與空腹飲用有關。
    2) 客戶擔心使用某些產品會過敏，對產品的選擇較為謹慎。

3. 職業背景
    1) 客戶在家中工作，感到疲累時會上床休息。
    2) 客戶很少開車外出，通常只會開車帶小孩去考試。

4. 健康食品使用心得
    1) 客戶購買過多種保健食品，包括苦瓜胜肽、寶齡產品、蚓激酶、人參精、人參片、膠原蛋白、大麥若葉有機產品等，主要從日本代購，部分用於送禮。
    2) 客戶家中保健食品存量充足，部分產品尚未開封或已過期，且有時作為禮物贈送。
    3) 客戶曾經購買過自然美的產品作為一餐替代品，並嘗試過華陀的加三色里，但不喜歡，後來退貨。
    4) 客戶的太太和小兒子也有食用人參相關產品，並且太太經常從日本購買保健食品。

5. 禁忌
    1) 客戶對國際胜肽有不適反應，可能與空腹飲用有關。
    2) 客戶擔心某些產品可能引發過敏，對產品的選擇較為謹慎。",1
26361588,女,59.0,台南市北區,C,摩羯座,6129,否,否,否,是,否,是,是,否,235246.28565000003,146,82273.33333999998,37,17674.28571,11,0.0,0,12942.85714,6,157802.85713000002,72,76615.23810999998,33,17674.28571,11,0.0,0,12942.85714,6,否,否,是,否,否,否,0,否,否,否,否,否,0,否,否,否,"1. 家庭關係
    1) 客戶有兩個兒子，家中都是男性，包括一名一歲四個月的孫子。
    2) 客戶目前在家帶孫子，已經帶了三個月，之前幫兒子帶了兩個月，接下來兒子會自己帶。
    3) 家中有保姆協助照顧孫子，家裡平時很忙，且每天都有訪客。
    4) 客戶曾提到兒子幫她訂購了一款賦活霜。

2. 健康狀況
    1) 客戶目前體重為50公斤，生活作息規律，晚上約十點半就寢，早上很早上班。
    2) 客戶提到壓力大導致頭髮開始掉落，但情況尚未非常嚴重。
    3) 客戶腸胃功能正常，從未服用過益生菌，但提到若食用某些食物會導致胃痛。
    4) 客戶家中注重蛋白質的攝取，目前在服用B群和媳婦從日本帶回的合利他命。

3. 職業背景
    1) 客戶是一名幼稚園老師，因工作需要與小朋友接觸，避免使用化妝品和香水。
    2) 客戶每天步行上班，並提到明天開始上班。

4. 健康食品使用心得
    1) 客戶目前在服用B群，對其效果感到滿意，但剛開始服用新的B群時，之前的尚未吃完。
    2) 客戶提到媳婦從日本帶回的合利他命，並正在服用。
    3) 客戶認為蜂蜜產品較好，並提到紅依的產品。
    4) 客戶對幹細胞產品的效果缺乏信心，並表示之前使用的人蔘精華液效果不佳。

5. 禁忌
    1) 客戶不吃某些食物，但未明確說明是什麼。
    2) 客戶不想訂購含有馬鈴薯澱粉的產品。",1
26367295,男,67.0,新北市永和區,C,天秤座,6123,否,否,是,否,是,是,是,否,505505.09531,111,277388.57151000004,62,80658.09524,13,70342.85714000001,9,0.0,0,269255.23807,11,194255.23807,8,56761.90476,2,56761.90476,2,0.0,0,否,否,否,否,否,否,0,否,否,否,否,是,0,否,否,否,"1. 家庭關係
    1) 客戶目前人在大陸，需與台北的家人聯絡，請他們代收包裹。
    2) 客戶提到家人不食用鴕鳥龜鹿精，只有他自己在食用。

2. 健康狀況
    1) 客戶患有第二型糖尿病，並有黃斑部病變的輕微症狀、青春白內障或青光眼的發炎現象（已持續三年）。
    2) 客戶血糖和膽固醇稍微偏高，並正在接受肝功能檢查。
    3) 客戶明天將進行肝臟手術，目前術後胃口不佳，想吃但吃不了多少。
    4) 客戶的工作需要日夜顛倒，需配合外國時間。

3. 職業背景
    1) 客戶的工作性質需要日夜顛倒，與外國時間同步。
    2) 客戶對於政治和經濟有一定關注，認為川普當選不一定會讓經濟變好。

4. 健康食品使用心得
    1) 客戶每天食用一罐黃金土龍產品，並對華陀鴕鳥龜鹿精有一定了解，習慣晚上食用，目前改為兩天一罐，因為一天一罐濃度太高。
    2) 客戶有食用葉黃素（複方葉黃素）七到八年，但認為白蘭氏的葉黃素效果不佳。
    3) 客戶有食用綜合維他命、維他命C、降血糖藥（如苦瓜胜肽）及珍珠粉，並曾購買降血糖產品，但效果不明顯。
    4) 客戶曾使用氫水產品，覺得效果不錯但價格昂貴，並聽過粒線體相關保健產品。
    5) 客戶對東森購物的產品有信任，從未退貨，但對某些產品的性價比不滿意。
    6) 客戶曾購買過陳美鳳的土龍龜鹿精和氨基酸等保健品，並訂購過膠原蛋白產品。
    7) 客戶使用研磨機將產品磨成粉，早晚服用，並提到在美國購買營養品比台灣便宜。

5. 禁忌
    1) 客戶對於中藥產品沒有特別推薦或指定的廠商，因為沒有介紹不敢亂買。
    2) 客戶對於石墨烯產品的效果持懷疑態度，認為效果會隨時間減弱。
    3) 客戶對能量背心沒有興趣，因為已經有內衣，不需要再穿背心。
    4) 客戶對於活動中的優惠不感興趣，認為限制太多，沒有吸引力。",1
26387178,女,52.0,宜蘭縣蘇澳鎮,A,天秤座,6098,否,否,是,否,否,否,是,否,192481.71425,40,124596.19046,15,123181.90475,14,123181.90475,12,0.0,0,152839.0476,21,123181.90475000002,14,123181.90475000002,14,123181.90475,12,0.0,0,否,否,是,否,否,否,1,否,否,否,否,否,0,否,否,否,"1. 家庭關係
    1) 客戶是一位51歲女性，有一名24歲的女兒和一名21歲的兒子，兩人均已大學畢業。女兒目前在家附近打工，方便照顧客戶，並有時幫忙買飯。兒子因工作意外導致眼睛受傷，目前在家休養，恢復情況良好，女兒會陪同兒子回診。
    2) 客戶的丈夫從事賣肉夾饃的工作，家中養了兩隻貓，一隻是英國短毛貓，另一隻是混種貓，均為從親戚家領養。

2. 健康狀況
    1) 客戶有胃潰瘍、十二指腸潰瘍、類風濕關節炎、膝蓋退化、靜脈曲張、坐骨神經退化（已修復）、肌腱炎（伴隨變形）、性脊椎炎及地中海貧血等健康問題。
    2) 客戶曾因車禍導致左腳膝蓋受傷，無法完全彎曲，影響上下樓梯及久站，並因膝蓋退化無法工作。
    3) 客戶去年（2022年）生了一場大病，住院24天，之後在家休養，並於上個月因潰瘍問題住院一週，目前恢復良好。
    4) 客戶感覺身體忽冷忽熱，可能與更年期有關，並提到壓力大，早上起來仍感到疲憊，但睡眠狀況有所改善。

3. 職業背景
    1) 客戶目前無法工作，處於修養狀態，曾因工作操勞導致身體狀況不佳。
    2) 客戶提到專科時期曾在中壢的萬能科技大學就讀，並曾從事過辛苦的工作，工作時間從早到晚。

4. 健康食品使用心得
    1) 客戶每天服用幹細胞產品（已開五盒），早上空腹喝玻尿酸，隔半小時吃早餐，再服用幹細胞和葉黃素，並每天喝一支粒線體補充劑。
    2) 客戶認為五味子有助於提升免疫力和改善睡眠，喝玻尿酸後膝蓋有稍微改善，胃口也有變好。
    3) 客戶有服用B群保健食品，並有在喝高蛋白飲品。

5. 禁忌
    1) 客戶因胃潰瘍和十二指腸潰瘍問題，暫停服用玻尿酸，並建議玻尿酸應在飯後服用，避免空腹。
    2) 客戶目前不需要服用止痛藥或安眠藥，但每天服用治療胃潰瘍的藥物，包括類固醇和抗生素。",1
26390744,女,66.0,台中市梧棲區,Z,雙子座,6094,否,否,否,否,否,是,是,否,110535.95242000002,61,47805.71428999999,29,18573.33333,11,4342.85715,2,12620.95237,8,4247.61905,2,4247.61905,2,4247.61905,2,2457.14286,1,1790.47619,1,否,否,否,否,否,否,0,否,否,否,否,是,0,否,否,否,,1
26391602,女,75.0,台南市東區,D+,水瓶座,6093,否,否,否,否,否,是,是,否,58758.5238,39,5180.952380000001,4,3019.0476200000003,2,0.0,0,2076.19048,1,7733.33333,4,3019.0476200000003,2,2076.19048,1,0.0,0,2076.19048,1,否,否,否,否,否,否,0,否,否,否,否,否,0,否,否,否,,1
26392433,女,68.0,台南市安南區,D,金牛座,6092,否,否,否,否,否,否,是,否,307071.38089,176,11686.66666,7,5543.80952,4,2275.23809,2,0.0,0,570.47619,1,570.47619,1,570.47619,1,570.47619,1,0.0,0,否,否,否,否,否,否,0,否,否,否,否,否,0,否,否,否,,1
26408929,女,63.0,高雄市大寮區,D+,水瓶座,6071,否,否,否,否,否,否,是,否,249482.42859,102,65671.42858,14,5657.14286,1,5657.14286,1,0.0,0,65313.33334,12,53789.52382,8,5657.14286,1,5657.14286,1,0.0,0,否,否,是,否,否,否,0,否,否,否,否,否,0,否,否,否,"1. 家庭關係
    1) 無相關資訊。

2. 健康狀況
    1) 客戶提到她的眼睛有酸澀的情況。
    2) 客戶年齡為62歲。

3. 職業背景
    1) 無相關資訊。

4. 健康食品使用心得
    1) 客戶曾購買過葉黃素，但目前表示不需要購買葉黃素產品。
    2) 客戶表示不需要B群產品及紅藜果膠產品。
    3) 客戶對日安完美產品有興趣，若有相關產品希望能通知她。
    4) 客戶對自然美品牌的產品有需求，並詢問是否有相關產品。

5. 禁忌
    1) 客戶目前表示沒有缺什麼需要的產品。
    2) 客戶提到她很少看電視。",1
26418975,男,82.0,基隆市仁愛區,Z,獅子座,6058,否,否,否,否,否,否,是,否,36541.42857,22,8837.14286,7,7048.57143,5,3791.42857,1,0.0,0,9465.71429,6,5448.57143,3,5448.57143,3,3791.42857,1,0.0,0,否,否,否,否,否,否,1,否,否,否,否,否,0,否,否,否,"1. 家庭關係
    1) 客戶與太太住在一起，子女目前在國外。
    2) 客戶提到小孩目前在美國，每年會回台灣一到兩次。

2. 健康狀況
    1) 客戶患有糖尿病和高血壓，但情況尚可控制。
    2) 客戶有視神經相關問題以及老人的眼部問題，但覺得還好。
    3) 客戶年紀為81歲，健康狀況需注意。

3. 職業背景
    1) 客戶未提及具體職業背景，但表示平常比較忙。

4. 健康食品使用心得
    1) 客戶每天服用華陀漢方益生菌，感覺肚子比較舒服，減少脹氣問題。
    2) 客戶有每天服用益生菌的習慣，益生菌由兒子的朋友從台中寄送。
    3) 客戶平常很少吃保健品，包括葉黃素，並表示目前沒有在吃葉黃素。

5. 禁忌
    1) 客戶表示不需要購買葉黃素產品。
    2) 客戶提到年紀大了，因此不需要參加活動。",1
26427481,女,54.0,高雄市鼓山區,C,摩羯座,6047,否,否,否,是,否,是,否,否,58959.380970000006,41,20038.09523,12,14476.19048,8,0.0,0,12876.19048,5,15679.04763,9,11076.19048,4,11076.19048,4,0.0,0,11076.19048,4,否,否,是,否,否,否,0,否,否,否,否,否,0,否,否,否,,1
26431049,女,67.0,高雄市旗山區,C,白羊座,6042,否,否,是,否,否,否,是,否,1309740.90477,120,151769.52383,21,65703.80953,7,63314.28571999999,5,0.0,0,1275291.42858,100,150825.71431,20,65703.80953,7,63314.28572,5,0.0,0,否,否,是,否,否,否,0,否,否,否,否,否,0,否,否,否,"1. 家庭關係
    1) 客戶與兒子住在一起，家中有三人，兒子尚未結婚，客戶認為兒子對婚姻不強求，順其自然。
    2) 客戶的先生常年在國外工作，主要在大陸，近期從大陸回來。
    3) 客戶的公公91歲，患有心臟病、糖尿病及其他多種疾病，目前住院，生活品質不佳。
    4) 客戶的兒子在台灣工作，從事企業管理相關工作，曾在大陸工作三十多年，會幫忙處理國外業務，特別是查看國外客戶的email。
    5) 客戶的家庭主要吃自己做的食物，較少外食，認為外食容易導致三高。

2. 健康狀況
    1) 客戶免疫力強，從小不易生病，年輕時很少進醫院。
    2) 客戶認為體脂肪和內臟脂肪問題重要，但自己沒有這方面問題，且不需要瘦身產品。
    3) 客戶有遺傳性神經痛，醫生建議補充營養即可。
    4) 客戶的睡眠問題與無形壓力有關，認為保健品無法改善。
    5) 客戶的先生有遺傳性腎臟問題，家族中多人需洗腎，且患有糖尿病。
    6) 客戶的兒子有腎臟問題，曾嘗試某產品，效果不錯。

3. 職業背景
    1) 客戶目前在家工作，經營一家網路公司，業務主要通過網路進行，無需外出開發客戶。
    2) 客戶的先生曾從事鍋具製造，主要為歐美外單。

4. 健康食品使用心得
    1) 客戶有在服用幹細胞產品、葉黃素、魚油、靈參須、磷蝦油及蚓激酶等保健品，通常每天只服用一顆，並有囤積習慣。
    2) 客戶對葉黃素產品有興趣，並與兒子一起服用，每天吃兩顆。
    3) 客戶的兒子和加拿大的朋友每年會帶保健品如魚油、骨關節膠囊等給她。
    4) 客戶對某些保健品的味道不滿意，特別是液體類、膏狀及高酸產品，偏好膠囊類產品。
    5) 客戶對某些產品如橘子工坊、茶素、萬歲牌堅果等不滿意，並不再購買。
    6) 客戶曾購買大量益生菌、蚓激酶、人蔘等保健品，但目前存貨充足，部分產品已過期，暫無購買需求。
    7) 客戶對於購買保健品的態度是有需要才會買，現在沒有需求。
    8) 客戶對於產品效果持觀望態度，效果不好則不再購買。

5. 禁忌
    1) 客戶不喜歡喝的保健品、膏狀產品、雞精、燕窩、鴕鹿精及高酸產品。
    2) 客戶不使用市售保養品，會將收到的保養品送人，並自己製作手工皂、清潔用品及面膜。
    3) 客戶不喜歡穿石墨烯材質的貼身褲子及背心。
    4) 客戶不喜歡被推銷，尤其是重複推銷。
    5) 客戶不喜歡送禮物給別人。",1
26448902,女,57.0,高雄市仁武區,C,天秤座,6020,否,否,是,否,否,是,是,否,551390.8095199999,348,148384.76189999995,86,74884.76191,41,28058.095220000003,11,4908.57143,3,141218.09523,57,45544.76189,24,34083.809519999995,16,21221.90475,7,4908.57143,3,否,否,是,否,否,否,0,否,否,否,否,否,0,否,否,否,"1. 家庭關係
    1) 客戶是家庭主婦，目前沒有工作，沒有收入。
    2) 客戶家中目前只有她和另一個人一起吃飯。
    3) 客戶曾提到家中還有多瓶益生菌尚未吃完，且與家人一起食用。

2. 健康狀況
    1) 客戶目前有便秘問題，上廁所不順暢。
    2) 客戶目前在服用降膽固醇的藥物，三酸甘油酯狀況良好，且沒有三高問題。
    3) 客戶提到最近眼睛容易流眼淚。
    4) 客戶提到她目前服用的減肥產品效果不明顯，且吃某些產品後沒有瘦身效果。

3. 職業背景
    1) 客戶是家庭主婦，目前沒有工作。
    2) 客戶曾經進行過捐贈行為，包括捐贈按摩機。

4. 健康食品使用心得
    1) 客戶曾購買過益生菌，但因食用後感覺沒有效果而退貨，目前家中還有未吃完的益生菌。
    2) 客戶曾購買過膠原蛋白飲，表示每天飲用，但尚有一盒未喝完，且感覺效果不明顯。
    3) 客戶曾購買過魚油、B群、番紅花芝麻錠、玻尿酸飲品、葉黃素等保健食品，對番紅花芝麻錠效果評價尚可，但對其他產品效果不明顯。
    4) 客戶提到某些產品幫助排便效果良好，但未具體說明是哪種產品。
    5) 客戶提到每天喝一包五十包一盒的保健品，但感覺效果不明顯。
    6) 客戶曾購買過華陀的保健食品，並提到魚油與B群搭配可以幫助瘦身。

5. 禁忌
    1) 客戶認為四千多塊的產品太貴，表示沒有那麼多錢購買產品。
    2) 客戶不需要面膜、減肥產品及靜脈相關產品。
    3) 客戶對於預購商品需要等待14個工作天感到不滿。",1
26457867,女,70.0,台中市豐原區,A,金牛座,6009,否,否,否,是,否,是,是,否,396890.1428900001,144,175935.2381,12,114753.33334,8,112000.0,3,2647.61905,1,185258.09524,10,175829.52380999998,8,114647.61905,4,112000.0,3,2647.61905,1,是,否,是,否,否,否,0,否,否,否,否,否,0,否,否,否,"1. 家庭關係
    1) 客戶有兩個兒子，其中一位已去世，另一位在四月底成立了公司。
    2) 客戶有孫子和孫女，孫女個性獨立且每年會去日本打工，孫子國中時已經買了保險，晚餐由客戶負責準備。
    3) 客戶的小兒子運動神經很好，但之前腳不好；大兒子喜歡打籃球。
    4) 客戶的兩個兒子曾在海軍陸戰隊服役。
    5) 客戶與姐妹感情很好，有一位大姐，家族共有九位兄弟姐妹。
    6) 客戶提到家族有大男人主義的特質。
    7) 客戶的父親曾是管理人員。

2. 健康狀況
    1) 客戶目前體重為50公斤，曾經胖到58公斤，後來通過運動減重成功，三個月內與兒子一起減重30公斤。
    2) 客戶平時注重運動和保養，並使用天然方式強腎。
    3) 客戶每天空腹時會先喝開水。

3. 職業背景
    1) 客戶目前仍在工作，從事與漁業相關的工作。
    2) 客戶的已故兒子曾幫忙收貨。

4. 健康食品使用心得
    1) 客戶每天早上會喝一瓶保健品進行保養，並曾購買含有維生素D的保健食品，了解其對骨骼和關節的益處。
    2) 客戶去年購買了激活再生粒線體產品，並曾購買酵素和堅果作為日常食用。

5. 禁忌
    1) 客戶注重使用天然方式進行保養，對健康食品的選擇較為謹慎。
    2) 客戶認為理財很重要，可能對於財務支出有一定的規劃。",1
26460506,女,67.0,桃園市桃園區,D,雙魚座,6005,否,否,否,否,否,是,是,否,137486.00002,86,59387.61906,36,20860.0,12,3504.7619,1,2742.85714,1,9453.33333,5,760.95238,1,760.95238,1,0.0,0,0.0,0,否,否,否,否,否,否,0,否,否,否,否,否,0,否,否,否,"1. 家庭關係
    1) 未提及具體家庭關係。

2. 健康狀況
    1) 客戶目前67歲，女性。
    2) 客戶目前不吃保健食品，認為攝取過多保健品不必要。

3. 職業背景
    1) 未提及具體職業背景。

4. 健康食品使用心得
    1) 客戶曾購買過B群保健食品，但目前已停止使用。
    2) 客戶目前正在食用其他保健食品，但未具體說明種類。

5. 禁忌
    1) 客戶目前不考慮購買新的保健食品，因為覺得已有的保健品數量足夠。
    2) 客戶對於購物價格較為敏感，會考量是否划算後再決定購買。",1
26477507,女,70.0,新北市淡水區,Z,天蠍座,5983,否,否,否,否,否,是,是,否,189507.80954,95,46824.76192000002,24,6760.00001,5,1140.95238,2,0.0,0,79349.52378999999,26,26672.38095,10,1140.95238,2,1140.95238,2,0.0,0,否,否,是,否,否,否,0,否,否,否,否,否,0,否,否,否,"1. 家庭關係
    1) 客戶有老公，並提到老公的血糖較高，與她一起服用保健品。
    2) 客戶有婆婆，婆婆需要住院，每月花費約兩萬多元於安養費。
    3) 客戶有小孩。
    4) 客戶的母親目前不在家。

2. 健康狀況
    1) 客戶有高血壓並服用相關藥物。
    2) 客戶的血糖檢查結果為6.3，並且有在服用血糖藥物。
    3) 客戶目前胃不舒服，正在服用胃藥並接受胃潰瘍治療，治療療程為四個月一次。
    4) 客戶表示益生菌會導致拉肚子。
    5) 客戶提到她不會亂吃藥，會先看醫生再決定。

3. 職業背景
    1) 未提及具體職業背景。

4. 健康食品使用心得
    1) 客戶有固定在吃維他命。
    2) 客戶提到挺立鈣片，並提及其口感。
    3) 客戶提到她有在吃某種保健食品。
    4) 客戶表示她已經有買過相關商品，但目前不需要新的產品，因為家裡的東西還沒吃完。
    5) 客戶詢問是否有納豆紅麴產品，並提到蚓激酶及葉黃素產品。

5. 禁忌
    1) 客戶提到她目前不再服用某些產品，因為有人告訴她該產品不能吃。
    2) 客戶提到醫生建議她不要亂吃某些東西，可能會對健康不利。
",1
26487905,女,75.0,台北市信義區,Z,雙子座,5969,是,否,是,否,是,是,是,否,422596.19039,242,200475.23805000004,117,85579.04760999997,46,13876.19046,8,2308.57142,2,6570.47617,6,5446.666649999999,5,4876.19046,4,3371.4285600000003,3,0.0,0,否,否,是,否,否,否,0,否,否,否,否,是,0,否,否,否,"1. 家庭關係
    1) 未提及具體家庭成員或關係。

2. 健康狀況
    1) 客戶最近感冒很厲害，暫時不敢亂吃東西。
    2) 客戶有免疫疾病，因此對保健食品的選擇較為謹慎。

3. 職業背景
    1) 未提及具體職業背景。
    2) 客戶是東森購物的多年VIP會員，經常購買商品且很少退貨。

4. 健康食品使用心得
    1) 客戶有服用益生菌，但對品牌有疑問。
    2) 客戶目前有服用葉黃素以顧眼睛健康，並對日本妍美会的產品感興趣。
    3) 客戶曾購買農場的清脂產品，但目前已很少使用。
    4) 客戶曾購買乳清蛋白作為保健食品。
    5) 客戶曾購買魚油產品，並對華陀品牌的魚油有興趣。
    6) 客戶家中有醫生開的補鈣產品，因此不需要購買其他補鈣產品。

5. 禁忌
    1) 客戶因免疫疾病及近期感冒，對保健食品和飲食較為謹慎，暫時不敢亂吃東西。",1
26491054,男,77.0,台南市官田區,C,獅子座,5966,否,否,是,否,否,否,是,否,423546.14286,100,147824.76189999998,27,48001.90476,12,45554.28571,6,0.0,0,339970.4762,57,145377.14284999995,21,45554.28571,6,45554.28571,6,0.0,0,否,否,是,否,否,否,0,否,否,否,否,否,0,否,否,否,"1. 家庭關係
    1) 客戶有二女兒和一兒子，二女兒住得較近，經常回來探望；兒子目前在台中工作，每兩三個月回家一次。
    2) 客戶提到過年時家人和小孩都會回來。
    3) 客戶的兄弟姐妹住在台北，分別在板橋、新莊和三重。
    4) 客戶家中是佛教徒。
    5) 客戶提到老家距離現在住的地方開車約一二十分鐘，目前老家無人居住，大部分的菜和水果種在老家。

2. 健康狀況
    1) 客戶有高血壓、氣喘、胃脹氣和胃食道逆流的問題，早上起床時會有白色痰。
    2) 客戶曾有心臟不適的經歷，胸部感到不舒服，持續約10到20分鐘後緩解。
    3) 客戶有乾眼症，服用葉黃素後眼睛較不會乾澀，並提到曾換過角膜，需注意飲食禁忌。
    4) 客戶膝蓋有時會痛，使用含膠原蛋白的產品後有所改善，並提到膝蓋問題使用某產品後效果很好。
    5) 客戶提到骨質密度檢查結果有改善，體重約65公斤。
    6) 客戶每天早晚運動，通過出汗排毒，並提到自己有年紀了，需要注意身體健康。

3. 職業背景
    1) 客戶目前在工作，並提到每年會幫人家做批發。
    2) 客戶曾在國外被偷過東西，提醒他人要小心保管物品。

4. 健康食品使用心得
    1) 客戶曾購買並使用多種健康食品，包括華陀的龜鹿產品、朱董的鴕鳥精和紅棗、白蘭氏的五味子芝麻錠、納豆紅麴產品、健步如產品、葉黃素、益生菌、檸檬酸鈣、蔓越莓產品等，並表示部分產品效果不錯。
    2) 客戶每天服用葉黃素兩顆，感覺眼睛較不乾澀，並提到膝蓋問題使用某產品後效果很好。
    3) 客戶每天喝薑黃水，並有在吃科學中藥進行調理。
    4) 客戶家人每天都有在吃保健品，但有家人不相信保健品的效果。

5. 禁忌
    1) 客戶提到因換過角膜，不能吃某些食物。
    2) 客戶目前不需要使用蚓激酶產品，且不太喜歡嘗試新的保健食品。",1
26491469,女,67.0,花蓮縣秀林鄉,C,天蠍座,5966,否,否,否,是,否,是,是,否,87943.04768999999,51,27066.66669,7,21409.52383,5,6285.71429,1,15123.809540000002,4,27066.66669,7,27066.66669,7,21409.52383,5,6285.71429,1,15123.809540000002,4,否,否,是,否,否,否,0,否,否,否,否,否,0,否,否,否,,1
26492197,女,59.0,苗栗縣頭份市,D+,水瓶座,5965,否,否,是,否,否,是,是,否,103875.95236,63,20040.0,6,5657.14286,1,5657.14286,1,0.0,0,14428.57143,4,14428.57143,4,5657.14286,1,5657.14286,1,0.0,0,否,否,是,否,否,是,0,否,否,否,否,否,0,否,否,否,,1
26494964,男,62.0,台南市山上區,C,射手座,5962,否,否,否,否,否,是,是,否,56992.76191999999,23,29097.14286,12,14739.04762,6,11314.28572,2,1902.85714,2,38527.61905,14,29097.14286,12,14739.04762,6,11314.28572,2,1902.85714,2,否,否,否,否,否,否,0,否,否,否,否,否,0,否,否,否,,1
26510347,女,80.0,新北市淡水區,Z,天秤座,5943,否,否,否,否,否,否,是,否,24397.14286,16,4244.7619,6,2750.47619,3,1140.95238,2,0.0,0,2635.23809,5,2635.23809,5,1140.95238,2,1140.95238,2,0.0,0,否,否,否,否,否,否,0,否,否,否,否,否,0,否,否,否,"1. 家庭關係
    1) 客戶表示家中有四個成員。
    2) 客戶提到她的女兒在化妝品公司工作，並且可以以員工價購買化妝品。
    3) 客戶提到她的家人會在過年初二回娘家。
    4) 客戶提到她女兒不允許她購買東西，並要求她不能再買。

2. 健康狀況
    1) 客戶表示她已經八十歲，並提到最近記憶力退化，健忘東西。
    2) 客戶提到腸胃不好，曾有拉肚子的情況。
    3) 客戶表示她有三叉神經痛的問題，並提到相關的神經外科治療。
    4) 客戶曾經開刀並支付十二萬元，且未使用健保給付。
    5) 客戶表示她服用醫院開立的藥物已有兩年時間，並曾服用醫院開的綜合維他命，該維他命是針對她的症狀開立的。
    6) 客戶提到她常年服用中藥來顧支氣管和骨頭健康。
    7) 專員提到客戶可能有進行復健。

3. 職業背景
    1) 客戶表示自己是家庭主婦，並且從未上班過。
    2) 客戶表示目前沒有收入。

4. 健康食品使用心得
    1) 客戶曾購買並食用挺立鈣，但表示她沒有認真服用，且目前家中還有兩罐挺立鈣片未吃完。
    2) 客戶提到她曾經使用過銀保善存、挺立鈣、葉黃素、B群等保健食品。
    3) 客戶表示她有在服用龜鹿二仙膠來補充精力。
    4) 客戶提到她買了很多保健食品但還沒吃完，表示不想再購買新的產品，等消耗完再考慮購買。

5. 禁忌
    1) 客戶表示她不需要保養品。
    2) 客戶提到她女兒不允許她購買東西，並要求她不能再買。",1
26511026,女,67.0,新北市鶯歌區,D+,天蠍座,5942,否,否,是,是,否,是,是,否,566558.6191600001,292,240238.09529,99,87055.23812000001,28,43598.09524,5,1314.28571,1,408951.42866,188,210543.80958000003,77,78751.42859000001,23,40950.47619,4,0.0,0,否,否,是,否,否,否,0,否,否,否,否,否,0,否,否,否,"1. 家庭關係
    1) 客戶有三個小孩，其中一個是兒子，另外兩個是女兒，大女兒已婚，兒子42歲未婚但有交往對象，小女兒身高172公分。
    2) 女兒會帶保養品回家給客戶使用，並幫忙訂購相關物品。
    3) 家人感冒情況少，家中長期使用醫療用口罩並有長期佩戴口罩的習慣。
    4) 家人不喜歡吃草莓，認為保存期短且不易清洗乾淨。
    5) 全家人會一起觀看運動賽事，並認為這是一種榮耀。
    6) 女兒每年會帶家人出去玩，三個小孩很少吵架，父親節會安排活動如帶父母吃飯。

2. 健康狀況
    1) 客戶年齡66歲，健康狀況良好，血壓通常在120至130之間。
    2) 客戶有退化性健康問題，症狀不定時發作，需隨身攜帶藥物，嚴重時需打針，恢復時間約2-3天。
    3) 客戶每年進行健康檢查，平時很少感冒，代謝正常，蔬菜和水果攝取量充足。
    4) 客戶有在服用血壓藥，需與牛樟芝的服用時間錯開。

3. 職業背景
    1) 客戶目前不工作，主要負責家務並照顧家庭成員。
    2) 客戶有參與志工活動，包括在醫院和其他地方，認為這是利用時間的好方式並能交朋友。
    3) 客戶的兒子曾在醫院工作，後來回到家中。
    4) 客戶提到目前比較忙，五月份有一些事情需要處理。

4. 健康食品使用心得
    1) 客戶有在吃白蘭氏蝦紅素、磷蝦油、益生菌、燕窩等保健食品，並持續多年，醫生認為效果很好。
    2) 客戶認為白蘭氏磷蝦油效果良好，能降膽固醇且有抗發炎作用，並定期配送。
    3) 客戶有在吃薑黃作為保養品，並對其成分有所了解。
    4) 客戶曾購買魚油、葉黃素等保健食品，並表示這些產品有附贈品。
    5) 客戶曾購買膠囊類保健食品，但效果不佳。
    6) 客戶訂購了苦瓜胜肽和華陀膝關節保健食品，對苦瓜胜肽的價格方案感到滿意。
    7) 客戶不需要減肥或保健相關產品，表示有需要時會主動聯繫。

5. 禁忌
    1) 客戶不敢吃人蔘，害怕其味道。
    2) 客戶家中不吃B群等保健食品，認為這類產品讓人感到緊張。",1
26511672,女,58.0,新竹市,A,獅子座,5942,否,否,是,是,否,是,是,否,1440952.8570800002,383,700649.5238099997,150,296437.1428399999,65,219761.90474,16,16350.47618,11,1057344.76192,78,513233.33332000015,34,237774.28569,22,218383.80949999997,15,8190.476190000001,5,否,否,是,否,否,否,1,否,否,否,否,否,0,否,否,否,"1. 家庭關係
    1) 客戶目前一個人生活，時間相對自由，無家庭負擔。
    2) 客戶的先生已過世，兩人曾在補習班認識，婚姻是自然發展的結果。
    3) 客戶的父親因高血壓導致腦幹出血去世，母親88歲，行動不便，偏好中醫針灸和中藥調理。
    4) 客戶的弟弟因事故成為植物人，考慮使用保健品幫助其復健。
    5) 客戶有一位幹兒子（國中生）和一位幹女兒（76年次），幹女兒已婚並有小孩。
    6) 客戶的家庭重男輕女，母親不太支持女孩子接受高等教育。
    7) 客戶的姐夫曾因喝醉酒跌倒住進加護病房，並計劃進行手術。

2. 健康狀況
    1) 客戶有高血壓問題，血壓曾達到180，頭脹時血壓會升高，未服用高血壓藥物。
    2) 客戶有過敏性體質，皮膚容易過敏，蚊蟲叮咬後紅腫，恢復較慢。
    3) 客戶有乾眼症，需使用人工淚液，未服用葉黃素時眼睛會模糊。
    4) 客戶免疫力較弱，最近感冒但恢復速度快。
    5) 客戶的體重接近60公斤，近年來難以減重，並有時早上起來頭痛、脖子緊繃。
    6) 客戶的母親行動不便，需定期照X光和中醫調理，並有肌少症和筋絡發炎問題。

3. 職業背景
    1) 客戶曾在科學園區工作，工作繁忙，影響基本生理需求，後來辭職，目前未工作。
    2) 客戶的先生曾是行銷人員，對裝潢和設計有高要求，兩人曾特地找設計師裝潢房屋。

4. 健康食品使用心得
    1) 客戶每天飲用香檳茸以增強免疫力，認為效果良好。
    2) 客戶每天服用葉黃素和益生菌，認為有助於眼睛健康和排便。
    3) 客戶曾購買靈芝、龜鹿膠、人參等保健品，對其效果表示滿意。
    4) 客戶喜歡美樂家的羅力果，認為效果較好，並持續購買香檳茸。
    5) 客戶曾購買再生安瓶，認為有助於改善身體狀況，目前仍有存貨。
    6) 客戶對菌菇類產品的味道習慣，並認為白藜蘆醇成分對健康有幫助。
    7) 客戶曾購買粒線體相關產品，了解其再生醫學技術背景。
    8) 客戶對保養品成分和使用方式感興趣，認為專員推薦的產品不錯。

5. 禁忌
    1) 客戶不吃葷食，主要補充豆類蛋白質和膠原蛋白。
    2) 客戶不喜歡腥味重的保健品，曾因龜鹿片味道腥重而未食用。
    3) 客戶對插電床墊有疑慮，擔心電磁波影響，選擇不用插電的床墊。
    4) 客戶不喜歡外出運動，偏好在家運動。
    5) 客戶不隨便在網購平台購買保健品，偏好實體店面或可信賣家。
    6) 客戶的母親不願服用西藥，偏好中醫針灸和中藥調理。",1
26522419,女,70.0,台南市仁德區,D+,巨蟹座,5928,否,否,是,否,否,否,是,否,348232.3332,190,151994.28563000003,84,39701.90473,24,14725.71427,7,0.0,0,89387.61901000001,31,62636.19045,19,7582.85714,2,7582.85714,2,0.0,0,否,否,是,否,否,否,0,否,否,否,否,是,0,否,否,否,"1. 家庭關係
    1) 客戶有兩個兒子，一個住在台中，另一個住在花蓮。
    2) 客戶的女兒對某些商品不感興趣。
    3) 客戶的媽媽目前無法行走，曾經為媽媽購買益生菌和精油。
    4) 客戶提到家中小孩不吃她購買的保健品，平時小孩不在身邊。

2. 健康狀況
    1) 客戶提到膝蓋有些不適，並且有一點失眠。
    2) 客戶半年前出現老花眼，需要戴眼鏡。
    3) 客戶提到天氣太熱時會感到頭暈，並提到血糖下降的情況。
    4) 客戶最近沒有便秘的困擾。
    5) 客戶提到吃東西時骨頭會痛。

3. 職業背景
    1) 客戶提到她在學校工作，平時工作繁忙。
    2) 客戶目前正在上班，且經常提到自己很忙。

4. 健康食品使用心得
    1) 客戶曾購買益生菌、葉黃素、魚油、花旗蔘、白蘭氏產品、摩西霉果凍等保健食品，但部分產品未使用或已過期。
    2) 客戶認為目前服用的魚油效果很好，已經持續服用三十多年。
    3) 客戶對摩西霉果凍的效果沒有感覺，並提到其21天的使用周期。
    4) 客戶每天會吃一包堅果，並常用堅果和芝麻作為早餐。
    5) 客戶目前正在服用葉黃素，並曾購買過益生菌，但最近停止使用。
    6) 客戶認為白蘭氏產品價格較便宜，效果不錯，且不需要一次購買太多。

5. 禁忌
    1) 客戶不喜歡吃健康食品，並表示如果購買某些保健品如鈣片和B群，通常會放置不用。
    2) 客戶提到她不吃挺立鈣，認為買回來也只是放著。
    3) 客戶有時會中斷服用土龍禁，並提到在某些情況下會停止服用。",1
26527146,女,66.0,台北市萬華區,D+,處女座,5921,否,否,否,否,否,是,是,否,59595.23807,36,25061.90475,15,5675.2381000000005,3,0.0,0,5675.2381000000005,3,4522.85714,4,4522.85714,4,2838.09524,1,0.0,0,2838.09524,1,否,否,是,否,否,否,0,否,否,否,否,否,0,否,否,否,,1
26540419,女,76.0,桃園市中壢區,D+,雙魚座,5903,否,否,否,否,否,是,否,否,79433.80953,13,10152.38096,2,4457.14286,1,0.0,0,4457.14286,1,39352.38096,5,10152.38096,2,4457.14286,1,0.0,0,4457.14286,1,否,否,否,否,否,否,0,否,否,否,否,否,0,否,否,否,,1
26546112,女,74.0,台北市中正區,D+,雙子座,5896,否,否,否,是,否,是,是,否,144769.47622,50,31613.33333,3,29141.90476,2,28380.95238,1,760.95238,1,44291.42857,5,28380.95238,1,28380.95238,1,28380.95238,1,0.0,0,否,否,是,否,否,否,0,否,否,否,否,否,0,否,否,否,,1
26546966,女,67.0,新北市新莊區,D+,天秤座,5894,否,否,否,否,否,否,是,否,586318.61887,257,78025.71427999997,44,25238.09525,13,3425.71429,1,0.0,0,216881.90472,97,27397.14285,18,2742.85714,1,0.0,0,0.0,0,否,否,是,否,否,否,0,否,否,否,否,是,0,否,否,否,"1. 家庭關係
    1) 客戶有一位兒子，兒子也有使用相關健康產品。
    2) 客戶提到兒子在天氣較冷時曾向她索取軟軟保留。

2. 健康狀況
    1) 客戶提到走樓梯到五樓會感到很累。
    2) 客戶表示後腦勺會痛，認為熱敷可能有幫助，但也認為熱敷的效果被誇大。
    3) 客戶有顧肝的需求，並提到腎臟和肝臟可能無法負荷過多的保健食品。
    4) 客戶習慣在天冷時進行防護，避免心肌梗塞。
    5) 客戶提到肩頸不適，並曾購買相關產品。
    6) 客戶認為補鈣對她這個年紀（66歲）的人很重要。

3. 職業背景
    1) 客戶提到以前的公司已經結束營業。

4. 健康食品使用心得
    1) 客戶有固定購買和食用保健食品，包括益生菌、魚油、葉黃素、苦茶油等。
    2) 客戶曾購買過鴕鳥精、龜鹿二仙膠等產品，但後來丟掉了。
    3) 客戶曾購買過日本進口的魚油，但因擔心輻射問題，改為購買法國品牌的魚油。
    4) 客戶的兒子小時候因健康問題服用魚油效果很好，現在仍固定購買同品牌魚油。
    5) 客戶家中有兩人一起食用堅果，並曾購買萬歲牌堅果作為零食。
    6) 客戶家中曾購買過苦瓜胜肽，並曾購買三得利產品，但認為寄來的產品太多，無法全部使用。
    7) 客戶曾購買過火山酵素，價格為三千六。
    8) 客戶目前未食用銀寶善存。
    9) 客戶認為飲品太甜，並表示自己不喜歡吃得太甜。

5. 禁忌
    1) 客戶不喜歡曬太陽。
    2) 客戶對日本旅遊感興趣，但對韓國旅遊不感興趣。
    3) 客戶不想使用網銀，擔心詐騙風險。
    4) 客戶曾購買過SK-II面膜，但因懶得使用導致過期。",1
26551037,女,67.0,桃園市中壢區,C,雙魚座,5888,否,否,否,否,否,否,是,否,37148.80952,23,14608.57141,11,6599.99998,7,6599.99998,7,0.0,0,17009.52379,11,8485.714259999999,9,6599.99998,7,6599.99998,7,0.0,0,否,否,否,否,否,否,0,否,否,否,否,否,0,否,否,否,"1. 家庭關係
    1) 客戶與先生住在一起。
    2) 客戶的先生可能會一起飲用龜鹿飲品。

2. 健康狀況
    1) 客戶未提及具體健康問題，但有提到使用健康食品及保養品。
    2) 客戶表示她有保險，並每月領取老保相關金額。

3. 職業背景
    1) 客戶的月收入約為兩萬。
    2) 客戶未提及具體職業，但可能已退休。

4. 健康食品使用心得
    1) 客戶曾購買華陀品牌的龜鹿飲品，並可能與先生一起飲用。
    2) 客戶以前使用過安利的保養品，但現在很少使用。

5. 禁忌
    1) 客戶表示她沒有吃過幹細胞產品。
    2) 客戶未提及其他禁忌。",1
26554033,女,77.0,台南市南區,D,天蠍座,5884,否,否,否,否,否,否,是,否,120896.90473,81,21801.90477,14,5445.71428,4,5445.71428,4,0.0,0,9376.190459999998,8,2455.23809,3,1694.28571,2,1694.28571,2,0.0,0,否,否,否,否,否,否,0,否,否,否,否,否,0,否,否,否,"1. 家庭關係
    1) 客戶有一位女兒，女兒經常在網路上購買保養品及健康食品，如葉黃素，並在雙十一購買了其他物品如洗衣機。
    2) 家中有小朋友，主要由他們的爸爸購買益生菌給小朋友食用。
    3) 客戶曾購買魚油給孫子服用，認為對小朋友的專注力有幫助。

2. 健康狀況
    1) 客戶為77歲女性，醫生診斷其有一至二期高血壓，目前有在服用西藥。
    2) 客戶表示自己的胃腸狀況良好。

3. 職業背景
    1) 客戶目前是佛教課程的重疾班學員，每週五晚上參加佛教課程。
    2) 客戶為佛教徒，生活中遵循佛教教義。

4. 健康食品使用心得
    1) 客戶有在服用葉黃素，家中有大量存貨，部分由女兒購買。
    2) 客戶家中有亞培安素，但她不喜歡食用，認為太甜。
    3) 客戶曾購買過魚油，但主要是給孫子服用。
    4) 客戶家中有人送過安利保健品，但她認為價格過高，自己不會購買。
    5) 客戶平時不常服用保健品，飲食以蔬菜為主。

5. 禁忌
    1) 客戶為全素食者，對素食的選擇非常講究，不吃非素食的食物。
    2) 客戶曾因葉黃素產品非素食而退貨。
    3) 客戶不使用面膜，認為對自己沒有用。",1
26566589,男,82.0,台南市新化區,D,天蠍座,5865,否,否,否,否,否,是,是,否,879580.1426799997,505,210543.80952000007,110,68949.5238,45,5846.666669999999,4,3752.3809500000007,3,170699.04757,105,5569.523810000001,3,1798.09524,1,0.0,0,0.0,0,否,否,是,否,否,否,0,否,否,否,否,否,0,否,否,是,"1. 家庭關係
    1) 客戶提到交代家人，但未明確說明具體事宜。

2. 健康狀況
    1) 客戶提到五月群壓迫腰椎。
    2) 客戶為81歲男性，對健康保養有一定的重視。

3. 職業背景
    1) 客戶提到目前沒有工作。

4. 健康食品使用心得
    1) 客戶曾購買過顧關節骨頭的營養保健品。
    2) 客戶曾購買過葉黃素產品以顧眼睛健康。
    3) 客戶曾購買過顧心臟血管的營養保健品。
    4) 客戶曾在東森購物台購買龜鹿二仙膠，但至今未開封使用，購買目的是為了關節保養。
    5) 客戶提到味王的葉黃素和玻尿酸，但未明確表示是否使用過。
    6) 客戶提到葉黃素和維骨力相關產品，並詢問是否可以使用。
    7) 客戶表示有保養習慣，並提到朋友相關內容。

5. 禁忌
    1) 客戶尚未提到具體禁忌事項。",1
26584794,女,74.0,屏東縣長治鄉,Z,處女座,5840,是,否,是,是,否,是,是,否,193321.42852,134,109953.33331999996,73,40771.42858000001,24,2369.52381,1,14462.85715,7,12113.33334,3,11352.38096,2,5676.19048,1,0.0,0,5676.19048,1,否,否,是,否,否,否,0,否,否,否,否,是,0,否,否,否,"1. 家庭關係
    1) 客戶有小孩，並提到需要接小孩放學。
    2) 客戶的女兒會為她購買面膜。

2. 健康狀況
    1) 客戶為74歲女性，未提及具體健康問題。

3. 職業背景
    1) 未提及具體職業背景。

4. 健康食品使用心得
    1) 客戶有服用葉黃素。
    2) 客戶曾購買並使用金箔逆齡時空膠囊，且目前正在使用最後一罐，認為效果不錯。
    3) 客戶曾購買自然美的第一代奇蹟膠囊，並認為第一代產品價格較便宜，目前仍有在使用，且有時早晚使用。
    4) 客戶有購買和力他命的B群產品，並在過年前剛購買。
    5) 客戶提到曾使用過小藍膠一顆一顆膠囊。
    6) 客戶有收到黑木耳露。

5. 禁忌
    1) 客戶認為自然美的產品價格較高。
    2) 客戶表示家中保養品和生活用品如廚房紙巾、衛生紙等已經夠用，不需要再購買。",1
26588735,女,80.0,新北市新店區,D+,巨蟹座,5834,否,否,是,否,是,是,是,否,178700.95231000002,135,51073.33336999999,32,25588.57145,14,942.85714,1,0.0,0,31499.04761,23,2476.19048,1,2476.19048,1,0.0,0,0.0,0,否,否,否,否,否,否,0,否,否,否,否,否,0,否,是,否,"1. 家庭關係
    1) 客戶有兒子和女兒，兒子曾提到她買了很多東西，女兒正在使用面膜。
    2) 客戶有好幾位孫子，孫子們會回家，她會煮東西給孫子們吃。
    3) 客戶的媳婦負責購買家庭所需的物品，例如衛生紙等。
    4) 客戶提到過年時需要準備很多東西送給小孩和朋友。

2. 健康狀況
    1) 客戶未提到具體健康問題，但提到不想再吃含有大量油脂的食物。
    2) 客戶對味道有要求，並不使用沐浴乳。

3. 職業背景
    1) 未提及具體職業背景，但客戶是一位80歲的女性，可能已退休。

4. 健康食品使用心得
    1) 客戶提到吃過很多保健食品，櫥櫃裡堆滿了保健品，並表示不需要更多補充品。
    2) 客戶有在吃安利的益生菌、益生菌和葉黃素、多肽銘，並已購買八瓶魚油。
    3) 客戶提到逆齡補腎的產品和燕窩，但未明確表示她吃過。
    4) 客戶曾購買過三多的產品。

5. 禁忌
    1) 客戶不想再吃含有大量油脂的食物。
    2) 客戶不使用沐浴乳，並對味道有要求。",1
26591907,女,56.0,宜蘭縣冬山鄉,Z,雙子座,5830,否,否,是,否,否,否,是,否,42149.14285,15,28955.23809,7,18857.14286,1,18857.14286,1,0.0,0,20489.52381,5,20242.85714,4,18857.14286,1,18857.14286,1,0.0,0,否,否,否,否,否,否,0,否,否,否,否,否,0,否,否,否,,1
26597351,女,54.0,桃園市桃園區,B,金牛座,5822,否,否,是,是,是,是,是,否,329154.28578000003,159,237904.76196,122,100935.23809,43,49481.90476,9,6429.52382,4,180781.90481,86,136711.42861999996,57,47101.904760000005,8,47101.904760000005,8,0.0,0,否,否,是,否,否,否,0,否,否,否,否,否,0,否,否,否,"1. 家庭關係
    1) 客戶提到家中有老公和小孩，並表示家人腸胃較差，會食用益生菌。
    2) 客戶的婆婆曾經摔倒，表帶斷裂，需聯絡廠商修理或重新購買，並由老公處理相關事宜。
    3) 客戶的兒子身高180公分，體型偏瘦，曾為兒子購買衣物，但尺寸不合適。
    4) 客戶提到家人有時需要去長庚醫院回診，家裡可能無人接收退貨或送貨。
    5) 客戶的家人對網購或電視購物有意見，建議直接去店面購買。

2. 健康狀況
    1) 客戶表示腸胃狀況良好，因此不食用益生菌，但家人腸胃較差。
    2) 客戶提到眼睛下方有下垂感，但無眼袋或其他紋路。
    3) 客戶表示有流汗習慣，因此需要定期替換衣物。

3. 職業背景
    1) 客戶提到目前正在上班，工作規定需穿黑色衣服，且因工作調動有時無法接電話。
    2) 客戶表示六點後方便接電話，並提到需要接大學生家長的電話。

4. 健康食品使用心得
    1) 客戶曾購買並食用益生菌，表示每天服用但效果不明顯，家人則有食用習慣。
    2) 客戶提到曾購買泰山木耳露，反映良好且公婆喜歡，並計劃再次訂購。
    3) 客戶開始食用挺立鈣，並曾購買黑棗產品，感覺效果不錯。
    4) 客戶曾購買葉黃素，並詢問效果是否與之前相同，目前家中尚有2-3盒未食用。
    5) 客戶提到曾購買B群產品，但目前找不到，並計劃再訂購兩盒。
    6) 客戶提到曾購買保健飲品，效果不明顯，但作為飲料替代品感覺不錯。
    7) 客戶提到白藜蘆醇產品，並提及代言人可能是吳宗憲的女兒。
    8) 客戶提到蘋果膠產品泡不開，質地較硬。
    9) 客戶表示對華陀品牌印象不佳。
    10) 客戶曾購買萬歲牌堅果，但中間未出貨，現在計劃再訂一次。

5. 禁忌
    1) 客戶表示不吃益生菌，因為覺得自己的腸胃狀況良好。
    2) 客戶擔心無糖膠原蛋白的味道可能不符合她的接受程度。",1
26624013,女,76.0,台北市北投區,Z,雙魚座,5783,否,否,否,否,否,否,否,否,30659.33334,24,0.0,0,0.0,0,0.0,0,0.0,0,9582.85715,9,0.0,0,0.0,0,0.0,0,0.0,0,否,否,是,否,否,否,0,否,否,否,否,否,0,否,否,否,,1
26631921,女,73.0,新北市三重區,Z,處女座,5766,否,否,是,否,否,是,是,否,620981.66671,436,188364.762,119,47882.85715,29,9880.95238,6,4723.80952,3,47475.23809,26,570.47619,1,570.47619,1,570.47619,1,0.0,0,否,否,是,否,否,否,0,否,否,否,否,否,0,否,否,否,"1. 家庭關係
    1) 未提及具體家庭關係。

2. 健康狀況
    1) 客戶健康檢查結果顯示無問題。
    2) 客戶年齡超過七十歲，認為身體健康是最重要的。
    3) 客戶平常沒有運動習慣。

3. 職業背景
    1) 未提及具體職業背景。

4. 健康食品使用心得
    1) 客戶目前服用葉黃素及免疫相關膠囊，每天服用七到八顆。
    2) 客戶曾服用B群，但感覺越吃越累，因此不太喜歡服用。
    3) 客戶曾購買並服用扶元堂的排便相關產品，但因晚上服用後感到不適，減量至每天兩顆。
    4) 客戶曾購買華陀扶元堂的益生菌產品，並表示腸道健康有所改善。
    5) 客戶曾購買益生菌並重複使用，主要用於腸胃道保養，但有時因未使用而停止服用。
    6) 客戶喜歡印加果油，認為其具有補氣養生效果，並偏好單一成分的印加果油。
    7) 客戶曾購買膠原蛋白飲，但未提及具體效果。
    8) 客戶曾購買排便相關的保健食品，主要希望達到瘦身效果。
    9) 客戶表示喜歡購買血管相關的保健品。

5. 禁忌
    1) 客戶不需要漢方益生菌。
    2) 客戶不喜歡含有複方成分的保健食品，偏好單一成分產品。
    3) 客戶目前因經濟能力限制，暫時無法購買保健食品。",1
26634878,女,56.0,台南市學甲區,C,雙魚座,5759,否,否,是,否,否,是,是,否,139050.99999999997,64,44608.57145,28,15624.7619,7,9238.09523,4,4457.14286,1,86313.33332,37,30239.04763,21,14723.80952,6,9238.09523,4,4457.14286,1,否,否,否,否,否,否,0,否,否,否,否,否,0,否,否,否,"1. 家庭關係
    1) 客戶提到她的老婆需要營養補充。
    2) 客戶提到她的小孩現在21歲。

2. 健康狀況
    1) 客戶目前有輕微中風的情況。
    2) 客戶有胃潰瘍和胃食道逆流的問題。
    3) 客戶提到便秘的情況有改善。
    4) 客戶有靜脈瘤，但未明確表示是否需要使用相關產品。

3. 職業背景
    1) 無明確提及客戶的職業背景。

4. 健康食品使用心得
    1) 客戶有購買過青春露、益生菌、葉黃素、B群、自然美產品、和力他命產品及參萃產品。
    2) 客戶目前有在訂購善存的綜合維他命，並提到善存益生菌。
    3) 客戶提到她吃芝麻粉是在飯後使用。
    4) 客戶為了健康選擇無糖綠茶。
    5) 客戶提到萬歲牌的產品吃起來還可以。
    6) 客戶提到之前購買的參萃產品，表示喝起來不怎麼OK，沒什麼感覺。
    7) 客戶提到如果有未開封的產品會選擇丟掉。

5. 禁忌
    1) 客戶不喜歡吸入式產品。
    2) 客戶認為購買一百片面膜不划算。",1
26638970,女,60.0,台中市外埔區,C,金牛座,5750,否,否,否,否,否,否,是,否,40364.99998,20,20671.42856,8,10074.28571,4,8552.380949999999,2,0.0,0,22862.85713,8,19071.42856,7,10074.28571,4,8552.380949999999,2,0.0,0,否,否,是,否,否,否,0,否,否,否,否,否,0,否,否,否,,1
26647555,女,59.0,南投縣南投市,A,巨蟹座,5727,否,是,是,是,否,是,是,否,1994242.42859,673,1074702.8570799995,237,317591.4285200001,64,217092.38094,19,35600.95238,4,999033.33338,77,749865.7142799996,47,232021.90475,12,198857.14285,10,33164.7619,2,是,否,是,否,否,否,0,否,否,否,是,否,0,是,否,否,"1. 家庭關係
    1) 客戶有兩個兒子，其中一個住在家裡，另一個曾在日本，目前已經回來。
    2) 客戶的母親因地下博弈輸了一百五十萬，客戶幫忙還清了債務。

2. 健康狀況
    1) 客戶曾有膝蓋疼痛的情況，目前膝蓋狀況還行。
    2) 客戶有低血壓問題，偶爾會有暈眩情況，最近血壓偏低，醫生認為可能與體質有關。
    3) 客戶身體在確診後變得較差，影響健康狀況，但已開始注意飲食和生活習慣，並進行心電圖和血液檢查，結果顯示正常。
    4) 客戶感到每天很忙，壓力大，並表示自己沒有權利生病，需保持健康以應付忙碌生活。

3. 職業背景
    1) 客戶自營生意，目前請人困難。
    2) 客戶的工作會持續到本週日，並計劃在十月份休假。

4. 健康食品使用心得
    1) 客戶每天服用幹細胞產品，早上和中午各服用兩顆，最近服用後狀況有所改善。
    2) 客戶有服用魚油和褐藻，服用褐藻後感冒次數減少，但有時會忘記服用。
    3) 客戶曾購買鴕鳥精產品，效果很好，但目前尚未吃完，且其員工也有在使用。
    4) 客戶曾購買人蔘飲和花旗蔘即食燕窩產品，對其效果有一定了解，但部分產品尚未喝完。
    5) 客戶每天早上喝一支米活泉，紅色米活泉尚未喝完，其他米活泉尚未開始飲用。

5. 禁忌
    1) 客戶中秋節不需要送月餅，因為不會吃。
    2) 客戶提到醫生因其體質問題未開藥。",1
26657275,男,56.0,新竹市,D+,白羊座,5701,否,否,是,否,是,是,是,否,29860.00001,23,9392.380960000002,10,6554.285719999999,9,3708.57144,6,1902.85714,2,6554.28572,9,6554.28572,9,6554.28572,9,3708.57144,6,1902.85714,2,否,否,否,否,否,否,0,否,否,否,否,否,0,否,否,否,,1
26663679,女,43.0,台中市大甲區,D+,獅子座,5683,否,否,否,否,否,否,是,否,62785.52381,30,10400.0,2,5657.14286,1,5657.14286,1,0.0,0,5657.14286,1,5657.14286,1,5657.14286,1,5657.14286,1,0.0,0,否,否,是,否,否,否,0,否,否,否,否,否,0,否,否,否,,1
26667702,女,64.0,新竹市,C,射手座,5672,否,否,否,是,否,是,是,否,278909.33333,69,176106.66667000004,20,30540.95239,7,21579.04762,3,4533.33334,2,219871.42857,29,171678.09524000002,18,26112.38096,5,21579.04762,3,4533.33334,2,否,否,是,否,否,否,0,否,否,否,否,否,0,否,否,否,"1. 家庭關係
    1) 客戶與母親同住，並提到母親年紀較大，身體狀況不穩定，有高血壓及小毛病。
    2) 客戶有孩子，孩子有在喝粒線體相關的保健品。
    3) 客戶提到家人經常需要她幫忙，並且她需要帶母親或負責人去看病。

2. 健康狀況
    1) 客戶有白內障，已進行過手術，並有長期咳嗽的情況，可能是感冒引起的。
    2) 客戶的母親有高血壓，天氣變化時血壓會飆高。
    3) 客戶有在固定給中醫調理身體，身體狀況有進步，目前在減量中。
    4) 客戶表示早上喝水較少，平常不使用防曬產品，因為很少出門。

3. 職業背景
    1) 客戶目前沒有上班，並提到自己經濟狀況一般，不想花太多錢購買產品。
    2) 客戶表示目前正在做生意，且日常生活較為忙碌。

4. 健康食品使用心得
    1) 客戶和家人都有在食用葉黃素，並且已經持續食用兩三年，葉黃素是家中常用的產品，但客戶認為對自己幫助不大。
    2) 客戶每天服用葉黃素，一天兩到四顆，消耗較快，目前家中還有兩盒存貨。
    3) 客戶家中有很多保健品，包括益生菌（至少20盒存貨）和粒線體相關產品，但有些產品尚未使用完，甚至過期。
    4) 客戶提到家中保健品多由親戚推薦，並且她的女兒可能有購買過其他品牌的保健品。

5. 禁忌
    1) 客戶表示家中囤積了太多保健品，暫時不需要購買新的產品。
    2) 客戶提到媽媽有自己的保養品，不需要額外推薦。
    3) 客戶不會為了參加活動特地前往台北。",1
26668197,女,68.0,新北市樹林區,C,水瓶座,5671,否,否,否,是,否,是,是,否,73585.0,31,21028.57144,6,8514.28572,3,0.0,0,8514.28572,3,36114.28573,9,19828.57144,5,8514.28572,3,0.0,0,8514.28572,3,否,否,是,否,否,否,0,否,否,否,否,否,0,否,否,否,"1. 家庭關係
    1) 客戶提到她的姐姐有飛蚊症，醫生表示是老化造成的。

2. 健康狀況
    1) 客戶表示自己有老花眼，且視力越來越不好。
    2) 客戶提到她目前還沒有想要購買骨頭保養或眼睛保養相關產品。

3. 職業背景
    1) 客戶確認目前正在上班。
    2) 客戶表示目前在忙，無法長時間通話。

4. 健康食品使用心得
    1) 客戶曾購買魚油，但認為其容量不足以符合需求，並表示會再看看是否需要購買。
    2) 客戶曾購買葉黃素，但覺得效果不如預期，目前手上還有一半的葉黃素，並分了一半給他人。
    3) 客戶表示她平常不使用褐藻糖膠或相關保健品，且很少吃保健食品，之前購買的產品還冰在冰箱裡。
    4) 客戶表示自己很懶得使用面膜。

5. 禁忌
    1) 客戶提到平常較少使用保健或保養產品。
    2) 客戶表示她目前不考慮購買骨頭保養或眼睛保養相關產品。",1
26674471,男,68.0,新竹市,B,白羊座,5654,否,否,是,否,否,是,是,否,886958.66665,251,380745.7142599999,113,97828.57140999998,28,45990.47619,3,5485.71429,2,788983.80948,177,365225.71425,96,88472.38093,21,45990.47619,3,5485.71429,2,否,否,是,否,否,否,0,否,否,否,否,是,0,否,否,否,"1. 家庭關係
    1) 客戶已婚，與老婆共同生活，老婆有時會要求購買特定商品，並對蜂蜜較為了解。
    2) 客戶家中有兩個小孩，其中一個三歲多，準備上幼兒園，另一個五歲。
    3) 客戶的孫子和孫女經常來家中，最小的孫女最近來訪，孫子有時身體不適。
    4) 客戶的父母和家人對某位師傅有特別的稱呼。
    5) 客戶家中養了一隻十一歲的狗，行動尚可，客戶每天帶牠運動，並注重狗的健康。

2. 健康狀況
    1) 客戶有高血壓和高血糖問題，但無其他三高問題，身體素質良好，皮膚變得較亮。
    2) 客戶的家人可能有退化情況，且不會使用按摩椅。
    3) 客戶的老婆在喝粒線體產品，使用產品速度較快。
    4) 客戶的家人喜歡喝蜂蜜，老婆對蜂蜜較了解。
    5) 客戶的朋友的老公有大腸癌家族史，使用褐藻糖膠後肝纖維化情況改善。

3. 職業背景
    1) 客戶已經退休，曾在學校服務過，並且是退伍軍人。
    2) 客戶對經濟狀況有關注，認為物價上漲，收入跟不上，偏好定存而非儲蓄險。

4. 健康食品使用心得
    1) 客戶曾購買過多種健康食品，包括幹細胞產品、葉黃素、益生菌、激活安瓶、補骨產品、龜鹿膠片、人蔘片、褐藻糖膠、膠原蛋白、鴕鳥精、燕窩等，對部分產品效果表示滿意。
    2) 客戶對葉黃素產品有興趣，並曾購買過葉黃素凍，對其效果有一定了解。
    3) 客戶對燕窩產品有興趣，了解其製作過程和雜質處理，認為燕窩偏甜，並提到可以加入枸杞、紅棗和黑糖燉煮。
    4) 客戶對果凍型保健食品接受度高，認為口感好，對不含防腐劑的產品特性表示了解。
    5) 客戶對綠蜂膠產品的效果表示滿意，認為某些產品的甜度過高。
    6) 客戶對於健康食品的成分和效果有興趣，特別是降低膽固醇和脂肪肝的產品。

5. 禁忌
    1) 客戶不吃辣的食物，平常不常吃甜食，並認為某些產品甜度過高。
    2) 客戶對苦瓜相關產品沒有興趣，認為這些產品不是保健食品。
    3) 客戶的狗不吃太鹹的食物。",1
26675551,女,77.0,台北市士林區,Z,射手座,5651,否,否,否,否,否,否,是,否,216804.76193,58,33683.809519999995,17,4540.952369999999,5,1123.80952,1,0.0,0,86635.2381,11,3329.52381,4,1521.90476,2,0.0,0,0.0,0,否,否,是,否,否,否,0,否,否,否,否,否,0,否,否,否,"1. 家庭關係
    1) 客戶提到家中有人因吃中藥而需要洗腎，對中藥持不信任態度。
    2) 客戶表示母親節不在台北。

2. 健康狀況
    1) 客戶目前正在看醫生，並提到暫時不需要其他產品。
    2) 客戶對氣管敏感，無法接受蜂膠的味道。
    3) 客戶提到她不吃龜鹿精，對中藥持不信任態度。

3. 職業背景
    1) 無相關資訊。

4. 健康食品使用心得
    1) 客戶每天服用挺立保健食品，劑量為兩顆，並曾購買過小瓶裝的挺立產品。
    2) 客戶家中有牛樟芝，並剛購買了美國帶回來的葉黃素。
    3) 客戶曾購買過魚油、顧骨頭的產品及葉黃素。
    4) 客戶家中有很多燕窩，並剛買了一大堆燕窩。
    5) 客戶家中目前有四千元以上的生醫產品。

5. 禁忌
    1) 客戶不能吃蜂膠，因為對氣管敏感且無法接受其味道。
    2) 客戶不吃龜鹿精，並對中藥持不信任態度。",1
26682835,女,58.0,新北市五股區,D+,摩羯座,5631,否,否,否,否,否,是,是,否,53875.7619,32,26996.19048,15,13720.95238,6,5140.95238,2,4331.42858,2,20454.28572,7,10332.38096,3,7503.80953,2,3808.57143,1,3695.2381,1,否,否,否,否,否,否,0,否,否,否,否,否,0,否,否,否,"1. 家庭關係
    1) 客戶退休後與丈夫加盟了一個減肥財務部，工作時間雖長但平時較輕鬆。
    2) 客戶提到家裡還有一盒葉黃素未吃完，因此考慮是否需要購買新產品。

2. 健康狀況
    1) 客戶表示目前益生菌尚未吃完，用於腸胃道保養。
    2) 客戶提到她平常的保養程序是先使用化妝水，接著使用玻尿酸，最後使用乳液。
    3) 客戶表示安瓶使用後感覺還不錯。

3. 職業背景
    1) 客戶退休後與丈夫加盟減肥財務部，並表示工作時間很長但平時較輕鬆。
    2) 客戶年輕時的夢想是開一家店，現在因為有能力而實現了這個夢想。

4. 健康食品使用心得
    1) 客戶曾在東森購物台購買過益生菌，用於腸胃道保養，表示目前尚未吃完，因此不會購買新的。
    2) 客戶表示目前不需要葉黃素產品，家裡還有一盒未吃完。

5. 禁忌
    1) 客戶表示曾嘗試訂購商品但因缺貨未能成功。
    2) 客戶提到今年蜂蜜的產量似乎比較少，可能受到氣候影響。",1
26691142,女,71.0,彰化縣田中鎮,D,射手座,5606,否,否,是,否,否,是,是,否,694171.9045699998,350,259783.80956000005,77,128191.42857999998,20,119868.57143999996,10,0.0,0,512309.52365,218,201309.52379000004,33,127162.85714999997,14,119868.57144,10,0.0,0,否,否,是,否,否,否,0,否,否,否,否,否,0,否,否,是,"1. 家庭關係
    1) 客戶有三個孩子，其中一個兒子和一個女兒，兒子已婚並搬到另一個房子居住，女兒住在台東，還有一個小孩住在家裡。
    2) 客戶有孫子和小孫女，孫子正在讀小學六年級，另一個孫子讀小學一年級，小孫女曾生病住院。
    3) 客戶的丈夫曾在郵局工作，現在在公司工作，對家人很照顧。
    4) 客戶的母親中風，已照顧母親近三十年，母親住在隔壁。
    5) 客戶的家族中有多位長壽成員，包括一位九十幾歲的姑姑。
    6) 客戶的家分為兩層樓，自己住六樓，其他家人住四樓。

2. 健康狀況
    1) 客戶71歲，曾進行膝關節手術，術後恢復良好，兩隻腳都開過刀，需進行復健。
    2) 客戶有白內障，但目前不需要開刀，並定期三個月檢查一次眼睛，使用眼藥水保養。
    3) 客戶有高血壓，需每天服用高血壓藥物。
    4) 客戶生活作息規律，每天早上五點起床，會去爬山或散步，排便情況正常。
    5) 客戶的皮膚狀況良好，認為吃水果有助於養顏美容。

3. 職業背景
    1) 客戶曾在台北從事會計工作，後來從事機車託運相關的小生意，主要服務學生和需要將機車運送到外縣市的人，從事該行業三四十年，目前接近半退休狀態。
    2) 客戶有十幾年的清潔劑製作經驗，曾製作手工皂和酵素，現在已不再製作。

4. 健康食品使用心得
    1) 客戶長期服用中藥進行保養，認為效果很好，從2016年開始每月花費三至四萬元購買中藥保養品，並表示自從服用中藥後很少感冒。
    2) 客戶每天早晚服用中藥，早餐習慣吃水果、燕麥片，搭配枸杞、高蛋白粉、堅果和黑芝麻粉。
    3) 客戶有購買多種保健食品，包括魚油、幹細胞產品、葉黃素、安利高蛋白粉等，並有使用關節保養品和補鈣產品。
    4) 客戶喜歡木耳露，經常購買並分享給朋友，還有購買過華陀的保健品如土龍鴕鳥龜鹿精和有機枸杞。
    5) 客戶的孫子和姐妹也有服用她購買的中藥保養品，孫子從小服用後身高達160多公分。

5. 禁忌
    1) 客戶不喜歡吃外面的食物，偏好自己做飯，避免化學添加物。
    2) 客戶不敢吃抗癌藥，選擇以中藥保養身體。
    3) 客戶喝豆漿會導致拉肚子，因此已不再飲用。
    4) 客戶不喜歡穿紅色衣服，偏好深色衣物。",1
26716975,女,70.0,彰化縣線西鄉,D+,金牛座,5535,否,否,否,否,否,是,否,否,24595.0,25,9233.33334,16,7712.380959999999,13,0.0,0,942.85714,1,13024.761899999998,16,7959.0476199999985,14,6438.09524,11,0.0,0,942.85714,1,否,否,否,否,否,否,0,否,否,否,否,否,0,否,否,否,,1
26769118,女,57.0,新北市蘆洲區,D,摩羯座,5385,否,否,是,否,否,否,是,否,122251.42857,62,34379.04761000001,21,4950.47619,3,4950.47619,3,0.0,0,27198.09523,11,11550.47618,7,4950.47619,3,4950.47619,3,0.0,0,否,否,否,否,否,否,0,否,否,否,否,否,0,否,否,否,"1. 家庭關係
    1) 客戶表示血糖和血壓問題是遺傳自父母。
    2) 客戶提到她有遺傳性的高血壓和血糖問題。

2. 健康狀況
    1) 客戶提到最近身體狀況不好，並有高血壓及血糖過高的問題。
    2) 客戶表示糖化血色素數值為6.9，並有服用血糖藥物及幫助睡眠的藥物。
    3) 客戶曾提到芝麻素改善睡眠狀況，但目前未在服用。
    4) 客戶表示一天服用一顆保健食品，通常晚上服用。

3. 職業背景
    1) 客戶偶爾會在工地工作，有時候則在家裡。
    2) 客戶是一位56歲女性，東森會員已使用十二年。

4. 健康食品使用心得
    1) 客戶有服用多種保健食品，包括納豆紅麴、魚油、蜂王乳、葉黃素、十二味龜鹿錠、銀保善存、挺立鈣、人參蟲草全參飲等，並認為娘家大紅麴效果不錯。
    2) 客戶曾訂購眼睛不老丹、三倍綠蜂膠葉黃素膠囊，並表示葉黃素以飯後服用。
    3) 客戶提到芝麻素剛開始服用時效果很好，但因價格問題未推薦給朋友。
    4) 客戶對黑木耳露有興趣，並詢問是否還有該產品。
    5) 客戶曾購買穩糖控產品及含DHA的魚油，並表示苦瓜胜肽是她想購買的保養品。

5. 禁忌
    1) 客戶表示不喜歡做臉，也不參加相關活動。
    2) 客戶偶爾服用保健食品，並非每天服用。
    3) 客戶通常使用現金支付商品。",1
26773596,女,76.0,台北市松山區,E,巨蟹座,5374,否,否,否,否,是,是,是,否,931542.90469,574,144217.14291999995,104,38186.66668000001,28,0.0,0,3391.42857,2,96743.80952,10,3805.71428,2,3805.71428,2,0.0,0,0.0,0,否,否,是,否,否,否,0,否,否,否,否,否,0,否,是,否,"1. 家庭關係
    1) 客戶有兩個兒子，其中一位兒子和媳婦有兩個小孩，已經上小學，家中還有一名三歲的小孩。
    2) 客戶的兒子和媳婦因為工作繁忙且需要接送小孩，無法參加活動。
    3) 客戶的妹妹們身體健康，沒有糖尿病，且不住在台北。
    4) 客戶的女兒會在她出門時開車接送她，媳婦會訂餐，家人會一起在家吃飯。
    5) 客戶目前與先生兩人同住。

2. 健康狀況
    1) 客戶有糖尿病，需早晚服用藥物控制血糖，血糖有時會過低，甚至低至60，導致頭暈。
    2) 客戶曾住院，兩邊腎臟需要洗腎，並有白內障問題，但尚未進行手術。
    3) 客戶的眼睛曾做過雷射手術，並有白內障問題，平時在國泰醫院眼科就診，使用醫生開的藥物。
    4) 客戶年紀六十多歲，反應變慢，聽力不如從前，出門不方便，可能需要使用輪椅。

3. 職業背景
    1) 客戶目前沒有在上班。
    2) 客戶的妹妹目前仍在工作。

4. 健康食品使用心得
    1) 客戶對保健食品效果持懷疑態度，認為需要醫生指定的產品才會考慮使用，平時主要服用醫院開的藥物。
    2) 客戶曾購買東森購物台的葉黃素和紅葉黃素產品，但對效果不滿意，表示以後不會再購買。
    3) 客戶目前早上偶爾服用苦瓜胜肽，並有服用蔓越莓、挺立鈣和膠原維骨力，維骨力是從美國購買的。
    4) 客戶的妹妹曾給她維骨力和其他保健食品。

5. 禁忌
    1) 客戶不想喝玻尿酸產品，且不常飲用此類產品。
    2) 客戶沒有在服用益生菌。",1
26773664,女,62.0,台北市大同區,Z,巨蟹座,5374,否,否,是,否,是,否,是,否,15477.80953,10,3200.0,2,2076.19048,1,2076.19048,1,0.0,0,2076.19048,1,2076.19048,1,2076.19048,1,2076.19048,1,0.0,0,否,否,否,否,否,否,0,否,否,否,否,否,0,否,否,否,"1. 家庭關係
    1) 客戶提到她的媽媽需要補充B群。
    2) 客戶表示她的爸爸有健康問題，包括腳會抽筋及糖尿病。

2. 健康狀況
    1) 客戶的爸爸有糖尿病，需注意糖分攝取。
    2) 客戶的爸爸有腳抽筋的情況。

3. 職業背景
    1) 客戶表示自己很忙，未提及具體職業。

4. 健康食品使用心得
    1) 客戶提到要購買B群給媽媽食用，但未提及使用心得。

5. 禁忌
    1) 客戶的爸爸因糖尿病需避免糖分較高的食品。",1
26796322,男,72.0,台中市東勢區,Z,巨蟹座,5318,否,否,是,否,否,是,是,否,739600.8095,331,264868.57139000006,138,68459.04761000004,39,22957.142839999997,15,0.0,0,223479.04762000003,32,32009.523800000003,8,3312.38095,3,3312.38095,3,0.0,0,否,否,是,否,否,否,0,否,否,否,否,否,0,否,否,否,"1. 家庭關係
    1) 客戶提到她的妹妹住了。

2. 健康狀況
    1) 客戶表示血壓高，但肩頸部位並未感到緊繃。
    2) 客戶提到肩膀和脖子有痠痛問題。
    3) 客戶提到他每三個月進行一次健康檢查，包括心電圖檢查。
    4) 客戶提到目前不再使用西藥，並表示藥她都不吃。
    5) 客戶提到有在服用降三高的藥物，包括三酸甘油酯和膽固醇相關藥物。

3. 職業背景
    1) 客戶提到自己從事工程生意，平時較為忙碌。

4. 健康食品使用心得
    1) 客戶提到益生菌是他想購買的產品之一，並表示以前都吃過益生菌產品，曾使用一家人品牌的益生菌效果很好，但對某些華陀益生菌產品的品質不滿意，且目前不再使用藍色盒子裝的益生菌。
    2) 客戶喜歡粉狀的益生菌，並選擇漢方醫生活泉益生菌，但目前不需要魚油和益生菌等保健食品。
    3) 客戶表示已經服用葉黃素，並對葉黃素的成分比例有要求，認為15%成分不符合需求，且考慮購買母親節促銷的葉黃素產品。
    4) 客戶提到她有購買龜鹿二仙膠膠囊作為保養品，但未明確表示已使用，並提到食用龜鹿二仙膠不會上火。
    5) 客戶曾購買並使用鴕鳥精，且表示使用效果還不錯。
    6) 客戶提到她早上空腹服用兩顆幹細胞產品，晚上會服用一顆幹細胞產品，並表示之前曾經購買過幹細胞相關產品。
    7) 客戶提到目前還有多瓶B群，並有在服用，但表示不需要再購買。
    8) 客戶提到她目前仍在服用華陀的保健食品和葉黃素，並表示目前使用的保健品效果很好。
    9) 客戶提到最近吃的保健品太多了，並表示目前沒有考慮購買新的產品。
    10) 客戶表示不喜歡果凍狀和膠囊形式的保健食品。
    11) 客戶表示曾購買生動性產品，並提到她之前已經從東森購物購買過一組產品。

5. 禁忌
    1) 客戶表示不喜歡人蔘的味道。
    2) 客戶提到德國的產品她不敢吃。",1
26798280,女,78.0,屏東縣屏東市,Z,處女座,5313,否,否,否,否,否,否,否,否,53024.761900000005,34,3590.4761900000003,2,752.38095,1,0.0,0,0.0,0,2139.0476200000003,3,752.38095,1,752.38095,1,0.0,0,0.0,0,否,否,否,否,否,否,0,否,否,否,否,否,0,否,否,否,,1
26806182,男,58.0,新北市新店區,C,雙子座,5296,否,否,否,否,否,是,是,否,377448.66661,197,91432.38095,46,51876.19047,17,37680.95238,6,2846.66667,2,95084.76191,20,30521.90476,6,30521.90476,6,27780.0,4,951.42857,1,否,否,是,否,否,否,0,否,否,否,否,否,0,否,否,否,"1. 家庭關係
    1) 客戶家中目前沒有養寵物。
    2) 客戶提到家人，包括太太和小孩，有在使用益生菌。
    3) 客戶提到目前還要再購買東西給長輩。

2. 健康狀況
    1) 客戶表示目前感覺血壓和血糖有些偏高，正在調養中，但尚未服用處方藥。
    2) 客戶提到自己有甲狀腺亢進，正在服用相關西藥並調整劑量。
    3) 客戶表示腎臟功能保持良好，檢查結果顯示腎臟功能正常。

3. 職業背景
    1) 客戶是一位副教授，曾在某大學教書。
    2) 客戶表示有一千多名學生會與他保持聯絡。

4. 健康食品使用心得
    1) 客戶曾購買萬歲牌堅果，偏好不含小魚干的版本。
    2) 客戶曾購買紅石榴膠原飲、口服型高濃度玻尿酸、口服安瓶玻尿酸及膠原蛋白產品，但部分產品未使用後丟棄，表示不喜歡浪費。
    3) 客戶提到家人使用益生菌，並對蚓激酶產品有所了解，認為其品質有好壞之分。
    4) 客戶曾購買野葡萄糖胺產品，但目前該產品已無貨。

5. 禁忌
    1) 客戶對購物平台的信任有所下降，曾因購物經歷感到不愉快，認為收到的商品與描述不符。
    2) 客戶偏好黃金貝產品，不喜歡干貝醬，並偏好整顆的黃金貝。
    3) 客戶希望先試用新的洗髮精，使用後再決定是否回購。",1
26829288,女,78.0,台北市北投區,Z,天蠍座,5241,否,否,是,否,否,否,是,否,97894.0,42,39888.57144,15,10220.95239,6,3711.42858,3,0.0,0,33788.57143,8,2036.19048,1,2036.19048,1,0.0,0,0.0,0,否,否,是,否,否,否,0,否,否,否,否,是,0,否,否,否,"1. 家庭關係
    1) 客戶有一位女兒，女兒曾從美國帶回葉黃素和魚油。
    2) 客戶的先生正在服用其他品牌的葉黃素，並覺得效果不錯。

2. 健康狀況
    1) 客戶表示身體很健康，不需要吃太多保健食品。
    2) 客戶提到眼睛不好，正在看眼科醫生，並服用眼科醫生開的藥。

3. 職業背景
    1) 客戶未提及具體職業背景，但提到自己年齡為78歲，且日常生活中有做飯等家務活動。

4. 健康食品使用心得
    1) 客戶目前正在服用葉黃素，每天一顆，一盒為一個月的份量，並提到葉黃素還有半年份未吃完。
    2) 客戶之前購買過妍美会的醫療等級葉黃素，並由客服人員介紹，且三年前曾購買過。
    3) 客戶有服用高麗蔘片，但還有很多未吃完。
    4) 客戶之前購買過蚓激酶和葉黃素等保健食品，但目前尚未吃完。
    5) 客戶有使用保養品，但不是使用東森指定的保養品。

5. 禁忌
    1) 客戶表示不需要藥品，並提到目前沒有購買東西的需求。
    2) 客戶提到如果商品可以使用優惠券購買，才會考慮購買，否則不購買。
    3) 客戶提到她的東森幣應該有三千多塊，而非一千二，並提到她不知道自己有一張五九九的兌換券。
    4) 客戶提到她需要的東西無法使用點數或折價券購買。",1
26833697,女,60.0,屏東縣萬巒鄉,Z,雙子座,5231,否,否,否,否,否,是,否,否,334397.95236,179,85131.42856999999,24,4438.095240000001,2,0.0,0,2838.09524,1,75900.95236999998,21,56979.99999999999,10,2838.09524,1,0.0,0,2838.09524,1,否,否,是,否,否,否,0,否,否,否,否,否,0,是,否,否,"1. 家庭關係
    1) 客戶有三個女兒，其中大女兒在十一月份結婚，小女兒在一月份結婚，婚禮安排得很簡單，只是登記結婚後再請客。
    2) 客戶的兒子和女兒都在醫院工作。
    3) 客戶的女兒是安利的直銷商，會購買安利的產品給她。

2. 健康狀況
    1) 客戶提到體重沒有減輕，但感覺身體變得更結實，穿衣服感覺更合身。
    2) 客戶容易流汗，因此已經一年沒有使用保養品，並表示不喜歡擦保養品。

3. 職業背景
    1) 客戶目前沒有工作，經濟狀況比較緊張，需要依靠子女的支持。

4. 健康食品使用心得
    1) 客戶平時食用安利的保健食品和保養品，認為安利的產品很貴。
    2) 客戶的女兒購買了安利的益生菌和橄欖油給她，但她還沒吃完。
    3) 客戶之前購買過自然美的時空膠產品，並表示使用效果還可以。
    4) 客戶之前在東森購買過台鹽的如意美產品，並表示效果不錯。
    5) 客戶提到李麗人代言的B群產品效果不錯，但未明確表示是否仍在使用該產品。
    6) 客戶之前有購買過奧利塔橄欖油和玄米油。

5. 禁忌
    1) 客戶目前家中還有兩瓶保養品未使用完，最近不需要購買B群或其他保養品。
    2) 客戶不喜歡擦保養品，因為容易流汗。",1
26845225,男,64.0,新北市新店區,D+,白羊座,5206,否,否,是,否,否,否,是,否,45184.33333,24,34766.666659999995,15,28176.19047,11,27510.47618,10,0.0,0,33823.80951,16,31928.57142,14,28176.19047,11,27510.47618,10,0.0,0,否,否,是,否,否,否,0,否,否,否,否,否,0,否,否,否,"1. 家庭關係
    1) 客戶與丈夫住在一起，丈夫上晚班，客戶上早班。
    2) 客戶有小朋友，並提到女兒和她的朋友曾經不小心購買了一組益生菌。
    3) 客戶的姐姐比她大約十五歲，姐姐曾吃膏狀保健品一天四顆。
    4) 客戶提到家中有兩台變頻冷氣和兩台非變頻冷氣。

2. 健康狀況
    1) 客戶有老花眼問題，並有輕微骨質疏鬆及結石問題，不能攝取過多鈣質。
    2) 客戶表示健康檢查報告中僅有脂肪相關問題，並無其他紅字。
    3) 客戶曾經出過車禍，目前上下樓梯不會感到疼痛，情況比去年改善許多。
    4) 客戶正在減肥，睡眠品質還好，並表示服用活泉保健品後睡眠品質有所改善。
    5) 客戶表示目前拉肚子的情況已改善，但曾因服用某款膠囊拉肚子而不敢再吃該產品。

3. 職業背景
    1) 客戶的工作性質是顧大樓安全，採排班制，四天工作後會連休兩天。
    2) 客戶平日搭公車上下班，白天在東華南路上班，晚上回新店居住，但目前不坐公車。

4. 健康食品使用心得
    1) 客戶有服用保健食品，包括B群、魚油、葉黃素、鈣片及活泉保健品，並表示服用金色罐子的白色膠囊後精神和體力有所改善。
    2) 客戶曾服用挺立鈣強力錠，並表示下次有貨時希望再購買，且已決定再次購買一組。
    3) 客戶表示早上空腹服用保健食品，曾一天吃四顆保健食品，後來改為正常劑量。
    4) 客戶提到家人有服用保健食品，並建議早上空腹服用。
    5) 客戶表示消化狀況因服用保健食品而變得比較不好。

5. 禁忌
    1) 客戶表示不能攝取過多鈣質，並對幹細胞產品沒有興趣。
    2) 客戶提到家裡有很多益生菌，但自己並沒有在吃。
    3) 客戶表示曾看到粒線體相關廣告，但未表明了解程度，且目前不曉得粒線體產品的具體效果。
    4) 客戶提到之前吃某款膠囊會拉肚子，因此不敢再吃該產品。",1
26880279,女,64.0,新北市蘆洲區,D+,獅子座,5120,否,否,否,否,否,是,是,否,129097.14287999998,56,76760.95239,24,8204.761899999998,8,0.0,0,1600.0,1,45027.61905,9,45027.619050000016,9,3804.7619,5,0.0,0,0.0,0,否,否,是,否,否,否,0,否,否,否,否,否,0,否,否,否,"1. 家庭關係
    1) 客戶的先生因跌倒導致髖關節問題，已進行九次手術，目前正在住院並需要洗腎，預計明天出院。
    2) 客戶提到她有進行愛心捐贈，並將購買的物品捐贈給東森慈善基金會。

2. 健康狀況
    1) 客戶目前人在醫院住院。
    2) 客戶的先生因髖關節手術住院，並需要洗腎。

3. 職業背景
    1) 客戶提到她目前正在工作。
    2) 客戶要求配送時間為下午五點後，因擔心工作時不在家。

4. 健康食品使用心得
    1) 客戶曾購買並食用多種保健食品，包括HA骨關節保健食品、葉黃素、臺大人蔘的活泉、鴕鳥精、幹細胞相關產品及顧骨頭外米提產品。
    2) 客戶表示每天早上食用兩顆HA骨關節保健食品，但未感受到明顯改善。

5. 禁忌
    1) 客戶目前表示不需要保健食品。
    2) 客戶提到目前沒有特別需要購買的商品。",1
26909456,女,74.0,桃園市中壢區,E,水瓶座,5055,否,否,是,否,否,是,是,否,300145.71429,185,149801.90478,82,48595.23807000001,18,39728.57141999999,11,2371.42857,1,88113.33332,28,73313.33332,22,33293.333309999995,9,30093.33332,6,0.0,0,否,否,是,否,否,否,0,否,否,否,否,否,0,否,否,否,"1. 家庭關係
    1) 客戶與丈夫共同生活，丈夫經常幫忙買菜，且有時會查看目錄內容。
    2) 客戶的媳婦與她同住，並曾幫助她購買保健食品和其他產品。
    3) 客戶提到有一位孫子，最近壓力較大。

2. 健康狀況
    1) 客戶患有糖尿病，血糖控制良好，糖化血色素降至6.7，並定期抽血檢查健康狀況。
    2) 客戶有青光眼和白內障，並詢問相關保健品的幫助。
    3) 客戶有皮膚過敏和癢的問題，尤其晚上睡覺時較為嚴重，曾使用西藥治療。
    4) 客戶有末梢神經問題，手腳冰冷，但目前狀況有所改善。
    5) 客戶曾跌倒導致骨折，進行手術後正在復健中，手術使用了鈦金屬。
    6) 客戶有貧血問題，三酸甘油酯和膽固醇數值偶爾偏高。
    7) 客戶的丈夫有靜脈曲張問題，經常抽筋和腳痛，並有骨頭疼痛的情況。
    8) 客戶的丈夫最近眼睛狀況改善，較少使用眼藥水。

3. 職業背景
    1) 未提及具體職業背景。

4. 健康食品使用心得
    1) 客戶和丈夫經常服用保健食品，根據身體反應調整使用，早上和下午分別服用不同的保健品。
    2) 客戶曾服用白藜蘆醇、B群、魚油、葉黃素、益生菌、胎盤素、紅棗、核桃、杏仁果、葡萄乾、蔓越莓乾等，部分產品效果良好，如白藜蘆醇對疲勞有幫助，魚油對末梢神經有改善，葉黃素對眼睛保養有效。
    3) 客戶的丈夫服用某些保健品後感覺有效，特別是維骨力對關節問題有幫助。
    4) 客戶的早餐包含健康食材，如核桃、紅藜麥、黑米、杏仁粉、紅棗等，認為早上飲食需營養。
    5) 客戶對萬歲牌堅果、紅棗、葡萄乾等產品有良好評價，並有購買萬歲牌新產品的意願。
    6) 客戶曾購買過日光、妍美会、V8等品牌的保健食品，對部分產品效果不明顯。
    7) 客戶認為搭配魚油服用葉黃素效果較好，並選擇少量服用含丹蔘的保健食品以促進心血管健康。

5. 禁忌
    1) 客戶不能吃膠原蛋白，因為會導致血壓升高。
    2) 客戶服用薑黃後會失眠，因此選擇早上或中午服用。
    3) 客戶對保養品攝取量過多，並對某些產品效果持懷疑態度。
    4) 客戶曾因胎盤素導致便秘而停止使用。",1
26912618,女,82.0,屏東縣新園鄉,Z,天秤座,5047,否,否,是,否,否,否,是,否,91734.28565000002,58,22797.142840000004,16,15206.66665,12,3425.71428,3,0.0,0,5568.57142,4,1102.85714,2,1102.85714,2,0.0,0,0.0,0,否,否,是,否,否,否,0,否,否,否,否,是,0,否,否,否,,1
26916209,女,62.0,台北市信義區,Z,雙魚座,5039,否,否,否,否,否,否,否,否,16951.42857,12,7788.57143,6,6741.904759999999,5,0.0,0,0.0,0,1409.52381,1,1409.52381,1,1409.52381,1,0.0,0,0.0,0,否,否,是,否,否,否,1,否,否,否,否,否,0,否,否,否,,1
26923567,女,71.0,高雄市橋頭區,E,白羊座,5021,否,否,否,否,否,是,是,否,263206.66663,111,39734.28570000001,15,2854.28571,6,0.0,0,2854.28571,3,185865.71429,39,31536.19047,10,2854.28571,6,0.0,0,2854.28571,3,否,否,是,否,否,否,0,否,否,否,否,否,0,否,否,否,"1. 家庭關係
    1) 客戶有一名女兒在藥房擔任助理。
    2) 客戶的兒子會因為她亂買東西而責備她。
    3) 客戶的小孩不喜歡使用外用的保養品。

2. 健康狀況
    1) 客戶70歲，患有高血壓和血糖問題，需隔天服用半顆相關藥物。
    2) 客戶最近頭髮掉得很多，且晚上睡眠不好，經常睡不著或容易醒來。
    3) 客戶每天都很有精神，並且每三個月會抽血檢查健康狀況。
    4) 客戶目前正在進行復健。

3. 職業背景
    1) 客戶目前在醫療院所工作，主要負責照顧病人。
    2) 客戶提到她目前在公司上班，工作時間到下午五點。

4. 健康食品使用心得
    1) 客戶目前服用安麗的營養品，包括魚油和基礎營養品，每月花費不少。
    2) 客戶有服用幹細胞產品，每天早上吃一顆，並提到之前購買的幹細胞產品還未全部使用。
    3) 客戶有使用葉黃素，但使用頻率很少，只有想到時才會吃。
    4) 客戶曾購買過龜鹿精和鴕鳥精，但因過期未再食用。
    5) 客戶曾購買過蚓激酶產品，但未使用。
    6) 客戶提到她有使用美白的口服產品。
    7) 客戶表示她目前有很多保健品還未吃完。

5. 禁忌
    1) 客戶不會上網購物，通常是看到電視上的產品才會購買。
    2) 客戶表示她現在不喜歡購物。
    3) 客戶很少使用外用的保養品。",1
26926315,男,76.0,台中市北屯區,D+,金牛座,5015,否,否,否,否,否,否,是,否,24503.809519999995,15,17893.33333,11,2828.57143,1,2828.57143,1,0.0,0,6609.52381,3,6609.52381,3,2828.57143,1,2828.57143,1,0.0,0,否,否,是,否,否,否,0,否,否,否,否,否,0,否,否,否,,1
26953499,男,59.0,台中市大甲區,D,雙魚座,4952,否,否,否,否,否,否,否,否,52447.61905000001,16,3939.04762,5,760.95238,1,0.0,0,0.0,0,2044.7619,3,2044.7619,3,760.95238,1,0.0,0,0.0,0,否,否,否,否,否,否,0,否,否,否,否,否,0,否,否,否,,1
26960722,女,48.0,台北市大安區,Z,巨蟹座,4936,否,否,是,否,否,是,是,否,315168.57141999993,52,128452.38095000002,23,19350.47619,6,18304.76191,2,0.0,2,282404.76191,24,115108.57143,13,19008.57143,3,18304.76191,2,0.0,0,否,否,否,否,否,否,0,否,否,否,否,否,0,否,否,否,"1. 家庭關係
    1) 客戶與先生及婆婆同住，婆婆年齡約七十多歲，可能有輕度失智症狀。
    2) 客戶的父母健康狀況屬於重度，需控制情緒並定期檢視，目前尚未聘請長照服務。
    3) 客戶的家人中有人有自律神經失調問題，曾摔倒並有坐骨神經痛，且有家人接受過心臟支架手術。
    4) 客戶的先生有痛風問題，並可能有意願訂購年菜。

2. 健康狀況
    1) 客戶每天排便兩次，代謝狀況良好，但有乾眼症問題。
    2) 客戶曾去榮總看診，並提到腎臟不好的情況下是否可以食用高蛋白產品。
    3) 客戶的婆婆和先生也可以一起食用褐藻保健品。
    4) 客戶提到一位長輩患有遺傳性高膽固醇，曾中風且裝了心臟支架，心臟狀況不佳，走路容易喘，需注意心律不整。

3. 職業背景
    1) 客戶目前在工作室工作，因工作需要中餐隨便吃。
    2) 客戶的下班時間正常，通常六點多到家。

4. 健康食品使用心得
    1) 客戶目前服用褐藻產品，每天一顆，曾購買過二十一盒作為長期保養，認為褐藻有助於感冒恢復和減少咳嗽。
    2) 客戶服用益生菌，認為有助於排便，但容易引起拉肚子，需調整食用方式。
    3) 客戶曾購買德國原裝進口氨基酸產品，了解其新版添加了精胺酸和精氨酸，對心血管健康有幫助，並提到精胺酸有助於改善睡眠。
    4) 客戶有飲用氨基酸產品，直接飲用未加水稀釋，主要為長輩購買。
    5) 客戶有食用幹細胞產品，認為新版幹細胞產品針對免疫系統疾病有加強效果，並能幫助減少白色脂肪轉化為棕色脂肪，對減肥有幫助。
    6) 客戶有使用葉黃素產品保養眼睛，並收到葉黃素果凍禮物。
    7) 客戶提到曾購買過某些品牌的益生菌，但未見特別效果。
    8) 客戶提到她吃過臺大幹細胞產品，並使用過第三代活泉幹細胞產品。
    9) 客戶提到她隨便吃酸澀黎麥五味耳，並未特別注意食用方式，但會搭配牛奶飲用。
    10) 客戶提到她之前有吃過褐藻，但目前未使用新版的產品。

5. 禁忌
    1) 客戶提到益生菌容易引起拉肚子，需調整食用方式。
    2) 客戶詢問褐藻是否適合正在進行化療的人食用。
    3) 客戶提到腎臟不好的情況下是否可以食用高蛋白產品。",1
26974331,女,40.0,南投縣南投市,D+,射手座,4902,否,否,否,否,否,否,是,否,68829.52382,23,13184.76191,8,5657.14286,1,5657.14286,1,0.0,0,11314.28572,2,5657.14286,1,5657.14286,1,5657.14286,1,0.0,0,否,否,否,否,否,否,0,否,否,否,否,否,0,否,否,否,,1
26976360,女,38.0,高雄市鼓山區,E,雙魚座,4898,否,否,是,否,否,否,是,否,70040.95239,24,64746.66667,20,7553.333340000001,7,6353.333340000001,4,0.0,1,33067.61905,7,33067.61905,7,0.0,2,0.0,0,0.0,1,否,否,否,否,否,否,0,否,否,否,否,否,0,否,否,否,"1. 家庭關係
    1) 客戶有一位63歲的母親，母親的購物通常由客戶代為處理，並且母親有骨骼相關健康問題。
    2) 客戶有一位五歲的小朋友，並提到小朋友有便秘問題。
    3) 客戶目前在安徽的娘家，家中有長輩，可能需要幫助代收快遞。

2. 健康狀況
    1) 客戶的母親膝蓋內軟骨已磨損殆盡，骨頭狀況不好，走路不能走太久，會感到疼痛，可能有骨質疏鬆問題，但尚未就醫。
    2) 客戶的五歲小朋友有便秘問題。
    3) 客戶剛開始服用葉黃素，目前效果尚未明顯。

3. 職業背景
    1) 未提及具體職業背景。

4. 健康食品使用心得
    1) 客戶曾購買過茸以及，並表示效果不錯。
    2) 客戶的母親正在服用甘味人蔘膠原錠，效果不錯，且曾購買過曾國城代言的甘味人蔘膠原錠。
    3) 客戶剛開始服用葉黃素，並給母親一起服用，但效果尚未明顯。
    4) 客戶考慮讓小朋友服用益生菌產品以改善便秘問題。
    5) 客戶曾購買過華陀的產品，並吃過補骨胜肽，但覺得價格太貴。

5. 禁忌
    1) 客戶對於價格較高的保健品（如補骨胜肽）較為敏感，可能會考慮價格因素。
    2) 客戶可能會優先考慮將折扣用於自己，而非母親。",1
28018562,女,48.0,新北市林口區,C,雙子座,4766,否,否,否,否,否,否,是,否,19786.66668,13,10007.61905,6,6789.52381,4,5000.0,2,0.0,0,13216.19048,8,10007.61905,6,6789.52381,4,5000.0,2,0.0,0,否,否,否,否,否,否,0,否,否,否,否,否,0,否,否,否,"1. 家庭關係
    1) 客戶目前離婚，沒有配偶。
    2) 客戶有兩個小孩，大孩已經二十六歲，小孩之間的年齡差距約十五歲。
    3) 客戶的小孩目前兩歲，曾提到小孩本月滿一歲，可能有誤。
    4) 客戶提到小孩最近住院，正在醫院陪伴小孩出院。
    5) 客戶需要在下班後接小孩下課，並且平時需要照顧小孩。

2. 健康狀況
    1) 客戶的小孩曾感染腸病毒。
    2) 客戶提到腸胃健康與益生菌有關，曾購買益生菌給小孩使用。
    3) 客戶之前有吃過顧骨頭的鹿角鈣，但目前已停止使用。

3. 職業背景
    1) 客戶平常上班時間是早上八點到下午五點半，中午十二點左右是休息時間。
    2) 客戶目前正在工作，尚未下班。
    3) 客戶平時在林口使用摩托車作為交通工具。

4. 健康食品使用心得
    1) 客戶剛購買了挺立鈣產品，並提到之前有人送益生菌給她。
    2) 客戶認為益生菌與腸胃健康有關，曾購買益生菌給小孩使用。
    3) 客戶目前有在使用其他品牌的葉黃素。
    4) 客戶之前有吃過顧骨頭的鹿角鈣，但現在已停止使用。

5. 禁忌
    1) 客戶目前不需要再購買產品，因為剛購買了挺立鈣。
    2) 客戶希望三月份送貨，因為下週不在家。",1
28044258,女,66.0,台南市新市區,C,雙魚座,4736,否,否,否,否,否,是,是,否,261937.1428,104,42325.71427,15,7617.14286,2,7617.14286,2,0.0,0,127143.80949999996,27,35859.0476,11,7617.14286,2,7617.14286,2,0.0,0,否,否,否,否,否,否,0,否,否,否,否,否,0,否,否,否,"1. 家庭關係
    1) 客戶目前單身，現在一個人住。
    2) 客戶的兒子正在服用益生菌和降體脂肪的產品，並且比較忙。
    3) 客戶提到家中有老人家住院，需要照顧，並由她的妹妹和弟弟協助。
    4) 過年期間，客戶會回家與家人輪流照顧住院的老人家。
    5) 客戶的長輩住在台中。

2. 健康狀況
    1) 客戶每天早上會吃一顆益生菌，並持續食用家中存有的益生菌。
    2) 客戶的頭皮比較特殊，許多產品無法使用。
    3) 客戶目前在服用某品牌的葉黃素，並認為效果很好。
    4) 客戶有在使用幹細胞產品，這些產品是由孩子帶回來的。
    5) 客戶提到朋友的妻子研發了一款針對眼睛健康的產品，對白內障術後的乾眼症有幫助。

3. 職業背景
    1) 客戶目前正在上班，工作繁忙，經常一大早出門，晚上才回家。
    2) 客戶的同事從事與粒線體相關的產品工作。
    3) 客戶的同學從事與國外生技相關的工作。

4. 健康食品使用心得
    1) 客戶喜歡購買益生菌，曾經購買過東森的一款藍色盒子的益生菌，並且持續食用。
    2) 客戶的兒子也在服用益生菌，並且家中還有存貨。
    3) 客戶認為某品牌的葉黃素效果很好，該產品由朋友的妻子研發，尚未大量上市。
    4) 客戶曾購買過壓力褲，並在運動時穿著，感覺很舒服。
    5) 客戶有購買過PV品牌的高腰褲，並認為高工產品省錢又省時。
    6) 客戶有使用雅頓品牌的保養品，並購買了雅頓的美白煥膚霜，價格約兩千多元。

5. 禁忌
    1) 客戶不會購買溫補類的產品。
    2) 客戶不會去外面吃飯。
    3) 客戶的頭皮較為敏感，許多產品無法使用。",1
28076764,男,85.0,苗栗縣苗栗市,C,白羊座,4698,否,否,否,否,否,否,是,否,349301.9047,79,65656.19047,8,65656.19047,8,65276.19047,7,0.0,0,297616.19044000003,53,65656.19046999999,8,65656.19047,8,65276.19047,7,0.0,0,否,否,否,否,否,否,0,否,否,否,否,否,0,否,否,否,"1. 家庭關係
    1) 客戶提到自己經濟狀況不佳，因為兒子在經營生意但沒有收入。
    2) 客戶提到最近十年內有購買過新房子。

2. 健康狀況
    1) 客戶84歲，男性，曾經做過心導管手術，並且有裝心臟支架。
    2) 客戶有小中風病史，右手和右腳有時無力，走路會感到疲累，並且有時會抽筋。
    3) 客戶有自律神經失調，主要表現為皮膚狀況不佳和睡眠問題。
    4) 客戶有皮膚不適的情況，可能與免疫系統或角質代謝有關，並提到有皮膚皰疹過敏的問題，可能與農藥有關。
    5) 客戶早上有吃藥，晚餐時間通常是下午五點半到六點，睡覺時間是晚上十點。
    6) 客戶表示最近都待在家裡，外出較少。

3. 職業背景
    1) 客戶未提及具體職業背景，但提到兒子正在經營生意。

4. 健康食品使用心得
    1) 客戶有服用幹細胞膠囊和飲品，通常是喝完飲品後再服用膠囊，每天固定服用一顆。
    2) 客戶有服用日本進口的自律神經保健食品，主要在早上飯後服用。
    3) 客戶每天吃一包藥證高。
    4) 客戶有服用魚肝油，每天一顆。
    5) 客戶有在吃蚓激酶，為紅色盒裝產品，但尚未吃完。
    6) 客戶有服用膠囊形式的保健品，主要針對骨頭關節保養。

5. 禁忌
    1) 客戶尚未開始服用專員提到的養神膏。
    2) 客戶提到目前不需要購買維他命C產品。
    3) 客戶表示不需要分潤券，也不需要日用品。",1
28081674,女,78.0,新北市新店區,D+,雙子座,4693,否,否,否,是,否,是,否,否,130539.99999,53,24680.95236,20,9581.90476,4,0.0,0,6372.38095,1,79981.90475999999,22,11312.38094,7,6372.38095,1,0.0,0,6372.38095,1,否,否,是,否,否,否,0,否,否,否,否,否,0,否,否,否,"1. 家庭關係
    1) 客戶提到她有一位女兒，從事醫美相關工作。
    2) 客戶的女兒曾幫她進行幹細胞療程。

2. 健康狀況
    1) 客戶提到自己78歲，認為自己已經老了。
    2) 客戶表示不需要干眼症的產品，並提到送錯了。

3. 職業背景
    1) 客戶目前正在打工。
    2) 客戶目前正在上課。

4. 健康食品使用心得
    1) 客戶曾購買過東森購物的膠原飲、黑豆油產品、B群產品，並認為黑豆油對眼睛有幫助，B群一天只需服用一顆。
    2) 客戶購買過萬歲牌的堅果、小魚乾產品（買四十包送四包）、青春露（目前仍在使用）及自然美的保養品。
    3) 客戶提到她有很多保養品和藥品，但有些藥品未使用，並表示昨天才開始整理。
    4) 客戶手邊還有胎盤精萃霜，並表示只需要保濕的保養品，對其他產品沒有興趣。

5. 禁忌
    1) 客戶對干眼症產品不感興趣，認為不需要。
    2) 客戶對非保濕類的保養品沒有興趣。",1
28117308,女,65.0,新北市鶯歌區,D+,白羊座,4653,否,否,否,否,否,是,是,否,175679.04758,127,53559.99998000002,37,18284.7619,10,3808.57143,1,4628.57143,2,31484.7619,14,19102.85714,9,8437.14286,3,3808.57143,1,4628.57143,2,否,否,是,否,否,否,0,否,否,否,否,否,0,否,否,否,"1. 家庭關係
    1) 客戶提到家人不住在一起。
    2) 母親節時曾去彰化和花蓮旅行。

2. 健康狀況
    1) 客戶目前膝蓋偶爾感覺卡卡，但並無重大健康問題。
    2) 客戶有輕微的飛蚊症，且症狀越來越嚴重。
    3) 客戶本身有近視，但未提到服用深海魚油。
    4) 客戶表示沒有服用慢性處方簽藥物，也沒有高血壓、高膽固醇或高血脂問題。

3. 職業背景
    1) 客戶尚未完全退休。
    2) 客戶是東森購物的十五年會員，屬於準爵會員等級。

4. 健康食品使用心得
    1) 客戶目前服用葉黃素膠囊以保養眼睛，並剛開始服用，購自東森。
    2) 客戶有服用益生菌進行保養，並提到東森型錄中有相關產品。
    3) 客戶曾服用保潔三合一、挺立、葡萄糖胺等保健食品，並根據效果調整使用。
    4) 客戶目前服用挺立保健食品以膝蓋保養，非每天服用，而是膝蓋感覺卡卡時才服用。
    5) 客戶曾購買過軟骨素錠，但後來改成挺立，並透過東森購物購買。

5. 禁忌
    1) 客戶平常沒有吃B群。
    2) 客戶表示平常不常化妝，但會使用防曬產品。",1
28140964,女,36.0,新北市三重區,C,摩羯座,4900,否,否,是,是,否,是,是,否,160746.66671,39,102497.14287999996,14,15199.04763,4,11314.28572,2,2647.61905,1,111601.9048,17,88973.33335999999,13,15199.04763,4,11314.28572,2,2647.61905,1,是,否,否,否,否,否,1,否,否,否,否,否,0,否,否,否,"1. 家庭關係
    1) 客戶家裡有小朋友。
    2) 客戶的先生腸胃比較不好。
    3) 客戶的媽媽年紀較大，專員建議媽媽使用補鈣產品。
    4) 客戶家人的手都比較小。

2. 健康狀況
    1) 客戶目前懷孕，記憶力較差，且不能吃某些保健食品，但可以食用含有B群和魚油的產品。
    2) 客戶懷疑自己懷孕時，曾詢問是否可以飲用玻尿酸產品，專員建議等生完小孩後再使用。
    3) 客戶屬於敏感性肌膚，容易過敏，對杏仁粉敏感，且害怕能為。

3. 職業背景
    1) 客戶工作繁忙，沒有多餘的時間管理投資。
    2) 客戶賺來的錢主要存銀行，沒有時間進行其他投資。

4. 健康食品使用心得
    1) 客戶主要食用葉黃素，對葉黃素產品有需求，並多次購買，曾購買過12盒及24盒，並表示葉黃素產品快用完，計劃下個月購買。
    2) 客戶提到葉黃素是從國外帶回來的，並表示冰箱可以放得下購買的商品。
    3) 客戶對玻尿酸產品的品牌有興趣，並開始飲用玻尿酸。
    4) 客戶曾使用直銷的保養品，覺得適合自己的肌膚。

5. 禁忌
    1) 客戶目前懷孕，不能吃任何保健食品，但可以食用含有B群和魚油的產品。
    2) 客戶不需要動物產品、幹細胞產品及苦茶油，因為她每天不做飯。
    3) 客戶不吃其他保健食品如玻尿酸、B群、益生菌等，僅食用葉黃素。
    4) 客戶對杏仁粉敏感，並害怕能為。",1
28146403,男,73.0,台中市后里區,D,水瓶座,4620,否,否,否,否,否,是,是,否,834258.0952900001,111,308105.71429,29,951.42857,1,0.0,0,951.42857,1,787368.5714900001,75,304124.76191,24,951.42857,1,0.0,0,951.42857,1,否,否,是,否,否,否,1,否,否,否,否,否,0,是,否,否,"1. 家庭關係
    1) 客戶提到家中有兩個子女，幾乎每天都在一起。
    2) 客戶表示家裡沒有人照顧他，家人白天都在上班。
    3) 客戶提到家中有拜拜的習慣。
    4) 客戶提到家人在使用幹細胞相關產品。

2. 健康狀況
    1) 客戶患有腎臟衰竭，腎絲球過濾率為98，目前正在住院接受治療，醫生正在評估出院時間。
    2) 客戶患有B型肝炎，肝指數較高但不是主要問題，並有胃食道逆流的症狀，曾做過胃鏡檢查。
    3) 客戶近期完成白內障手術，需定期回診檢查恢復情況。
    4) 客戶表示記憶力退化，容易忘東忘西。
    5) 客戶提到目前身體狀況良好，僅靠藥物控制健康，並每月服用藥物及定期回診。
    6) 客戶提到目前稍微有點不舒服。

3. 職業背景
    1) 客戶表示自己今年72歲，屬龍，42年次，已經退休。
    2) 客戶提到自己以前是高工，並非老師或公務員。
    3) 客戶表示目前沒有收入，且很久沒有上班。

4. 健康食品使用心得
    1) 客戶表示曾經購買過保健品，包括粒線體相關產品、膠原蛋白、牛樟芝、葉黃素、益生菌、蚓激酶和褐藻等，但目前手邊還有很多保健食品未吃完。
    2) 客戶提到每天服用液態益生菌一顆，前幾個月每天服用兩顆產品，後來改為每天服用一顆作為保養。
    3) 客戶提到醫生建議術後服用葉黃素進行保養，但認為價格昂貴，目前未服用。
    4) 客戶表示知道牛樟芝的相關資訊，並選擇購買四組牛樟芝，分十二期付款。
    5) 客戶提到曾使用德國進口的氨基酸產品，並曾購買過某品牌的洗衣精，習慣使用該品牌產品。

5. 禁忌
    1) 客戶提到腎臟有問題，醫生建議不要吃保健品，目前僅服用醫生開的藥物。
    2) 客戶提到已經停止喝酒，並需控制飲食習慣。
    3) 客戶表示目前沒有購買燕窩的需求，且不需要使用東森幣進行折扣。",1
28162928,男,73.0,新北市三重區,D,摩羯座,4601,否,否,否,否,否,是,是,否,161418.09522,120,35065.714280000015,34,5729.523810000001,4,4913.33333,3,0.0,0,35959.04761,12,16187.61904,8,4913.33333,3,4913.33333,3,0.0,0,否,否,是,否,否,否,0,否,否,否,否,否,0,否,否,否,"1. 家庭關係
    1) 客戶提到家裡使用衛生紙的人不多。
    2) 客戶表示太太有在購買生活用品。

2. 健康狀況
    1) 客戶提到自己七十一歲，並表示目前仍在食用漢方益生菌。
    2) 客戶有在服用益生菌，並偏好健胃整腸的益生菌產品，且會更換不同品牌進行輪替使用。
    3) 客戶表示奇異果口味的益生菌有助於排便順暢，且具有溫和性，並提到其具有預防大腸癌的功能。
    4) 客戶表示目前有在使用葉黃素，曾購買過第二代和第三代產品。
    5) 客戶表示目前還在使用其他攝護腺相關產品，並考慮是否購買南瓜籽升級版膠囊。

3. 職業背景
    1) 客戶表示目前在上班，回家時間為七點以後。
    2) 客戶提到明天是休息日。

4. 健康食品使用心得
    1) 客戶曾購買益生菌產品，並提到華陀益生菌產品，主要功能是預防大腸癌。
    2) 客戶表示奇異果口味的益生菌具有溫和性，且有助於排便順暢。
    3) 客戶提到目前有在使用別家的游離型保健食品。
    4) 客戶表示她也有在吃葉黃素，並曾購買過第二代和第三代產品。
    5) 客戶提到上次購買的是黃綠色盒子的益生菌，主要功能是預防大腸癌。

5. 禁忌
    1) 客戶表示假日管理室不收貨。
    2) 客戶要求送貨日期要準確，並表示製造日期最重要。",1
28167062,女,56.0,雲林縣褒忠鄉,D+,射手座,4597,否,否,是,否,否,是,是,否,383833.33329,235,65046.66664999999,28,5684.76191,3,5684.76191,2,0.0,0,20845.714290000004,8,3969.52381,4,2828.57143,2,2828.57143,1,0.0,0,否,否,是,否,否,否,0,否,否,否,否,否,0,否,否,否,"1. 家庭關係
    1) 客戶家中養了一隻飼養一年多的狗。
    2) 客戶有一個兒子，會幫忙購買日常用品。
    3) 客戶有一個正在讀大學的女兒，經常熬夜，並有服用B群。
    4) 客戶的母親可能不會使用某些產品。

2. 健康狀況
    1) 客戶有關節疼痛的症狀。
    2) 客戶有高血壓，並且有服用降血壓的藥，且隨身攜帶。
    3) 客戶的眼睛有先天性問題，四十多歲時曾進行白內障手術，距今已有五六年。
    4) 客戶目前有在服用一些慢性處方藥，但不想混合服用其他保健品，因為會忘記服用時間。

3. 職業背景
    1) 客戶目前在做生意，工作繁忙，有時候會晚下班。
    2) 客戶表示最近工作繁忙，沒有時間看電視。

4. 健康食品使用心得
    1) 客戶曾購買並食用B群，但對效果感覺一般，後來停止服用。
    2) 客戶目前主要服用顧骨頭的保健品，這些產品由女兒幫忙購買。
    3) 客戶會在早上服用蔓越莓膠囊來保養泌尿道。
    4) 客戶之前有使用過東森的保健食品，並表示昨天早上有吃兩顆剛買的保健食品。

5. 禁忌
    1) 客戶不想混合服用慢性處方藥與其他保健品，因為擔心會忘記服用時間。
    2) 客戶對於不習慣的商品不會再購買，曾退過不合適的內衣。",1
28280012,女,62.0,台東縣台東市,D,處女座,4477,否,否,否,是,否,是,否,否,95630.47617,71,23358.09524,17,5104.7619,4,0.0,0,1800.0,1,8914.28572,3,1800.0,1,1800.0,1,0.0,0,1800.0,1,否,否,是,否,否,否,0,否,否,否,否,否,0,否,否,否,"1. 家庭關係
    1) 未提及具體家庭關係。

2. 健康狀況
    1) 客戶目前因頭痛問題，醫生建議不能食用任何保健食品。
    2) 客戶提到身體需要自己照顧。

3. 職業背景
    1) 客戶目前從事業務工作，仍在處理公司事務。
    2) 客戶提到等一下要出去見客戶。

4. 健康食品使用心得
    1) 客戶過去曾購買和使用賀寶芙高蛋白產品，但目前已停止使用。
    2) 客戶表示有時候購買的保健食品會放到壞掉。
    3) 客戶曾購買過葉黃素，但目前不需要再購買，因為家中已有存貨。

5. 禁忌
    1) 客戶目前不能吃任何保健食品，醫生建議避免食用，原因是頭痛。
    2) 客戶為素食者。",1
28281826,女,54.0,屏東縣潮州鎮,A,雙子座,4475,否,是,是,是,否,是,是,否,1498057.1428799997,354,1014260.9523699993,191,381667.6190800001,55,300322.8571399999,29,56192.38098000001,13,1253154.2856800002,197,922717.1428199994,144,377595.23812,52,300322.85714,29,56192.38098,13,是,否,是,否,否,否,0,否,否,否,是,否,0,否,否,否,"1. 家庭關係
    1) 客戶有三個子女，其中一位女兒曾幫忙工作，兒子和女兒都會幫忙整理家務。
    2) 客戶家中有老人需要照顧，且老人對其購物行為表示不滿。
    3) 客戶的老公有攝護腺問題，尿頻嚴重，並有服用益生菌。
    4) 客戶的女兒和媽媽都有在服用保健品，女兒心跳過快，醫生建議檢查心臟。
    5) 客戶的兒子以前容易得中耳炎，需看醫生和吃抗生素。
    6) 客戶家中沒有養寵物。

2. 健康狀況
    1) 客戶目前正在經歷更年期，月經不規律且量多，並有更年期症狀如體重增加、掉髮、白髮等。
    2) 客戶有高血壓、支氣管擴張、支氣管過敏、足底筋膜炎、膝關節炎、牙齒問題、失眠、腸胃敏感等健康問題。
    3) 客戶的主要健康關注為心臟和體力，並有血壓高的問題。
    4) 客戶最近瘦了三公斤，但也提到因某產品體重增加四公斤。
    5) 客戶的腳曾因發炎無法行走，並有膝蓋發炎的問題。
    6) 客戶的家人中有兩人有心臟問題，並曾就診心臟科。

3. 職業背景
    1) 客戶目前仍在上班，過去從事餐飲業，長時間站立導致職業病。
    2) 客戶經常跑銀行處理事務，並提到去年因女兒幫忙工作，自己較少出門。

4. 健康食品使用心得
    1) 客戶有囤積保健食品的習慣，家中存有大量保健食品，部分產品尚未食用完。
    2) 客戶每天早晚各服用多種保健食品，包括葉黃素、益生菌、白藜蘆醇、褐藻、葡萄糖胺、鈣片、膠原蛋白等，並認為保健食品對身體恢復有幫助。
    3) 客戶對粒線體產品、褐藻、活泉產品等有興趣，並認為其對壓力引起的皮膚問題有幫助。
    4) 客戶對自然美粉紅色系列產品、蘭花霜等護膚品效果滿意，並有使用面膜和眼膜的習慣。
    5) 客戶對於防曬產品有使用習慣，認為防曬必不可少。
    6) 客戶對於排毒產品的效果滿意，特別是針對肝腎的排毒。
    7) 客戶對於金美產品評價不錯，認為其能量成分效果很好。
    8) 客戶對於某些產品如白藜蘆醇、粒線體產品等有興趣，但對價格有所顧慮。

5. 禁忌
    1) 客戶不吃西藥，僅在晚上睡前服用中藥，並對保健食品與西藥的服用時間間隔有疑問。
    2) 客戶不敢吃味道重的保健食品，如人蔘產品和龜鹿膠，並對味道敏感。
    3) 客戶有乳糖不耐症，不能喝牛奶。
    4) 客戶不吃黃豆類食物，考慮補充薑黃。
    5) 客戶對樟芝產品表示不敢食用，並對某些產品過敏。
    6) 客戶需要暫停魚油和蚓激酶的攝取，因為有拔牙計劃。",1
28292474,男,57.0,台北市內湖區,C,雙魚座,4464,否,是,否,否,否,是,是,否,425380.9523,139,222372.38095,39,6227.61905,2,6227.61905,2,0.0,0,245800.95237,43,177900.95238000003,22,6227.61905,2,6227.61905,2,0.0,0,是,否,否,否,否,否,0,否,是,否,是,否,0,否,否,否,"1. 家庭關係
    1) 客戶有一個兒子和一個女兒，女兒未婚懷孕，預計三個月後生產，客戶對此感到困惑。
    2) 客戶的女兒不一定住在家裡，孫女屬龍。
    3) 客戶提到老爸，但未明確說明具體關聯。
    4) 客戶家裡不慶祝生日，家中有觀音請示。

2. 健康狀況
    1) 客戶提到自己腰部有問題，腰椎的量不夠，膝蓋也有問題。
    2) 客戶最近發生車禍，感到很不順，經濟狀況不佳。
    3) 客戶表示自己比較懶，沒有喝酒，且沒有假日。

3. 職業背景
    1) 客戶在國中工作，並提到自己感到累。
    2) 客戶是搬遷企業企業社的負責人。

4. 健康食品使用心得
    1) 客戶曾購買過華陀的滴雞精、土龍鴕鳥精、鹿茸精和龜鹿產品，但提到龜鹿產品對骨頭和關節的效果不明顯。
    2) 客戶對B群產品有興趣，計劃購買兩罐，但目前尚未開始服用。
    3) 客戶每天睡前會吃兩顆魚油，並提到每天服用一顆海豹油，若需加強效果則每天服用兩顆。
    4) 客戶曾換過維他命C產品，對美人膠囊有提及，但未明確表示使用過。
    5) 客戶是華陀品牌的VIP客戶。

5. 禁忌
    1) 客戶沒有喝酒。
    2) 客戶不想參加免費下午茶活動。
    3) 客戶對於使用新竹物流的配送方式不滿意，偏好使用黑貓物流，並要求送貨前先電話聯繫。",1
28300783,男,52.0,台南市中西區,C,射手座,4454,否,是,是,否,否,是,是,否,423363.80944,110,301919.04759000003,50,23618.09522,9,18609.5238,4,951.42857,1,223384.76188000003,25,212010.47616999995,22,19560.952370000003,5,18609.5238,4,951.42857,1,是,否,是,否,否,否,0,否,否,否,是,否,0,否,否,否,"1. 家庭關係
    1) 客戶與母親和姐姐有家庭關係，母親和客戶均為素食者，姐姐上大學後搬出去住，現在不住在一起。
    2) 客戶提到需要確認是否有人在家，家中有人在看電視，母親負責購買和處理洗衣精。

2. 健康狀況
    1) 客戶有腎臟問題、腸炎、胃食道逆流、高血壓、糖尿病前期、三酸甘油酯過高、白內障、飛蚊症和高度近視等健康問題。
    2) 客戶的糖化血色素為5.9，接近糖尿病前期範圍，空腹血糖為89，血糖控制良好。
    3) 客戶體重在64.4公斤到71公斤之間，心臟最近有異常，需進行心電圖和24小時監控檢查。
    4) 客戶有消化不良、代謝變慢、尿蛋白檢測顯示有少量尿蛋白，血紅素數值為3.8，紅血球數量不足。

3. 職業背景
    1) 客戶目前正在工作，提到將物品放在工作台上，而不是隨身攜帶。
    2) 客戶曾經購買過電視，並有過兩次匯款經驗。

4. 健康食品使用心得
    1) 客戶目前服用益生菌、葉黃素、氨基酸、維他命等保健食品，家中還有存貨，包括20幾罐氨基酸、21盒葉黃素和其他保健食品。
    2) 客戶對葉黃素產品的劑量和成分有關注，認為葉黃素凍無防腐劑且效期長，對其有好感。
    3) 客戶的母親也有服用保健食品，包括益生菌和其他產品，效果良好，通常三天服用一次。

5. 禁忌
    1) 客戶為素食者，無法食用含有魚油或非素食成分的產品。
    2) 客戶不能攝取咖啡因、楊桃、葡萄柚、茶葉等食物，並對參片過敏，可能導致排斥反應。",1
28316173,女,64.0,宜蘭縣宜蘭市,Z,水瓶座,4437,否,否,否,否,否,是,是,否,174854.28573,85,55533.33333,14,29600.0,2,28380.95238,1,0.0,0,42263.80950999999,6,32152.38095,2,28380.95238,1,28380.95238,1,0.0,0,否,否,否,否,否,否,0,否,否,否,否,否,0,否,否,否,"1. 家庭關係
    1) 客戶有四個小孩。
    2) 客戶提到曾打電話給媽媽，顯示與母親仍有聯繫。
    3) 客戶提到她的老公，但未提及具體互動情況。

2. 健康狀況
    1) 客戶未提及具體健康問題，但她的飲食習慣為素食。

3. 職業背景
    1) 客戶未提及具體職業背景，但目前正在辦理搬家，新家仍在裝潢中。

4. 健康食品使用心得
    1) 客戶曾購買過膠原蛋白粉和瘦身代謝產品，顯示對健康食品有一定需求。
    2) 客戶還曾購買過艾多美的產品，對該品牌有一定認可。
    3) 客戶曾為老公購買鴕鳥龜鹿精，但老公未食用。

5. 禁忌
    1) 客戶為素食者，可能對非素食產品有所忌諱。",1
28394943,女,75.0,高雄市大寮區,D+,白羊座,4365,否,否,否,否,否,否,是,否,81480.0,37,43093.33333,14,5657.14286,1,5657.14286,1,0.0,0,57329.523810000006,19,41190.47619,12,5657.14286,1,5657.14286,1,0.0,0,否,否,是,否,否,否,0,否,否,否,否,否,0,否,否,否,,1
28405632,女,76.0,新北市新莊區,Z,處女座,4354,是,否,否,否,否,是,是,否,72561.90476,51,36317.14288,23,15910.4762,9,5657.14286,1,951.42857,1,25510.47619,10,18910.47619,8,6608.57143,2,5657.14286,1,951.42857,1,否,否,是,否,否,否,0,否,否,否,否,否,0,否,否,否,"1. 家庭關係
    1) 客戶提到她的女兒是護士。
    2) 客戶提到她的女兒目前在國外。

2. 健康狀況
    1) 客戶表示她目前有心臟病，並曾開過心臟手術。
    2) 客戶提到她有服用心臟相關藥物，並且飯後服用。
    3) 客戶表示她有在服用抗凝血劑，並有抗凝血劑的使用需求。
    4) 客戶提到她年紀大了，不想再做某些事情。
    5) 客戶提到減重後感覺良好。

3. 職業背景
    1) 未提及客戶的職業背景。

4. 健康食品使用心得
    1) 客戶提到她的消化很好，不需要益生菌產品，且之前服用過藍色盒子裝的益生菌，但目前已經吃完且不打算再購買。
    2) 客戶表示她目前還有兩瓶鈣片，不需要再購買，並曾一次訂購六瓶鈣片。
    3) 客戶提到最近在吃蘋果，一天一顆即可。
    4) 客戶提到她曾訂購東森的葉黃素，並每天服用一顆。
    5) 客戶提到早上服用木鱉果，晚餐時服用礦物相關產品。
    6) 客戶詢問十加AB群的服用方式，並提到不想每天早上服用。

5. 禁忌
    1) 客戶提到她避免服用紅麴相關產品，因為她有抗凝血劑的使用需求。
    2) 客戶表示她目前暫時不打算購買任何產品。",1
28415040,女,72.0,台南市關廟區,Z,雙魚座,4344,否,否,否,否,否,否,否,否,32699.99999,30,3043.80952,4,1521.90476,2,0.0,0,0.0,0,10378.09523,13,3043.80952,4,1521.90476,2,0.0,0,0.0,0,否,否,是,否,否,否,0,否,否,否,否,否,0,否,否,否,,1
28429549,男,55.0,桃園市觀音區,D+,摩羯座,4328,否,否,是,否,否,否,是,否,453587.6190600001,63,149456.19048,12,17142.85714,3,17142.85714,1,0.0,0,419390.47618,43,149456.19048000002,10,17142.85714,1,17142.85714,1,0.0,0,否,否,是,否,否,否,0,否,否,否,否,否,0,否,否,否,"1. 家庭關係
    1) 客戶與配偶共同工作，並與家人同住，家中有一位行動不便的母親（超過75歲），需要看護人員每天照顧2-3小時，並由客戶與兄弟共同照顧。
    2) 客戶有一位小孩，目前在外地。

2. 健康狀況
    1) 客戶有膽固醇過高的問題，平時飲食偏清淡，並有睡眠問題，晚上睡不好，白天上班時感到疲憊。
    2) 客戶眼睛容易乾澀，可能有乾眼症，且長時間使用電腦（超過12小時），有時需戴老花眼鏡。
    3) 客戶的母親行動不便，曾因摔倒進行人工關節置換手術，目前未進行骨頭和關節保養。

3. 職業背景
    1) 客戶曾從事電子產品相關工作，無需特定證照或專科畢業，只需有經驗即可。
    2) 客戶目前在一家物流公司工作，為員工身份，工作時間不固定，需輪班，通常晚上八點半才能回家。
    3) 客戶的公司曾發生火災，導致公司燒毀，當時客戶正在休假，目前在家休息並尋找新工作。

4. 健康食品使用心得
    1) 客戶曾購買並使用多種保健食品，包括活泉精華膠囊、活泉幹細胞產品、葉黃素、蚓激酶、印加果油、魚油及顧骨頭關節的保健食品，主要用於保養心血管、內臟脂肪及骨頭關節。
    2) 客戶表示活泉精華膠囊改善了精神狀況及腰痠背痛，第一代幹細胞產品使用後感覺身體有反應，會有發熱感。
    3) 客戶目前每天服用一顆幹細胞產品，並可能會分享給家人使用。
    4) 客戶每年安排一次健康檢查。

5. 禁忌
    1) 客戶曾因保存不當導致葉黃素變質，家人因此不敢食用。
    2) 客戶目前較少送禮，購物時偏好貨到付款方式。",1
28467858,女,54.0,台南市永康區,C,射手座,4291,否,否,是,否,否,是,是,否,125823.80951,75,56866.666650000014,33,18054.28571,12,7779.999999999999,3,0.0,0,85910.47618000001,43,30122.85713,16,8540.952379999999,4,7779.999999999999,3,0.0,0,否,否,是,否,否,否,0,否,否,否,否,否,0,否,否,否,"1. 家庭關係
    1) 客戶提到家中已有很多物品，因此不需要再購買攪拌器。
    2) 客戶的媽媽使用加大尺寸的商品。
    3) 客戶提到目前由朋友幫忙購買物品並送到家中。

2. 健康狀況
    1) 客戶有甲狀腺問題、血糖問題，並擔心血糖影響傷口癒合。
    2) 客戶有腳踝骨刺問題，因長期站立工作導致腳底疼痛，並計劃進行手術，醫生建議避免使用類固醇。
    3) 客戶目前行動不便，無法上下樓梯，走路時仍感到局部疼痛，需等待骨頭癒合後才能開始復健。
    4) 客戶提到食宿數據偏高，且飲食不固定。
    5) 客戶對抗發炎產品有需求，並提到曾在診所注射玻尿酸。

3. 職業背景
    1) 客戶曾長期從事看護工作。
    2) 客戶目前在工作中，下午通常很忙，禮拜天較不忙，且公司不允許她請三個月的假。

4. 健康食品使用心得
    1) 客戶有使用益生菌、葉黃素、日安完美代餐產品，並提到朋友送了她益生菌和珍珠粉。
    2) 客戶對骨頭保健品需求較高，並需要長期使用保健品進行保養。
    3) 客戶對美白安瓶的效果感興趣，並詢問相關經驗。
    4) 客戶提到保健品和保養品沒有腥味。

5. 禁忌
    1) 客戶不喜歡吃鈣片，擔心攝取過多會導致結石，通常以食物補充鈣質。
    2) 客戶不願意使用類固醇，擔心其可能導致骨頭斷裂。",1
28504901,女,79.0,彰化縣溪湖鎮,D+,天秤座,4256,否,否,是,否,否,是,是,否,145344.76189,64,49279.04759,22,10681.90474,8,2742.85714,1,951.42857,1,115602.85715000004,38,41643.80952,14,7560.95237,4,2742.85714,1,951.42857,1,否,否,是,否,否,否,0,否,否,否,否,是,0,否,否,否,"1. 家庭關係
    1) 客戶提到家裡沒有拜拜的習慣，但她自己有拜拜的習慣。
    2) 客戶的孩子會幫她購買魚油和葉黃素等保健品，因此她有時候不需要自己購買。
    3) 客戶提到她的兒子曾經購買商品後第二天就退貨。

2. 健康狀況
    1) 客戶提到自己已經80歲。
    2) 客戶表示她沒有三高問題。
    3) 客戶提到自己有胃炎和胃食道逆流的問題，並且胃食道逆流會反覆發作，若有症狀會服用藥物。
    4) 客戶提到她會過敏，特別是鼻子過敏。
    5) 客戶提到眼壓相關內容，但未明確表示有問題。
    6) 客戶提到她有定期做胃鏡檢查。

3. 職業背景
    1) 無明確提及職業背景。

4. 健康食品使用心得
    1) 客戶有在服用益生菌、葉黃素和魚油等基本保健食品，並表示目前家中還有這些保健品。
    2) 客戶提到她有購買過華陀的益生菌產品，也曾購買過奇異果漢方益生菌（黃色盒子版本）。
    3) 客戶表示她有在服用益生菌，但沒有感覺到明顯的改善。
    4) 客戶提到益生菌有分腸道和其他功能的種類。
    5) 客戶之前有購買過蚓激酶並服用，但現在不想再購買。
    6) 客戶有時候會選擇燕麥作為食品。
    7) 客戶目前使用三得利的 all-in-one 橘色保養品，但不再購買自然美的保養品。

5. 禁忌
    1) 客戶表示化妝品對她來說不需要。
    2) 客戶表示該產品的價位不在考慮範圍內。
    3) 客戶表示目前需要先消化完現有的產品，之後才會考慮再購買。
    4) 客戶表示現在不想再購買任何東西。
    5) 客戶提到魚油需要飯後服用。",1
28519374,女,66.0,彰化縣員林市,B,金牛座,4242,否,是,是,是,否,是,是,否,884781.9047299998,290,379403.80952,69,73140.95238999999,11,63483.80953,8,8533.33334,2,477079.0476000001,66,288379.04762,33,73140.95238999999,11,63483.809530000006,8,8533.33334,2,否,否,否,否,否,否,0,否,否,否,是,否,0,否,否,否,"1. 家庭關係
    1) 客戶有四個小孩，其中包括一對雙胞胎，總共剖腹三次，年齡約三十幾歲至六十六歲。
    2) 客戶有七到八個孫子，其中一個孫子尚在母親肚子裡，還有一個小孫女剛滿周歲。
    3) 客戶與先生同住，偶爾有孫子或女兒回來探望。
    4) 客戶的女兒會幫她購買需要的物品，並負責部分家庭開銷。
    5) 客戶的先生從事送貨及開車相關工作。

2. 健康狀況
    1) 客戶年紀65歲，身高160公分，體重約70公斤，身體代謝變慢。
    2) 客戶有膀胱過動症，喝水後會頻繁跑廁所，且晚上有時會失眠，睡眠品質有所改善但仍有尿頻問題。
    3) 客戶有濕疹，主要出現在小腿，並提到濕氣較重可能影響減肥效果。
    4) 客戶有掉髮問題，但情況有所改善，且幹細胞產品對掉髮和更年期管理有幫助。
    5) 客戶眼睛乾澀，需保養，並每天服用葉黃素。
    6) 客戶最近感冒，伴隨咳嗽、癢癢的症狀，胃口不好，感覺瘦了一些。
    7) 客戶提到腦袋不如以前靈光，並有時候會忘記是否服用過保健食品。

3. 職業背景
    1) 客戶目前沒有上班，過去曾養過寵物。
    2) 客戶的先生目前從事送貨及開車相關工作。

4. 健康食品使用心得
    1) 客戶每天飯後服用保健食品，包含瘦身產品、益生菌、葉黃素、幹細胞產品、亞麻籽油、粒線體產品等，並認為這些產品對身體有幫助。
    2) 客戶認為幹細胞產品改善了皮膚狀況（如法令紋變淡、斑點減少），對掉髮和更年期管理有幫助，且使用幹細胞產品已超過兩年。
    3) 客戶認為粒線體產品改善了睡眠品質，幫助半夜醒來後更快入睡。
    4) 客戶曾使用益生菌產品改善便秘，並每天早晚各服用兩顆。
    5) 客戶曾購買紅藜果膠囊，減少了2-3公斤體重，並主要透過運動維持體重。
    6) 客戶曾購買妍美会加倍錠、自然美保養品、面膜等，對其效果表示信任，並提到面膜改善了皮膚色階。
    7) 客戶曾購買含有龍級藥證成分的潤喉糖，能夠止咳。
    8) 客戶提到氨基酸產品對人體有幫助，雖然口味鹹，但改善了排便問題。

5. 禁忌
    1) 客戶不能吃太冰的東西，尤其是剛從冰箱拿出的食物，會引起咳嗽。
    2) 客戶不喜歡接到詐騙電話，會直接掛掉。
    3) 客戶不考慮購買月供三千多元的商品，並表示購買力有限。",1
28524425,女,43.0,嘉義縣水上鄉,B,白羊座,4237,否,否,是,是,否,是,是,否,488020.95241,59,259549.52384,19,103619.04764,9,94857.14288,8,8761.90476,1,476078.09526999993,46,259549.52384,19,103619.04764000002,9,94857.14288,8,8761.90476,1,否,否,是,否,否,否,0,否,否,否,否,否,0,否,否,否,"1. 家庭關係
    1) 客戶與家人同住，沒有子女，尚未結婚。
    2) 客戶每天都能與家人聚會，家中飼養兩隻狗，並會帶狗狗去美容。
    3) 客戶提到葉黃素是給媽媽吃的。

2. 健康狀況
    1) 客戶有支氣管炎、三酸甘油酯偏高、子宮肌瘤（目前狀況良好），以及血壓偶爾升高的情況。
    2) 客戶提到最近天氣變化導致血壓不穩定，並表示心跳很快，身體狀況不佳。
    3) 客戶有在服用血壓藥和西藥，並提到有時會喝酒。

3. 職業背景
    1) 客戶目前有在上班，工作型態為晚班，時間是晚上八點到凌晨一兩點。
    2) 客戶每月個人開銷約為一萬五到兩萬元，並提到經濟方面目前無法購買石墨烯棉被。
    3) 客戶提到最近沒有工作，但目前正在休息。

4. 健康食品使用心得
    1) 客戶有在服用蚓激酶、幹細胞、牛樟芝、葉黃素、膠原蛋白飲品及肝藥等健康食品，並表示每天都有吃，但沒有固定時間。
    2) 客戶每天吃兩顆保健品，蚓激酶通常在晚上七八點出門前服用，肝藥則在出門前服用。
    3) 客戶提到蚓激酶和幹細胞保健食品對健康有幫助，並表示已經服用幹細胞一段時間。
    4) 客戶對美白產品感興趣，曾提到安美諾的美白產品，並希望購買一瓶。
    5) 客戶之前購買過台大的幹細胞產品、萬壽元品牌的蚓激酶及膠原蛋白飲品，並決定再購買三盒膠原蛋白飲品。

5. 禁忌
    1) 客戶提到健康食品種類較多，但如果一兩天沒吃牛樟芝應該沒關係。
    2) 客戶提到她有時會喝酒，並在出門前會吃肝藥。",1
28554342,女,53.0,台北市內湖區,C,白羊座,4209,否,否,否,否,否,否,是,否,15560.00001,4,13274.28572,3,13274.28572,3,13274.28572,3,0.0,0,13274.28572,3,13274.28572,3,13274.28572,3,13274.28572,3,0.0,0,否,否,是,否,否,否,0,否,是,否,否,否,0,否,否,否,"1. 家庭關係
    1) 客戶有一名女兒，女兒因癲癇發作需要去醫院。
    2) 客戶提到假日才能收貨，平日無法收貨，且原則上禮拜六會在家，因為小孩在家。
    3) 客戶提到孩子因為要考試，時間很難安排。

2. 健康狀況
    1) 客戶每天早上會正常排便，一天會上廁所兩到三次，但服用益生菌後有時會接近拉肚子並感到腹痛。
    2) 客戶白天上班時有時候會肚子痛，第一天在家時肚子還好，但也有肚子痛的情況。
    3) 客戶不會每年進行身體健康檢查。

3. 職業背景
    1) 客戶目前在上班，白天無法收貨。
    2) 客戶提到主管去歐洲兩個禮拜，導致她無法休假，下週已經休了兩天假，並且有事無法安排其他時間。

4. 健康食品使用心得
    1) 客戶睡前會服用一顆益生菌，但服用後有時會接近拉肚子並感到腹痛。
    2) 客戶目前沒有服用葉黃素，並提到自己沒有服用保健品的習慣。
    3) 客戶提到家中保健食品都沒有人要吃。

5. 禁忌
    1) 客戶考慮是否在喝咖啡後服用葉黃素，但目前尚未服用。
    2) 客戶家中日用品通常在全聯購買，認為很方便，且家裡有固定使用的洗髮精，已經購買了。",1
28585058,女,55.0,苗栗縣三灣鄉,C,天秤座,4180,否,否,是,否,否,否,是,否,264311.42857999995,86,98663.80952,16,47368.57143,5,47368.57143,5,0.0,0,241249.52382,71,96006.66666,15,47368.57143,5,47368.57143,5,0.0,0,否,否,是,否,否,否,0,否,否,否,否,否,0,否,否,否,"1. 家庭關係
    1) 客戶有三個孩子，分別是31歲、28歲和26歲。
    2) 客戶的女兒已離婚，獨自撫養兩個孩子（分別為一歲半和五歲），目前在工廠工作，偶爾向客戶借錢。
    3) 客戶的女兒是月光族，且目前懷孕，曾上大夜班，客戶有時幫忙帶孫子。
    4) 客戶目前主要在家照顧孫子，孫子日夜顛倒，影響客戶休息。
    5) 客戶的父母已過世，母親心臟不好，後來需坐輪椅，父親曾每週洗腎三次。

2. 健康狀況
    1) 客戶有骨質疏鬆、退化性關節炎，腳部曾受傷，導致上下樓梯不適，骨頭曾斷裂但未完全斷掉。
    2) 客戶有子宮切除手術病史，術後出現膀胱下垂、漏尿及夜尿（每晚起夜1-2次）。
    3) 客戶免疫系統較差，經常感冒，感冒容易復發，並有鼻竇炎和皮膚過敏問題。
    4) 客戶有手腳冰冷、怕冷的體質，體脂肪偏高（39），體重約61-62公斤，身高約150公分。
    5) 客戶目前感冒已近一個月，並有服用感冒藥。

3. 職業背景
    1) 客戶目前從事清潔工工作，月薪約兩萬七千四百元，工作時間為早上六點至下午四點，周休兩天，但禮拜六上午仍需工作。
    2) 客戶的工作需要較多體力，包括拖地板和搬重物，手部經常感到痠痛，可能有職業傷害。
    3) 客戶曾在工廠擔任作業員，前陣子因身體不適暫停工作，最近一兩個月才重新工作，並計劃尋找更輕鬆的工作。

4. 健康食品使用心得
    1) 客戶每天早上固定服用兩顆魚油和兩顆褐藻，並在飯後服用幹細胞產品。
    2) 客戶有飲用土龍龜鹿飲品，每週至少喝一瓶，早上不方便飲用，改為晚上喝。
    3) 客戶曾購買過顧骨頭的保健食品、葉黃素、益生菌、核棗等，但部分產品已停止使用。
    4) 客戶曾購買過白冰冰代言的鍋子和橄欖油，習慣一次購買一整箱。

5. 禁忌
    1) 客戶因子宮切除手術後有夜尿和頻尿問題，並需注意膀胱下垂和漏尿情況。
    2) 客戶有骨骼問題，需避免過度勞累，並依醫囑服用止痛藥和保健食品。
    3) 客戶免疫系統較差，需注意避免感冒和鼻竇炎復發。",1
28627201,女,64.0,台南市南區,C,水瓶座,4140,否,否,是,否,否,是,是,否,293056.19036,84,221735.23802999992,50,54829.52380000002,15,33297.142850000004,3,7942.85715,3,257568.57134,61,211789.5237499999,41,53352.38094,14,33297.142850000004,3,7942.85715,3,是,否,否,否,否,否,0,否,否,否,否,否,0,否,否,否,"1. 家庭關係
    1) 客戶與丈夫、女兒及親家母同住，已經共同生活五六年。
    2) 客戶的母親已過世，生前住在大陸，客戶的老家在福建。
    3) 客戶有一個小孩，家中有成員不吃辣和高鹽分的食物，且有一人不習慣吃小魚干。

2. 健康狀況
    1) 客戶63歲，曾患癌症，目前狀況穩定，指數正常。
    2) 客戶有三高（高血壓、高血糖、高血脂）問題，但控制得很好，並領取慢性處方簽。
    3) 客戶提到年紀大了，體力不如從前，皮膚有燒傷情況，且容易過敏。
    4) 客戶無腎臟問題，已接種流感疫苗，三個月需回診一次。
    5) 客戶曾使用安眠藥，並於去年進行過核磁共振檢查，可能需要進行切片檢查。

3. 職業背景
    1) 客戶在醫院從事看護工作，工作為24小時輪班制，需長期照顧病患，包括幫助翻身等。
    2) 客戶提到工作繁忙，經常無法處理其他事情，過年期間也需上班。
    3) 客戶同時可接四個病人，並曾照顧過開刀後的病患。

4. 健康食品使用心得
    1) 客戶每天服用褐藻糖膠（六顆），並表示每月花費約兩萬多元購買保健品。
    2) 客戶每天早晚各吃一包三色利代餐，替代早餐和晚餐，並表示食用後走樓梯時感覺較輕鬆。
    3) 客戶長期服用巴西蘑菇、土龍精和益生菌，並曾服用白藜蘆醇、植物性補骨胜肽、氨基酸等產品。
    4) 客戶目前使用注射幹細胞療法，每月注射一次，感覺精神和體力有所提升。
    5) 客戶通常購買整片燕窩自行燉煮，並有從韓國帶回人蔘產品，但認為不方便食用。
    6) 客戶有在喝牛奶，並曾購買花旗蔘杏仁粉試喝。

5. 禁忌
    1) 客戶不吃泡麵，認為含量過高會導致水腫。
    2) 客戶不喜歡紅心芭樂，且不需要人蔘產品、幹細胞產品、葉黃素及含有苦瓜的保健飲品。
    3) 客戶對皮膚產品較為謹慎，並完全沒有使用保養品的習慣。",1
28649295,女,62.0,雲林縣北港鎮,A,雙子座,4122,否,否,是,是,否,是,是,否,716880.9523900001,170,357379.04760999995,68,166584.76189999998,27,136818.09522999998,8,836.19048,2,458769.52377,46,295028.5714,29,139890.47618,12,126666.66666000002,5,836.19048,2,否,否,否,否,否,否,0,否,否,否,否,否,0,否,否,否,"1. 家庭關係
    1) 客戶有一位95歲的父親，精神狀況良好但聽力稍有下降，腎功能不佳，並有攝護腺問題，需控制保健品攝取量，且有固定飲用黃金田土龍精油，效果顯著。
    2) 客戶的父親曾摔倒過但未受傷，膝蓋不靈活且循環不好。
    3) 客戶的女兒住在台北，尚未結婚，對藝術活動不太感興趣，但最近參加國聯軍活動後覺得有趣。
    4) 客戶的子女已經開始工作，能夠自行規劃生活。
    5) 客戶提到回來後會有人幫忙照顧父親。

2. 健康狀況
    1) 客戶有黃斑部病變，接受過健保給付的治療，目前需自費治療，每次花費約兩萬元。
    2) 客戶眼睛常感乾澀，因熬夜用眼過度而疲勞，最近眼睛很累，正在服用葉黃素。
    3) 客戶有胸悶、胸痛的情況，偶爾胸口不適甚至疼痛。
    4) 客戶體檢顯示好的膽固醇偏低，不好的膽固醇偏高，糖化血色素達到6.2，飯前血糖為102，接近危險範圍。
    5) 客戶血壓正常，其他健康指標正常，體脂率約31，屬於偏高範圍。
    6) 客戶有過敏問題，喉嚨過敏嚴重，醫生建議避免喝冰的東西。
    7) 客戶退休後喝水量有所改善，但仍需提醒自己多喝水。

3. 職業背景
    1) 客戶已退休，但仍需用腦進行活動。
    2) 客戶提到過去工作量大，需一人做三人的工作，感到非常辛苦且無加班費。

4. 健康食品使用心得
    1) 客戶服用葉黃素，認為對眼睛有幫助，並每天服用一顆。
    2) 客戶曾服用華陀保健食品，認為對緩解痠痛和骨頭健康有幫助，目前家中尚有存貨。
    3) 客戶曾服用蚓激酶，認為濃度很重要，並注意與抗凝血劑隔開兩到三小時服用。
    4) 客戶曾服用鴕鳥精，感覺有效果。
    5) 客戶有在吃中藥調理，現在比較會流汗。
    6) 客戶曾購買蟲草全參飲和參片，偶爾用來煮湯或送人。
    7) 客戶認為益生菌對腸道保養有幫助，家中有益生菌存貨，且家中有醫生提供建議。
    8) 客戶認為黑木耳飲品有助於排毒和排宿便，並提到中醫建議多吃黑木耳。
    9) 客戶最近開始注意飲食，吃得清淡，攝取蛋白質，並已減重2公斤。

5. 禁忌
    1) 客戶避免喝冰的飲品，因醫生建議避免濕氣加重。
    2) 客戶注意抗凝血劑需與其他保健品隔開服用，且原本想給父親服用蚓激酶，但因父親服用阿司匹林而放棄。
    3) 客戶會過敏，需注意避免過敏原。",1
28702083,女,46.0,新北市新莊區,D+,雙子座,4083,否,否,否,否,否,否,是,否,66282.85707,39,12600.95236,7,7142.85713,4,7142.85713,4,0.0,0,43096.19043,21,10934.2857,5,7142.85713,4,7142.857129999999,4,0.0,0,否,否,否,否,否,否,0,否,否,否,否,否,0,否,否,否,"1. 家庭關係
    1) 客戶目前與男朋友同住，生活相對輕鬆。

2. 健康狀況
    1) 客戶有水腫問題，且生理期來時水腫更加嚴重，生理期結束後仍未改善，水腫狀況時好時壞。
    2) 客戶支氣管敏感，容易感冒，且常因天氣變化出現鼻子過敏症狀，例如流鼻涕、打噴嚏等。
    3) 客戶平常喝水量很少，通常只喝冰水。
    4) 客戶常常容易睡著，無論是在家或上班時都會出現此情況。

3. 職業背景
    1) 客戶目前在打工，工作採用排班制，休假時間不固定，通常在禮拜四和禮拜六休息較多。
    2) 客戶曾因疫情影響找不到工作，現在的工作薪水約為兩萬八。
    3) 客戶表示目前手頭不太方便，可能因工作收入有限。

4. 健康食品使用心得
    1) 客戶曾購買過魚油、顧骨頭產品以及塑身眼霜。
    2) 客戶使用綠色膠囊產品一天服用兩顆，主要用於預防感冒。
    3) 客戶曾使用折扣券購買益生菌，扣除約兩千多元，且上次訂購的益生菌已送達便利商店，需在下週日之前取貨。

5. 禁忌
    1) 客戶容易感冒，支氣管敏感，需注意天氣變化。
    2) 客戶水腫問題可能與喝水量少且偏好冰水有關，需注意飲水習慣。",1
28764695,男,57.0,屏東縣屏東市,D+,巨蟹座,4036,否,否,否,否,否,否,是,否,99748.57144,52,30124.76191,10,20512.38096,4,19112.38096,3,0.0,0,12523.80953,4,9695.2381,3,8742.85715,2,8742.85715,2,0.0,0,否,否,否,否,否,否,0,否,否,否,否,否,0,否,否,否,,1
28768395,男,73.0,新北市永和區,C,處女座,4033,否,否,是,否,否,是,是,否,187274.28577,71,155389.52386000002,63,85338.09524999997,38,59031.42856999998,19,1885.71429,1,105903.80952,20,78209.5238,14,37704.76189,8,36799.99999,7,0.0,0,否,否,是,否,否,否,0,否,否,否,否,否,0,否,否,否,"1. 家庭關係
    1) 客戶提到自己一個人生活，認為購買太多零食不適合。
    2) 客戶表示幾乎不在家，宅配需提前聯絡以便安排接收。

2. 健康狀況
    1) 客戶表示自己已滿七十歲，並提到偶爾會腰痠背痛及膝蓋痠痛。
    2) 客戶表示自己沒有三高問題（血壓、血脂、血糖等相關健康問題），且有運動習慣。
    3) 客戶提到目前有在服用針對睡眠的保健品。

3. 職業背景
    1) 未提及具體職業背景。

4. 健康食品使用心得
    1) 客戶曾購買過幹細胞、葉黃素、活泉膠囊、南瓜籽膠囊、鹿茸相關產品、人蔘、密性產品、固力申、B次、穆拉德、苦瓜胜肽、鈦金蛋白、龜鹿膏等多種保健品，但對部分產品效果感到不滿意，例如幹細胞產品和葉黃素。
    2) 客戶目前服用幹細胞產品、南瓜籽膠囊、苦瓜胜肽及針對睡眠的保健品，並表示南瓜籽和瑪卡可改善夜尿問題及保護攝護腺。
    3) 客戶對玻尿酸口服安瓶的效果感興趣，並詢問服用後多久會有感覺。
    4) 客戶表示曾購買過負離子能量水壺及濾水器，但對產品功能和質量感到不滿。
    5) 客戶提到曾收到蜂蜜，但質地不如預期。

5. 禁忌
    1) 客戶表示自己是光頭，因此不使用洗髮精。
    2) 客戶目前不考慮服用益生菌。
    3) 客戶提到目前沒有需要的保健食品，但有魚油。
    4) 客戶認為幹細胞修復產品價格太貴，並表示服務太貴不想購買。
    5) 客戶提到她之前有購買過龜鹿膠片，但目前不打算購買。",1
28821868,女,41.0,台中市烏日區,D,處女座,4507,否,否,否,否,否,否,是,否,27204.76193,41,25802.857170000003,38,1140.95238,2,1140.95238,2,0.0,0,1140.95238,2,1140.95238,2,1140.95238,2,1140.95238,2,0.0,0,否,否,否,否,否,否,0,否,否,否,否,否,0,否,否,否,,1
28825763,女,88.0,桃園市桃園區,A,處女座,3989,是,否,是,是,否,是,是,否,920809.52377,226,400682.8570900003,66,151351.42851999993,24,141569.5237499999,21,9781.90477,3,784583.8094699997,126,370286.6666,44,151351.42851999996,24,141569.5237499999,21,9781.90477,3,否,否,是,否,否,否,0,否,否,否,否,否,0,否,否,否,"1. 家庭關係
    1) 客戶有一個兒子和媳婦，兒子是公務員，工作壓力大，計劃60歲退休，住在台北，經常參加教會活動，對自己要求高，生活習慣晚睡晚起。
    2) 客戶的孫子年紀尚小，與客戶感情很好，經常回來探望並一起外出。
    3) 客戶的父親曾是老師，家族基因良好，家人普遍長壽且健康。
    4) 客戶目前住在桃園，與大兒子和媳婦同住，家中有三個大人，偶爾與家人一起吃飯。
    5) 客戶的家庭成員沒有酗酒習慣，兒子和孫子平日上班，白天家中無人。

2. 健康狀況
    1) 客戶目前88歲，身體狀況良好，無高血壓、糖尿病等慢性病，且多年未感冒或確診。
    2) 客戶患有青光眼，需定期回診，每三個月檢查一次，並服用葉黃素和使用眼藥水控制病情。
    3) 客戶曾接受白內障手術，術後定期回診，眼睛狀況穩定。
    4) 客戶有乾眼症，右眼有些延遲，但服用葉黃素後有所改善。
    5) 客戶有乳糖不耐症，平時避免喝牛奶，選擇特殊處理過的牛奶。
    6) 客戶有過敏體質，未接種疫苗，並患過帶狀皰疹，已痊癒。
    7) 客戶體重偏輕，身高152公分，年輕時體重45公斤，吸收力好但不易增重。
    8) 客戶最近感冒，感到全身無力，計劃就醫。

3. 職業背景
    1) 客戶已退休，主要依靠退休金生活，曾參加外科相關活動，學習植物知識。
    2) 客戶五專畢業後直接工作，曾學過茶花相關技能，但不擅長家務。
    3) 客戶的先生是醫學院畢業的醫師，父親是老師，家族中有公務員和教師背景。

4. 健康食品使用心得
    1) 客戶長期服用葉黃素、益生菌、褐藻、幹細胞和粒線體保健品，認為對健康有幫助。
    2) 客戶每天早晚服用益生菌，早上空腹喝粒線體飲品，並在飯前服用葉黃素。
    3) 客戶認為葉黃素對眼睛保養有幫助，選擇醫療等級產品，每天服用兩顆。
    4) 客戶認為褐藻能提升免疫力，並與兒子一起食用。
    5) 客戶認為枸杞汁對眼睛有幫助，每天早晚各喝一包。
    6) 客戶曾購買大量保健食品，目前存量充足，計劃吃完後再購買。

5. 禁忌
    1) 客戶不吃牛肉，認為牛肉有味道；不吃內臟和肥肉。
    2) 客戶不喝冰水或冰飲，認為對健康不利，且有乳糖不耐症。
    3) 客戶不習慣使用香水和精油，並不喜歡按摩。
    4) 客戶不使用防曬乳，出門僅戴太陽眼鏡和帽子。
    5) 客戶不習慣吃人蔘，從年輕時就未曾使用相關產品。",1
28828494,女,54.0,高雄市苓雅區,C,射手座,3987,否,是,是,否,是,是,是,否,570596.1905099999,113,129138.09522000002,27,31140.95239,6,22226.66667,4,8914.28572,2,527721.90478,72,127951.42855,26,31140.95239,6,22226.66667,4,8914.28572,2,否,否,是,否,否,否,0,否,否,否,否,否,0,否,否,否,"1. 家庭關係
    1) 客戶有兩個孩子，其中一個女兒需要帶便當，因此家中每天都會煮飯。
    2) 客戶曾為丈夫購買營養品以改善三酸甘油酯偏高的問題。
    3) 家中其他人都有在服用益生菌。

2. 健康狀況
    1) 客戶曾患大腸癌和鼻炎，已完成治療，目前健康狀況良好，並能正常上班。
    2) 客戶的牙齒曾經發炎，並需要重新修復。
    3) 客戶目前身上沒有癌細胞，但為了預防癌細胞再度出現，採取輔助措施。
    4) 客戶每年進行一次大腸鏡檢查，並無宿便問題。
    5) 客戶提到她的身體不可以亂吃東西，避免添加物過多的產品。
    6) 客戶目前在服用燕窩、珍珠粉及奧牌魚油。
    7) 客戶曾服用粒線體產品，但效果不佳且感到不適，因此退掉。
    8) 客戶每天打雷射。

3. 職業背景
    1) 客戶目前在學校教授課程，並提到工作時間下午三至四點較有空接電話。
    2) 客戶目前在出貨工作中，並提到有時需要上課，可能無法接電話。

4. 健康食品使用心得
    1) 客戶每天服用百惠精力湯（一天兩顆）及益生菌（飯後服用，通常一次兩顆），並認為益生菌效果不錯。
    2) 客戶曾使用含氨基酸成分的保健品來修復身體，效果良好。
    3) 客戶曾購買酵素魔纖產品，認為效果不錯，幫助排便順暢及減少油膩食物影響，有時會分送給他人。
    4) 客戶曾購買妍美会的葉黃素產品，用於顧眼睛及預防青光眼、白內障和黃斑部病變。
    5) 客戶曾購買葡萄籽油，已購買兩次。
    6) 客戶曾購買直銷的煥膚精華液，認為蠻好用。
    7) 客戶曾購買黑酵素和千日釀，但效果不佳，並申請退貨。
    8) 客戶曾嘗試褐藻糖膠，但不喜歡該產品。
    9) 客戶曾購買三色利賣保健食品，但僅食用幾包後停止使用。
    10) 客戶曾購買自然美的產品，但未退貨。
    11) 客戶曾購買東森商品，並提到有東森幣可折抵金額，但因容量過多希望退貨未成功。
    12) 客戶有固定的廠牌使用，並不需要自然美的防曬乳。

5. 禁忌
    1) 客戶提到身體狀況不佳，有些東西不會吃，並會先看產品成分，若不OK則不會食用。
    2) 客戶避免食用添加物過多的產品。
    3) 客戶不再服用粒線體產品，因為效果不佳且感到不適。
    4) 客戶不再食用黑酵素和千日釀，因為效果不佳。",1
28938076,女,71.0,桃園市龜山區,C,巨蟹座,3895,否,否,是,否,否,是,是,否,120647.61895000002,65,91241.90469999998,44,39165.71425999999,13,36319.99997999999,10,0.0,0,29523.80952,7,29523.80952,7,27619.04762,5,27619.04762,5,0.0,0,否,否,否,否,否,否,0,否,否,否,否,否,0,否,否,否,"1. 家庭關係
    1) 客戶與兒子住在一起，並共同分擔房租。
    2) 客戶提到她的兒子有肝臟健康問題，曾服用保肝產品，並認為某款保健品有效。

2. 健康狀況
    1) 客戶今年已超過65歲，最近因靜脈曲張進行手術，手術後需要回診。
    2) 客戶提到她上次開刀花費十幾萬，並使用分期付款支付。
    3) 客戶表示她昨天騎腳踏車後需要做復健。
    4) 客戶提到她的健保卡和身分證多年未更新，並表示最近很忙。

3. 職業背景
    1) 客戶目前在康復醫院從事清潔工作。
    2) 客戶提到她最近一個月內要搬家，並表示工作和生活都很忙。

4. 健康食品使用心得
    1) 客戶曾購買並服用多種保健食品，包括美樂佳、家倍健、挺立鈣片、葉黃素、益生菌及美的牌子的B群。
    2) 客戶表示葉黃素仍在服用，但未每天服用；挺立鈣片一次服用劑量為兩顆。
    3) 客戶曾服用人蔘，但感覺不適合自己。
    4) 客戶有訂購過萬歲牌的杏仁消，並表示對日本品牌的小型產品感興趣。

5. 禁忌
    1) 客戶表示她目前不需要高檔保養品，因為年紀大且收入不高。
    2) 客戶提到她暫時沒有時間購買保養品，並表示下個月再考慮購買。
    3) 客戶表示過年不會去親朋好友家走動。
    4) 客戶提到最近接到電話詐騙集團的聯絡，並提到保險相關的詐騙行為。
",1
28985769,女,66.0,高雄市鳳山區,Z,水瓶座,3853,否,否,是,是,否,是,是,否,416514.28568999993,218,164682.85713999995,67,89737.14287,19,65352.380950000006,6,1219.04762,1,75552.38094999999,7,67181.90475999999,5,56761.90476,2,56761.90476,2,0.0,0,否,否,是,否,否,否,0,否,否,否,否,是,0,否,否,否,"1. 家庭關係
    1) 客戶提到她是單親。
    2) 客戶提到她的女兒曾經預約過健康檢查。

2. 健康狀況
    1) 客戶提到她認為飲食需要搭配，不能單靠保健食品。
    2) 客戶提到她很少敷面膜。

3. 職業背景
    1) 客戶提到她目前正在工作，當時不在家中。

4. 健康食品使用心得
    1) 客戶提到她有購買益生菌產品，並且有服用過。
    2) 客戶提到目前還有兩罐益生菌產品未使用完，並且剛開始食用一盒益生菌。
    3) 客戶提到過去曾經食用過粉狀的益生菌，效果還可以。
    4) 客戶提到之前購買的益生菌是其父親先行食用。

5. 禁忌
    1) 客戶表示目前沒有在尋找或使用新的產品。",1
29023532,男,80.0,桃園市龜山區,D+,天秤座,3824,否,否,否,否,否,是,是,否,331518.09518000006,172,41111.42855000002,21,8164.761910000002,5,3771.42857,1,3174.2857200000003,3,249612.38092,122,31474.285700000004,15,6945.714290000002,4,3771.42857,1,3174.2857200000003,3,否,否,否,否,否,否,0,否,否,否,否,否,0,否,否,是,"1. 家庭關係
    1) 客戶有女兒，女兒曾購買氨基酸給她的老公飲用，並建議不要再購買挺立鈣。
    2) 客戶提到過年期間初三女兒回來，媳婦和兒子也在，大家一起出去吃飯。
    3) 客戶提到一個小朋友曾發燒，應該是感冒引起的。

2. 健康狀況
    1) 客戶提到自己胃不好，並有結石體質，目前已透過中藥治療改善。
    2) 客戶表示自己感冒，主要是因為半夜小孩咳嗽而被傳染，並有去看醫生。
    3) 客戶提到睡眠時間較短，約四個多小時。
    4) 客戶提到降血壓相關內容，但未提供具體細節。

3. 職業背景
    1) 客戶提到她在做醫美相關的事情。
    2) 客戶提到她沒有做過醫美。

4. 健康食品使用心得
    1) 客戶表示每天都有服用B群，且由朋友免費供應。
    2) 客戶曾購買葡萄王的牛樟芝產品，但目前明確表示不需要牛樟芝產品。
    3) 客戶曾購買五盒苦瓜胜肽，專員建議每天服用一天兩顆以加強保養。
    4) 客戶提到她很少喝粒線體產品，通常是給家人喝，但晚上有時會在睡前服用。
    5) 客戶提到益生菌產品，並對其功能有所了解。
    6) 客戶曾接觸過褐藻糖膠產品，並提及其膠囊的外觀顏色為藍綠色。

5. 禁忌
    1) 客戶明確表示不需要牛樟芝產品。
    2) 客戶女兒建議不要再購買挺立鈣，客戶曾購買過但放置很久才慢慢使用。",1
29147026,女,72.0,桃園市八德區,D+,射手座,3730,否,否,是,否,否,否,是,否,101184.76192000002,27,56596.19047,6,24577.14285,2,24577.14285,2,0.0,0,77739.04762000001,12,56596.19047,6,24577.14285,2,24577.14285,2,0.0,0,否,否,是,否,否,否,0,否,否,否,否,是,0,否,否,否,"1. 家庭關係
    1) 客戶有三個女兒，其中一位住在中國東莞，另一位在日本，第三位與客戶同住。老二女兒的兒子即將前往上海讀書。
    2) 客戶有兩個兒子，其中一個還在讀書，另一個在美國。
    3) 客戶有孫子，孫子已經到了當兵的年齡，曾從美國回來時買維骨力給客戶食用。
    4) 客戶的老公七年前曾心肌梗塞，後來中風，健康狀況不佳，已於四五十歲時過世。

2. 健康狀況
    1) 客戶今年七十歲，患有後天型糖尿病，糖化血色素偏高，已服用血糖藥二十多年，並每三個月檢查一次血糖。
    2) 客戶的膽固醇不高，未超過標準值。
    3) 客戶每天早上五六點運動後吃早餐，飯後服用幹細胞產品，並服用糖分相關的西藥。
    4) 客戶每天早上喝白藜蘆醇，認為其對心血管健康有益。
    5) 客戶每月需去醫院拿藥，並有服用蚓激酶和苦瓜胜肽。

3. 職業背景
    1) 客戶目前沒有賺錢，經濟狀況由小孩管理。
    2) 客戶以前住在台北中和，現在搬到其他地方居住。

4. 健康食品使用心得
    1) 客戶曾購買過骨頭保健品、燕麥產品、龜鹿二仙膏及幹細胞產品，並使用苦瓜胜肽。
    2) 客戶表示目前吃的是女兒提供的葉黃素，並提到孫子曾送她三瓶苦瓜胜肽。
    3) 客戶尚未開始服用幹細胞產品，第一代產品快吃完，灰色盒子包裝，三月份購買了三罐。
    4) 客戶通常隔半小時服用蚓激酶和苦瓜胜肽，專員建議改為飯後服用以控制血糖。

5. 禁忌
    1) 客戶不吃某些食物，但未明確說明具體種類或原因。
    2) 客戶很少吃麵包和蛋糕，偏好無糖咖啡。
    3) 客戶不習慣在外面吃飯，平常不使用化妝水或乳液進行保養。",1
29147645,女,61.0,高雄市鳳山區,D+,天秤座,3730,否,否,是,否,否,是,是,否,529252.38079,435,144720.95233999993,110,46083.80951999999,34,25380.95239,17,3335.2381,3,28099.04762,18,8341.904760000001,5,3597.1428599999995,4,3597.1428599999995,4,0.0,0,否,否,是,否,否,否,0,否,否,否,否,否,0,否,否,否,"1. 家庭關係
    1) 客戶的女兒曾在好市多購買保健品給她使用，顯示女兒關心她的健康。

2. 健康狀況
    1) 客戶有高血壓，正在服用醫生開的藥，但對西藥有些抗拒。
    2) 客戶的關節狀況不佳。
    3) 客戶的臉容易過敏，因此很少使用保養品。
    4) 客戶認為自己身材高挑但稍胖，並有便秘的問題。

3. 職業背景
    1) 無相關資訊。

4. 健康食品使用心得
    1) 客戶曾購買東森的龜鹿膠，但尚未使用。
    2) 客戶每天早上飲用一小包代謝產品，並表示有效果。
    3) 客戶曾購買代餐紅藜果膠囊，但不喜歡其味道。
    4) 客戶曾購買酵素產品，但覺得效果不佳。
    5) 女兒購買的價值一千八的保健品是為了改善她的關節問題。

5. 禁忌
    1) 客戶不喜歡接到不認識的電話。
    2) 客戶目前不想購買瘦身產品，因為認為自己不胖。
    3) 客戶對西藥有些抗拒。",1
29160130,女,72.0,宜蘭縣羅東鎮,Z,雙子座,3719,否,否,是,否,否,是,是,否,211470.47623,150,43533.33335000001,29,8195.2381,8,6588.571429999999,6,0.0,0,13270.47619,10,1616.19048,3,475.2381,1,475.2381,1,0.0,0,否,否,否,否,否,否,0,否,否,否,否,是,0,否,否,否,"1. 家庭關係
    1) 客戶有一位女兒，女兒會幫助她囤積保健品。

2. 健康狀況
    1) 客戶為71歲女性，健康狀況未提及具體問題。

3. 職業背景
    1) 未提及客戶的職業背景。

4. 健康食品使用心得
    1) 客戶目前有在服用B群和第三類保健食品。
    2) 客戶已購買多種保健品，包括挺立鈣。
    3) 客戶表示如果需要，會考慮訂購魚油。

5. 禁忌
    1) 未提及具體禁忌事項。",1
29185150,女,41.0,桃園市八德區,A,天蠍座,3701,否,否,否,否,否,否,是,否,289590.47618,11,288647.61904,10,288647.61904,10,288647.61904,10,0.0,0,288647.61904,10,288647.61904,10,288647.61904,10,288647.61904,10,0.0,0,否,否,否,否,否,否,0,否,否,否,否,否,0,否,否,否,"1. 家庭關係
    1) 客戶與母親關係良好，對母親的健康非常關心，購買產品主要是為了母親使用。
    2) 客戶有小孩，並提到有時會因忙碌而無法送小孩上學。

2. 健康狀況
    1) 客戶有鼻竇炎，免疫力較差，並有輕微便秘的情況。
    2) 客戶的母親曾因膝蓋手術裝過鋼釘，後來取出，骨頭裂掉後已接回；母親有低血壓、血紅素過少、便秘、胃痛及神經不適等健康問題，且身體敏感，正在調整體質。
    3) 客戶的母親長期熬夜，睡眠不足，導致身體吸收和排毒功能較差，但睡眠品質尚可。
    4) 客戶的母親曾因摔斷腿服用過西藥，並因服藥導致胃痛。

3. 職業背景
    1) 客戶全年無休，工作繁忙，每天需要處理超過十六個小時的事情。
    2) 客戶近期特別忙碌，建議晚些時候再聯絡。

4. 健康食品使用心得
    1) 客戶的母親有在服用膠原蛋白。
    2) 客戶曾在東森購物購買過商品，包括染髮膏，並使用公司的APP進行訂購。
    3) 客戶對某些產品有了解，並表示看過相關資訊，但認為鋼泰樂美雅的產品價格偏高。

5. 禁忌
    1) 客戶的母親需要避免食用帶殼的海鮮。
    2) 客戶的母親因身體敏感，需注意調整體質。",1
29207494,男,71.0,彰化縣芬園鄉,D,射手座,3685,否,否,否,否,否,否,是,否,14608.571430000002,5,8341.904760000001,3,5503.80952,2,0.0,0,0.0,0,760.95238,1,760.95238,1,760.95238,1,0.0,0,0.0,0,否,否,否,否,否,否,0,否,否,否,否,否,0,否,否,否,,1
29248200,男,77.0,台北市士林區,E,白羊座,3654,否,否,否,否,否,否,否,否,20614.28571,15,14064.7619,10,14064.7619,10,0.0,0,0.0,0,1125.71429,1,1125.71429,1,1125.71429,1,0.0,0,0.0,0,否,否,是,否,否,否,0,否,否,否,否,否,0,否,否,否,,1
29249983,男,66.0,台東縣台東市,D,處女座,3651,否,否,否,否,否,是,否,否,159004.76195000004,144,27975.238059999992,26,6433.33332,7,0.0,0,1902.85714,2,18562.85714,13,14012.38095,10,1902.85714,2,0.0,0,1902.85714,2,否,否,否,否,否,否,0,否,否,否,否,否,0,否,否,否,"1. 家庭關係
    1) 客戶目前與家人同住。
    2) 客戶的妻子會幫忙準備保健食品。

2. 健康狀況
    1) 客戶為66歲男性。
    2) 客戶有高血壓，並每天晚上服用高血壓藥物。

3. 職業背景
    1) 無相關資訊。

4. 健康食品使用心得
    1) 客戶有服用益生菌和紅麴作為保健食品。
    2) 客戶曾在東森購買過一款黃色盒子包裝的漢方益生菌，為粉狀產品。
    3) 客戶最近還有購買顧眼睛的產品。

5. 禁忌
    1) 客戶目前不需要加購益生菌。",1
29282418,女,62.0,台中市北屯區,D,雙魚座,3620,是,否,是,否,否,否,是,否,25904.76192,18,20990.476199999997,13,10740.00001,8,8693.33334,6,0.0,0,1855.2381,3,1855.2381,3,1855.2381,3,1418.09524,2,0.0,0,否,否,否,否,否,否,0,否,否,否,否,否,0,否,否,否,,1
29296228,女,67.0,台中市北屯區,D+,天蠍座,3607,否,否,否,否,否,是,是,否,21980.95237,10,20104.7619,8,10083.80952,5,8534.28571,2,951.42857,1,13304.7619,5,13304.7619,5,9513.33333,4,8534.28571,2,951.42857,1,否,否,否,否,否,否,0,否,否,否,否,否,0,否,否,否,,1
29297302,女,80.0,台北市松山區,C,白羊座,3606,否,否,否,否,否,是,是,否,238842.85712,152,35370.47617,20,9520.95238,3,7617.14286,2,0.0,0,178660.95236000002,101,24899.04761,12,7617.14286,2,7617.14286,2,0.0,0,否,否,否,否,否,否,1,否,是,否,否,否,0,是,否,否,"1. 家庭關係
    1) 客戶有一位女兒，女兒也有購買東森的產品。
    2) 女兒曾購買面膜給客戶，但客戶自己並未使用。

2. 健康狀況
    1) 客戶有高血壓，血壓高達一百五十至一百六十之間，並有高血脂、高膽固醇的問題。
    2) 客戶有眼睛問題、胸腔問題、神經和腦神經相關的健康問題。
    3) 客戶有耳膜破洞、胃潰瘍和胃食道逆流的健康問題。
    4) 客戶目前年齡為79歲，並提到年紀大了不再出國旅行。

3. 職業背景
    1) 客戶未提及具體職業背景。
    2) 客戶是東森的會員，經常購買東森的產品。

4. 健康食品使用心得
    1) 客戶目前服用多種保健食品，包括葉黃素、益生菌（膠囊形式）、酸鎂、挺立、維骨力及龜鹿精。
    2) 客戶會將益生菌給女兒服用，並提到有醫院提供的保健品，每週服用一顆。
    3) 客戶表示目前有很多保健食品尚未食用完，因此暫時不需要購買新的保健品。

5. 禁忌
    1) 客戶吃素。
    2) 客戶目前在服用控制高血壓、高血脂、高膽固醇的藥物，並有在看中醫，且剛於本週三首次就診。",1
29298361,女,53.0,台北市內湖區,C,處女座,3605,否,否,否,是,否,是,是,否,114177.14284,21,53795.238090000006,9,27332.380949999995,6,21657.14286,2,2838.09524,1,100491.42857,11,52842.85713999999,8,26380.0,5,21657.14286,2,2838.09524,1,否,否,否,否,否,否,0,否,是,否,否,否,0,否,否,否,"1. 家庭關係
    1) 客戶有一位小孩，目前在讀高中，並即將上大學，家庭花費因此增加。
    2) 客戶表示自己搬家花費較多，家裡沒有管理室代收包裹，建議寄送到公司。

2. 健康狀況
    1) 客戶最近身體不舒服，工作時間縮短至下午兩三點結束。
    2) 客戶有結膜炎，病程已經很久，且身體容易發炎。
    3) 客戶的皮膚容易過敏，對很多產品不適應。
    4) 客戶曾注射過玻尿酸，但未注射肉毒桿菌。
    5) 客戶有使用按摩服務，並試了一下時間。

3. 職業背景
    1) 客戶的工作包括家政服務，薪水不算太高，對高價產品有所考量。
    2) 客戶目前仍在上班，工作時間到六點，午休時間為十二點到一點。
    3) 客戶提到上班時間不方便接電話，且電話通常未開聲音。

4. 健康食品使用心得
    1) 客戶目前有在服用葉黃素，但服用頻率不高，約一週一次。
    2) 客戶一直在吃合利他命，認為效果很好。
    3) 客戶有在吃魚油，對魚油品質有一定要求。
    4) 客戶曾購買過華陀鴕鳥精，並提到之前的價格比現在便宜，但目前尚未吃完，且快過期。
    5) 客戶表示自己很容易忘記服用保健品，家中有很多保健品尚未使用完，因此暫時不考慮購買新產品。
    6) 客戶之前使用過德國品牌的類似產品，認為效果還不錯。

5. 禁忌
    1) 客戶的皮膚容易過敏，對很多產品不適應。
    2) 客戶表示目前家中有很多保養品尚未使用完，因此不考慮購買新產品。",1
29364658,女,74.0,屏東縣屏東市,D,天蠍座,3542,否,否,否,否,否,否,是,否,23232.38095,23,22480.0,22,9520.95238,11,0.0,0,0.0,0,437.14286,1,437.14286,1,437.14286,1,0.0,0,0.0,0,否,否,否,否,否,否,0,否,否,否,否,否,0,否,否,否,,1
29377588,女,51.0,花蓮縣花蓮市,D,金牛座,3532,否,否,否,否,否,是,否,否,107140.95231,99,23738.0952,39,8061.90474,23,0.0,0,0.0,0,24322.85713,14,5754.285709999999,9,2711.42857,4,0.0,0,0.0,0,否,否,否,否,否,否,0,否,否,否,否,否,0,否,否,否,,1
29456765,女,73.0,台北市大安區,Z,白羊座,3465,否,否,是,否,否,否,是,否,51339.04762,24,31041.90476,12,20660.95238,7,14323.80953,4,0.0,0,21780.95239,6,21780.95239,6,13295.2381,3,13295.2381,3,0.0,0,否,否,是,否,否,否,0,否,否,否,否,是,0,否,是,否,"1. 家庭關係
    1) 客戶與家人一起使用葉黃素加強版，並提到家裡已有高蛋白等保健食品，由兒子和媳婦購買提供。
    2) 客戶的兒子有養寵物。

2. 健康狀況
    1) 客戶有高血壓，並需服用抗凝血劑，通常早上服用。
    2) 客戶的心臟瓣膜曾經更換過，心臟科醫生建議她服用B群。
    3) 客戶表示平常血糖正常，不需要降血糖產品，且睡眠良好，沒有相關問題。
    4) 客戶每年進行健康檢查，並注意健康管理。
    5) 客戶表示骨質很好，不需要額外補充鈣片。

3. 職業背景
    1) 客戶目前已退休。
    2) 客戶表示她的管理員一到五上班，六日休息，並提到管理室可以代收物流包裹。

4. 健康食品使用心得
    1) 客戶固定服用B群，之前使用美國品牌，由親戚從美國帶回，並表示不需要額外的鈣片補充。
    2) 客戶曾購買葉黃素、鈣片和膠原蛋白粉，但認為膠原蛋白粉對她已經沒有效果，且葉黃素效果不明顯，眼睛仍有些模糊。
    3) 客戶表示她不敢亂吃保健食品，認為天然的最好，並提到自己已經保養了十幾年。
    4) 客戶每天服用維他命，通常搭配飯後服用。

5. 禁忌
    1) 客戶表示她不敢私自使用幹細胞相關產品，並不喜歡使用保健品，認為自己狀況良好。
    2) 客戶沒有給先生吃魚油，因為醫生建議避免，擔心容易出血。
    3) 客戶表示自己不需要瘦身，認為年紀大了不需要瘦身，且沒有排便不順的問題。
    4) 客戶表示她吃東西比較謹慎，不敢亂吃，並懷疑商品因為價格便宜可能品質不佳。",1
29458403,男,52.0,新北市板橋區,D+,摩羯座,3463,否,否,否,否,否,否,是,否,204264.7619,14,51428.57142,2,51428.57142,2,51428.57142,2,0.0,0,190971.42857,8,51428.57142,2,51428.57142,2,51428.57142,2,0.0,0,否,否,否,否,否,否,0,否,否,否,否,否,0,否,否,否,"1. 家庭關係
    1) 無相關資訊提供。

2. 健康狀況
    1) 客戶為51歲男性。
    2) 無其他健康狀況資訊提供。

3. 職業背景
    1) 無相關資訊提供。

4. 健康食品使用心得
    1) 客戶曾購買葉黃素。
    2) 客戶表示會一次食用兩顆膠囊。

5. 禁忌
    1) 無相關資訊提供。",1
29510714,男,70.0,新竹縣竹東鎮,D,天秤座,3419,否,否,是,否,否,否,是,否,613094.2856599999,125,39101.90474000001,17,4989.5238,4,4989.5238,4,0.0,0,583823.80951,101,39101.904740000005,17,4989.5238,4,4989.5238,4,0.0,0,否,否,否,否,否,否,0,否,否,否,否,否,0,否,否,否,"1. 家庭關係
    1) 客戶提到有兩個小孩。
    2) 客戶提到母親患有糖尿病。
    3) 客戶表示清明節時會與遠方親戚見面，並有掃墓後聚餐的習慣。

2. 健康狀況
    1) 客戶今年快七十歲，身體健康，心臟狀況良好。
    2) 客戶患有糖尿病，並提到過去三高檢查結果正常，目前未檢查三高。
    3) 客戶有高膽固醇，但情況不嚴重，醫生建議少吃肥肉和五花肉。
    4) 客戶以前患有嚴重氣管炎，曾定期就醫。
    5) 客戶提到骨頭關節狀況不佳，膝蓋已經裝完，但仍有問題。
    6) 客戶有假牙，並曾花費五萬元進行眼睛相關的醫療。
    7) 客戶每年進行健康檢查，並每三個月檢查一次健康狀況。

3. 職業背景
    1) 客戶目前已退休，過去曾從事看護工作。
    2) 客戶曾在醫院工作，主要負責腸道相關照護，累積了二十多年的經驗。

4. 健康食品使用心得
    1) 客戶有服用多種保健食品，包括通血管保養品、枸杞產品、滴雞精、魚油、葉黃素、南瓜籽、苦瓜胜肽、苦瓜酵素、薑黃素及益生菌等，並表示苦瓜胜肽或苦瓜酵素效果不錯。
    2) 客戶習慣每天早上喝黑豆漿，並曾使用機器煮黑豆水，但機器已壞。
    3) 客戶認為橄欖油和玄米油較健康，平時使用這些油品。
    4) 客戶曾接觸過德國進口的氨基酸產品，了解其功效。
    5) 客戶曾聽說牛樟芝對人體有益。
    6) 客戶提到藥品和保健食品會放在冰箱保存。

5. 禁忌
    1) 客戶不太喜歡吃肉，尤其是肥肉和五花肉。
    2) 客戶提到去醫院時有些事情不能做，但未明確說明細節。",1
29516707,女,62.0,新北市三重區,D+,射手座,3415,否,否,是,否,否,否,是,否,81226.66670999999,55,48898.09526000002,31,23584.76191,14,7682.85714,4,0.0,0,6588.57144,4,3760.00001,3,3760.00001,3,2828.57143,1,0.0,0,否,否,否,否,否,否,0,否,否,否,否,否,0,否,否,否,,1
29577103,男,57.0,新北市三重區,D+,金牛座,3365,否,否,是,否,否,是,是,否,68654.28571999999,33,67901.90477,32,67901.90477,32,55460.95238000001,23,4071.42857,3,2281.90476,4,2281.90476,4,2281.90476,4,2281.90476,4,0.0,0,否,否,否,否,否,否,0,否,否,否,否,否,0,否,否,否,,1
29764496,女,74.0,高雄市仁武區,D,水瓶座,3177,否,否,否,否,否,否,是,否,34545.71427,24,12395.23809,5,1790.47619,1,1790.47619,1,0.0,0,18881.90475,10,9938.09523,4,1790.47619,1,1790.47619,1,0.0,0,否,否,否,否,否,否,0,否,否,否,否,否,0,否,否,否,,1
29769205,男,37.0,新北市新店區,D,獅子座,3172,否,是,否,否,否,是,是,是,496819.04769,393,116394.28571999996,82,24875.238070000003,17,2422.85715,3,0.0,0,37235.238110000006,43,17333.33334,12,2422.85715,3,2422.85715,3,0.0,0,否,否,否,否,否,否,0,否,否,否,否,否,0,否,否,否,,1
29778148,女,60.0,新竹市,Z,摩羯座,3163,否,否,否,否,否,是,否,否,78761.90474,60,24992.380939999995,18,7455.238090000001,6,0.0,0,1895.2381,1,942.85714,1,942.85714,1,942.85714,1,0.0,0,0.0,0,否,否,否,否,否,否,0,否,是,否,否,否,0,否,否,否,,1
29784749,女,46.0,高雄市小港區,D+,金牛座,3156,否,否,否,否,否,否,是,否,27902.857130000004,17,20912.38094,13,9750.47619,6,7770.476189999999,4,0.0,0,17807.619029999998,11,14017.14284,10,5693.33333,4,4932.380950000001,3,0.0,0,否,否,否,否,否,否,0,否,否,否,否,否,0,否,否,否,,1
29792403,男,67.0,桃園市平鎮區,C,摩羯座,3148,否,否,否,否,否,否,是,否,444894.28572,234,221920.00000999996,66,23419.04761,15,5885.71429,1,0.0,0,213176.19048,41,186607.61905000004,27,18914.28571,7,5885.71429,1,0.0,0,否,否,否,否,否,否,0,否,否,否,否,否,0,否,否,否,"1. 家庭關係
    1) 家中有五人，包括一名小孩（女生）和一名孫子。
    2) 客戶的父母和配偶已經不在世。
    3) 客戶提到家裡經濟狀況不佳，無法負擔額外的開支。

2. 健康狀況
    1) 客戶表示身體健康，沒有三高問題，但有心臟瓣膜問題和心率不正，需服用心臟藥，並避免同時服用保健品。
    2) 客戶提到有頭痛和肌肉拉傷的情況，並表示目前正在服用醫生開的藥，且一天服用量很多。
    3) 客戶否認有脂肪肝問題，並表示每年安排一次健康檢查。
    4) 客戶提到自己沒有老花，但也提到有老花眼的問題。
    5) 客戶的皮膚在東南亞氣候下不會感到乾燥。

3. 職業背景
    1) 客戶提到今天有上班，並表示每月個人開銷約兩萬以上。
    2) 客戶表示自己會購買機器，可能與工作相關。

4. 健康食品使用心得
    1) 客戶曾購買過人參產品、華陀補骨胜肽、植物性幹細胞產品（妍美会青春錠）、氨基酸產品、高纖維乳清蛋白、含比菲德氏桿菌的益生菌產品等。
    2) 客戶提到益生菌全家大小都可以吃，包括小朋友也適合食用。
    3) 客戶表示平常會泡茶，喜歡喝烏龍茶，並有早上喝牛奶的習慣。
    4) 客戶提到自己吃素，無法攝取魚肉類蛋白質，因此需要補充氨基酸。
    5) 客戶表示今天服用過一次葉黃素果凍，但目前無意購買葉黃素產品。

5. 禁忌
    1) 客戶表示不抽菸、不喝酒。
    2) 客戶提到不需要燕窩產品、褐藻糖膠及剛剛介紹的其他產品。
    3) 客戶需避免與心臟藥同時服用保健品。
    4) 客戶要求不要再提及流感相關資訊。",1
29840807,女,67.0,彰化縣社頭鄉,C,金牛座,3095,否,否,否,是,否,是,是,否,72366.66666,16,69683.80952000001,13,32552.38095,6,25487.61904,3,6627.61905,2,66692.38095,12,66121.90475999999,11,32552.38095,6,25487.61904,3,6627.61905,2,否,否,否,否,否,否,0,否,否,否,否,否,0,否,否,否,"1. 家庭關係
    1) 客戶已經退休，家中有女兒，女兒在學校工作，住在台北，過年時會回家。
    2) 客戶的孩子都已經上班，家中購買的電器用品主要是為了家人使用。
    3) 客戶提到家中不喜歡動物，尤其是貓。

2. 健康狀況
    1) 客戶已滿65歲，身高160公分，體重約65公斤。
    2) 客戶提到個人體質對燙傷癒合有影響，並且目前在使用語音功能進行溝通，可能是因為語音不便。

3. 職業背景
    1) 客戶已經退休，目前沒有收入來源。
    2) 客戶表示目前在家閒著，偶爾會出去走走，但現在幾乎都待在家裡，很少外出。

4. 健康食品使用心得
    1) 客戶提到家中還有未吃完的B群，因此目前不需要再購買。
    2) 客戶表示目前不需要購買葉黃素或其他保健品，並且還在考慮是否購買幹細胞產品。

5. 禁忌
    1) 客戶不會使用苦茶油，認為不適合自己，更傾向於使用葵花油或玄米油。
    2) 客戶不會購買太貴的炒菜用油，因為用得很快。",1
29850238,男,57.0,新北市新莊區,D,摩羯座,3085,否,否,否,否,否,否,是,否,169920.95236999998,28,37053.33333,9,2186.66667,4,2186.66667,4,0.0,0,154653.33333999998,17,37053.33333,9,2186.66667,4,2186.66667,4,0.0,0,否,否,否,否,否,否,0,否,否,否,否,否,0,否,否,否,"1. 家庭關係
    1) 客戶提到兒子曾經受傷骨折，後來有所好轉，並表示帶兒子在家。
    2) 客戶提到她的兒子曾打電話給她。
    3) 客戶提到她跟媽媽和老公有接觸中醫的經驗。
    4) 客戶提到她媽媽曾經急救住院。
    5) 客戶提到老公生日禮物可能是海綿相關的內容。

2. 健康狀況
    1) 客戶提到自己患有糖尿病，並提到相關的健康問題。
    2) 客戶提到自己患有肝癌。
    3) 客戶提到自己曾有高血壓，但目前血壓已正常。
    4) 客戶提到胃食道逆流和胃脹氣的問題。
    5) 客戶提到自己有燥熱體質，蚓激酶一週只能吃兩次。
    6) 客戶提到可能面臨經濟壓力，並可能需要補交某些費用。

3. 職業背景
    1) 客戶提到目前沒有上班。
    2) 客戶提到她和其他人一起搬家，並提到目前在家。

4. 健康食品使用心得
    1) 客戶提到曾購買過龜鹿二仙膠產品，並再次購買。
    2) 客戶提到葉黃素是十二月底購買的，並且有在服用。
    3) 客戶提到一天服用一粒B群。
    4) 客戶提到購買了一箱養老凍結產品，使用期限為半年。
    5) 客戶提到曾購買一罐六十顆的產品，但目前已經吃完。
    6) 客戶提到一年購買的茶產品大概十二斤。
    7) 客戶提到紅芪養生，並提到與他人對話內容。
    8) 客戶提到苦瓜相關產品可能與排毒有關。
    9) 客戶提到曾看過補骨胜肽的廣告。
    10) 客戶提到使用維骨力產品。
    11) 客戶提到幹細胞產品，但未明確表示服用量或頻率。
    12) 客戶提到紅酒與重疾相關內容。
    13) 客戶表示剛收到保養品，但只剩下一半。
    14) 客戶提到需要物理性防曬產品並要求帶兩組。
    15) 客戶表示曾聽過珍珠膏，並有意購買。

5. 禁忌
    1) 客戶提到自己有燥熱體質，蚓激酶一週只能吃兩次。",1
29851992,男,54.0,高雄市小港區,B,金牛座,3083,否,否,是,是,是,是,是,否,570887.61905,73,310683.8095199999,30,238049.5238,15,184468.57141,9,53580.952390000006,6,558883.8095199999,65,309975.23809,29,238049.5238,15,184468.57141,9,53580.95239,6,是,否,否,否,否,否,1,否,否,否,否,否,0,否,否,否,"1. 家庭關係
    1) 客戶有兩個女兒，大女兒24歲，住在火車站附近的樓中樓，每月租金為一萬二，小女兒13歲，與客戶同住。
    2) 客戶的母親於五月七日過世，生前獨居於屏東鄉下，患有心臟病，需服用抗凝血劑，且曾有肺積水問題。
    3) 客戶有三個姐姐，居住在台北。
    4) 客戶家中有五隻牡丹小鳥，飼料主要在實體店購買。

2. 健康狀況
    1) 客戶目前健康狀況良好，未服用三高藥物，且不容易掉頭髮。
    2) 客戶不常進行健康檢查，即使公司提供免費健康檢查也不參加。
    3) 客戶的母親生前患有心臟瓣膜閉鎖不全，需服用抗凝血劑，且傷口不易癒合。

3. 職業背景
    1) 客戶目前為公務員，工作地點在高雄，主要上晚班，工作時間從下午三點多開始，通常下班時間為晚上12點多，有時到一兩點。
    2) 客戶曾經開過貨車送貨，目前騎腳踏車通勤。
    3) 客戶公司有補助部分出國旅遊費用。

4. 健康食品使用心得
    1) 客戶固定服用葉黃素和益生菌，並曾購買過鴕鳥精、蜂王乳、膠原蛋白、玻尿酸、B群、人蔘等保健食品，主要用於保養。
    2) 客戶認為膠囊形式的保健食品較方便食用，曾連續服用某種保健食品一年半。
    3) 客戶的母親和女兒食用益生菌後感覺良好，母親排便較順暢，女兒腸胃狀況有所改善。
    4) 客戶認為鴕鳥精對膝蓋有幫助，並希望能獲得鴕鳥精的優惠。
    5) 客戶曾購買過玄米油，母親對飲食挑剔，只吃玄米油。

5. 禁忌
    1) 客戶的母親因心臟病需服用抗凝血劑，對飲食較為挑剔，僅使用玄米油。
    2) 客戶不喜歡使用分期付款購買商品。",1
29868649,女,62.0,嘉義縣大林鎮,D+,雙魚座,3065,否,否,否,否,否,是,是,否,115971.42856,57,20380.0,6,8532.380949999999,3,4732.38095,2,0.0,0,23904.7619,8,2828.57143,1,2828.57143,1,2828.57143,1,0.0,0,否,否,否,否,否,否,0,否,否,否,否,否,0,否,否,否,"1. 家庭關係
    1) 無相關資訊提供。

2. 健康狀況
    1) 客戶有老花眼的情況。
    2) 客戶患有高血壓，並且每天服用高血壓藥物。

3. 職業背景
    1) 無相關資訊提供。

4. 健康食品使用心得
    1) 客戶有在服用葉黃素。

5. 禁忌
    1) 無相關資訊提供。",1
29874148,男,30.0,基隆市安樂區,Z,天蠍座,3058,否,否,是,否,否,否,是,否,28358.09525,12,15017.14286,3,3702.85714,1,3702.85714,1,0.0,0,20674.28572,4,15017.14286,3,3702.85714,1,3702.85714,1,0.0,0,否,否,否,否,否,否,0,否,否,否,否,否,0,否,否,否,"1. 家庭關係
    1) 未提及家庭相關資訊。

2. 健康狀況
    1) 客戶有乾眼症，曾使用過針對乾眼症特別有效的眼睛保養產品。
    2) 客戶表示服用B群後尿液顏色會變黃。

3. 職業背景
    1) 客戶的工作排班是晚上班。
    2) 客戶目前正在上班，且曾提到在開車時對話不太方便。

4. 健康食品使用心得
    1) 客戶曾在東森購物平台購買妍美会品牌的葉黃素，總共訂購過三次，並表示葉黃素是自己服用的，通常早上服用，但上班日可能會忘記。
    2) 客戶目前還有五盒妍美会葉黃素存量，每天服用一顆，並提到一年多前購買的葉黃素快要吃完了。
    3) 客戶提到已收到膠原蛋白產品，但未提及使用心得。
    4) 客戶表示有在服用B群。

5. 禁忌
    1) 未提及任何禁忌。",1
29886024,女,72.0,高雄市旗山區,C,射手座,3043,否,否,是,否,否,否,是,否,426868.5714,38,350380.95237,14,343771.42856,12,343771.42856,12,0.0,0,354152.38093999994,15,350380.9523699999,14,343771.42856,12,343771.42856,12,0.0,0,是,否,否,否,否,否,0,否,否,否,否,是,0,否,否,否,"1. 家庭關係
    1) 客戶目前一個人居住，戶籍在新竹，但每週會回到林口。
    2) 客戶的兒子在新竹工作，尚未結婚，曾幫助她購買幹細胞產品。
    3) 客戶曾在林口購買房產，後來已轉手賣出。

2. 健康狀況
    1) 客戶目前身體健康，並表示全身狀況良好。
    2) 客戶有老花眼，但無飛蚊症。
    3) 客戶曾因軟骨磨損問題接受過PRP注射和玻尿酸治療，目前膝蓋內側仍有軟骨磨損及兩條韌帶受傷的問題。
    4) 客戶曾因韌帶受傷需要坐輪椅三個月，現已康復，並進行固定運動和每日復健。
    5) 客戶的牙齒有固定定期檢查，每三個月檢查一次。

3. 職業背景
    1) 客戶曾從事寵物美容師的工作，目前已經退休。
    2) 客戶的生活費每月約三萬元，主要依靠養老金支持日常生活。

4. 健康食品使用心得
    1) 客戶目前服用多種保健食品，包括幹細胞、維他命C、B群、銀保、善存、益生菌、氨基酸、牛肝丸、粒線體產品等。
    2) 客戶每天早晚各服用兩顆保健食品進行保養，早上會飲用氨基酸和粒線體產品，並表示氨基酸的味道類似中藥，後味有點乾。
    3) 客戶認為葉黃素對眼睛有幫助，曾購買東森購物的葉黃素，後改用其他品牌，目前家中還有存貨，暫不需要購買新的。
    4) 客戶服用幹細胞產品已持續一年，並表示一組價格為九萬多元。
    5) 客戶曾喝了一個月的保健品，感覺皮膚變得比較光滑。
    6) 客戶不喝乳清蛋白，因為有補充其他營養品。

5. 禁忌
    1) 客戶不在晚上服用B群，因為會影響睡眠。
    2) 客戶目前不需要使用玻尿酸產品。",1
29887334,女,65.0,台南市新營區,A,射手座,3041,否,否,是,是,否,是,是,否,743327.61899,204,294233.33328,89,144992.38092999996,37,110453.33331,13,951.42857,1,616245.7142299999,100,217519.99995,32,108662.85712,12,106492.38092999998,10,951.42857,1,否,否,否,否,否,是,0,否,否,否,否,否,0,否,否,否,"1. 家庭關係
    1) 客戶曾是單親媽媽，認為早婚有其好處但也面臨挑戰。
    2) 客戶有一名兒子，住在高雄，從事居家相關工作，曾幫她購買外套和薑黃產品。
    3) 客戶有一名女兒，曾在林口長庚就讀，畢業後進入台北榮總工作，目前住在台北。
    4) 客戶有一名孫子，目前正在上課。
    5) 客戶的父親曾是老師，患有糖尿病和肌少症，體重44公斤，需補充蛋白質，喜歡吃鱸魚精華湯和少量多餐，生活能力良好。
    6) 客戶的母親曾患靜脈曲張和血管阻塞，服用保健品後健康改善，但已過世。
    7) 客戶家族有中風和糖尿病的遺傳病史，外公、外婆和母親曾中風，祖父曾患大腸癌。

2. 健康狀況
    1) 客戶目前64歲，身高160公分，體重67公斤，曾減重至65公斤，屬於水腫體質，容易便秘且火氣大。
    2) 客戶有腎臟代謝不良和慢性發炎問題，血壓偏高，心臟有時早晨感到不適，曾因心臟問題導致高血壓合併症，需服用藥物。
    3) 客戶曾因車禍導致粉碎性骨折，腳部脫臼，膝關節退化，需考慮換關節，並有腫脹和氣血循環問題。
    4) 客戶有神經性纖維瘤，曾開刀移除胸部腫瘤，腫瘤大小約1.5公分。
    5) 客戶的皮膚對紫外線過敏，角質層受損，需使用物理性防曬產品，不能使用含酒精或化學成分的保養品。
    6) 客戶有毛囊炎、頭髮容易出油，並有腰痠背痛問題。

3. 職業背景
    1) 客戶經營早餐店，工作時間為早上6點至10點，地點位於台南。
    2) 客戶曾在高爾夫球場工作，但因膝關節退化問題而停止工作。
    3) 客戶表示已經工作30年，曾考慮去台積電工作，但因需租房及照顧小孩而放棄。

4. 健康食品使用心得
    1) 客戶曾購買並使用多種保健食品，包括蚓激酶、葡眾產品、龜鹿二仙膠、黑蒜頭、百寶能、南瓜酸片等，對改善健康有一定效果。
    2) 客戶認為中藥和保健食品對膝蓋軟骨再生、血管硬化、蜂窩性組織炎、靜脈曲張等問題有幫助。
    3) 客戶每天服用蚓激酶，並曾使用幹細胞產品、黑木耳飲品等改善便秘和健康狀況。
    4) 客戶家中有大量保健食品，計劃先使用完現有產品再購買新產品。

5. 禁忌
    1) 客戶不能吃感冒藥，因某些成分對其不適合。
    2) 客戶不能食用B群，因中醫建議其會導致纖維瘤增長。
    3) 客戶不吃鈣片，擔心會導致結石問題。
    4) 客戶認為夏天不適合食用龜鹿二仙膠，僅在冬天使用。",1
29905294,女,69.0,新北市新店區,D,射手座,3017,否,否,是,否,否,是,是,否,249214.28577,67,224014.2857800001,55,52562.85714,21,31049.52379,11,0.0,0,194920.95245,29,179949.52387999985,27,20771.42857,3,20010.47619,2,0.0,0,否,否,否,否,否,否,0,否,否,否,否,否,0,否,否,否,"1. 家庭關係
    1) 客戶有三個兒子，其中一個已婚並搬出去住，一個在上海工作，另一個與她同住。
    2) 客戶的先生已過世，生前因糖尿病和心血管疾病需要洗腎，後來因肺腺癌去世。
    3) 客戶的家族有心血管疾病和癌症的遺傳病史，父親曾患肺腺癌和食道癌，兩位兄弟因心血管問題去世。
    4) 客戶的母親曾在台大動過手術，家族中有多人患癌。
    5) 客戶的阿姨住在台中，阿姨的女兒家境良好，有兩位醫生。

2. 健康狀況
    1) 客戶年齡接近70歲，患有三高（高血壓、高血糖、高血脂）、糖尿病、退化性關節炎、甲狀腺問題（部分已切除）、脂肪肝、乾眼症、心臟問題（心律不整）等健康問題。
    2) 客戶有糖化血色素偏高、眼睛乾澀、膝蓋軟骨磨損等問題，並曾感染過兩次新冠病毒。
    3) 客戶有癌症體質，對檢查結果感到擔憂，並曾患胃潰瘍，接受過治療。
    4) 客戶有B型肝炎抗體，並提到有時會流汗，認為是排毒過程。

3. 職業背景
    1) 客戶是一名退休教師，現從事保全工作，主要上夜班，並有計劃轉為中班。
    2) 客戶曾在台大工作，管理男生宿舍，因壓力大而離職，並曾考過航空公司考試。
    3) 客戶提到自己有兩份工作，早上七點到台北工作，下午兩三點結束，並計劃自己創業。

4. 健康食品使用心得
    1) 客戶長期服用蚓激酶和幹細胞產品，對改善退化性關節炎、糖化血色素和精神狀況有幫助。
    2) 客戶對葉黃素產品有興趣，早晚各服用兩顆，感覺眼睛乾澀有所改善。
    3) 客戶對幹細胞產品的效果感到滿意，認為對退化性關節炎和精神狀況有幫助。
    4) 客戶對保健品的選擇謹慎，偏好有國家檢驗的品牌，對便宜產品持懷疑態度。
    5) 客戶曾使用過美國幹細胞產品和合利他命，對退化性關節炎和精神狀況有改善。

5. 禁忌
    1) 客戶對含有類固醇的產品表示擔憂，並對某些產品的價格敏感。
    2) 客戶不喜歡去醫院或人多的地方，對某些產品的效果持懷疑態度。
    3) 客戶對於政治話題不感興趣，並不相信報應。
    4) 客戶對於某些場所感到不喜歡，尤其是烏漆嘛黑的地方，並害怕被下藥。",1
29916244,女,72.0,台南市七股區,D+,射手座,3007,否,否,否,否,否,否,是,否,32726.66666,19,15054.2857,9,2828.57143,1,2828.57143,1,0.0,0,14101.90476,9,6987.6190400000005,7,2828.57143,1,2828.57143,1,0.0,0,否,否,否,否,否,否,0,否,否,否,否,否,0,否,否,否,,1
29928055,女,75.0,台北市萬華區,Z,處女座,2993,否,否,否,否,否,是,否,否,13895.23808,6,5104.7619,2,3314.28571,1,0.0,0,3314.28571,1,9256.19047,4,5104.7619,2,3314.28571,1,0.0,0,3314.28571,1,否,否,否,否,否,否,0,否,否,否,否,否,0,否,否,否,"1. 家庭關係
    1) 客戶提到她的老公在八樓旁邊。

2. 健康狀況
    1) 客戶表示自己曾經開過白內障手術。
    2) 客戶表示她有乳癌病史。
    3) 客戶提到自己是老人家，年齡為74歲。

3. 職業背景
    1) 客戶未提及具體職業背景，但表示自己沒有錢，可能已退休。

4. 健康食品使用心得
    1) 客戶提到自己有服用葉黃素，並多次提及其使用。
    2) 客戶表示有服用維他命C和B12。
    3) 客戶提到自己有服用檸檬酸鈣，但未明確表示其使用方式。
    4) 客戶提到自己吃全素，並表示不敢亂買含有混合膠囊的產品。

5. 禁忌
    1) 客戶表示自己吃全素，對含有混合膠囊的產品有顧慮。
    2) 客戶提到曾經被詐騙集團騙過，可能對購物或交易有警戒心。
    3) 客戶提到曾購買過安美諾美白霜，但忘記具體價格，可能對高價產品較為敏感。
    4) 客戶使用自然美的保養品，主要用於美白和保濕，顯示其對產品成分有一定要求。",1
29935772,男,82.0,台北市士林區,D+,雙魚座,2982,否,否,否,否,否,否,是,否,50499.04762,12,25890.47619,3,13142.85714,1,13142.85714,1,0.0,0,41519.04761,7,25890.47619,3,13142.85714,1,13142.85714,1,0.0,0,否,否,否,否,否,否,0,否,否,否,否,否,0,否,否,否,,1
29944025,女,64.0,苗栗縣三灣鄉,A,水瓶座,2971,否,否,是,是,否,是,是,否,651232.3809300001,103,619873.3333,85,373365.71431000007,36,322882.85715,17,41172.38096999999,14,635339.04758,92,619873.3332999991,84,373365.71430999984,36,322882.85714999994,17,41172.38097,14,否,否,否,否,否,否,0,否,否,否,否,否,0,否,否,否,"1. 家庭關係
    1) 客戶家中有兩個孫子，分別是十歲和五歲。
    2) 孫子由其父親接送，孫女有鼻子過敏和可能的支氣管過敏問題，並有服用過敏藥物。
    3) 客戶提到家中平日無人看家。

2. 健康狀況
    1) 客戶63歲，女性，體重約52公斤，長期有高血壓，血壓曾高達150至160，目前血壓有所下降，但早上血壓較高，從2018年開始服用高血壓藥物，每天服用一顆。
    2) 客戶有胃潰瘍、胃食道逆流、胃不好，需服用胃藥和胃酸藥，且吃硬的藥物會胃痛。
    3) 客戶有骨質疏鬆問題，情況嚴重，每年需打兩次針，並有骨頭關節疼痛，走路時有不適。
    4) 客戶有青光眼和飛蚊症，眼睛狀況未改善。
    5) 客戶有膽固醇過高問題，並通過飲食控制管理。
    6) 客戶有腎臟功能不佳的問題。
    7) 客戶的皮膚有脫皮情況，特別是手指部位，且對黑斑和老人斑感到困擾。
    8) 客戶最近在進行牙齒治療，需治療六顆牙齒，每顆費用為一萬六千元。
    9) 客戶的睡眠時間約為七小時，排便情況正常。

3. 職業背景
    1) 客戶目前有在上班，從事傳統產業，涉及外銷和進出口原物料，部分業務與大陸市場相關。
    2) 客戶的公司為家族事業，涉及第二代和第三代的接班，且公司有資深員工。
    3) 公司提供每年一次的免費健康檢查。

4. 健康食品使用心得
    1) 客戶有服用葉黃素，通常一天吃一顆，有時候會吃兩顆，並提到去年年底有購買過葉黃素。
    2) 客戶每天早上會吃一包益生菌，並表示益生菌對排便和過敏現象有改善作用。
    3) 客戶有服用安瓶，每天喝兩支，並有飲用鱸魚精，早上和下午各飲用一支。
    4) 客戶有服用名為素速走的保健食品，每天服用一罐，並提到該產品有抗發炎和改善腸胃道的效果。
    5) 客戶有使用時空膠囊，每天早晚各一顆，有時早上未服用。
    6) 客戶提到保健品有時開封太快，未吃完會變軟，並將保健品放在廚房裡。
    7) 客戶提到她的膚質變好，皮膚變白。

5. 禁忌
    1) 客戶不喜歡使用油膩的面霜和魚油的味道，因此不會購買魚油。
    2) 客戶不敢在外面打肉毒桿菌和水光針。
    3) 客戶平時不愛喝水，但提到需要多喝水。
    4) 客戶不想開刀，考慮非侵入性治療方式。
    5) 客戶目前不想再購買更多保健品，因為已經在服用多種產品。",1
29948477,女,77.0,高雄市左營區,D+,巨蟹座,2964,否,否,否,否,否,否,是,否,22735.23811,10,10016.19048,6,2076.19048,1,2076.19048,1,0.0,0,12492.38096,7,10016.19048,6,2076.19048,1,2076.19048,1,0.0,0,否,否,否,否,否,否,0,否,否,否,否,否,0,否,是,否,,1
29952489,女,58.0,台南市中西區,C,獅子座,2959,是,否,否,是,否,是,是,否,230765.71429,45,63322.85714000001,10,41247.61905,4,34742.85714,1,5676.19048,1,206082.85716,26,63255.23809,9,41180.0,3,34742.85714,1,5676.19048,1,否,否,否,否,否,否,0,否,否,否,否,否,0,否,否,否,"1. 家庭關係
    1) 客戶有兩個女兒，女兒們已經長大並在上班，其中一位女兒在癌症中心當輕症醫師，薪水約八萬五千元，工作作息正常，周休二日；另一位女兒在台南買了房子，家人各自贊助了一百萬元作為頭期款。
    2) 客戶的老大已婚，女婿在南子工業區從事科技業，年薪約一百五十萬元，老大目前在高雄看房子，計劃購買房產。
    3) 客戶的老公在大陸工作二十年，已適應當地生活，清明節時曾回台灣待了20天，並有朋友一起旅遊。老公對家人有較強的控制欲，要求家人按照他的生活方式生活，與女兒們溝通不佳。
    4) 客戶的母親身體狀況不佳，曾因右肩胛骨斷裂無法起床，需他人照顧，目前由大嫂和二嫂輪流照顧，但母親對她們不滿意，造成客戶心理壓力大。
    5) 客戶的父親已退休，曾在台灣生活二十年，但不願回台灣，過去對家庭成員有強烈控制欲，對子女的成長和獨立性缺乏尊重。

2. 健康狀況
    1) 客戶目前58歲，從事勞動性質的工作，計劃工作到65歲。
    2) 客戶以前身體狀況不好，提不起勁，但現在有改善。她每週運動兩天，包括修復瑜伽課程，認為對身體有修護效果。
    3) 客戶的母親行動不便，需每天帶她運動和洗澡。

3. 職業背景
    1) 客戶白天上班，晚上做手工幫助朋友完成訂單，從事勞動性質的工作。
    2) 客戶的老公在大陸工作，生活方式已適應當地。
    3) 客戶的老二的公司規定員工只能開車上班，並提供車貸補助。

4. 健康食品使用心得
    1) 客戶有飲用氨基酸，早上空腹飲用效果較好，計劃連續飲用幾天。
    2) 客戶曾購買過台酒的青春露及東森的all-in-one淡斑緊緻保濕撫紋產品。

5. 禁忌
    1) 客戶平常沒有吃藥的習慣，可能會忘記服用保健食品。
    2) 客戶的生活作息固定，平日七點十分出門，週末時間較隨意，可能因此忘記服用保健食品。",1
29969465,男,78.0,彰化縣彰化市,D,摩羯座,2938,否,否,否,否,否,否,否,否,76876.19048,24,17146.66667,8,760.95238,1,0.0,0,0.0,0,63050.47619,16,17146.66667,8,760.95238,1,0.0,0,0.0,0,否,否,否,否,否,是,0,否,否,否,否,否,0,否,否,否,,1
29980975,女,76.0,澎湖縣馬公市,D+,處女座,2924,否,否,是,否,否,是,是,否,185263.80955,78,72811.42859,30,23906.66667,6,21734.28572,5,2172.38095,1,74877.14285999999,14,21715.2381,4,16058.09524,3,16058.09524,3,0.0,0,否,否,否,否,否,否,0,否,否,否,否,是,0,否,否,否,"1. 家庭關係
    1) 客戶家人口簡單，目前住在台中，孫子住在澎湖，兒子和媳婦曾來台灣看她。
    2) 客戶提到媽媽已經不在了。

2. 健康狀況
    1) 客戶75歲，身高約140公分，體重約60公斤，膝蓋不舒服影響走路和運動能力。
    2) 客戶曾眼睛開過白內障手術，並有老花和近視問題。
    3) 抽血結果顯示膽固醇和三酸甘油酯稍微偏高。
    4) 客戶目前一天只服用一次維他命，並有在服用B群保健食品。

3. 職業背景
    1) 客戶已經退休，沒有工作。

4. 健康食品使用心得
    1) 客戶曾購買過多種保健食品，包括脫離敏、土龍鴕鳥龜鹿精、蚓激酶、天然雙鈣、骨頭保健食品、妍美会葉黃素等，但部分產品效果不佳。
    2) 客戶目前沒有在服用葉黃素，但曾與孫子一起食用妍美会葉黃素。
    3) 客戶有在服用B群保健食品，並尋找幫助代謝的產品。

5. 禁忌
    1) 客戶不使用防曬產品，唇彩不使用紅色系，且不習慣穿有鋼圈的內衣，偏好無鋼圈設計。
    2) 客戶不會使用ATM轉帳，購物時通常使用貨到付款或專人服務。
    3) 客戶表示平常不使用保健品，包括葉黃素。",1
29987329,女,60.0,嘉義縣民雄鄉,D,摩羯座,2918,否,否,否,否,否,是,是,否,50513.33335,24,16376.190480000005,8,1123.80952,1,1123.80952,1,0.0,0,20419.04761,7,6438.09523,3,1123.80952,1,1123.80952,1,0.0,0,否,否,否,否,否,否,0,否,否,否,否,否,0,否,否,否,,1
30003853,女,66.0,桃園市八德區,D,天蠍座,2897,否,否,否,否,否,是,否,否,66800.95238999999,38,30929.52382,18,4646.6666700000005,2,0.0,0,4646.6666700000005,2,10332.38096,8,1902.85714,2,951.42857,1,0.0,0,951.42857,1,否,否,否,否,否,否,0,否,否,否,否,否,0,否,否,否,,1
30016574,女,70.0,嘉義縣中埔鄉,C,金牛座,2879,否,否,否,否,否,否,是,否,55537.14288000001,25,31355.238099999995,11,15564.76191,6,14366.66667,4,0.0,0,29182.85715,9,26354.28572,8,14250.4762,5,13052.38096,3,0.0,0,否,否,否,否,否,否,0,否,否,否,否,否,0,否,否,否,,1
30017371,女,69.0,新北市三重區,C,水瓶座,2877,否,否,否,否,否,否,是,否,18185.71427,11,7085.71428,3,7085.71428,3,7085.71428,3,0.0,0,11800.0,5,7085.71428,3,7085.71428,3,7085.71428,3,0.0,0,否,否,否,否,否,否,0,否,否,否,否,否,0,否,否,否,"1. 家庭關係
    1) 客戶提到她的女兒不與她同住。
    2) 客戶提到小孩是她的禁忌話題。
    3) 客戶提到她的妹妹夫婿會幫忙購買所需物品。
    4) 客戶提到家裡人都不能隨意外出。
    5) 客戶提到先生認為自己老了。

2. 健康狀況
    1) 客戶提到她有胃息肉的健康問題。
    2) 客戶提到她有腎臟問題，並正在進行洗腎治療。
    3) 客戶提到她的抽血結果顯示某些指標超標，醫生建議她注意健康。
    4) 客戶提到身體不健康，並因生病而沒有購買東森的商品。
    5) 客戶提到她的血壓降低了。

3. 職業背景
    1) 無相關資訊。

4. 健康食品使用心得
    1) 客戶提到她有吃過其他品牌的益生菌，並認為益生菌對腸道健康有幫助，且含有高達260億的活菌。
    2) 客戶提到之前有購買奇異果益生菌，可能是給小孩食用。
    3) 客戶提到她買過葉黃素，但現在不能使用。
    4) 客戶提到魚油和營養補充品，但未明確表示她有在服用。

5. 禁忌
    1) 客戶提到她有腎臟問題，不能隨便吃東西，特別是高糖、高鹽的食物。
    2) 客戶表示她不會隨便購買或食用食物，並提到需要注意飲食。
    3) 客戶表示她會詢問洗腎的醫生是否可以使用某些產品。
    4) 客戶提到小孩是她的禁忌話題。",1
30056106,女,73.0,台南市新化區,Z,處女座,2824,否,否,否,否,否,是,是,否,53332.38096000001,12,26952.38095,4,13333.33333,2,0.0,0,13333.33333,2,41104.761900000005,7,26952.38095,4,13333.33333,2,0.0,0,13333.33333,2,否,否,否,否,否,否,0,否,否,否,否,否,0,否,否,否,,1
30056298,女,74.0,新北市新莊區,C,雙魚座,2824,否,否,否,否,否,否,是,否,169012.38095,17,48879.99999,7,23601.90476,3,23601.90476,3,0.0,0,169012.38095000002,17,48879.99999,7,23601.90476,3,23601.90476,3,0.0,0,否,否,否,否,否,否,0,否,否,否,否,否,0,否,否,否,"1. 家庭關係
    1) 客戶有一位老公，老公有抽菸習慣，且有血糖過高的問題，曾去看骨科。
    2) 客戶有一個兒子，目前六年級，平時由安親班老師接送，晚上七八點才下課，並且一人負擔家庭開銷，壓力較大。
    3) 客戶有一個女兒，女兒已經生了一個女孩。
    4) 客戶家中有兩個孫女，其中一位孫子曾由老公陪伴。
    5) 客戶提到家人中有護理師職業，並且家人有慢性病。
    6) 客戶目前住在一個老房子裡，並提到自己已經搬家。

2. 健康狀況
    1) 客戶有高血壓，需長期服用藥物控制血壓，並每天早上量血壓。
    2) 客戶患有糖尿病，需服藥控制血糖，並關注飲食與健康管理。
    3) 客戶有骨質疏鬆問題，每三個月需打針治療，費用約三千元，並服用相關藥物。
    4) 客戶有胃食道逆流和胃酸問題，影響飲食選擇。
    5) 客戶有便秘、膝蓋退化、筋骨不佳、脊椎疼痛、腕關節問題及肩膀受傷，考慮PRP療法和微創手術。
    6) 客戶曾因筋膜炎接受治療，並提到骨折後進行急性治療。
    7) 客戶晚上睡覺時腳會抽筋，手會痛，並提到血液循環不佳。
    8) 客戶有皮膚過敏問題，對某些產品不適應，曾因鴕鳥精過敏停止使用。
    9) 客戶提到自己身材苗條，曾減重成功瘦了十五斤。
    10) 客戶提到自己有腳麻、腳不方便，且目前不能運動。
    11) 客戶提到自己有健康檢查需求，並進行骨質密度檢測。

3. 職業背景
    1) 客戶目前依靠勞保退休金作為主要收入來源。
    2) 客戶提到未來負擔兒子的生活費會感到辛苦。

4. 健康食品使用心得
    1) 客戶有服用維他命C、益生菌、磷蝦油、龜鹿膠、龜板、幹細胞產品、合利他命、山苦瓜產品、苦瓜茶、藍莓等保健食品。
    2) 客戶曾購買芝麻素、益生菌、山苦瓜產品等，但對益生菌效果不佳，且部分產品價格昂貴。
    3) 客戶每天早上喝一杯飲品，早餐吃套餐燕麥片，運動後喝溫開水。
    4) 客戶使用乳液、防曬、美白產品及玻尿酸進行保養，並曾接受醫美服務。

5. 禁忌
    1) 客戶不使用安眠藥，對其有顧慮，但曾提到有睡眠問題。
    2) 客戶不吃某些產品，並對藥物使用有所顧慮，認為藥物吃太多對身體不好。
    3) 客戶不想打類固醇，認為對身體有害。
    4) 客戶不吃山蔘，並對某些產品價格過高表示不滿。",1
30083558,女,56.0,高雄市岡山區,C,獅子座,2802,否,否,否,否,否,是,是,否,286469.52382000006,98,85349.52380999998,33,9487.61904,2,9487.61904,2,0.0,0,254980.95235,51,78233.33331999996,17,9487.61904,2,9487.61904,2,0.0,0,否,否,否,否,否,否,0,否,否,否,否,否,0,否,否,否,"1. 家庭關係
    1) 客戶為單親家庭，所有開銷由自己負擔。
    2) 客戶有兩個孩子，分別就讀大三和大二，兒子目前不住在家裡。
    3) 客戶的母親建議不要購買過多物品以免過期，母親需要購買薄鹽醬油。

2. 健康狀況
    1) 客戶皮膚敏感，曾因使用不適合的洗面乳和防曬乳導致過敏和冒痘，需使用溫和產品，並搭配乳液和藥膏緩解乾燥及過敏症狀。
    2) 客戶曾被誤診為脂漏性皮膚炎，病情加重後接受抗發炎藥膏、抗生素和中醫針灸治療，目前皮膚狀況良好。
    3) 客戶腸胃蠕動較差，需注意飲食健康，早上六點多起床後排便，若未排便則會不順暢且有異味。
    4) 客戶的子宮已切除，對是否進入更年期不確定。
    5) 客戶不喝甜飲品，平時喝自己泡的綠茶，喝鮮奶會感到脹氣。

3. 職業背景
    1) 客戶的經濟主要由自己負擔，消費習慣為量力而為，並根據服務人員的誠意決定是否購買。
    2) 客戶對服務人員的態度非常重視，曾因服務專員了解需求並提供優惠而支持其業務。

4. 健康食品使用心得
    1) 客戶有服用益生菌，認為益生菌有助於腸道健康，曾使用妍美会的益生菌，初期效果良好但後來效果變差，改用其他品牌後效果一般。
    2) 客戶和家人有服用星星果油，並在晚上服用，對其特惠情況感興趣。
    3) 客戶固定服用安利的葉黃素和保健食品，認為效果很好。
    4) 客戶有服用印加果油，家人也有一起食用。

5. 禁忌
    1) 客戶不敢隨便使用洗面乳、防曬乳或隔離霜，因為不適合的產品會導致皮膚過敏或冒痘。
    2) 客戶目前只能用清水洗臉，不能使用精油卸妝產品。
    3) 客戶不喝甜飲品，對鮮奶過敏，飲用後會感到脹氣。",1
30089948,女,65.0,新北市鶯歌區,C,天秤座,2797,否,否,否,是,否,是,是,否,159398.09527000002,57,65966.66669,28,20956.19049,13,1140.95238,2,17172.38096,4,155295.23811999997,51,65396.1905,25,20385.7143,10,1140.95238,2,17172.38096,4,否,否,否,否,否,否,0,否,否,否,否,否,0,否,否,否,"1. 家庭關係
    1) 客戶的先生有膽固醇偏高，並有服用綠蜂膠和葉黃素。
    2) 客戶提到葉黃素產品是為先生購買的，並需要與配偶討論是否再次購買。

2. 健康狀況
    1) 客戶表示自己的血糖、血壓、血脂及三酸甘油酯均未超標。
    2) 客戶提到自己有定期去醫院拿藥，每天服用一次藥物。

3. 職業背景
    1) 未提及具體職業背景。

4. 健康食品使用心得
    1) 客戶曾購買並使用葉黃素、膠原蛋白、益生菌、魚油、磷蝦油等保健食品，但目前不再食用磷蝦油。
    2) 客戶對瑞昇系列產品（防曬、青春露、精華液）表示肯定，並提到青春露和精華液作為日常保養品，使用頻率較高。
    3) 客戶曾購買自然美品牌的青春露、深層保濕精華乳和精華液，對其價格表示偏高，但仍持續使用。
    4) 客戶使用保濕精華液的頻率較低，一瓶可使用三個月。
    5) 客戶曾多次購買防曬產品，使用頻率較高，目前尚有存貨，效期至2025年，並可能再購買多罐。
    6) 客戶曾購買東森的防曬產品和青春露系列，對其品質表示滿意。

5. 禁忌
    1) 客戶不使用面膜，認為一百片面膜對她來說太多。
    2) 客戶目前不需要購買葉黃素、益生菌或膠原蛋白飲等保健食品。
    3) 客戶目前家中已有存貨的產品包括洗髮精、洗衣精、防曬產品、青春露、衛生紙和小零食，暫時不需要補貨。",1
30107892,男,64.0,台南市安南區,Z,天秤座,2780,否,否,否,否,否,否,是,否,28340.00002,18,18169.52382,11,8485.71429,3,5657.14286,1,0.0,0,8852.380949999999,5,8004.761899999999,4,5657.14286,1,5657.14286,1,0.0,0,否,否,否,否,否,否,0,否,否,否,否,否,0,否,否,否,,1
30126631,女,49.0,台北市士林區,A,處女座,2763,否,是,是,是,否,是,是,否,1285179.9999500003,341,481473.3333,116,148144.76192999998,37,70529.52382,10,68389.52382,18,1044391.4286,122,415996.1904600001,59,124712.38095999998,20,57942.85714,4,66769.52382000002,16,否,否,否,否,否,否,0,否,否,否,否,否,0,否,否,否,"1. 家庭關係
    1) 客戶目前與家人一起居住，家中有一男一女兩個孩子。
    2) 家中養了兩隻烏龜，並且目前沒有飼養貓或狗。
    3) 客戶的先生幾乎不吃外家的營養品，且家中沒有泡茶的習慣。
    4) 客戶的公公剛過世，目前正在處理相關後續事宜。

2. 健康狀況
    1) 客戶每年安排一次健康檢查。
    2) 客戶提到曾使用某些產品後出現過敏反應，導致長痘痘，對某些產品較為敏感。
    3) 客戶提到睡眠狀態不理想，服用幹細胞產品和芝麻素以改善睡眠，但效果有限。
    4) 客戶認為芝麻素有助於睡眠，服用後眼睛閉上較容易入睡。

3. 職業背景
    1) 客戶目前在辦公室工作，工作地點靠近北側。
    2) 客戶每天搭乘大眾交通工具上班。

4. 健康食品使用心得
    1) 客戶目前服用芝麻素，認為其對睡眠有幫助，並嘗試減少用量至每天一顆。
    2) 客戶每天早晚各服用一顆芝麻明E，並認為其對睡眠有幫助。
    3) 客戶每天喝玻尿酸產品，並使用玻尿酸膠囊早晚各一次。
    4) 客戶每天喝粒線體產品，白天飲用，認為其價格較高，因此優先使用。
    5) 客戶曾購買幹細胞產品，目前仍在服用，但頻率較低，認為對睡眠問題效果有限。
    6) 客戶曾購買大江生醫的蔬果酵素產品，每天喝兩包以補充花青素。
    7) 客戶曾嘗試使用某款產品代替芝麻明E，但效果不如預期。
    8) 客戶曾使用含白藜蘆醇的燕窩產品，目前仍在喝燕窩產品。
    9) 客戶家中有多種保健食品存貨，包括褐藻糖膠、粒線體產品、玻尿酸產品等，且多數尚未使用完。

5. 禁忌
    1) 客戶對某些產品容易過敏，曾因使用某產品導致皮膚長痘痘及過敏，需謹慎選擇產品。
    2) 客戶不太購買或佩戴珍珠類飾品，對珍珠飾品無特別喜好，偏好翡翠。
    3) 客戶目前沒有使用香水的習慣，且很少使用香水。",1
30172284,女,74.0,台中市和平區,Z,射手座,2727,否,否,否,否,否,否,是,否,69228.57144,17,36400.0,6,25085.71428,3,25085.71428,3,0.0,0,54315.2381,9,36400.0,6,25085.71428,3,25085.71428,3,0.0,0,否,否,否,否,否,否,0,否,否,否,否,否,0,否,否,否,,1
30187119,女,72.0,台北市士林區,D+,天蠍座,2714,否,否,否,否,否,否,是,否,36380.0,19,14913.33334,4,5694.28572,2,5694.28572,2,0.0,0,3808.57143,1,3808.57143,1,3808.57143,1,3808.57143,1,0.0,0,否,否,否,否,否,否,0,否,否,否,否,否,0,否,否,否,,1
30187673,女,55.0,新北市板橋區,Z,水瓶座,2714,否,否,是,是,否,是,是,否,168129.52384999997,69,54817.14287,12,12855.238100000002,4,3702.85714,1,8514.28572,2,116871.42857,26,49180.0,8,12217.142860000002,3,3702.85714,1,8514.28572,2,否,否,否,否,否,否,0,否,否,否,否,否,0,否,否,否,"1. 家庭關係
    1) 客戶有一位丈夫，購買物品需經過丈夫同意。
    2) 客戶有兩個兒子和一個女兒，女兒曾幫忙下訂沙發並使用自己的帳號完成訂單。
    3) 客戶提到小孩子通常下午兩點多才會到家。
    4) 客戶曾回娘家待了十幾天。

2. 健康狀況
    1) 客戶有鼻子過敏的問題。
    2) 客戶目前有在服用益生菌和龜鹿精，家裡還有益生菌和牛樟芝尚未吃完。
    3) 客戶表示使用某產品後看起來像變了一個人，且該產品擦起來不油膩且很好吸收。
    4) 客戶年齡已滿五十歲。

3. 職業背景
    1) 客戶目前沒有工作，但曾從事工地相關工作，通常下午五點半左右會在家。
    2) 客戶表示這段時間都在附件工種工作。

4. 健康食品使用心得
    1) 客戶曾購買萬年堂品牌的保健食品，表示效果還可以。
    2) 客戶是VIP會員，常購買華陀益生菌，並詢問益生菌的價格。
    3) 客戶之前購買過鴕鳥精，目前家裡還有15盒鴕鳥精，足夠使用四到五個月，並表示先生也有在服用。
    4) 客戶曾購買自然美的時空膠囊，覺得很好用，但尚未使用升級版，家裡還有一組時空膠囊保養品，並表示效果不好。
    5) 客戶曾購買淡斑產品但未見效果。
    6) 客戶之前購買的產品是玻璃瓶裝，可以直接吃或泡水飲用。

5. 禁忌
    1) 客戶表示目前不需要幹細胞產品。
    2) 客戶表示同事建議不要再購買某些產品。
    3) 客戶表示只有在特價時才會購買華陀鴕鳥龜鹿精或龜鹿二仙膏。",1
30189794,女,61.0,高雄市苓雅區,D,金牛座,2712,否,否,否,否,否,是,是,否,53204.76191,23,24519.04762,6,13480.95238,4,11211.42857,2,1508.57143,1,5275.2381,4,760.95238,1,760.95238,1,0.0,0,0.0,0,否,否,否,否,否,否,0,否,否,否,否,否,0,否,否,否,,1
30191047,女,84.0,新竹市,D+,水瓶座,2711,否,否,否,否,否,否,是,否,10761.90477,6,9066.66667,5,6228.57143,4,4342.85714,3,0.0,0,4342.85714,3,4342.85714,3,4342.85714,3,4342.85714,3,0.0,0,否,否,否,否,否,否,0,否,否,否,否,否,0,否,否,否,"1. 家庭關係
    1) 客戶提到年紀大了，身體不太好，需要人照顧。
    2) 客戶行動不方便，現在很少出門，連出去買東西都很少出門。

2. 健康狀況
    1) 客戶已經84歲，身體狀況不太好。
    2) 客戶有慢性病，需要定期服用處方藥物，並定期追蹤心臟健康。
    3) 客戶目前在醫院門診。

3. 職業背景
    1) 無相關資訊。

4. 健康食品使用心得
    1) 客戶有在吃鈣片，並提到曾在藥局購買鈣片。
    2) 客戶有在吃葉黃素，但認為吃太多保健品也不好。
    3) 客戶提到人蔘是別人送的。

5. 禁忌
    1) 客戶主要依靠處方藥物進行保養。
    2) 客戶認為吃太多保健品對健康不利。",1
30225586,男,50.0,宜蘭縣宜蘭市,D+,白羊座,2682,否,否,否,否,否,否,是,否,86626.66665,25,68342.85712,15,12571.42857,1,12571.42857,1,0.0,0,72133.33331,16,66457.14283,14,12571.42857,1,12571.42857,1,0.0,0,否,否,否,否,否,否,0,否,否,否,否,否,0,否,否,否,"1. 家庭關係
    1) 客戶的母親曾經中風，目前有服用蚓激酶，之前也有服用過幹細胞產品，但現在已經不再食用。
    2) 客戶提到平時除了自己保養，還有給家人吃保健品。
    3) 客戶的妻子有在服用葉黃素，但客戶自己並未食用。

2. 健康狀況
    1) 客戶目前健康狀況穩定，無提到重大疾病。
    2) 客戶有每天固定服用一顆蚓激酶，並且晚上服用兩顆顧骨頭的保健食品。
    3) 客戶有在服用一般的維他命，並表示沒有在服用其他西藥。

3. 職業背景
    1) 客戶目前在醫院工作，工作繁忙，近期無法旅遊。
    2) 客戶提到有保險相關支出，可能與其職業或個人規劃有關。

4. 健康食品使用心得
    1) 客戶提到蚓激酶可以在睡前或飯後服用一顆或兩顆，並且需與西藥間隔兩小時。
    2) 客戶表示母親服用蚓激酶後效果不錯，自己也有每天服用一顆。
    3) 客戶曾購買過蚓激酶和顧骨頭產品，並且目前仍在服用顧骨頭保健食品。
    4) 客戶提到曾經和母親一起服用幹細胞產品，但現在已經很久沒有再吃。

5. 禁忌
    1) 客戶提到服用蚓激酶時需與西藥間隔兩小時。
    2) 客戶目前沒有服用其他西藥。",1
30275092,女,66.0,新北市汐止區,D+,處女座,2646,否,否,是,否,否,是,是,否,147171.33336,108,37882.85716,24,3780.00001,3,3114.28572,2,0.0,0,19607.61906,12,6608.57143,3,2457.14286,1,2457.14286,1,0.0,0,否,否,否,否,否,否,0,否,否,否,否,否,0,否,否,否,,1
30303380,女,62.0,台中市南屯區,C,處女座,2633,否,否,否,是,是,是,是,否,793924.76162,628,460728.5712999996,352,165063.80949999992,107,34819.99999,9,4180.952380000001,3,33699.99999,6,33699.99999,6,33699.99999,6,27968.57143,3,0.0,0,否,否,否,否,否,否,0,否,否,否,否,否,0,否,否,否,"1. 家庭關係
    1) 客戶的先生從事貨運工作，需要體力，且晚上容易抽筋或腿部酸痛。
    2) 客戶的先生曾食用過西藥型葡萄糖胺，但效果一般，目前希望通過食用龜鹿二仙膠進行保健。

2. 健康狀況
    1) 客戶目前無明顯健康問題，但對健康保健非常重視，會小心檢查產品成分，對成分內容非常謹慎。
    2) 客戶的先生目前無健康問題，但希望通過保健食品進行體力和健康的維持。

3. 職業背景
    1) 客戶的先生從事貨運工作，工作性質需要較多體力。

4. 健康食品使用心得
    1) 客戶長期使用橄欖油，三餐都會使用，且用量較大，偏好西班牙冷壓初榨橄欖油，但不會長期使用同一品牌。
    2) 客戶曾購買華陀的燕窩產品，消耗速度快，對其價格和容量有清楚了解。
    3) 客戶曾食用白蘭氏產品，後改為華陀產品，認為華陀產品更天然，並已食用華陀的葉黃素兩三個月。
    4) 客戶曾購買葡萄糖胺給先生食用，但效果不明顯，後改為龜鹿二仙膠和二龜苓膏，二龜苓膏已食用三十天但尚未感覺到效果。
    5) 客戶曾訂購過濃縮保健食品，但因效果不佳而退貨。
    6) 客戶有使用人蔘，並提到白藜蘆醇是純的。
    7) 客戶對某韓國製造的產品評價很好，已使用三個月並訂購了四個月的量。

5. 禁忌
    1) 客戶對保健食品的成分非常謹慎，通常購買中藥房的產品，並由中醫師推薦。
    2) 客戶會根據效果更換保健食品品牌，不會長期使用效果不佳的產品。",1
30326700,女,55.0,彰化縣福興鄉,Z,巨蟹座,2616,否,否,是,否,是,否,是,否,28739.04761,18,570.47619,1,570.47619,1,570.47619,1,0.0,0,15028.57142,7,570.47619,1,570.47619,1,570.47619,1,0.0,0,否,否,否,否,否,否,0,否,否,否,否,否,0,否,否,否,,1
30337418,女,62.0,基隆市仁愛區,Z,天蠍座,2609,否,否,否,否,否,是,是,否,61026.66668,28,34656.190480000005,15,9713.33332,6,3980.0,2,0.0,0,22352.38095,9,17638.09523,7,4514.2857,3,0.0,0,0.0,0,否,否,否,否,否,否,0,否,否,否,否,否,0,否,否,否,,1
30343513,女,76.0,台北市大安區,C,摩羯座,2606,否,否,否,否,否,否,是,否,33233.33334,11,14142.85715,3,13276.19048,2,13276.19048,2,0.0,0,20742.85715,5,14142.857150000002,3,13276.19048,2,13276.19048,2,0.0,0,否,否,否,否,否,否,0,否,否,否,否,否,0,否,否,否,"1. 家庭關係
    1) 未提及具體家庭成員或關係。

2. 健康狀況
    1) 客戶為76歲女性，患有三高（高血壓、高血糖、高血脂）。
    2) 客戶有乾眼症，偶爾使用人工淚液。
    3) 客戶目前血糖偏高，空腹血糖值為118，屬於糖尿病前期，但尚未開始服用降血糖藥物。
    4) 客戶每天服用半顆降血壓藥。
    5) 客戶每三個月進行一次健康檢查。

3. 職業背景
    1) 客戶目前仍在上班。

4. 健康食品使用心得
    1) 客戶目前有服用葉黃素和B群，並提到葉黃素的使用。
    2) 客戶家中尚有三瓶未使用完的大瓶魚油。

5. 禁忌
    1) 客戶目前尚未提及具體禁忌事項。",1
30464888,女,47.0,台南市東區,D+,射手座,2533,否,否,否,否,否,否,是,否,59140.9524,25,29427.61905,7,2828.57143,1,2828.57143,1,0.0,0,36780.95239,8,28285.71429,6,2828.57143,1,2828.57143,1,0.0,0,否,否,否,否,否,否,0,否,否,否,否,否,0,否,否,否,,1
30485994,女,58.0,嘉義市,A,雙魚座,2519,否,是,是,是,是,是,是,否,1230672.38094,206,655819.0476599997,89,226540.0,34,90163.8095,8,136217.14288,20,1164739.04761,164,652069.5238400002,78,226380.95237999992,28,90163.8095,8,136217.14287999997,20,是,否,否,否,否,否,1,否,否,否,是,否,0,否,否,否,"1. 家庭關係
    1) 客戶與先生住在一起。
    2) 客戶有兩個女兒，其中一位女兒正在外面租房子住，另一位女兒愉快畢業，目前一個禮拜上沒幾天課。
    3) 客戶家中有小朋友。

2. 健康狀況
    1) 客戶最近有盜汗的情況。
    2) 客戶曾經患有肝炎。
    3) 客戶有退化性關節炎。
    4) 客戶表示她沒有定期進行全身健康檢查。
    5) 客戶沒有在服用慢性處方簽藥物。
    6) 客戶剛剛接種了疫苗。

3. 職業背景
    1) 客戶目前在家幫忙，並提到她今天有上班。
    2) 客戶最近比較忙，工作型態可能需要在假日工作。

4. 健康食品使用心得
    1) 客戶目前每天服用兩顆幹細胞產品。
    2) 客戶每天飲用一支紅色盒子的飲品，認為對皮膚有益。
    3) 客戶曾購買藍鑽產品，內含三罐有緣參鹿，使用後感覺還好，並認為藍鑽產品效果滋潤。
    4) 客戶喝過藍鑽產品中的美容養顏水，覺得好喝。
    5) 客戶曾經吃過龜鹿膏，但覺得效果不明顯。

5. 禁忌
    1) 客戶不喜歡吃保健食品，偏好使用擦的保養品。
    2) 客戶提到她不吃某些產品，但未進一步說明原因或禁忌。",1
30497225,男,68.0,高雄市林園區,D+,巨蟹座,2511,否,否,否,否,否,否,是,否,97936.19048,65,45663.80954,22,19178.09524,12,9275.2381,4,0.0,0,3209.52381,2,2457.14286,1,2457.14286,1,2457.14286,1,0.0,0,否,否,否,否,否,否,0,否,否,否,否,否,0,否,否,否,"1. 家庭關係
    1) 無相關資訊提及。

2. 健康狀況
    1) 客戶68歲，男性。
    2) 客戶有在保養骨頭，偶爾會感到腳痛。
    3) 客戶有服用三高的藥物。

3. 職業背景
    1) 無相關資訊提及。

4. 健康食品使用心得
    1) 客戶有服用保養骨頭的產品。
    2) 客戶提到有在服用益菌酵素。
    3) 客戶提到有在服用愛美人膠。
    4) 客戶提到內部有在食用人蔘。

5. 禁忌
    1) 無相關資訊提及。",1
30504717,女,75.0,桃園市大園區,D+,摩羯座,2506,否,否,是,否,否,是,是,否,63867.619040000005,8,32770.47619,5,28380.95238,1,28380.95238,1,0.0,0,60399.99999,5,30266.66666,3,28380.95238,1,28380.95238,1,0.0,0,否,否,否,否,否,否,0,否,否,否,否,否,0,否,否,否,,1
30520826,女,58.0,桃園市桃園區,C,雙子座,2494,否,是,是,否,否,是,是,否,27002.85715,12,26135.2381,11,17394.28572,5,17394.28572,5,0.0,0,14744.76191,6,14744.761909999996,6,13603.80953,4,13603.80953,4,0.0,0,否,否,否,否,否,否,0,否,否,否,否,否,0,否,否,否,,1
30559460,男,54.0,彰化縣鹿港鎮,A,雙子座,2462,否,否,是,是,否,是,是,否,2224971.4285,373,1138848.5714300005,143,419677.14284,34,334608.57142000005,13,9504.76191,2,1866659.99998,174,982465.7142799998,56,372582.85715,16,309866.66666,10,9504.76191,2,是,否,否,否,否,否,1,否,否,否,否,否,0,否,否,否,"1. 家庭關係
    1) 客戶提到家中有妻子和孩子，妻子在家，孩子的保險費一年約十五萬。
    2) 客戶提到家裡有很多人，家裡可能會有人收貨。
    3) 客戶提到妹妹們在學校，姐姐平常比較少吃燕窩。

2. 健康狀況
    1) 客戶有抽菸的習慣，特別在意肺部健康，可能需要清肺相關的保健品。
    2) 客戶服用心臟相關藥物已經有二十年，並提到吸收不好。
    3) 客戶平常因應酬會喝酒，喝酒前後可能會使用幹細胞產品。

3. 職業背景
    1) 客戶目前正在工作，表示工作繁忙。
    2) 客戶有投資機器，花費約四百多萬，並表示需要一到兩年處理現有投資。
    3) 客戶對黃金商品有興趣，主要用於投資，預算範圍約為五萬到二十萬，一年購買兩次。

4. 健康食品使用心得
    1) 客戶有服用幹細胞相關保健品，每天早晚各服用兩顆，並表示該產品有改善效果。
    2) 客戶曾購買即食燕窩、蚓激酶、野山蔘、花旗蔘片、朱董的天切片、戶三日等多種保健食品，部分產品尚未使用或存放於冰箱中。
    3) 客戶每天服用戶三日保健食品一顆，飯後服用保健食品效果較好，並提到服用後泡泡尿的症狀改善。
    4) 客戶有自製辣椒調味料的習慣，並有泡茶的習慣。
    5) 客戶提到參條適合給女兒使用，家人喜歡食用野山蔘。

5. 禁忌
    1) 客戶表示目前家中物品過多，需整理，暫時不考慮購買新產品。
    2) 客戶擔心購買的商品會過期，因此考慮購買數量，並提到部分保健品已過期。
    3) 客戶目前有貸款和分期付款壓力，資金周轉困難，暫時不考慮高價產品或藝術品。
    4) 客戶不考慮購買帶有某些證書的產品，並需與先生討論後再決定是否購買黃馬褂人參產品。",1
30630229,男,43.0,新竹縣新埔鎮,B,摩羯座,2402,否,否,否,否,否,是,是,否,435422.8572,69,171222.85718999995,37,87694.28576,18,60703.809550000005,11,26990.47621,7,434429.52387,65,170240.95242999998,34,87694.28576000001,18,60703.80955,11,26990.47621,7,否,否,否,否,否,否,0,否,否,否,否,否,0,否,否,否,"1. 家庭關係
    1) 客戶提到自己已婚，且每年都有慶祝某活動。
    2) 客戶提到家裡人從兩百多變成一百，可能暗示家庭成員數量的變化。
    3) 客戶提到自己一個人在北新，並提到已經約好搬家公司。

2. 健康狀況
    1) 客戶提到有慢性病，並需要拿藥。
    2) 客戶最近減重感到疲勞，並提到有點頭暈及不舒服，描述像是坐在馬桶上但無法排便的感覺。
    3) 客戶提到已經兩年來有疼痛的情況，睡眠不好，可能是軟組織的問題，已進行檢驗，無神經問題，但若要證明需進行神經傳導測試。

3. 職業背景
    1) 客戶提到在家裡公司上班。
    2) 客戶提到今天應該不會加班，並表示時間不太多。

4. 健康食品使用心得
    1) 客戶曾購買過葉黃素產品，並確認了葉黃素的需求。
    2) 客戶曾購買過滑精養身產品，但要求退貨。
    3) 客戶提到有在使用益生菌，並提到保養眼睛。
    4) 客戶提到鱸魚精及鯛魚。

5. 禁忌
    1) 客戶表示不要賣東西。
    2) 客戶提到她不適應放股票了。",1
30636842,女,63.0,桃園市平鎮區,D+,白羊座,2396,否,否,否,否,否,是,是,否,47940.00003000001,27,40750.47623,23,12570.476210000004,6,10380.952400000002,5,2189.52381,1,24147.61907,14,23404.761930000004,13,12570.476210000004,6,10380.952400000002,5,2189.52381,1,否,否,否,否,否,否,0,否,否,否,否,否,0,否,否,否,"1. 家庭關係
    1) 客戶已婚。
    2) 客戶提到她的媽媽感到很累。
    3) 客戶提到女兒使用過精油卸妝膏，但未提供使用效果的回饋。

2. 健康狀況
    1) 客戶因手骨折住院，目前正在休養中，修復期可能需要三個月。
    2) 手骨折的情況只是稍微歪掉，並未傷到神經，已經有十幾天的時間。
    3) 客戶的糖化血色素偏高，且已服用降血糖的西藥近十年。
    4) 客戶表示曾使用魚油，但因住院暫時停止使用。

3. 職業背景
    1) 未提及具體職業背景。

4. 健康食品使用心得
    1) 客戶曾購買華陀的保健食品，偏好泡飲形式而非膠囊，並提到去年曾購買華陀的素食保健食品。
    2) 客戶之前購買過顧骨頭關節的產品，但目前尚未喝完，且因正在吃其他東西不打算再購買。
    3) 客戶曾購買鴕鳥精及補骨胜肽產品，但因不喜歡其味道已停止使用。
    4) 客戶提到銀保善存綜合維他命可以每天飯後服用一顆，一罐可吃三個月，且曾購買過該產品。
    5) 客戶提到她忘記是否有喝過膠原蛋白，並未曾使用益生菌，也沒有食用益生菌的習慣。
    6) 客戶之前購買了華陀龜鹿膏，目前還有存貨未使用完。
    7) 客戶提到她家裡已經有購買保健食品，且尚未吃完。

5. 禁忌
    1) 客戶表示不喜歡某些保健食品的味道，例如鴕鳥精及補骨胜肽。
    2) 客戶剛剛前幾天才買過東西，因此不想再購買益生菌。",1
30642632,女,53.0,台中市東勢區,C,白羊座,2391,否,是,否,否,否,是,否,否,436878.09509,303,307890.4760900002,201,124347.61902999994,72,0.0,0,42023.80954,17,30368.571430000004,11,28664.76191,9,27255.2381,8,0.0,0,25541.904770000005,7,否,否,否,否,否,否,0,否,否,否,否,否,0,否,否,否,"1. 家庭關係
    1) 客戶提到她住在鄉下，環境很好，空氣清新。
    2) 客戶表示她沒有與媽媽同住。
    3) 客戶提到家人建議她不要熬夜。

2. 健康狀況
    1) 客戶提到她的日常飲食中攝取所需的營養。
    2) 客戶平時不喝膠原蛋白飲，也不太吃保健食品如B群、維他命D或益生菌。
    3) 客戶偶爾會喝營養保健品，但平時只喝白開水。
    4) 客戶的皮膚有時候會稍微敏感，若皮膚乾燥會購買適合乾性皮膚的護膚品。
    5) 客戶平常沒有敷面膜或擦防曬的習慣，對皮膚狀況不太在意。

3. 職業背景
    1) 客戶提到她目前暫時沒有工作。
    2) 客戶表示她幾乎都待在台灣，較少出國旅遊。

4. 健康食品使用心得
    1) 客戶提到她曾購買過益生菌，但認為效果差不多，且平常不太吃益生菌。
    2) 客戶購買了南瓜粉，直接用熱水沖泡來喝。
    3) 客戶曾購買過鱸魚排，商品已經到貨。

5. 禁忌
    1) 客戶平時不喝膠原蛋白飲，也沒有喝膠原蛋白的習慣。
    2) 客戶平常不太吃保健食品如B群、維他命D或益生菌。",1
30642899,女,75.0,新北市中和區,Z,金牛座,2391,否,否,是,否,否,是,是,否,202763.80952,51,75400.00001000002,24,15103.80953,8,12683.80953,7,2420.0,1,128447.61906,18,38588.57143,7,1140.95238,2,1140.95238,2,0.0,0,否,否,否,否,否,否,0,否,否,否,否,是,0,否,否,否,"1. 家庭關係
    1) 客戶提到家裡的東西很多，感覺有些混亂。
    2) 客戶提到家裡沒有補鈣的習慣。

2. 健康狀況
    1) 客戶提到自己有高血壓。
    2) 客戶提到她的皮膚容易過敏，並強調此為真實情況。
    3) 客戶提到她的身體很健康。

3. 職業背景
    1) 客戶提到她以前都給人做家事。

4. 健康食品使用心得
    1) 客戶提到牛樟芝產品。
    2) 客戶表示燕窩很高級。
    3) 客戶表示曾購買過保養品。
    4) 客戶提到她目前使用另一個牌子的產品，並認為該產品不便宜。

5. 禁忌
    1) 客戶表示她不敢喝牛奶，提到牛奶味道很重，但後續又表示味道不會很重。
    2) 客戶提到她使用美白和保濕產品，並認為這些產品價格較高。",1
30686758,男,80.0,台北市萬華區,B,射手座,2355,是,否,是,否,否,是,是,否,338685.71427,43,235500.95238,30,62801.90477,10,60800.952390000006,8,2000.95238,2,332074.28568999993,40,235500.95238,30,62801.90477,10,60800.952390000006,8,2000.95238,2,否,否,否,否,否,是,0,否,否,否,否,否,0,否,否,否,"1. 家庭關係
    1) 客戶有兩個女兒，其中一位女兒和女婿與他同住，另一位女兒在馬來西亞生活，偶爾回國探親。
    2) 客戶有兩個兒子，成就不錯，兒子每月回來探望一到兩次，房子已過戶給兒子，但仍由自己居住。
    3) 客戶有三個孫子，偶爾會與孫子一起吃飯，並給予零用錢。
    4) 客戶的太太已經過世，生活習慣因此有所改變，現為獨居。

2. 健康狀況
    1) 客戶79歲，患有高血壓、攝護腺問題、腎臟狀況不佳及皮膚病，需長期服用相關藥物。
    2) 客戶有心血管相關問題，曾血壓飆高至197，目前控制在110-120之間。
    3) 客戶有腎結石，曾自然排出，目前腎臟狀況不佳，需多喝水。
    4) 客戶有皮膚過敏和乾燥問題，需定期看診，並使用乳液和乳霜改善。
    5) 客戶有攝護腺問題，晚上需起夜三到四次，影響睡眠品質。
    6) 客戶有感冒、咳嗽和痰的情況，恢復較慢。
    7) 客戶體重穩定在75公斤，近期體重減少1.5公斤，走路感覺輕鬆。
    8) 客戶年紀大，體力和心力不如從前，擔心反應變慢，不再開車。

3. 職業背景
    1) 客戶曾在50歲退休，退休金每年約40萬，另有保險金5萬及其他收入，總計約65萬。
    2) 客戶曾從事講師工作，教授高血壓相關課程，目前仍在教學。
    3) 客戶曾投資土地和股票，現有固定收入，每月約5萬元，並有300多萬退休金本金。

4. 健康食品使用心得
    1) 客戶每天服用高血壓藥、氨基酸、心血管保健品、攝護腺相關保健品等，認為有助於健康。
    2) 客戶認為氨基酸有助於補充蛋白質、骨骼和肌肉健康，並每天早上空腹服用。
    3) 客戶曾服用日本特級褐藻糖膠，認為有助於免疫力和排毒。
    4) 客戶服用葉黃素、B群、南瓜籽油等保健品，認為有助於眼睛、心血管和免疫系統健康。
    5) 客戶認為星星果油和倍護膠囊有利尿和心血管保健效果。
    6) 客戶對保健品選擇嚴格，偏好純素產品，避免葷食成分。

5. 禁忌
    1) 客戶不接受葷食保健品，對胎盤素等產品非常排斥。
    2) 客戶避免吃太多糖分、油炸食品及刺激性食物。
    3) 客戶不使用微波爐加熱食物，改用電鍋。
    4) 客戶不喝湯，認為湯熱量高且不適合自己。",1
30691013,女,72.0,台南市安定區,D+,雙魚座,2351,否,否,否,否,否,否,是,否,115325.7143,34,8529.523809999999,6,5111.42857,4,2828.57143,1,0.0,0,69273.33333,13,5111.428569999999,4,5111.42857,4,2828.57143,1,0.0,0,否,否,否,否,否,否,0,否,否,否,否,否,0,否,否,否,"1. 家庭關係
    1) 客戶提到她的女兒目前正在住院。
    2) 客戶提到她的女兒經常購買保健品回來給她使用。
    3) 客戶提到她的女兒曾購買玻尿酸產品，並提到該產品為東森購物台的商品。

2. 健康狀況
    1) 客戶提到她的膝蓋有點痛，這種情況已經持續很久。
    2) 客戶提到她有筋膜炎的健康問題。

3. 職業背景
    1) 客戶提到她目前在做生意。
    2) 客戶提到美樂家很輕鬆。

4. 健康食品使用心得
    1) 客戶提到她有喝納豆紅麴類產品。
    2) 客戶提到她目前還有三盒龜鹿精未使用。
    3) 客戶提到葉黃素和維他命C是可選的保健品選項之一，並認為葉黃素對眼睛有幫助。
    4) 客戶提到她曾使用過口服玻尿酸產品。
    5) 客戶提到黑木耳產品和美容相關產品。
    6) 客戶表示目前已經沒有在服用蚓激酶產品。

5. 禁忌
    1) 客戶未提到具體禁忌事項。",1
30696073,女,48.0,高雄市六龜區,C,天蠍座,2347,否,否,否,否,否,是,是,否,69931.42857000002,42,57172.380950000006,35,31686.66668,11,13904.76191,4,17781.90477,7,57539.04761999999,32,52081.90476,29,31686.66668,11,13904.76191,4,17781.904769999997,7,否,否,否,否,否,否,0,否,否,否,否,否,0,否,否,否,,1
30696144,男,70.0,新北市五股區,C,獅子座,2347,否,否,否,否,否,否,是,否,41923.80955,28,22101.90476,9,22101.90476,9,21150.47619,8,0.0,0,9694.28572,3,6865.71429,2,6865.71429,2,6865.71429,2,0.0,0,否,否,否,否,否,否,0,否,否,否,否,否,0,否,否,否,,1
30701191,男,89.0,高雄市鳳山區,A,射手座,2343,是,是,是,是,否,是,是,否,2621592.38087,335,1826255.238059999,233,542914.2856599999,65,498506.6666399999,43,2962.85714,2,2491881.90474,243,1717409.5238299996,155,503392.3809399999,43,482518.09524000005,37,951.42857,1,是,否,否,否,否,否,0,否,否,否,是,否,0,否,否,否,"1. 家庭關係
    1) 客戶有兩個女兒和一個兒子，兒子在大陸工作，女兒住在高雄附近，其中一位女兒在醫院工作。
    2) 客戶的孫子曾經不舒服，可能是腸病毒，客戶幫忙掛號看病。
    3) 客戶的父親已去世，家中無比客戶年長的長輩。
    4) 客戶的女婿在中港工作，並幫助客戶領取股東的配息。
    5) 客戶的兒子和女兒分別投資了約240萬和180萬，兒子每月有八千多元的配息收入，女兒幫忙購買了很多東西。
    6) 客戶的孫子收到紅包1200元，女兒和兒子給的紅包金額不固定，可能是一萬或兩萬。

2. 健康狀況
    1) 客戶88歲，身高167公分，體重60多公斤，曾經體重70多公斤，後來瘦下來。
    2) 客戶有高血壓、高三酸甘油酯和腎功能問題，並服用血壓藥、心臟瓣膜藥和降血脂藥。
    3) 客戶的糖化血色素從6點多降至5點多，低密度膽固醇數值為53，總膽固醇為117，三酸甘油酯為58，腎絲球過濾率為53。
    4) 客戶有白內障並已開過刀，對腎臟健康有關注，無泡泡尿現象。
    5) 客戶有長期保養習慣，超過20年，並定期進行健康檢查。

3. 職業背景
    1) 客戶曾經投資股票，主要持有ETF，依靠配息，對股票市場有一定經驗，並有長期投資習慣。
    2) 客戶曾參加投資說明會，但在投資中損失了一千多萬，目前對短期股票投資持謹慎態度。
    3) 客戶目前持有長榮股票12張，並關注台積電和光大股票的價格變化。

4. 健康食品使用心得
    1) 客戶長期服用保健食品，包括滑精養生產品、蚓激酶、褐藻糖膠、葉黃素、氨基酸、粒線體飲品等，並對其效果有正面反饋。
    2) 客戶每天早晚各服用兩顆滑精養生產品，並觀察到泡泡尿減少的效果。
    3) 客戶每天服用兩顆蚓激酶，並計劃根據血液檢查結果調整劑量。
    4) 客戶對粒線體產品、氨基酸產品和葉黃素的口感有正面評價，並習慣冰涼後飲用。
    5) 客戶對於長期服用營養品持正面看法，認為對健康有幫助。

5. 禁忌
    1) 客戶不吃辣、不喝酒、不抽菸，飲食控制良好，避免帶殼海鮮。
    2) 客戶對某些產品的口感不喜歡，會將不喜歡的產品送給家人或他人。
    3) 客戶對購買產品持謹慎態度，曾接到詐騙電話但未上當。",1
30753287,女,73.0,高雄市前鎮區,Z,雙魚座,2299,否,否,否,否,否,否,是,否,74498.09525,28,14863.80952,6,0.0,0,0.0,0,0.0,0,70260.00001,24,14863.80952,6,0.0,0,0.0,0,0.0,0,否,否,否,否,否,否,0,否,否,否,否,否,0,否,否,否,,1
30759220,女,75.0,桃園市八德區,A,天蠍座,2294,否,否,是,否,否,是,是,否,918957.14304,147,607967.619210001,97,160315.23817000006,36,142121.90482000005,24,10609.52381,4,881270.47637,127,602862.85731,95,160315.23817000003,36,142121.90482000005,24,10609.52381,4,否,否,否,否,否,否,0,否,否,否,否,否,0,否,否,否,"1. 家庭關係
    1) 客戶有兩個孩子，其中一個兒子不從事農業，選擇成為上班族，另一個兒子有高血壓問題，並且願意為她出錢，計劃帶她去韓國旅遊。
    2) 客戶的孫子是姐妹的孩子，並非親孫子，孫子每天去安親班，因為父母無法接送。
    3) 客戶的母親92歲，手腳健全但有失智症狀，需要吃藥控制情緒。
    4) 客戶的妹妹在一家小型工廠工作，與丈夫經常旅行，因為兒子已接手工廠。
    5) 客戶的家人有點光明燈的習慣，家中有拜觀音和土地公，並在初一十五進行拜拜。

2. 健康狀況
    1) 客戶有肝硬化、高血壓、三高問題、便秘，並曾有五十肩，目前右肩不適影響拿東西。
    2) 客戶體重八十多公斤，血糖狀況尚可，最近睡眠品質改善，較少咳嗽。
    3) 客戶的兒子血壓較高，並且胖了五公斤。
    4) 客戶的尿液顏色曾變紅，懷疑與服用的產品有關。
    5) 客戶在韓國旅行時，因高溫和高海拔感到不適，出現心臟不適和呼吸困難。

3. 職業背景
    1) 客戶目前在精彩駐廠工作，工作繁忙，需處理壞掉的物品，每十天處理一次貨物。
    2) 客戶的家庭從事農業，但因農產品價格低，種植不划算，面臨困難。

4. 健康食品使用心得
    1) 客戶和兒子每天服用美託洛，對其效果滿意；客戶也服用葉黃素、褐藻糖膠、益生菌等保健品，對提升免疫力和改善健康有幫助。
    2) 客戶對陳美鳳代言的保健食品和膠囊產品有使用經驗，對其效果表示滿意。
    3) 客戶曾服用含土龍、龜殼、鹿成分的保健品，覺得效果較好；也曾使用幹細胞產品，對其效果有印象。
    4) 客戶對紅參的效果滿意，認為能減少疲勞和打瞌睡。
    5) 客戶對某些產品如一條根、眼袋霜等效果不滿意，並對果凍條產品過敏，未來會避免購買。

5. 禁忌
    1) 客戶對果凍條產品過敏，食用後全身發癢，並持續整天。
    2) 客戶不喜歡喝酸甜口味的保健品、鱸魚湯和奶茶，並避免食用玻璃罐裝產品。
    3) 客戶不喜歡喝水，因為會頻尿。
    4) 客戶不敢喝滴雞精，對夜宵是否有副作用表示擔憂。",1
30762278,女,67.0,新北市新莊區,D,雙子座,2291,否,否,否,否,否,否,否,否,28214.28573,13,8133.33333,5,4333.33333,4,0.0,0,0.0,0,16360.0,4,1198.09524,2,1198.09524,2,0.0,0,0.0,0,否,否,否,否,否,否,0,否,否,否,否,否,0,否,否,否,,1
30763789,女,30.0,台中市北區,D+,金牛座,2290,否,是,否,否,否,是,是,否,1769365.714589998,754,103156.19047,50,19737.142850000007,10,4777.14286,5,0.0,0,44871.42855,53,20225.7143,21,6564.76191,6,4777.14286,5,0.0,0,否,否,否,否,否,否,1,否,否,否,否,否,0,否,否,否,,1
30787926,女,50.0,台中市南屯區,C,處女座,2274,否,否,否,否,否,否,是,否,79365.71426000001,51,60089.52378000001,39,13930.47619,5,11314.28571,1,0.0,0,41146.66667,16,32199.04762,13,12979.04762,4,11314.28571,1,0.0,0,否,否,否,否,否,否,0,否,否,否,否,否,0,否,否,否,,1
30801268,男,61.0,台中市北屯區,C,處女座,2262,否,否,否,否,否,否,是,否,63012.38095,11,24702.85714,3,19045.71428,2,19045.71428,2,0.0,0,60053.33333,8,24702.85714,3,19045.71428,2,19045.71428,2,0.0,0,否,否,否,否,否,否,1,否,否,否,否,否,0,否,否,否,,1
30820342,女,63.0,台南市永康區,D+,白羊座,2246,否,否,否,否,否,否,是,否,50221.90474,37,26010.47618000001,15,3422.85714,6,3422.85714,6,0.0,0,5467.61904,9,4706.66666,8,3422.85714,6,3422.85714,6,0.0,0,否,否,否,否,否,否,0,否,否,否,否,否,0,否,否,否,,1
30863082,男,70.0,台中市大里區,D+,獅子座,2210,否,否,是,否,否,否,是,否,610175.23813,126,355206.66669,62,126192.38095,21,107573.33334,10,0.0,0,477028.57145,58,307586.66666,35,107094.28572,10,103485.71428999996,8,0.0,0,否,否,否,否,否,否,0,否,否,否,否,否,0,否,否,否,"1. 家庭關係
    1) 客戶提到家中沒有與太太同住。
    2) 客戶曾幫太太訂購內衣。

2. 健康狀況
    1) 客戶有高血壓，血壓穩定在120左右，但有時候會忘記服用高血壓藥。
    2) 客戶有排便問題，偶爾便秘，並有大腸息肉的情況。
    3) 客戶提到有吞咽困難，吞咽時會有結塊的感覺。
    4) 客戶表示目前身體健康，沒有在服用慢性病處方藥。
    5) 客戶提到記性變差，並表示以前記性較好。
    6) 客戶每天都有量血壓，並表示血壓穩定。

3. 職業背景
    1) 客戶提到以前在學校時使用過紅寶產品，可能與教育相關。
    2) 客戶目前已退休，年齡為69歲。

4. 健康食品使用心得
    1) 客戶每天服用兩顆益生菌進行保養，並表示有在吃大豆和芒果。
    2) 客戶曾購買過幹細胞相關產品、蚓激酶產品、三倍綠蜂膠的葉黃素產品、第一代金色罐子活泉產品等，並提到葉黃素是早上服用，且可與蚓激酶一起服用。
    3) 客戶提到服用B群後尿液有味道，並表示以前吃過善存，覺得效果不錯。
    4) 客戶提到無添加的綜合維他命，並表示目前家中還有很多健康食品。
    5) 客戶提到他們家人喝白藜蘆醇較多，但未明確指出自己是否飲用。

5. 禁忌
    1) 客戶表示不喜歡蒜頭的味道。
    2) 客戶提到他很少吃干貝。
    3) 客戶表示對房地產沒有興趣。
    4) 客戶提到如果商品太大可以退貨。",1
30864615,女,75.0,高雄市三民區,D,處女座,2209,否,否,是,否,否,否,是,否,23819.04761,8,4932.380950000001,3,1140.95238,2,1140.95238,2,0.0,0,22866.66666,7,4932.38095,3,1140.95238,2,1140.95238,2,0.0,0,否,否,否,否,否,否,0,否,否,否,否,是,0,否,否,否,,1
30875099,男,72.0,基隆市信義區,Z,摩羯座,2200,否,否,否,否,否,是,是,否,821642.85709,254,160369.52377999996,48,21356.19047,9,7582.85714,2,0.0,0,449802.85715000005,55,87019.04762000001,19,8534.28571,3,7582.85714,2,0.0,0,否,否,否,否,否,否,0,否,否,否,是,否,0,否,否,否,"1. 家庭關係
    1) 客戶有一位小孫子，已滿兩歲，認為可以開始服用益生菌。
    2) 客戶的老公目前健康狀況需要調理，白血循環恢復較慢，偶爾服用幹細胞產品，但需注意劑量。
    3) 客戶提到兒子的腰圍是三十五。
    4) 客戶表示家中有多種保健品，主要由客戶本人服用。

2. 健康狀況
    1) 客戶每天服用褐藻產品，早晚各兩顆，認為效果良好，但消耗速度較快。
    2) 客戶的老公健康狀況需要定期檢查，恢復期中需慢慢調理，對某些保健品可能不適應，導致頭痛及肝指數升高。
    3) 客戶腰圍為三十二到三十六，體重七十幾公斤。

3. 職業背景
    1) 未提及具體職業背景。

4. 健康食品使用心得
    1) 客戶對褐藻產品效果滿意，並每天服用。
    2) 客戶曾購買益生菌，但未使用完，孫子覺得味道太酸，大人可以接受。
    3) 客戶偶爾服用幹細胞修復的參鹿膠囊。
    4) 客戶曾購買橄欖油，偏好西班牙品牌。
    5) 客戶曾購買台酒洗髮精，對其抗掉髮及黑髮效果有所了解。
    6) 客戶有喝麥片、芝麻飲的習慣，並曾購買萬歲牌芝麻產品。
    7) 客戶對人蔘產品興趣不大，家中存量充足，且認為小朋友不適合食用。

5. 禁忌
    1) 客戶的老公對幹細胞產品需控制劑量，過量可能導致不適。
    2) 客戶不購買韓國限量人蔘，認為價格過高且無必要。
    3) 客戶對購買保健美容類產品的興趣減少，未來可能不再購買。",1
30880131,男,45.0,宜蘭縣員山鄉,Z,天蠍座,2197,否,否,否,否,否,否,否,否,86396.19047999999,24,21977.14285,9,6264.7619,3,0.0,0,0.0,0,64822.85714,17,18186.666659999995,8,6264.7619,3,0.0,0,0.0,0,否,否,否,否,否,否,0,否,否,否,否,否,0,否,否,否,,1
30881863,女,68.0,彰化縣埔鹽鄉,Z,摩羯座,2196,否,否,否,否,否,是,是,否,50695.238110000006,52,18675.2381,23,4311.42857,6,0.0,0,951.42857,1,12665.71428,16,9457.142850000002,14,4311.42857,6,0.0,0,951.42857,1,否,否,否,否,否,否,0,否,否,否,否,否,0,否,否,否,,1
30907234,0,48.0,新北市三峽區,Z,獅子座,2176,否,是,否,否,否,否,是,否,38817.14285,4,33331.428570000004,2,5657.14286,1,5657.14286,1,0.0,0,5657.14286,1,5657.14286,1,5657.14286,1,5657.14286,1,0.0,0,否,是,否,否,否,否,0,否,否,否,否,否,0,否,否,否,"1. 家庭關係
    1) 客戶提到家中物品太多，可能反映家庭生活中物品儲存充足。

2. 健康狀況
    1) 客戶年齡為47歲，接近50歲。
    2) 客戶目前開始服用葉黃素，但平常並沒有吃葉黃素的習慣。

3. 職業背景
    1) 未提及具體職業背景。

4. 健康食品使用心得
    1) 客戶開始服用葉黃素，但尚未形成習慣。

5. 禁忌
    1) 客戶暫時不需要兌換五九九的兌換券，可能因家中物品儲存充足。",1
30909275,女,71.0,新北市新店區,C,水瓶座,2175,否,否,否,否,否,否,是,否,69797.14284,28,37912.38092000001,16,6759.9999800000005,7,6759.9999800000005,7,0.0,0,55512.38093,20,37912.38092,16,6759.99998,7,6759.9999800000005,7,0.0,0,否,否,否,否,否,否,0,否,否,否,否,否,0,否,否,否,,1
30930352,男,56.0,新北市新莊區,Z,水瓶座,2158,否,否,否,否,否,否,是,否,7180.000010000001,4,5294.285720000001,3,3408.57143,2,3408.57143,2,0.0,0,570.47619,1,570.47619,1,570.47619,1,570.47619,1,0.0,0,否,否,否,否,否,否,0,否,否,否,否,否,0,否,否,否,"1. 家庭關係
    1) 未提及家庭相關資訊。

2. 健康狀況
    1) 客戶提到對於葉黃素和膽固醇相關產品有關注，但未明確表示需求。
    2) 客戶表示之前購買的保健食品效果不佳，可能對健康狀況有一定期待。

3. 職業背景
    1) 未提及職業相關資訊。

4. 健康食品使用心得
    1) 客戶對葉黃素產品的折抵比例有疑問，顯示對健康食品的價格和效益有一定關注。
    2) 客戶表示之前購買的保健食品效果不好，可能對產品品質或效果有所不滿。

5. 禁忌
    1) 未提及具體禁忌。",1
31021030,女,52.0,高雄市小港區,Z,射手座,2091,否,否,是,否,否,是,是,否,420289.5238199999,193,194596.1905,93,65690.47618000001,29,11097.14286,5,13178.09524,6,35341.904749999994,11,1409.52381,1,1409.52381,1,1409.52381,1,0.0,0,否,否,否,否,否,否,0,否,否,否,否,否,0,否,否,否,"1. 家庭關係
    1) 客戶的孩子已經28歲，不喜歡吃保健食品。
    2) 客戶的老公長期食用紅蚯蚓酵素，且不喜歡其他品牌的產品。
    3) 客戶提到老公很瘦，但肚子比較大。
    4) 家裡的小朋友已經長大了，不太喜歡吃益生菌。

2. 健康狀況
    1) 客戶曾經動過大手術，包括子宮手術，醫生建議不能隨便補充某些保健品。
    2) 客戶有高血壓，正在服用降血壓藥物，並且不能吃紅麴和納豆相關產品。
    3) 客戶因感冒而較少購買公司產品。

3. 職業背景
    1) 客戶經營一家店，並有幫客人代購商品。
    2) 客戶從事美容和美發工作，包括幫客人洗頭和處理系統。
    3) 客戶每天會查看貨物的狀態。

4. 健康食品使用心得
    1) 客戶購買保健食品主要是幫家人代購，自己並不使用。
    2) 客戶有在吃益生菌，但不是每天吃，而是一天吃一天不吃，家裡還有兩盒未吃完。
    3) 客戶曾購買過華陀的益生菌，但認為價格昂貴。
    4) 客戶曾購買過金鯊魚的魚肝油。
    5) 客戶有在喝含有玻尿酸的飲品。
    6) 客戶的老公長期食用紅蚯蚓酵素，但她自己沒有食用。
    7) 客戶需要購買三盒補鈣產品，並考慮先購買一組試用。

5. 禁忌
    1) 客戶不吃膠原蛋白，因為曾做過子宮手術，醫生建議不能隨便補充此類產品。
    2) 客戶不吃膠囊類型的產品。
    3) 客戶不喜歡亂吃東西，手術後醫生建議不能亂吃保養品。
    4) 客戶只購買東森的保養品，且僅限於外用的擦拭類產品。
    5) 客戶不能吃紅麴和納豆相關產品。",1
31114315,女,60.0,苗栗縣公館鄉,Z,巨蟹座,2014,否,否,是,否,否,是,是,否,78375.23814,54,25817.14286,13,19275.2381,7,15485.714290000002,5,2838.09524,1,5657.14286,1,5657.14286,1,5657.14286,1,5657.14286,1,0.0,0,否,否,否,否,否,否,0,否,否,否,否,否,0,否,否,否,,1
31116286,女,28.0,台中市北屯區,C,水瓶座,2012,否,否,否,否,否,是,是,否,76544.76192,64,37637.14285999999,29,25054.285710000004,23,22094.28571,19,1931.42857,3,25733.33333,24,20601.904760000005,20,20601.904760000005,20,18670.47619,17,1931.42857,3,否,否,否,否,否,否,0,否,否,否,否,否,0,否,否,否,,1
31162365,女,63.0,新北市淡水區,A,獅子座,1981,否,否,是,否,否,否,是,否,448040.9524299999,54,373748.5714699998,45,220459.04763999995,24,220459.04763999995,24,0.0,0,443204.76194999984,50,373748.57147000026,45,220459.04764,24,220459.04764,24,0.0,0,否,否,否,否,否,否,0,否,否,否,否,否,0,否,否,否,"1. 家庭關係
    1) 客戶的先生已經過世，家中親戚朋友不多，僅有娘家的弟弟妹妹和丈夫家的一位侄子。
    2) 客戶有一個兒子，因健康問題辦理了輕度殘障手冊，目前在家休養，未工作。
    3) 客戶有一個女兒，女兒非常孝順，曾幫她辦理信用卡，並購買保健品如魚油和伸縮褲給她，女兒上班辛苦，經常加班到晚上八九點才回家。
    4) 客戶提到需要接小朋友，並不希望小朋友在學校等太久。
    5) 客戶的母親已過世多年，家境曾經困難，母親年輕時幫人洗衣服，並供養子女讀書。

2. 健康狀況
    1) 客戶有氣喘和血糖問題，血糖控制良好，早晚服用降血糖藥物。
    2) 客戶有免疫系統失調，長期受到皰疹困擾，並曾使用含類固醇的藥膏治療。
    3) 客戶有過敏體質，容易曬黑，夏天需要穿外套防曬，並曾因接觸某些環境導致臉部及眼睛腫脹。
    4) 客戶不太流汗，內分泌和循環不好，夏天容易中暑，但結婚後體質稍有改變，開始有些流汗。
    5) 客戶偶爾睡眠品質不好，記憶力下降，即使睡七到八小時仍感到疲累。
    6) 客戶曾因腸胃問題接受治療，症狀已改善多年。
    7) 客戶可能有肌少症，感覺體力下降，爬山時需要多次休息，但體力已有所改善。
    8) 客戶曾因未滿65歲需自費接種流感疫苗，但有慢性處方箋可免費接種。

3. 職業背景
    1) 客戶曾參加過雅芳的直銷。
    2) 客戶目前因需照顧孫子，無法去綜合分院當志工。

4. 健康食品使用心得
    1) 客戶每天早晚服用高鼓勵膠囊，認為對改善肌肉力量和骨密度有效。
    2) 客戶每天服用粒線體相關保健品，認為健康狀況良好。
    3) 客戶每天早上空腹服用兩顆幹細胞產品，已持續一年，並曾購買臺大幹細胞產品。
    4) 客戶每天早上空腹服用苦瓜胜肽以控制血糖，並曾購買鴕鳥精服用半年，改善了刺痛感。
    5) 客戶曾購買芝麻明治立加強膠囊，認為效果很好。
    6) 客戶每天飲用激活安瓶，若早上來不及喝會在睡前飲用。
    7) 客戶曾購買人蔘B群，服用後感到精力提升。
    8) 客戶長期訂購華陀商品，為華陀VIP會員，並曾購買母親節禮盒內含粒線體口服液等保健品。
    9) 客戶曾購買磷蝦油，但認為味道重且效果不佳。

5. 禁忌
    1) 客戶未曾使用過安眠藥，並表示自己不吃益生菌。
    2) 客戶需特別注意清潔以避免皰疹藥膏殘留。
    3) 客戶有氣喘，醫生建議不要使用固定式健身腳踏車。",1
31178726,女,75.0,新北市淡水區,C,天秤座,1968,否,否,否,否,否,是,是,否,104666.66664999998,35,67366.66664,23,32479.999990000004,14,9502.85715,3,0.0,1,48256.19048,10,25551.42856,6,7617.14286,2,7617.14286,2,0.0,0,否,否,否,否,否,否,0,否,否,否,否,否,0,否,否,否,"1. 家庭關係
    1) 客戶提到家裡目前有事情需要處理。
    2) 客戶表示她的購物需求會根據家中情況而定。

2. 健康狀況
    1) 客戶為75歲女性，目前正在休息。
    2) 客戶曾購買益生菌產品以改善瘦身和排便順暢。

3. 職業背景
    1) 未提及具體職業背景。

4. 健康食品使用心得
    1) 客戶目前有在服用維維品牌的益生菌，並曾購買過一家人品牌的粉狀和液態益生菌，以及華陀品牌的益生菌。
    2) 客戶提到之前購買的海洋膠原飲太甜，不喜歡。
    3) 客戶表示之前購買的膠原蛋白產品可能還有剩餘，但語意不明確。
    4) 客戶提到朋友曾經送過她很多葉黃素。

5. 禁忌
    1) 客戶目前不需要購買任何產品，家中益生菌存貨充足。
    2) 客戶不需要童顏針和口服玻尿酸，並表示不想再花錢購買產品。
    3) 客戶需要先查看產品資訊後再決定是否購買。",1
31261838,女,37.0,雲林縣水林鄉,D+,巨蟹座,1902,否,否,否,否,否,是,否,否,43996.19047,25,25205.714300000003,11,5676.19048,1,0.0,0,5676.19048,1,23185.714290000004,11,17617.142870000003,7,5676.19048,1,0.0,0,5676.19048,1,否,否,否,否,否,否,0,否,否,否,否,否,0,否,否,否,,1
31274373,女,77.0,高雄市橋頭區,B,巨蟹座,1892,否,否,是,是,否,是,是,否,414865.71425,57,393939.04761000007,37,145312.38094,13,93712.38094,5,45657.14285999999,5,379102.85713,30,376637.14285000006,28,136704.76189999998,9,91047.61904,4,45657.14286,5,是,否,否,否,否,否,0,否,否,否,否,否,0,否,否,否,"1. 家庭關係
    1) 客戶有三個兒子，其中一個已離婚，其他兩個未婚，且都不與她同住。
    2) 客戶的先生在她50歲時去世。
    3) 客戶有一名孫女正在讀大學，18歲，會打工賺錢，孫女的父親經濟狀況不佳。
    4) 客戶的兒子目前身體狀況不佳，心臟和腎臟有問題，剛從加護病房出來，需手術後運動，並有喝酒、抽菸的習慣。
    5) 客戶提到她的兒子會幫她進行ATM轉帳操作。

2. 健康狀況
    1) 客戶76歲，身高147公分，體重51-55公斤，身體狀況不佳，腦筋退化，睡眠時間短，晚上通常一兩點睡，早上五點起床。
    2) 客戶有乳糖不耐症，喝含牛奶的產品會拉肚子，且不吃辣。
    3) 客戶目前感冒中，服用感冒藥但仍睡不著，並提到擔心某些保健食品可能與頭痛有關。
    4) 客戶有固定服用三高藥物，並提到自己沒有糖尿病和高血脂。
    5) 客戶每天運動，已持續四十多年，認為運動有助於保持健康。

3. 職業背景
    1) 客戶已退休，無固定收入來源，但目前仍有工作，偶爾會去工作賺錢。
    2) 客戶提到年輕時忙於賺錢，沒有時間照顧小孩。

4. 健康食品使用心得
    1) 客戶目前每天服用兩顆幹細胞產品，分早上和中午各一顆，曾經一天服用四顆，並認為幹細胞產品價格較高。
    2) 客戶有在吃葉黃素，家中還有很多存貨，並不打算再購買。
    3) 客戶每天服用兩瓶二型粒線體產品，已持續半年。
    4) 客戶曾購買幹細胞、鹿茸精、野山蔘、積雪草、時空膠囊等多種保健品，對部分產品效果滿意，但對某些產品的味道、油膩感或效果不滿意。
    5) 客戶對黃金土龍產品有興趣，但提到喝完後晚上睡不著。
    6) 客戶對於購買保健品數量和價格有考量，認為不需要購買過多產品，家中還有很多未使用完的保健品。

5. 禁忌
    1) 客戶不吃辣，對乳糖不耐症，喝含牛奶的產品會拉肚子。
    2) 客戶不會使用LINE或語音訂購系統，對相關服務不熟悉。
    3) 客戶不喜歡自然美的產品，認為價格昂貴且效果不佳。
    4) 客戶不考慮購買魚油，並對某些產品的味道和油膩感不滿。",1
31276172,女,45.0,桃園市大園區,C,巨蟹座,1891,否,否,否,否,否,是,是,否,55412.38095,30,24724.76191,14,13738.09524,8,6160.0,2,5676.19048,1,41902.85714,17,24724.76191,12,13738.09524,6,6160.0,2,5676.19048,1,否,否,否,否,否,否,0,否,否,否,否,否,0,否,否,否,"1. 家庭關係
    1) 客戶提到曾購買龜鹿三千高給爸爸媽媽，但他們不喝了。
    2) 客戶表示小姑曾推薦她購買某些保養品，她便依建議購買。

2. 健康狀況
    1) 客戶表示脖子有細紋，但平時不塗眼霜，偶爾塗抹脖子的保養品。
    2) 客戶提到皮膚敏感，使用時空膠囊保養品導致紅腫，因此使用頻率較少。
    3) 客戶表示目前沒有壓力。

3. 職業背景
    1) 客戶提到目前在醫院裡面，沒有時間去看促銷商品。

4. 健康食品使用心得
    1) 客戶表示有在服用葉黃素作為保健品，並食用其他保健品來顧眼睛。
    2) 客戶提到曾購買龜鹿三仙膠及龜鹿二仙膏，但目前已停止食用。

5. 禁忌
    1) 客戶表示目前不使用任何保養品，並擁有多瓶青春露，不打算再購買新的保養品。
    2) 客戶提到剛家裡有人幫她拿了兩箱衛生紙過來，因此目前不需要再購買衛生紙。",1
31297191,女,70.0,台中市梧棲區,D,射手座,1875,否,否,否,否,否,是,是,否,12118.09524,13,3141.90476,4,3141.90476,4,2083.80952,3,1058.09524,1,4282.85714,6,3141.90476,4,3141.90476,4,2083.80952,3,1058.09524,1,否,否,否,否,否,否,0,否,否,否,否,否,0,否,否,否,,1
31313154,男,52.0,嘉義市,D,雙子座,1862,否,否,否,否,否,否,是,否,20254.2857,12,15607.61904,8,10598.09523,6,6341.90475,4,0.0,0,942.85714,1,942.85714,1,942.85714,1,942.85714,1,0.0,0,否,否,否,否,否,否,0,否,否,否,否,否,0,否,否,否,,1
31331910,女,63.0,桃園市龜山區,D+,水瓶座,1850,否,否,是,否,否,否,是,否,14703.80953,6,9400.0,3,3808.57143,1,3808.57143,1,0.0,0,8552.380949999999,2,8552.380949999999,2,3808.57143,1,3808.57143,1,0.0,0,否,否,否,否,否,否,0,否,否,否,否,否,0,否,否,否,,1
31342672,女,68.0,台南市新營區,A,白羊座,1842,是,是,是,是,否,是,是,否,2233798.09526,140,1814903.8095399996,117,588817.1428799998,38,506167.61903,24,32720.000040000003,9,2231341.9047799995,135,1812447.6190599983,112,587740.0000199997,37,506167.61903,24,32720.000040000003,9,是,否,否,否,否,否,0,否,否,否,是,否,1,否,否,否,"1. 家庭關係
    1) 客戶目前與家人同住，已離婚，兒子和女兒了解其家庭狀況並支持她的決定。
    2) 客戶的丈夫目前在新疆，肝臟指數偏高但已降至正常範圍，且是B肝帶原者，偶爾服用幹細胞保健品。
    3) 客戶的女兒在醫院擔任檢驗師，身高約158-159公分，曾住院並有健康問題。
    4) 客戶的兒子身高約185公分，可能因常打籃球，現住在老家。
    5) 客戶的父親因肝臟問題快速離世，享年89歲，生前堅持運動；母親已離世超過20年，生前曾住院治療。

2. 健康狀況
    1) 客戶目前67歲，體重約55公斤，患有三高（高血壓、高血脂、高血糖），但程度較輕。
    2) 客戶有腎結石，腎臟指數下降26%，正在接受治療，醫生建議避免攝取草莓、葡萄、巧克力、菠菜等食物。
    3) 客戶曾經粉碎性骨折，鎖骨和手腕骨折，並有骨刺和軟骨退化問題，膝蓋骨頭萎縮，變天時會感到疼痛。
    4) 客戶有腸胃不適，會服用益生菌改善，並有飲用氨基酸產品幫助腸胃蠕動和排便。
    5) 客戶平時喝水量少，約1500毫升，且有熬夜習慣。

3. 職業背景
    1) 客戶目前在台寄工工作，曾提到自己是責任員工，並在東森購物擔任VIP貴賓。
    2) 客戶提到曾購買餘作賦老師的畫，並有參加員工旅遊的計劃。

4. 健康食品使用心得
    1) 客戶有服用幹細胞產品、鴕鳥精、倍護膠囊、褐藻糖膠、葉黃素、氨基酸、益生菌、滴雞精等保健食品，並認為幹細胞能加速鴕鳥精吸收，褐藻糖膠有助於抑制癌細胞和提升免疫力。
    2) 客戶對野山蔘系列眼霜、再生安瓶、激活再生安瓶等產品評價良好，並喜歡膠原飲品。
    3) 客戶每天服用兩顆保健食品，早晚各一顆，並提到每天喝氨基酸，早晚各一罐。

5. 禁忌
    1) 客戶避免攝取草莓、葡萄、巧克力、菠菜等食物，以減少腎結石負擔。
    2) 客戶未使用過玻尿酸相關產品，對蘋果味道的產品有印象。",1
31358482,男,84.0,高雄市大寮區,Z,金牛座,1831,否,否,否,否,否,否,否,否,35413.333309999995,34,11736.19047,13,4227.619049999999,4,0.0,0,0.0,0,17197.142829999997,18,7507.61904,9,760.95238,1,0.0,0,0.0,0,否,否,否,否,否,否,0,否,否,否,否,否,0,否,否,否,,1
31367004,女,55.0,台北市萬華區,A,摩羯座,1826,否,否,是,是,否,是,是,否,1285457.1427800003,275,1003375.23802,247,378790.47613000014,153,222669.5238200001,67,17376.19048,6,940091.42859,101,677866.6666799999,79,136182.85717,20,125668.57146,17,0.0,0,是,否,否,否,否,否,0,否,否,否,否,否,0,否,否,否,"1. 家庭關係
    1) 客戶與家人同住，家中有兩個女兒，其中一個與她同住，另一個經常幫助她在網上訂購產品。
    2) 客戶的姐姐身體較差，眼睛不太好，客戶經常購買保養品給姐姐，但姐姐對某些產品效果不滿意。
    3) 客戶有一位六十多歲的家人曾經骨頭斷裂並進行手術，目前正在恢復中。
    4) 客戶的公公會請看護來家裡幫忙半小時。
    5) 客戶提到有一位三十多歲的朋友曾經做過手術，考慮給他使用某產品。

2. 健康狀況
    1) 客戶54歲，表示自己沒有骨頭問題，但有在吃藥和保養。
    2) 客戶有時候會睡不著，但認為情況還好。
    3) 客戶每年都有做健康檢查，且在年前有進行過一次，但目前因工作忙碌暫無健康檢查計劃。
    4) 客戶有一張健康券，金額為兩萬五千元，可用於健康檢查或預防醫學相關服務。
    5) 客戶提到自己很少感冒，但沒有打過流感疫苗。
    6) 客戶有時會喝酒，並在喝酒後使用保健品。

3. 職業背景
    1) 客戶目前在廚房工作，工作時間通常是早上七點到下午三點半，但有時會因調班改變。
    2) 客戶早上六點半出門，下午四點多到家，並提到工作繁忙，特別是過年期間生意最好。
    3) 客戶表示現在年紀大了，工作感到很累，需要多休息。

4. 健康食品使用心得
    1) 客戶和女兒一起吃葉黃素、牛樟芝和保肝產品，對牛樟芝和保肝產品的效果表示滿意，但對葉黃素產品不感興趣。
    2) 客戶對粒線體產品和鴕鳥龜鹿精的效果表示滿意，並提到粒線體產品早晚各喝一支，但晚上喝會影響睡眠。
    3) 客戶對萬歲牌堅果紅棗組合和燕窩產品有興趣，但對燕窩產品的品質不滿意，認為內容物過於稀少。
    4) 客戶對自然美的安瓶、B加產品和防曬產品的效果表示滿意，並對石墨烯褲子感興趣。
    5) 客戶曾購買過幹細胞產品，對其效果滿意，並提到幹細胞產品對心臟有益。
    6) 客戶對於膠囊狀產品不太喜歡，偏好喝的產品。
    7) 客戶早上幾乎不吃東西，通常中午才喝一包代餐。

5. 禁忌
    1) 客戶不喜歡冬蟲夏草成分。
    2) 客戶不愛吃榴槤，但會購買榴槤產品送給姐姐。
    3) 客戶對魚油產品和保肝產品沒有興趣，表示不需要。
    4) 客戶對直銷公司持懷疑態度，認為是老鼠會。
    5) 客戶對於產品價格敏感，認為某些產品價格過高，且目前經濟狀況不佳，無法購買更多產品。",1
31377665,男,67.0,桃園市平鎮區,C,雙魚座,1818,否,否,否,否,否,否,是,否,46581.90479,19,36066.66669,14,22866.66667,9,18904.76191,7,0.0,0,19998.09525,6,19998.09525,6,12455.2381,4,12455.2381,4,0.0,0,否,否,否,否,否,否,0,否,否,否,否,否,0,否,否,否,"1. 家庭關係
    1) 客戶提到太太有在服用美國植物固醇膠囊，並要求專員幫忙注意相關折扣。
    2) 客戶提到植物固醇的通血路產品可能是家人在使用。

2. 健康狀況
    1) 客戶有高血壓，每天服用一顆降血壓藥，效果穩定，指數一直都很標準。
    2) 客戶有輕微白內障，但尚未到需要開刀的程度。

3. 職業背景
    1) 未提及具體職業背景。

4. 健康食品使用心得
    1) 客戶目前正在服用安利的保健食品。
    2) 客戶家中有之前購買的魚油，尚未開始服用，計劃先吃完存貨再使用新購的魚油。
    3) 客戶曾幫別人訂購台酒的龜鹿錠，並確認服用方式為一天一次，每次兩顆，飯後服用。
    4) 客戶表示之前有購買通血路相關商品，但目前已經不再使用。
    5) 客戶提到他目前沒有在服用植物性降膽固醇的保健食品。
    6) 客戶提到他一直在購買某些產品，但未明確指出是美國Natural D產品，且目前該產品缺貨。
    7) 客戶提到看過陳美鳳代言的鴕鳥精廣告。

5. 禁忌
    1) 客戶表示不需要兌換B群，認為市面上已經有很多在賣的產品。",1
31403984,男,59.0,屏東縣屏東市,Z,摩羯座,1797,是,否,否,否,否,否,否,否,10675.23808,9,6219.047609999999,6,941.90476,2,0.0,0,0.0,0,6980.95237,6,6029.5238,5,752.38095,1,0.0,0,0.0,0,否,否,否,否,否,否,0,否,否,否,否,否,0,否,否,否,,1
31407842,女,75.0,新北市中和區,D+,雙子座,1794,否,否,是,否,否,是,是,否,266607.61911,131,146302.85717000003,67,70533.33334000001,25,67704.76191000002,23,1885.71429,1,36555.23809,7,28992.38095,5,20010.47619,2,20010.47619,2,0.0,0,否,否,否,否,否,否,0,否,否,否,否,是,0,否,否,否,"1. 家庭關係
    1) 客戶家中有四個人，包含她和兩個孩子。
    2) 客戶沒有配偶，自己白手起家，獨自養育兩個孩子。
    3) 客戶的兒子工作輪班，作息不固定，且目前因腳受傷在家休養，預計下個月上班。
    4) 客戶的兒子可能有腸躁症，並有在服用益生菌。
    5) 客戶提到孩子在睡覺，要求兩點以前打電話，並提到冬天時會調整飲食，孩子需要吃熱的食物。
    6) 客戶的兒子做晚班，十一點半下班後需要準備食物給他吃。

2. 健康狀況
    1) 客戶目前75歲，曾患肝癌第三期，接受開刀治療並完成療程，已恢復健康，並曾透過青草藥調理肝指數。
    2) 客戶十年前因健康問題開刀移除一邊肺。
    3) 客戶目前有血管萎縮問題，視力不好，避免外出以防跌倒，並提到眼睛曾開刀後看不到。
    4) 客戶曾患黃斑病變，病情越來越嚴重，葉黃素對其病情無效，且無法維持病情。
    5) 客戶有白內障問題，醫生表示無法進行手術，且有時眼睛看東西會出現重影。
    6) 客戶目前感冒，喉嚨不舒服。
    7) 客戶提到高血壓相關問題，但未明確表示自己患有高血壓。

3. 職業背景
    1) 客戶從小開始工作，12歲便開始賺錢，18歲進入市區工作。
    2) 客戶年輕時無法做按摩，現在不工作後開始進行按摩。

4. 健康食品使用心得
    1) 客戶曾服用美國品牌膠囊保健品，認為效果良好。
    2) 客戶長期服用B群，對改善身體疼痛和靈活性有幫助。
    3) 客戶每天早上運動，最近感覺左腳變得比較靈活。
    4) 客戶曾購買華陀漢方益生菌，但認為效果不佳，目前不需要服用益生菌，改為服用酵素產品。
    5) 客戶曾購買葉黃素產品，並詢問是否可以與其他葉黃素一起服用，但認為葉黃素對其黃斑病變無效。
    6) 客戶曾使用木鱉果作為眼睛保養品。
    7) 客戶曾購買視神經修護保健食品、日本品牌保健食品、骨關節保健品及益生菌果凍，部分產品尚未開封。
    8) 客戶每天按時服用葉黃素，每次兩顆，並曾購買東森購物的葉黃素產品。
    9) 客戶曾購買由特定代言人推薦的保健品，認為該代言人誠信可靠。
    10) 客戶有在吃果凍型保健食品，主要目的是改善排便順暢。
    11) 客戶表示一天吃四粒益生菌，認為用量無問題。

5. 禁忌
    1) 客戶不能吃挺立鈣，但未說明具體原因。
    2) 客戶目前感冒，喉嚨不舒服，暫時不吃其他保健品。
    3) 客戶不會購買未曾使用過的保健食品，例如益生菌。",1
31431227,女,72.0,台北市士林區,Z,天秤座,1772,否,否,否,否,否,是,是,否,24036.19046,18,14640.000000000002,11,3027.61905,2,0.0,0,2266.66667,1,21189.52379,16,14640.000000000004,11,3027.61905,2,0.0,0,2266.66667,1,否,否,否,否,否,否,0,否,否,否,否,否,0,否,否,否,"1. 家庭關係
    1) 客戶是一位71歲的女性，已退休，並提到小孩都有工作，但未提及具體職業或其他細節。
    2) 客戶表示家中多人使用衛生紙，並提到她有時會去女兒那邊。

2. 健康狀況
    1) 客戶表示健康狀態還好，體重僅超過三公斤，並每天量體重。
    2) 客戶曾因關節問題接受手術，術後修復期間行動不便，需避免使用手部力量，目前手部骨頭仍有問題，需兩個月才能拆手術部位。
    3) 客戶曾使用類固醇治療關節問題，並擔心類固醇可能導致骨頭硬化加速。
    4) 客戶目前因術後修復需要休息，行動受到限制，主要以走路和搭公車作為交通方式，無法騎機車。
    5) 客戶有固定進行抽血檢查，並擔心某些保健食品可能會對身體造成傷害。
    6) 客戶每天水分攝取量約為2000毫升，曾因服用某保健食品感到肚子脹，懷疑與水分攝取不足有關。

3. 職業背景
    1) 客戶是一位家庭主婦，平時注重飲食健康與居家清潔。
    2) 客戶已退休，並有學習日文的計劃，生活作息包括早上運動和下午課程安排。

4. 健康食品使用心得
    1) 客戶表示不喜歡吃保健食品，認為囤積太多未使用的產品很浪費，並提到之前購買的果膠產品和其他保健食品未使用完。
    2) 客戶目前有在吃挺立鈣，但暫時不需要再購買，並表示小孩曾買保健食品回來，但她都沒有吃。
    3) 客戶提到之前服用某保健食品時感到肚子脹不舒服，並已停止服用B群保健食品。

5. 禁忌
    1) 客戶需避免使用手部力量，並因術後修復行動受限，需他人協助搬運物品。
    2) 客戶擔心類固醇可能導致骨頭硬化加速，並對某些保健食品可能造成的身體傷害有所顧慮。",1
31456454,女,31.0,新北市中和區,D,處女座,1753,否,否,否,否,否,是,是,否,20504.76193,38,16889.52384,33,8132.380979999999,10,807.61905,1,3040.0,2,10471.42857,12,9663.80952,11,3847.61905,3,807.61905,1,3040.0,2,否,否,否,否,否,否,0,否,否,否,否,否,0,否,否,否,,1
31473046,女,59.0,台中市沙鹿區,Z,天秤座,1739,否,否,否,否,否,否,否,否,7792.38095,9,3803.80952,6,1521.90476,2,0.0,0,0.0,0,5420.952379999999,8,3803.80952,6,1521.90476,2,0.0,0,0.0,0,否,否,否,否,否,否,0,否,否,否,否,否,0,否,否,否,,1
31479163,0,35.0,台中市北屯區,D,摩羯座,1735,否,否,否,否,否,是,是,是,15071.428569999998,12,7567.61905,9,4238.095240000001,5,475.2381,1,951.42857,1,4236.19048,7,4236.19048,7,2810.47619,4,475.2381,1,951.42857,1,否,否,否,否,否,否,0,否,否,否,否,否,0,否,否,否,,1
31497978,女,80.0,台北市信義區,D+,水瓶座,1724,否,否,否,否,否,否,是,否,121961.90476,8,59714.28572,4,9428.57143,1,9428.57143,1,0.0,0,71676.19047999999,4,47142.85715,3,9428.57143,1,9428.57143,1,0.0,0,否,否,否,否,否,否,0,否,否,否,否,否,0,否,否,否,"1. 家庭關係
    1) 客戶提到現在家裡有客人。

2. 健康狀況
    1) 客戶提到她的健康狀況還好。

3. 職業背景
    1) 無相關資訊。

4. 健康食品使用心得
    1) 客戶提到她有收到九月底的葉黃素產品，目前一天只吃一顆葉黃素。
    2) 客戶表示已經開始使用蚓激酶，並提到她長期服用蚓激酶。
    3) 客戶選擇購買一組蚓激酶產品，包含三盒，價格為一萬九千八百元。
    4) 客戶提到她自己要吃蚓激酶。

5. 禁忌
    1) 客戶表示不需要任何其他的維他命產品。
    2) 客戶表示不希望接到太多電話打擾，並希望改用簡訊聯繫。",1
31559041,女,31.0,台中市南屯區,C,雙子座,1702,否,否,否,否,否,是,是,否,207208.57145000005,269,139504.76193,194,27535.23811,38,13003.80952,8,1820.00001,3,74762.85716,75,33624.7619,27,18185.714290000004,11,12100.0,7,839.04762,1,否,否,否,否,否,否,0,否,否,否,否,否,0,否,是,否,,1
31575100,男,61.0,高雄市岡山區,B,白羊座,1697,否,否,是,否,否,是,是,否,246832.38094000003,37,86462.85712,21,35272.38095,8,35272.38095,7,0.0,0,246832.38094,37,86462.85712,21,35272.380950000006,8,35272.38095,7,0.0,0,否,否,否,否,否,否,0,否,否,否,否,否,0,否,否,否,"1. 家庭關係
    1) 客戶有一名大女兒和一名兒子，兩人已經畢業並開始工作。
    2) 客戶的孩子有助學貸款，金額約為四十八萬至五十萬，需每月繳納四千多元。
    3) 客戶提到女兒有過敏體質，並建議她購買益生菌，認為只需要吃益生菌即可。

2. 健康狀況
    1) 客戶有白內障，視力模糊，並有乾眼症。
    2) 客戶提到自己睡不著，且中午很少休息。
    3) 客戶的糖化血色素數值為5.8。
    4) 客戶提到子宮癌，但未明確表示是否患有該疾病。
    5) 客戶最近沒有進行運動。

3. 職業背景
    1) 客戶已經退休，但目前以曝光的方式轉身，並未在原來的地方工作。
    2) 客戶提到目前正在上班。

4. 健康食品使用心得
    1) 客戶有在服用益生菌，並每天食用，且曾購買過葉黃素、B群、褐藻和蚓激酶等保健食品。
    2) 客戶表示葉黃素可以吃到明年，B群可以吃到四個月。
    3) 客戶曾購買過多種保健食品，但大多無效，只有某一款產品讓她感覺有效。
    4) 客戶只吃專員提供的保健食品，沒有吃其他品牌的保健食品。
    5) 客戶提到她有在保養眼睛，並服用葉黃素。

5. 禁忌
    1) 客戶提到她以前有吃過除垢產品，但未提及是否仍在使用。",1
31576212,女,61.0,新北市中和區,D,巨蟹座,1696,否,否,否,否,否,是,是,否,23293.33333,4,4246.66666,3,4246.66666,3,1123.80952,1,951.42857,1,951.42857,1,951.42857,1,951.42857,1,0.0,0,951.42857,1,否,否,否,否,否,否,0,否,否,否,否,否,0,否,否,否,,1
31631573,女,72.0,新北市土城區,D+,處女座,1672,否,否,是,否,是,否,是,否,25394.28572,16,18086.66666,11,8104.761899999999,5,8104.761899999999,5,0.0,0,11780.95238,7,11780.95238,7,6980.95238,4,6980.95238,4,0.0,0,否,否,否,否,否,否,0,否,否,否,否,否,0,否,否,否,"1. 家庭關係
    1) 客戶提到母親曾與其討論某種商品，但未提供具體商品名稱或內容。

2. 健康狀況
    1) 客戶目前感到頭痛，正在睡覺並感到不舒服。
    2) 客戶有規律地服用龜鹿錠。

3. 職業背景
    1) 客戶表示她需要上班。

4. 健康食品使用心得
    1) 客戶之前在十月十六號購買過華陀的產品，並希望再訂一組六盒的相同產品。
    2) 客戶提到葉黃素相關商品，但未明確說明使用情況或效果。

5. 禁忌
    1) 客戶選擇貨到付款的方式進行購買，並表示會將錢放在守衛室以便收貨。
    2) 客戶提到她不太會使用東森購物的訂購系統。",1
31637339,男,67.0,台北市內湖區,A,天秤座,1670,否,是,是,是,是,是,是,是,559754.28571,71,555306.6666599999,69,257645.71426,31,187056.19046,13,951.42857,1,499769.5238,45,499769.5238,45,257645.71426000004,27,187056.19046,13,951.42857,1,否,否,否,否,否,否,1,否,是,否,是,否,0,否,否,否,"1. 家庭關係
    1) 客戶有一個女兒，目前正在上學，但學習態度不佳，對學習不認真，且不願意去安親班。
    2) 客戶提到女兒喜歡吃韓國的海苔，但不喜歡有添加物的產品。
    3) 客戶提到女兒最近需要支付二十幾萬的學費。
    4) 客戶曾送過野山蔘泡酒給哥哥，並幫姐姐準備五味子產品。
    5) 客戶提到家中有放十字架，對某些宗教或靈修產品不感興趣。

2. 健康狀況
    1) 客戶有血壓、血糖、三酸甘油酯、膽固醇、尿酸、血脂、骨質疏鬆、循環不良等健康問題，並有服用相關藥物。
    2) 客戶有白內障、老花眼、近視、散光及眼睛乾澀等眼部問題，醫生建議點眼藥水。
    3) 客戶有胃痛、喉嚨有痰、空氣過敏、感冒後恢復較慢的情況，並曾確診過。
    4) 客戶的睡眠情況普通，晚上睡前會吃幫助睡眠的膠囊。
    5) 客戶有脂肪瘤問題，並提到不能吃紅參，因為可能影響血壓。

3. 職業背景
    1) 客戶目前在台北工作，平日需要上班，只有暑假有空參加活動。
    2) 客戶曾代理過保健品，並有股票投資經驗，對股票市場有興趣，進行過多次買賣操作。
    3) 客戶對不動產和藝術品投資有興趣，但目前資金有限。
    4) 客戶曾經在新加坡工作，後來回到台灣。

4. 健康食品使用心得
    1) 客戶目前服用多種保健品，包括幹細胞產品、葉黃素、益生菌、胎盤素、蚓激酶、褐藻產品等，並對部分產品效果表示滿意。
    2) 客戶每天服用幹細胞產品、葉黃素和益生菌，對葉黃素和褐藻產品的效果有正面評價，但對某些產品的價格和效果表示不滿。
    3) 客戶對葉黃素果凍、褐藻糖膠和五味子產品有興趣，並考慮繼續食用。
    4) 客戶認為部分產品數量過多，家中存有大量保健品，足夠食用兩三年。
    5) 客戶對於產品的來源和成分有疑問，特別是六年根的黑生和日本品牌的葉黃素。

5. 禁忌
    1) 客戶不能吃紅參，因為可能影響血壓。
    2) 客戶不隨便吃含鈣產品，並提到不吃鈣片。
    3) 客戶對於某些國內產品不信任，偏好購買日本品牌的產品。
    4) 客戶不想減少產品使用量，但對於過多的保健品感到壓力，並希望暫時不要推銷更多食品。
    5) 客戶對於某些食物和產品有過敏反應，會導致皮膚癢，並提到不能吃神皂。",1
31644093,女,75.0,彰化縣員林市,D,雙魚座,1666,否,否,是,否,是,否,是,否,30214.285690000004,18,9482.857139999998,6,1140.95238,2,1140.95238,2,0.0,0,24397.14284,13,9482.85714,6,1140.95238,2,1140.95238,2,0.0,0,否,否,否,否,否,否,0,否,否,否,否,否,0,否,否,否,,1
31645286,女,67.0,高雄市林園區,C,水瓶座,1665,否,否,是,否,否,否,是,否,26626.66667,14,18702.85715,9,6915.23809,2,6915.23809,2,0.0,0,11829.5238,5,11086.66666,4,6915.23809,2,6915.23809,2,0.0,0,否,否,否,否,否,否,0,否,否,否,否,否,0,否,否,否,,1
31700421,女,39.0,桃園市中壢區,A,獅子座,1623,否,否,是,是,否,是,是,否,539214.28572,38,482109.52381,35,423843.80953,31,371644.76191000006,23,37447.61905,2,538596.1904800001,36,481491.4285700001,33,423778.09524000005,30,371644.76191,23,37447.61905,2,否,否,否,否,否,否,0,否,否,否,否,否,0,否,是,否,"1. 家庭關係
    1) 未提及具體家庭關係。

2. 健康狀況
    1) 未提及具體健康狀況。

3. 職業背景
    1) 客戶目前在外面並且跑銀行，可能與其職業或日常活動相關。

4. 健康食品使用心得
    1) 客戶訂購了多種健康食品，包括激活安瓶、維他命C發泡錠、龜鹿膏、幹細胞產品、腎臟益生菌、紅包保養品及液態益生菌，顯示其對健康食品有一定需求。
    2) 客戶多次使用東森幣折抵部分金額，並選擇分期付款，顯示其對健康食品的購買有計劃性。

5. 禁忌
    1) 未提及具體禁忌。",1
31738646,男,52.0,台南市永康區,Z,獅子座,1588,是,是,是,否,否,是,是,否,215975.23816,95,180522.85721000007,77,40023.809530000006,15,15857.142860000002,6,0.0,0,131340.00003000002,55,102576.19051000004,42,11609.52381,4,11609.52381,4,0.0,0,否,否,否,否,否,否,0,否,否,否,否,否,0,否,否,否,"1. 家庭關係
    1) 客戶提到自己一個人住。
    2) 客戶提到他有一個兒子，曾與人討論過電視購物的話題。
    3) 客戶提到有女朋友，女朋友有營養師，會詢問營養師飲食建議。
    4) 客戶提到女兒曾經介紹他購買商品。
    5) 客戶提到家中沒有養寵物。

2. 健康狀況
    1) 客戶提到自己很瘦，偶爾會手麻腳麻，左手手麻較為嚴重，並有飛蚊症和白內障徵兆。
    2) 客戶提到自己有蛀牙且牙齒敏感，並注重養生，不能吃太甜或太鹹的食物。
    3) 客戶提到有高血壓，工作狀況不佳，且對天氣變化過敏。
    4) 客戶提到過去兩三年內體重增加，腰部變粗。
    5) 客戶提到自己有胃痛的情況。

3. 職業背景
    1) 客戶提到自己從事服務業，主要在餐飲業工作，過年期間通常會提前下班。
    2) 客戶提到目前從事送貨工作，住在台南，但在高雄工作，公司距離住處約20至40分鐘車程。
    3) 客戶提到自己上班時間為早上八點到下午五點，偶爾會加班。

4. 健康食品使用心得
    1) 客戶提到曾使用過B群補充劑，但效果不佳，且尿液顏色變黃；目前仍有在服用B群。
    2) 客戶提到每天早上服用葉黃素，但對其效果不滿意，並嘗試過多種保健食品保養眼睛，尚未找到理想產品。
    3) 客戶提到曾經喝過人蔘精，感覺精神較好。
    4) 客戶提到曾食用益生菌，剛開始有效，但後來效果不明顯，且有時會引起拉肚子。
    5) 客戶提到曾購買過瘦身產品，剛開始有效，但後來效果減弱。
    6) 客戶提到曾購買過幹細胞、鹿茸、黑瑪卡、南瓜籽、磷蝦油等保健食品，但對效果不滿意。
    7) 客戶提到每天服用龜鹿錠，並曾購買過固腎和固攝護腺的保健食品，但效果不明顯。
    8) 客戶提到有時候會食用素食，喜歡吃苦瓜，認為苦瓜排骨湯對身體有益。

5. 禁忌
    1) 客戶提到不吃太甜或太鹹的食物。
    2) 客戶提到不喝飲料，只喝自來水。
    3) 客戶提到不吃香菜、牛肉、羊肉、生魚片等食物。",1
31763809,男,52.0,屏東縣萬丹鄉,Z,金牛座,1566,否,否,否,否,否,否,是,否,16238.095249999998,4,7733.33334,2,7733.33334,2,7733.33334,2,0.0,0,13390.4762,3,7733.33334,2,7733.33334,2,7733.33334,2,0.0,0,否,否,否,否,否,否,0,否,否,否,否,否,0,否,否,否,,1
31807983,男,60.0,宜蘭縣員山鄉,Z,雙魚座,1530,否,否,是,否,否,是,是,否,50120.952390000006,31,25509.52381,13,9428.57143,1,9428.57143,1,0.0,0,14714.28572,3,14714.28572,3,9428.57143,1,9428.57143,1,0.0,0,否,否,否,否,否,否,0,否,否,否,否,否,0,否,否,否,,1
31814068,女,81.0,桃園市桃園區,A,雙魚座,1523,否,否,否,是,否,是,是,否,626802.85714,38,584451.4285700001,32,276562.85713,15,203961.90475,7,7380.952380000001,4,624601.9047600002,34,584136.1904699998,30,276247.61903,14,203961.90475,7,7380.952380000001,4,否,否,否,否,否,否,0,否,否,否,否,否,0,否,否,否,"1. 家庭關係
    1) 客戶有一個兒子和兩個女兒，兒子已婚並與她同住，是家中經濟支柱，兒媳忙於照顧小孩。
    2) 客戶的女兒住在家附近，經常回家，另一個女兒目前就讀台大，學業壓力大，需每天往返桃園。
    3) 客戶的先生曾因髖關節骨折接受手術，術後需長期臥床，由外籍看護及長照人員照顧，並曾患攝護腺癌第四期。
    4) 客戶的妹妹和妹夫是日本人，偶爾會從日本回來探望。

2. 健康狀況
    1) 客戶80歲，有高血壓、血糖高、血脂肪高等三高問題，並服用相關藥物控制病情。
    2) 客戶曾因感染導致敗血症住院五個月，並接受大量抗生素治療，術後行動不便，曾使用輪椅多年，目前生活可自理。
    3) 客戶有膽結石問題，已進行膽囊切除手術，術後需注意飲食，避免高脂肪和煎炸食物。
    4) 客戶容易流汗，代謝率較高，並曾因流汗問題就醫，醫生表示無特別健康問題。
    5) 客戶的兒子有健康問題，曾住院並進行檢查，腫瘤指數異常高但未發現腫瘤，近期體重下降30至40公斤，可能因壓力大和失眠導致。

3. 職業背景
    1) 客戶目前已退休近20年，收入主要來自股票投資，過去曾在電子廠工作。
    2) 客戶的兒子在銀行工作，壓力大且感到疲累，另一個兒子在藥廠擔任業務經理，還有一個兒子在諮詢工程公司擔任經理。
    3) 客戶的女兒曾就讀南山中學，現就讀台大電腦程式設計相關課程，另一個女兒在銀行工作，工作穩定。

4. 健康食品使用心得
    1) 客戶每天服用氨基酸、幹細胞產品、B群、益生菌等保健食品，並認為效果良好。
    2) 客戶曾購買華陀飲品，認為味道好且蛋白質豐富，早上會搭配綜合麥片當早餐。
    3) 客戶曾購買臺大認證的黑色幹細胞產品，並認為其效果不錯。
    4) 客戶喜歡給小孩吃保健食品，曾購買氨基酸產品給兒子手術後使用，幫助修復身體機能。

5. 禁忌
    1) 客戶不吃牛肉，術後飲食需清淡，避免高脂肪和煎炸食物。
    2) 客戶對某些食品有所忌諱，並考慮食用天然油脂改善便秘。",1
31839854,女,70.0,台中市大甲區,D,水瓶座,1493,否,否,否,否,否,否,是,否,96401.90479,22,86973.33336,21,86973.33336,21,43487.61907,16,0.0,0,1885.71428,2,1885.71428,2,1885.71428,2,1885.71428,2,0.0,0,否,否,否,否,否,否,0,否,否,否,否,否,0,否,否,否,,1
31883046,0,未知,桃園市蘆竹區,Z,0,1450,否,否,否,否,否,否,是,否,85886.66664999998,24,81220.95238,17,78885.71428000001,15,62474.28572,2,0.0,0,78885.71428,15,78885.71427999999,15,78885.71428000001,15,62474.28572,2,0.0,0,否,否,否,否,否,否,1,否,否,否,否,否,0,否,否,否,"1. 家庭關係
    1) 客戶有一男一女的孫子，並提到孫子使用衛生紙的量很大。
    2) 客戶的女兒曾在momo購買牛肉麵並分享給她，並表示該產品不錯。
    3) 客戶提到女兒通常在momo進行團購，與其他人一起購買。
    4) 客戶表示老婆不太吃蚓激酶，並且會罵他且不願意看相關資料。

2. 健康狀況
    1) 客戶有心臟病，已裝了兩支心血管支架，並需服用抗凝血劑以避免血栓問題。
    2) 客戶提到裝支架後有飲食限制，某些健康食品不能食用，並表示蚓激酶因醫生建議暫時不要使用。
    3) 客戶目前正在服用心臟相關藥物，並表示有許多健康食品無法食用。
    4) 客戶提到自己睡不好，並對幹細胞修復技術有所了解且有興趣查看相關資料。

3. 職業背景
    1) 客戶曾在麥當勞工作三年，並從事物流運輸維修相關工作。
    2) 客戶提到上班時會走路，工作地點離家很近。

4. 健康食品使用心得
    1) 客戶表示自己幾乎不購買保健食品，通常是由姐夫購買給她食用。
    2) 客戶提到蚓激酶是一種通血管的保健食品，但目前因醫生建議暫時不要使用。
    3) 客戶表示自己不能吃蚓激酶，並提到蚓激酶是抗凝血劑，主要作用在血管上。
    4) 客戶提到蚓激酶產品的代數問題，對第四代的成分有所了解。
    5) 客戶表示不會購買葉黃素、蚓激酶、維他命C等保健食品，並提到不需要保健食品相關商品。

5. 禁忌
    1) 客戶提到麥當勞的食品不健康，建議少吃油炸食品和珍珠奶茶。
    2) 客戶提到裝支架後出國可能存在風險，需慎重考量。
    3) 客戶表示不談打牌相關話題。
    4) 客戶提到自己喜歡直接吃榴蓮果肉，不喜歡加工的榴蓮產品。",1
31897571,男,71.0,台北市北投區,E,金牛座,1432,否,否,否,否,否,是,是,否,45261.90475999999,27,32358.09522,21,12349.5238,10,0.0,0,1028.57143,1,38958.095230000006,24,32358.09522,21,12349.5238,10,0.0,0,1028.57143,1,否,否,否,否,否,否,0,否,否,否,否,否,0,否,否,否,"1. 家庭關係
    1) 客戶提到姐姐從美國買回來的保健品，她每天都有在吃。

2. 健康狀況
    1) 客戶已超過六十五歲，目前七十歲，並有三高問題，包括血糖偏高，且有服用藥物控制。
    2) 客戶最近檢查腎功能，結果顯示腎功能比較不好，需要注意飲食和健康管理，右腳也需注意。
    3) 客戶表示最近健康檢查結果良好，包括抽血檢查和尿酸指數。
    4) 客戶眼睛老化問題嚴重，並有白內障，其中一隻眼睛曾開過刀，另一隻尚未手術，目前未回診。
    5) 客戶表示戴帽子後改善了站起來頭部不適的情況。
    6) 客戶每天保持運動習慣，步數接近七八千到一萬步。
    7) 客戶表示自己比較胖，穿衣服尺寸通常是L。

3. 職業背景
    1) 未提及具體職業背景。

4. 健康食品使用心得
    1) 客戶目前只吃穆福利保健品，其他保健品已不再使用。
    2) 客戶曾經吃過很多保健品，但都沒有特別效果，對保健品信心不足。
    3) 客戶表示紅參產品使用後有改善效果。
    4) 客戶曾長期服用葉黃素，最近改吃木鱉果以嘗試改善健康狀況，並計劃持續服用五個月。
    5) 客戶提到她目前正在食用一款六罐裝的保健品，並認為該產品還不錯。
    6) 客戶以前經常吃含精胺酸和一氧化氮的保健品，但目前已停止使用。
    7) 客戶表示目前正在服用某款產品，但感覺效果不明顯。

5. 禁忌
    1) 客戶表示不使用沐浴乳，而是使用肥皂清潔身體。
    2) 客戶表示不喜歡冷氣，並提到不會購買相關產品。
    3) 客戶提到骨膠原產品價格昂貴。
    4) 客戶提到她喜歡吃甜的東西，但對保健品已經沒有信心。",1
31950106,男,62.0,台中市大里區,D+,白羊座,1373,否,否,否,否,否,是,是,否,42820.0,29,11132.38095,6,5657.14286,2,5657.14286,2,0.0,0,9246.66667,4,9246.66667,4,5657.14286,2,5657.14286,2,0.0,0,否,否,否,否,否,否,0,否,否,否,否,否,0,否,否,否,,1
31951715,女,54.0,台中市沙鹿區,B,金牛座,1371,否,否,是,否,否,否,是,否,108535.23811,17,102859.04763000002,15,72186.66667,8,72186.66667,8,0.0,0,99424.76192,13,96596.19048999998,12,72186.66667,8,72186.66666999999,8,0.0,0,否,否,否,否,否,否,0,否,否,否,否,否,0,否,否,否,"1. 家庭關係
    1) 客戶有三個孩子，其中兩個已經成家立業，還有一個尚未結婚。
    2) 客戶的丈夫已意外去世，留下三個孩子需要撫養。
    3) 客戶的大兒子目前在台灣，並已結婚，媳婦懷有第二胎，孫子因簽證問題暫時無法來台。
    4) 客戶的孩子中有一人目前在國外生活，計劃過年期間回國停留三個月。
    5) 客戶幫助兒子支付了一半的車款，兒子在台灣購買了一輛馬自達汽車。

2. 健康狀況
    1) 客戶有胃潰瘍和十二指腸潰瘍的健康問題，曾做過三次腸胃檢查，並有胃不適的情況。
    2) 客戶的壞膽固醇偏高，好的膽固醇正常，並有在服用降膽固醇的藥物。
    3) 客戶有飛蚊症，曾每天服用兩顆葉黃素，現在改為每天服用一顆。
    4) 客戶的喉嚨曾經開過刀，偶爾會不舒服，需要服用抗生素。
    5) 客戶膝蓋有時下樓梯會有聲音，但走路時無問題。
    6) 客戶的體重約為60公斤，並會通過少吃來控制體重。
    7) 客戶每天飲水量約為一千多毫升。

3. 職業背景
    1) 客戶目前從事大夜班工作，工作時間為晚上八點到中午十二點，已經做了十八年。
    2) 客戶的工作性質需要在半夜工作，經常熬夜，飲食時間不固定，導致腸胃不適。
    3) 客戶表示工作繁忙，經常沒有時間好好吃飯。

4. 健康食品使用心得
    1) 客戶有在服用葉黃素，主要是為了改善飛蚊症，並感覺效果不錯，目前還有兩到三個月的存量。
    2) 客戶有在服用益生菌，認為其有助於代謝，每天服用一顆，已經持續兩個月，目前正在吃第三盒。
    3) 客戶曾購買過粉狀和膠囊形式的益生菌，之前未服用益生菌時會喝牛奶幫助腸胃順暢。
    4) 客戶有在食用苦茶油，認為其對健康有益，並會煮小米粥，少吃便當和油炸類食物。
    5) 客戶家中有多種保健食品，包括益生菌、葉黃素、牛奶、日本的顧骨頭產品，以及四五個月的膠原蛋白存貨。
    6) 客戶曾服用龜鹿二仙膠來保養骨頭，但目前已停止。

5. 禁忌
    1) 客戶目前不想再購買保健品。
    2) 客戶的飲食時間不固定，經常熬夜，可能導致腸胃不適。",1
31964029,男,77.0,高雄市三民區,D,處女座,1355,否,否,是,否,否,否,是,否,46969.523830000006,24,41274.28573,22,5657.14287,3,5657.14287,3,0.0,0,40321.90478,21,40321.90478,21,5657.14287,3,5657.14287,3,0.0,0,否,否,否,否,否,否,0,否,否,否,否,否,0,否,否,否,,1
31966256,男,60.0,屏東縣崁頂鄉,D+,射手座,1352,否,否,否,否,否,否,是,否,12110.4762,5,9262.85715,4,9262.85715,4,9262.85715,4,0.0,0,2828.57143,1,2828.57143,1,2828.57143,1,2828.57143,1,0.0,0,否,否,否,否,否,否,0,否,否,否,否,否,0,否,否,否,,1
32005002,女,43.0,新北市樹林區,C,射手座,1294,否,否,是,否,否,是,是,否,141806.66673,52,125197.1429,45,30758.095259999995,9,26977.14287,7,0.0,0,43454.28573,8,43454.28573,8,24597.14287,6,24597.14287,6,0.0,0,否,否,否,否,否,否,0,否,否,否,否,否,0,否,否,否,"1. 家庭關係
    1) 客戶住在台北市，家族中有心血管疾病和癌症的遺傳病史，包括大伯因心肌梗塞過世，姑姑因癌症過世。
    2) 客戶曾與母親一起食用保健食品，並曾購買商品給媽媽使用，媽媽有在吃處方簽的藥。
    3) 客戶的外婆曾開過白內障手術，目前年紀大且有高血壓和膽固醇過高的健康問題，並服用相關藥物控制，外婆也購買了許多保健食品，包括魚油和骨頭保健品。

2. 健康狀況
    1) 客戶患有骨刺及脊椎退化問題，工作性質導致腰部負擔加重。
    2) 客戶有三高問題，包括高血壓和血糖問題，並有地中海貧血但未服用藥物控制。
    3) 客戶有夜尿問題，睡眠品質普通，且手腳冰冷，搬重物時感到不適。
    4) 客戶有眼壓問題，並需針對眼壓進行保健。
    5) 客戶每天有走路和爬樓梯，運動量充足。

3. 職業背景
    1) 客戶目前從事中央廚房相關工作，需長期站立並搬重物，工作性質影響生活品質。
    2) 客戶的工作需要替換舊物品，舊物品有味道需要更換，且主管不在導致工作量增加。
    3) 客戶表示九月份工作較忙，並曾加班到深夜。

4. 健康食品使用心得
    1) 客戶長期使用心血管保健食品，包括蚯蚓酵素和其他產品，並注重血管健康。
    2) 客戶曾購買膠原蛋白產品，表示效果使皮膚和內臟器官變得較好，目前仍在食用。
    3) 客戶曾購買酵素產品用於腸胃道保養和排毒，但不是每天服用。
    4) 客戶有服用魚油，一天服用三顆，並曾購買葉黃素產品，主要供家人使用。
    5) 客戶曾購買雷鳴品牌保健品用於眼睛保養，並考慮更便宜的保健食品優惠。

5. 禁忌
    1) 客戶對芒果過敏，不能吃芒果及相關製品。
    2) 客戶不會大量食用燥熱的食物，僅少量食用。
    3) 客戶曾停止訂購蚯蚓酵素，原因是食安問題及負擔過重。",1
32013893,女,66.0,新北市土城區,C,雙子座,1280,是,否,是,是,否,是,是,否,363844.7619200001,168,301708.57141999993,145,116359.04761999995,48,54118.09525,14,2808.57143,2,133508.57143,44,91784.76191000002,36,43122.85714,11,37159.04762,6,2172.38095,1,否,否,否,否,否,否,0,否,否,否,否,是,0,否,否,否,"1. 家庭關係
    1) 客戶目前一個人居住，並提到自己一個人睡覺。
    2) 客戶有一個兒子和一個女兒，並有兩個孫子。
    3) 客戶的兒子在工廠工作，需支付房貸和小孩補習費，媳婦月薪約兩萬多元，且媳婦身材嬌小，鞋子需買22.5尺寸。
    4) 客戶的婆婆88歲，未進行保養但仍能上菜市場。
    5) 客戶的妹妹住在金某地，曾借她五千元用於照顧妹妹的孩子。

2. 健康狀況
    1) 客戶近期感冒，晚上咳嗽痰卡住，睡不著且需起來喝水，使用藏紅花泡水改善症狀。
    2) 客戶有夜尿問題，穿石墨烯襪子後夜尿次數減少，循環有所改善。
    3) 客戶曾因車禍開刀，腳踝容易腫脹，行動不便，偏好穿高筒襪子。
    4) 客戶提到腰酸，因工作繁忙無法進行復健。
    5) 客戶提到腳趾問題影響行動，選擇外出吃飯而非自己煮飯。
    6) 客戶提到生活壓力大，精氣神需要舒緩，且生活品質因工作而下降，連基本睡眠都受影響。
    7) 客戶提到需要安排衛生署檢查乳房和子宮等健康問題。
    8) 客戶提到自己保養狀況不錯，使用中藥行產品效果良好且價格合理。

3. 職業背景
    1) 客戶目前從事照顧類型的工作，工作時間不固定，收入不穩定，薪水約三千元一天。
    2) 客戶認為十二小時的工作太累，不願意接受此類工作，且工作壓力大。
    3) 客戶曾在工廠工作，但因工廠多數搬遷至國外，且更偏好年輕業務人員，已不再從事此工作。
    4) 客戶的工作涉及照顧需要躺床的病患，包括幫病患洗頭、穿脫衣物等，工作具有挑戰性。
    5) 客戶的工作需要拍照報表並傳到雲端，但她不熟悉操作，需向他人請教。

4. 健康食品使用心得
    1) 客戶每天都有吃健康食品，但認為效果不明顯，且不會購買太多，認為吃不完。
    2) 客戶曾購買華陀保健品、挺立鈣、鴕鳥精、甲魚膠原、代餐果膠等，但對部分產品效果不滿意。
    3) 客戶會根據需求選擇健康食品，不偏好綜合型產品。
    4) 客戶曾購買骨頭關節相關保健食品，但認為效果不佳，計劃去大醫院檢查。
    5) 客戶曾購買魚油，認為產品質量很好。
    6) 客戶曾購買維他命C產品，記得其酸酸甜甜的口感。
    7) 客戶有吃粒線體產品，並曾購買能量相關商品如能量手鏈和能量水壺。

5. 禁忌
    1) 客戶不喜歡貼身衣物，例如石墨烯內褲。
    2) 客戶不喜歡短襪，認為容易滑掉且穿鞋不舒服。
    3) 客戶不喜歡便宜但不合適的商品，認為太小件的商品不舒服。
    4) 客戶不喜歡一支一支的飲品，家中存貨多且不再購買。
    5) 客戶不喜歡台北市，認為會浪費時間。
    6) 客戶不敢在傍晚喝咖啡，因為會影響睡眠。
    7) 客戶對面膜和做臉沒有興趣，即使免費贈送也不會使用。
    8) 客戶不喜歡接推銷電話。",1
32027083,女,63.0,高雄市前鎮區,D+,雙魚座,1259,否,否,是,是,否,是,是,否,147128.57141,75,130933.33330999996,67,46819.047610000016,30,5581.90476,2,7047.619049999999,3,26278.09522,7,26278.09522,7,3791.42857,1,3791.42857,1,0.0,0,否,否,否,否,否,否,0,否,否,否,否,否,0,否,否,否,"1. 家庭關係
    1) 客戶提到在需要幫助時，兒子和女兒會提供協助。
    2) 客戶表示家裡有很多衛生紙，並提到家裡目前有一些事情需要花錢。

2. 健康狀況
    1) 客戶患有多發性骨髓瘤，骨骼和身體狀況不佳，脊椎、尾椎和腰椎的骨頭被侵蝕，影響行動能力，需要坐輪椅。
    2) 客戶正在接受化療、標靶治療及服用抗癌藥物，並使用幹細胞冷凍保存技術，計劃在身體調養好後再輸回幹細胞。
    3) 客戶提到患病後免疫力下降，容易感冒和流鼻血，並有便秘、心悸等副作用，需服用軟便劑和益生菌來緩解。
    4) 客戶提到骨頭不適，經常躺著，導致精神不濟，並表示目前生病感到懶洋洋的。
    5) 客戶提到曾接受為期兩年的骨針療程，目前感覺病情已經痊癒。

3. 職業背景
    1) 無明確提及客戶的職業背景。

4. 健康食品使用心得
    1) 客戶曾購買並服用多種健康食品，包括華陀扶元堂的益生菌、葉黃素、青春露、維生素D、維骨力、合利他命等，並表示喜歡華陀綠色奇異果口味的益生菌。
    2) 客戶目前每天服用益生菌一包（飯後）和華陀保健食品一顆，並曾服用陳美鳳代言的保健食品。
    3) 客戶提到之前購買的益生菌還有很多，但因為服用醫院的藥物，近期未食用相關產品。
    4) 客戶表示之前購買過東森的健康食品，並提到購物台的送貨速度較慢。
    5) 客戶提到最近購買了乳液，並表示目前什麼都不缺。

5. 禁忌
    1) 客戶因服用抗癌藥物，出現便秘和心悸等副作用，需謹慎選擇其他保健食品。
    2) 客戶提到因為在服用醫院的藥物，暫時不想再吃其他保健食品。",1
32118076,男,69.0,台北市文山區,D+,天秤座,1147,否,否,是,否,否,否,是,否,59930.47619,17,38282.85713999999,13,3399.04762,2,3399.04762,2,0.0,0,55911.42857,14,37082.85714,12,3399.04762,2,3399.04762,2,0.0,0,否,否,否,否,否,否,0,否,否,否,否,是,0,否,否,否,"1. 家庭關係
    1) 客戶提到此次環島旅行是四人同行，並以開車作為交通工具。
    2) 客戶表示有時會幫朋友進行安全設備諮詢與安裝，並曾送部分保健食品給朋友。

2. 健康狀況
    1) 客戶表示自己身體狀況與同齡人相比還不錯，目前沒有三高問題，認為保健品主要是預防用途。
    2) 客戶提到有頻尿問題，晚上需起床上廁所兩到三次，且此狀況已持續一年，並考慮針對腎臟健康進行保養。
    3) 客戶提到尿液中有泡泡的情況已持續一到兩年。
    4) 客戶表示生活不規律，無法每天固定服用保健品，偶爾熬夜後不會特別想服用保健品。

3. 職業背景
    1) 客戶提到自己是退休人員，表示每天都在放假。
    2) 客戶表示平常有在開車，並每天都有看盤，主要觀察是否有異常大量的資金進入。

4. 健康食品使用心得
    1) 客戶曾服用幹細胞產品約一年，但未感受到明顯效果。
    2) 客戶目前固定服用葉黃素和維他命C，並曾購買益生菌、南瓜籽膠囊等保健食品，部分尚未使用完。
    3) 客戶表示南瓜籽膠囊主要針對夜間頻尿問題，並對南瓜籽產品表示關注。
    4) 客戶提到曾購買葉黃素，使用時間通常長達半年至一年，並收到B群兌換券，計劃先換一組試用。
    5) 客戶表示不喜歡一次購買大量商品，偏好三個月的份量，吃完再買。

5. 禁忌
    1) 客戶表示不喜歡購買高單價商品，並希望控制預算在一萬塊左右。
    2) 客戶提到自己難以接受一件內褲售價高達六千元，認為價格過高。
    3) 客戶表示目前不想花錢，並認為奢侈品消費方式不符合自己的需求。
    4) 客戶提到生活不規律，睡前有喝咖啡的習慣，但認為頻尿問題與此無關。",1
32168013,女,82.0,台北市士林區,Z,水瓶座,1079,否,否,是,否,否,是,是,否,183212.38092,51,183212.38091999976,51,8257.142850000002,11,4563.80952,8,1902.85714,2,179985.71424,47,179985.71423999994,47,8257.14285,11,4563.80952,8,1902.85714,2,否,否,否,否,否,否,0,否,否,否,否,否,0,否,否,否,"1. 家庭關係
    1) 客戶目前與兩個孫子住在一起，孫子分別在國中和高中階段，且其中一個即將升上高中。
    2) 客戶的女兒住在台北，曾結婚但已離婚，孩子的父親不探望小孩。女兒每月給客戶一萬五元作為孝心，並經常購買保健品、生活用品送給客戶。
    3) 客戶的先生已過世，客戶感到非常難過，認為先生對她很好。
    4) 客戶的兄弟姐妹住在台北，家庭聚會時會喝酒聊天。
    5) 客戶的姐眼睛不好，看不見。

2. 健康狀況
    1) 客戶有高血壓，定期服用藥物並在長庚醫院回診，控制情況良好。她每天乖乖服藥，不敢停藥。
    2) 客戶曾摔斷腿，髖關節接受過人工關節手術，但術後效果不佳，行走不便且可能壓迫到神經導致不適。
    3) 客戶腸胃敏感，對某些食物不適應，並提到最近有抽筋情況。
    4) 客戶平常喝水量充足，體重維持在五十幾公斤，食量不大。
    5) 客戶睡眠時間短，通常睡兩到三小時，但精神狀況良好，中午會補眠。

3. 職業背景
    1) 客戶的女兒在台北工作，與人合夥開公司，工作忙碌且下班時間不固定。
    2) 客戶曾出國購買大量人蔘，並攜帶現金交易，過去也曾購買黃金作為保值投資。

4. 健康食品使用心得
    1) 客戶每天服用魚油，主要為心血管保養，並且每天吃益生菌以增加抵抗力。她的家人也共同食用益生菌。
    2) 客戶曾購買郭子乾代言的補骨胜肽產品及白冰冰代言的膠囊保健品，並表示膠囊形式更適合她。
    3) 客戶使用過韓國人蔘，認為品質較好，並用人蔘泡水、煮菜和煮湯。
    4) 客戶曾服用幹細胞產品，但偶爾會忘記服用。她不適合罐裝保健品，偏好膠囊形式。
    5) 客戶不使用乳霜、精華液等保養品，認為太麻煩，且曾將過期保養品丟棄或送人。

5. 禁忌
    1) 客戶不喜歡吃甜的水果、地瓜、干貝和蘿蔔糕等食物，並且不喜歡蘋果味道。
    2) 客戶不信任外面食物品質，擔心有異物，因此偏好自己準備食物給家人。
    3) 客戶不使用刷卡或網路支付，偏好現金交易。
    4) 客戶不使用面膜、cc霜、bb霜或素眼霜等產品。
    5) 客戶不再賭博，過去曾因賭博輸掉五萬，並表示不購買刮刮樂或其他賭博相關產品。",1
32179013,女,58.0,花蓮縣花蓮市,D+,雙子座,1062,否,否,否,否,否,否,是,否,11626.66667,5,11626.66667,5,9447.61905,2,9447.61905,2,0.0,0,6418.09524,2,6418.09524,2,5657.14286,1,5657.14286,1,0.0,0,否,否,否,否,否,否,0,否,否,否,否,否,0,否,否,否,,1
32218057,男,70.0,嘉義市,Z,雙子座,1007,否,否,是,否,否,否,是,否,23512.38096,13,23512.380959999995,13,8672.38095,5,8672.38095,5,0.0,0,12257.14287,5,12257.14287,5,2828.57143,1,2828.57143,1,0.0,0,否,否,否,否,否,否,0,否,否,否,否,是,0,否,否,否,,1
32220759,女,67.0,新北市板橋區,D+,獅子座,1003,否,否,否,否,否,是,是,否,40694.28569999999,26,40694.2857,26,14318.09524,7,11676.19047,5,0.0,0,32721.90474,19,32721.90474,19,11647.61905,5,10361.90476,4,0.0,0,否,否,否,否,否,否,0,否,否,否,否,否,0,否,否,否,"1. 家庭關係
    1) 客戶有一位先生，目前健康狀況不佳，因中風住院並使用鼻胃管進食，家人需支付每月六至七萬的醫療費用。
    2) 客戶有孩子，孩子目前在外工作，收入有限，且不依靠客戶的經濟支持。
    3) 客戶提到家人很少一起吃飯，並且需要與孩子商量購買保養品事宜。
    4) 客戶的妹妹偶爾幫忙處理包裹及醫院事務。
    5) 客戶的阿姨曾購買保健品，並經常透過客戶協助購買商品。

2. 健康狀況
    1) 客戶患有退化性關節炎，曾經開過刀，目前關節有些不適。
    2) 客戶最近視力不好，對葉黃素產品有興趣，並提到自己有飛蚊症。
    3) 客戶偶爾有排便不順暢的情況。
    4) 客戶的先生中風後健康狀況需特別注意，醫生建議避免肌少症並使用特定保健品，但未能及時使用。

3. 職業背景
    1) 客戶目前在台中工作，工作地點在公司，並計劃月底前回台北一趟。
    2) 客戶的孩子目前在當代課老師，收入有限。
    3) 客戶偶爾與同事參加活動，並選擇搭乘大眾運輸工具。

4. 健康食品使用心得
    1) 客戶曾購買並使用葡萄糖胺（華陀品牌）作為保健食品，並訂購過牛肉麵。
    2) 客戶曾購買葉黃素，並幫忙寄送整箱給他人，且剛開始食用東森購買的葉黃素。
    3) 客戶曾訂購萬歲牌燕麥堅果飲及堅果養生茶包，家人也會使用該產品。
    4) 客戶曾購買瑞昇花養顏美容產品及舒酸定牙膏，但後來決定不購買益生菌。
    5) 客戶提到鱈魚肝油用於顧眼睛，並對幹細胞產品有興趣，但認為價格昂貴。

5. 禁忌
    1) 客戶對傳染性產品持保留態度，認為不適合使用。
    2) 客戶表示在購買益生菌前會先詢問醫生的意見。
    3) 客戶提到家中電鈴壞掉，送貨人按鈴無回應，需安排代收包裹。",1
32233130,男,53.0,高雄市岡山區,Z,雙子座,983,否,否,否,否,否,否,是,否,20832.38095,8,20832.38095,8,4737.14285,2,942.85714,1,0.0,0,942.85714,1,942.85714,1,942.85714,1,942.85714,1,0.0,0,否,否,否,否,否,否,0,否,否,否,否,否,0,否,否,否,,1
32237033,男,31.0,宜蘭縣壯圍鄉,C,水瓶座,978,否,否,是,否,否,否,是,否,21915.23809,8,21915.23809,8,11524.7619,2,11524.7619,2,0.0,0,19067.61904,6,19067.61904,6,11524.7619,2,11524.7619,2,0.0,0,否,否,否,否,否,否,0,否,否,否,否,否,0,否,否,否,,1
32253744,女,69.0,彰化縣彰化市,D,水瓶座,949,否,否,是,否,否,否,是,否,49412.380990000005,25,49412.38099,25,13053.33334,8,4723.80953,2,0.0,0,437.14286,1,437.14286,1,437.14286,1,0.0,0,0.0,0,否,否,否,否,否,否,0,否,否,否,否,是,0,否,否,否,,1
32274454,男,56.0,新竹縣新豐鄉,D,天蠍座,922,否,否,是,否,否,是,是,否,213138.09536,96,213138.09536,96,23714.28574,11,5500.95239,4,2838.09524,1,1711.42857,3,1711.42857,3,570.47619,1,570.47619,1,0.0,0,否,否,否,否,否,否,0,否,否,否,否,否,0,否,否,否,"1. 家庭關係
    1) 無相關資訊。

2. 健康狀況
    1) 無相關資訊。

3. 職業背景
    1) 客戶目前正在上班。

4. 健康食品使用心得
    1) 客戶之前購買過B群，且目前還有存貨。

5. 禁忌
    1) 無相關資訊。",1
32290364,女,49.0,花蓮縣新城鄉,C,處女座,893,否,否,否,否,否,是,是,否,76427.61902999999,24,76427.61903,24,40805.71428999999,12,29255.2381,6,11550.47619,4,61097.14283999999,17,61097.14283999999,17,31998.09524,9,23579.04762,4,8419.047620000001,3,否,否,否,否,否,否,0,否,否,否,否,否,0,否,否,否,"1. 家庭關係
    1) 客戶一家人感情很好，家中有老公和小孩，女兒與她分開居住。
    2) 客戶的兒子會陪她一起回大陸，母親長期服用三得利的保健品，且已服用多年。
    3) 客戶的媽媽曾因睡眠不好而服用芝麻明E。

2. 健康狀況
    1) 客戶有乾眼症，目前服用葉黃素，感覺效果不錯，乾眼症有所改善，現在不需要點眼藥水。
    2) 客戶曾感冒但未就醫，手部經常感到痠痛，認為是職業病，並表示手部問題已持續很久。
    3) 客戶剛開始服用益生菌時感到腸胃不適，但現在已經改善。
    4) 客戶最近有去看中醫，感覺健康狀況有所改善。

3. 職業背景
    1) 客戶目前在台北從事買賣相關工作，經常忙於賺錢，從早忙到晚，幾乎沒有空閒時間。
    2) 客戶的工作需要送貨，並提到店裡有時候很忙，且因工作原因手部經常感到痠痛。

4. 健康食品使用心得
    1) 客戶有服用益生菌，並認為效果不錯，且有認真服用，女兒也有在服用。
    2) 客戶曾購買過華陀益生菌，對其效果表示滿意，並同意每天服用一顆。
    3) 客戶有服用葉黃素，感覺效果不錯，乾眼症有所改善。
    4) 客戶長期使用台酒生技的產品，認為效果很好，並曾購買過青春露。
    5) 客戶曾使用自然美的賦活膠囊，但只用了幾顆。
    6) 客戶的母親長期服用三得利的保健品，並曾因睡眠不好服用芝麻明E。

5. 禁忌
    1) 客戶表示目前家中還有未使用完的健康食品，包括益生菌、葉黃素、B群等，因此暫時不需要訂購新的商品。
    2) 客戶不想再購買華陀的芝麻明E。",1
32315115,男,73.0,高雄市鳳山區,B,天秤座,848,否,否,是,否,否,否,是,否,275101.90471000003,142,275101.90471,142,132844.76185999994,62,49899.04759999999,10,0.0,0,123418.09520999998,50,123418.09521,50,79683.80950999999,26,41551.42856,5,0.0,0,否,否,否,否,否,否,0,否,否,否,否,是,0,否,否,否,"1. 家庭關係
    1) 客戶目前獨居，配偶已過世，曾因健康問題去世。
    2) 客戶有一對小孩，但目前不在家，過年期間會根據小孩情況決定是否外出。
    3) 客戶有三個孫子，其中一位孫子五歲，客戶有時會帶孫女。
    4) 客戶的妹妹也有在服用葉黃素。

2. 健康狀況
    1) 客戶72歲，身高約167公分，體重約58至59公斤，身體狀況尚可。
    2) 客戶有糖尿病，已經持續五到十年，血糖值通常在110到130之間，飯後血糖控制在150以下，糖化血色素維持在6.5到8之間。
    3) 客戶有眼壓偏高的情況，並提到年紀大了，眼睛有退化現象，偶爾感覺眼睛酸澀。
    4) 客戶晚上通常只起來上廁所一次，並提到代謝變慢。
    5) 客戶有養成出門戴口罩的習慣。

3. 職業背景
    1) 客戶提到自己有在賣茶葉，並有泡茶的習慣。
    2) 客戶年輕時開始打乒乓球，現在仍然每天運動，通常下午兩點到四點打乒乓球，每週運動五到六天。

4. 健康食品使用心得
    1) 客戶有服用B群、葉黃素、益生菌、南瓜籽及攝護腺保健食品，並認為某些保健品對其體質效果不錯。
    2) 客戶每天早上喝萬歲牌堅果飲，偶爾搭配麵包類食物，並每天吃少量堅果。
    3) 客戶認為葉黃素對眼球血管有幫助，並提到葉黃素是由眼科醫生推薦的。
    4) 客戶對苦瓜胜肽的效果持懷疑態度，認為其對個人體質未必有效。
    5) 客戶目前服用糖尿病藥物，並通過控制飲食來管理健康，少吃澱粉類食物。
    6) 客戶曾購買負離子水壺，給孫子裝水使用。

5. 禁忌
    1) 客戶提到說明書中提及腎臟功能不好的人需要詢問醫師。
    2) 客戶表示不喜歡被人打擾，並很少使用LINE。
    3) 客戶提到某些保健品會影響胃口，因此停止服用。",1
32432089,女,67.0,桃園市中壢區,Z,摩羯座,638,是,否,否,否,否,是,是,否,9458.09524,13,9458.09524,13,5083.80952,5,5083.80952,5,0.0,0,2264.7619,3,2264.7619,3,2264.7619,3,2264.7619,3,0.0,0,否,否,否,否,否,否,0,否,否,否,否,否,0,否,否,否,"1. 家庭關係
    1) 未提及家庭相關資訊。

2. 健康狀況
    1) 客戶表示B群產品的代謝功能和舒緩神經效果對她很好。
    2) 客戶目前需要停用部分保健食品，因為數量太多且吃不完。

3. 職業背景
    1) 未提及職業相關資訊。

4. 健康食品使用心得
    1) 客戶曾購買魚油和維生素B群，並認為B群產品的代謝功能和舒緩神經效果很好，服用方式為一天一顆。
    2) 客戶曾購買珍珠鈣六盒，認為數量太多，服用方式為早上一顆、晚上一顆。
    3) 客戶提到她還未開始服用魚油，並認為魚油價格太貴。

5. 禁忌
    1) 客戶目前需要停用部分保健食品，因為數量太多且吃不完。",1
32442023,女,74.0,高雄市鼓山區,C,天蠍座,616,否,否,否,是,否,是,是,否,57471.42856,8,57471.42856000001,8,27529.5238,5,24577.14285,2,2952.38095,3,53472.38094,6,53472.38094,6,27529.5238,5,24577.14285,2,2952.38095,3,否,否,否,否,否,否,0,否,否,否,否,否,0,否,是,否,"1. 家庭關係
    1) 客戶有兒子，兒子經常幫助她購買物品，並對她的購物行為提出建議。
    2) 客戶的大兒子在台南買了房子，計劃在過年後搬到大兒子那邊居住，二月底搬家，三月一號到期，大兒子會幫忙搬家。
    3) 客戶提到可能會和兒子一起出去吃飯過母親節。

2. 健康狀況
    1) 客戶有高血壓，需長期服用降血壓藥物，目前每天早上六點半服用一顆高血壓藥，並自行測量健康數據。高血壓為遺傳性，醫生曾增加過藥劑量。
    2) 客戶有胃食道逆流的問題，醫生有開藥，目前情況有所改善。
    3) 客戶有白內障，但尚未進行手術治療。
    4) 客戶表示冬天皮膚較乾燥，晚上會使用保養品。
    5) 客戶提到晚上有睡眠不好的情況。
    6) 客戶去年11月已接種最新疫苗。

3. 職業背景
    1) 客戶目前從事便當店的工作，早上上班，下午兩點後在家，晚上沒有工作。
    2) 客戶計劃明年不再從事便當店的工作，兒子也不希望她繼續工作。

4. 健康食品使用心得
    1) 客戶有服用幹細胞產品，每天服用一到兩顆，通常在中午下班後飯前或晚上服用，已經習慣，並詢問是否有副作用。
    2) 客戶有服用益生菌，從好市多購買，已服用很久。
    3) 客戶有服用三多品牌的葉黃素及三高相關保健食品，並曾購買過挺立保健品。
    4) 客戶家中目前有四到五種保健食品，部分由兒子購買，家中還有存貨，之前吃掉了一盒，現在還有一盒未開封。
    5) 客戶去年開始食用保健食品，但有時會一兩天忘記服用。
    6) 客戶提到她的兒子有買玻尿酸飲品給她喝。

5. 禁忌
    1) 客戶擔心服用保健食品可能會有副作用，特別是因為她有高血壓。
    2) 客戶表示不喜歡亂吃東西。",1
32463561,男,53.0,高雄市鳥松區,C,天蠍座,586,否,否,是,否,否,是,是,否,75600.00000999999,7,75600.00000999999,7,66152.38096000001,5,63504.76191,4,2647.61905,1,71809.52382,6,71809.52382,6,66152.38096,5,63504.76191,4,2647.61905,1,否,否,否,否,否,否,0,否,否,否,否,否,0,否,否,否,"1. 家庭關係
    1) 客戶家中沒有飼養寵物。
    2) 客戶家人和小孩沒有與其一起使用保養品。
    3) 客戶提到家人和小孩有在吃魚油，特別是小孩因為過敏和專注力問題需要補充魚油。
    4) 客戶最近有幫小孩購買電腦，並以分期付款方式支付。

2. 健康狀況
    1) 客戶有定期進行健康管理。
    2) 客戶目前沒有服用藥物，主要以保健品為主。
    3) 客戶擔心攝取過量的營養品可能會對肝腎造成負擔，因此不敢一次吃太多種。
    4) 客戶確認自己不能攝取乳糖。

3. 職業背景
    1) 客戶目前在醫院工作，從事醫療相關工作。
    2) 客戶負責眼科的設備相關工作，工作性質具有機動性，隨時可能需要進行維修。

4. 健康食品使用心得
    1) 客戶有持續服用保健品，包括葉黃素、顧骨頭和關節的保健品，並以顆粒狀形式吞服。
    2) 客戶每天固定服用兩顆臺大的新時代活泉幹細胞，目前尚未感覺到明顯效果，但會繼續觀察。
    3) 客戶曾購買過魚油產品，目前家人和小孩也有在服用魚油。
    4) 客戶提到三餐都有補充營養品，並有在吃保健食品來保養眼睛、骨頭和心血管。
    5) 客戶曾購買過白蘭氏的營養品，但因為買太多未吃完而丟掉。
    6) 客戶提到之前購買的保健食品未吃完導致過期，現在家中保健食品尚有存貨，因此暫時不會再購買新的。

5. 禁忌
    1) 客戶不考慮購買第二組臺大幹細胞產品。
    2) 客戶目前不需要參加促銷活動或接收投資理財專案的邀請通知。
    3) 客戶對房地產相關的投資不感興趣，且目前沒有投資理財需求。
    4) 客戶習慣使用貨到付款的方式購物，方便檢查商品。",1
32492303,女,77.0,高雄市仁武區,C,天蠍座,545,否,否,是,否,否,是,是,否,27615.2381,13,27615.2381,13,16555.238100000002,7,12955.2381,5,3600.0,2,19012.38096,8,19012.38096,8,16555.238100000002,7,12955.2381,5,3600.0,2,否,否,否,否,否,否,0,否,否,否,否,否,0,否,否,否,"1. 家庭關係
    1) 無相關資訊。

2. 健康狀況
    1) 客戶有高血壓和高血脂的健康問題。
    2) 客戶的糖化血色素為5.9。
    3) 客戶提到胃會脹氣。

3. 職業背景
    1) 客戶目前工作忙碌。

4. 健康食品使用心得
    1) 客戶曾購買過葉黃素、龜鹿產品、苦瓜胜肽及大紅麴產品。
    2) 客戶有在使用高鈣產品來保養骨頭。
    3) 客戶提到大紅麴溫柔的黑的油即可。
    4) 客戶對薄荷口味有提及，可能有偏好。
    5) 客戶有在使用美白產品。

5. 禁忌
    1) 客戶不喜歡使用膏狀產品，認為不適合自己。",1
32503295,女,61.0,台中市南屯區,D,巨蟹座,521,否,否,否,否,否,是,是,否,21634.28572,9,21634.28572,9,17769.52381,5,16475.2381,2,0.0,0,16475.2381,2,16475.2381,2,16475.2381,2,16475.2381,2,0.0,0,否,否,否,否,否,否,0,否,否,否,否,否,0,否,否,否,,1
32536561,0,未知,搶單暫存地址,D,0,489,否,否,否,否,否,是,否,是,951.42857,1,951.42857,1,951.42857,1,0.0,0,951.42857,1,951.42857,1,951.42857,1,951.42857,1,0.0,0,951.42857,1,否,否,否,否,否,否,0,否,否,否,否,否,0,否,否,否,,1
32553422,0,未知,搶單暫存地址,D,0,481,否,否,否,否,否,否,是,否,570.47619,1,570.47619,1,570.47619,1,570.47619,1,0.0,0,570.47619,1,570.47619,1,570.47619,1,570.47619,1,0.0,0,否,否,否,否,否,否,0,否,否,否,否,否,0,否,否,否,,1
32568663,0,未知,搶單暫存地址,Z,0,470,否,否,否,否,否,否,否,是,1028.57143,1,1028.57143,1,1028.57143,1,0.0,0,0.0,0,1028.57143,1,1028.57143,1,1028.57143,1,0.0,0,0.0,0,否,否,否,否,否,否,0,否,否,否,否,否,0,否,否,否,,1
32571313,0,未知,搶單暫存地址,D,0,467,否,否,否,否,否,否,否,是,760.95238,1,760.95238,1,760.95238,1,0.0,0,0.0,0,760.95238,1,760.95238,1,760.95238,1,0.0,0,0.0,0,否,否,否,否,否,否,0,否,否,否,否,否,0,否,否,否,,1
32576082,0,未知,搶單暫存地址,Z,0,464,否,否,否,否,否,否,是,是,570.47619,1,570.47619,1,570.47619,1,570.47619,1,0.0,0,570.47619,1,570.47619,1,570.47619,1,570.47619,1,0.0,0,否,否,否,否,否,否,0,否,否,否,否,否,0,否,否,否,,1
32576129,男,29.0,台北市內湖區,E,水瓶座,464,否,是,否,否,否,否,是,是,2767136.1905,26,2767136.190500001,26,5231.428599999999,25,2851.4286,10,0.0,0,2767136.1905,15,2767136.1905,15,5231.428599999999,14,2851.4286,7,0.0,0,是,否,否,否,否,否,0,否,否,否,是,否,1,否,否,否,"1. 家庭關係
    1) 無相關資訊。

2. 健康狀況
    1) 無相關資訊。

3. 職業背景
    1) 無相關資訊。

4. 健康食品使用心得
    1) 無相關資訊。

5. 禁忌
    1) 客戶提到自己不是隨時都可以接電話，因此希望以文字回覆方式聯絡。",1
32584103,女,81.0,新北市永和區,A,射手座,452,否,否,是,是,否,是,是,否,207964.76191,19,207964.76191,19,181031.42857,11,172936.19047,10,8095.2381,1,194593.33333,13,194593.33333,13,181031.42857,11,172936.19047,10,8095.2381,1,否,否,否,否,否,否,0,否,否,否,否,是,0,否,否,否,"1. 家庭關係
    1) 客戶今年81歲，結婚六十年，丈夫年紀比她大12歲，目前九十幾歲，身體狀況良好但有攝護腺問題及夜間頻尿，耳朵有點重聽。
    2) 客戶有四個女兒，其中兩個住在台北，兩個住在南部，女兒幫忙請了外傭，預計下個月開始減輕家務負擔。
    3) 客戶有孫子和孫女，孫女最近剛出生，曾幫助女兒支付小孩念大學的學費。
    4) 客戶有七個兄弟姐妹，其中哥哥早逝，母親活到97歲才過世。

2. 健康狀況
    1) 客戶患有三高（高血壓、高血糖、高膽固醇），需服用相關藥物控制，家族遺傳導致三高。
    2) 客戶患有骨質疏鬆，每半年需注射藥物治療，曾因跌倒住院花費十多萬元。
    3) 客戶有老花眼，度數增加且有輕度白內障，患有乾眼症需定期使用人工淚液眼藥水。
    4) 客戶體重曾降到38公斤，導致爬不起來，現在約44公斤，瘦了六公斤，目前未超過五十公斤。
    5) 客戶曾開過痔瘡，因生育四個小孩及坐月子期間未做好導致身體不適。

3. 職業背景
    1) 客戶的先生是公務員，現在領退休金，生活費足夠，房子是靠公務員貸款購買。
    2) 客戶曾參加婦女會，喜歡唱歌，以前在大陸被稱為金嗓子。

4. 健康食品使用心得
    1) 客戶每天吃南瓜籽油果，通常一天吃一顆，有時候忘記只吃一顆。
    2) 客戶飲食習慣偏清淡，主要以蒸煮食物為主，平常不吃味精和鹽巴，煮湯時也不加調味料，先生不吃油炸食物。

5. 禁忌
    1) 客戶不喝酒且對酒精過敏。
    2) 客戶不吃冰的食物或飲品，習慣喝溫開水。",1
32588907,男,62.0,高雄市梓官區,E,處女座,441,否,否,否,否,否,否,是,否,20752.38095,6,20752.38095,6,16971.42857,4,16971.42857,2,0.0,0,16971.42857,4,16971.42857,4,16971.42857,4,16971.42857,2,0.0,0,否,否,否,否,否,否,0,否,否,否,否,否,0,否,否,否,,1
32618544,女,76.0,宜蘭縣冬山鄉,C,處女座,372,否,否,否,否,否,是,是,否,43390.47617,12,43390.47617,12,40476.19046,10,34799.99998,9,5676.19048,1,40476.190460000005,10,40476.19045999999,10,40476.19046,10,34799.99998,9,5676.19048,1,否,否,否,否,否,否,0,否,否,否,否,否,0,否,否,否,"1. 家庭關係
    1) 客戶與某人一起居住。
    2) 客戶有一位兒子，兒子曾建議她參加旅行，並對她購買的保健品效果表示不錯。

2. 健康狀況
    1) 客戶76歲，患有糖尿病，血糖控制尚可，但有血糖不穩的問題，需控制飲食以避免血糖過高。
    2) 客戶有尿蛋白偏高的問題，腎功能受損，且此問題在最近三個月內出現。
    3) 客戶有抽筋的問題，並為此購買相關產品進行改善。
    4) 客戶有在關注糖化血色素的數值。
    5) 客戶明天將進行健康檢查，檢查地點距離家中步行約十分鐘。

3. 職業背景
    1) 客戶曾參加由公司支付費用的七天六夜旅行，地點包括上海。
    2) 客戶居住地每年有福利活動，且參加的團體活動不需支付費用。

4. 健康食品使用心得
    1) 客戶有服用魚油的習慣，每天早上飯後吃兩顆，並認為效果不錯。
    2) 客戶有購買五瑞那莓果類產品並服用。
    3) 客戶有購買膠原蛋白產品及蜂王乳，家中仍有存貨。
    4) 客戶有購買並食用過苦瓜胜肽，認為效果不錯，並考慮再次購買。
    5) 客戶每天食用維骨力，但提到該產品經常缺貨。
    6) 客戶曾購買東森的保健食品，包括魚油和通關節產品。
    7) 客戶剛開始搭配鈣鎂產品使用，但不確定是否在騎摩托車時使用。

5. 禁忌
    1) 客戶不喜歡吃油脂，需控制飲食以避免血糖過高。
    2) 客戶從未食用過香檸檬相關產品。",1
32644360,女,69.0,花蓮縣壽豐鄉,C,摩羯座,301,否,否,否,否,否,是,是,否,16071.42856,15,16071.428560000002,15,16071.428560000002,15,8492.380949999999,7,5009.523810000001,2,5638.09523,4,5638.09523,4,5638.09523,4,2247.61904,2,2266.66667,1,否,否,否,否,否,否,0,否,否,否,否,否,0,否,否,否,,1
32657016,男,55.0,桃園市龜山區,Z,雙子座,258,否,否,否,否,否,否,否,否,2628.57142,2,2628.57142,2,2628.57142,2,0.0,0,0.0,0,1314.28571,1,1314.28571,1,1314.28571,1,0.0,0,0.0,0,否,否,否,否,否,否,0,否,否,否,否,否,0,否,否,否,,1
32660131,男,69.0,台南市善化區,D+,獅子座,249,否,否,否,否,否,否,是,否,6247.619049999999,2,6247.619049999999,2,6247.619049999999,2,6247.619049999999,2,0.0,0,2457.14286,1,2457.14286,1,2457.14286,1,2457.14286,1,0.0,0,否,否,否,否,否,否,1,否,否,否,否,否,0,否,否,否,,1
32663477,男,57.0,雲林縣大埤鄉,D+,天秤座,239,否,否,否,否,否,否,是,否,54419.047620000005,6,54419.04762,6,54419.04762,6,54419.04762,5,0.0,0,54419.04762,5,54419.04762,5,54419.04762,5,54419.04762,5,0.0,0,否,否,否,否,否,否,0,否,否,否,否,否,0,否,否,否,"1. 家庭關係
    1) 客戶提到自己有老婆。
    2) 客戶提到妹妹曾寄給他燕窩。
    3) 客戶提到益生菌是給女兒食用。

2. 健康狀況
    1) 客戶提到自己有高血壓，已經持續五年。
    2) 客戶提到覺得視力模糊，感覺有壓力。

3. 職業背景
    1) 客戶提到與東森購物相關內容，並表示之前有購買過商品且累積了紅利金。

4. 健康食品使用心得
    1) 客戶提到益生菌每次都吃兩顆，幫助上廁所順暢。
    2) 客戶提到妹妹寄給他燕窩，但未提及具體使用心得。

5. 禁忌
    1) 客戶需注意抗凝血藥需與其他藥物間隔兩個小時服用。
    2) 專員建議魚油可幫助降低三酸甘油酯，對血壓和血管彈性有幫助，並可改善睡眠品質。",1
32666476,女,44.0,搶單暫存地址,Z,射手座,230,否,否,否,否,否,否,是,否,565.71429,1,565.71429,1,565.71429,1,565.71429,1,0.0,0,565.71429,1,565.71429,1,565.71429,1,565.71429,1,0.0,0,否,否,否,否,否,否,0,否,否,否,否,否,0,否,否,否,,1
32669365,男,77.0,搶單暫存地址,C,巨蟹座,221,否,否,否,否,否,否,是,否,6227.619049999999,3,6227.619049999999,3,6227.619049999999,3,6227.619049999999,3,0.0,0,6227.61905,3,6227.61905,3,6227.619049999999,3,6227.619049999999,3,0.0,0,否,否,否,否,否,否,0,否,否,否,否,否,0,否,否,否,,1
32672128,男,70.0,高雄市前鎮區,D,雙子座,213,否,否,否,否,否,否,是,否,3408.57143,2,3408.57143,2,3408.57143,2,570.47619,1,0.0,0,570.47619,1,570.47619,1,570.47619,1,570.47619,1,0.0,0,否,否,否,否,否,否,0,否,否,否,否,否,0,否,否,否,,1
32672463,女,71.0,嘉義縣大林鎮,Z,獅子座,212,否,否,否,否,否,否,是,否,6340.95239,4,6340.95239,4,6340.95239,4,1617.14286,2,0.0,0,570.47619,1,570.47619,1,570.47619,1,570.47619,1,0.0,0,否,否,否,否,否,否,0,否,否,否,否,否,0,否,否,否,,1
32682522,男,64.0,苗栗縣銅鑼鄉,E,獅子座,182,否,否,否,否,否,否,是,否,20752.38096,11,20752.38096,11,20752.38096,11,15934.285710000002,8,0.0,0,2361.90476,1,2361.90476,1,2361.90476,1,2361.90476,1,0.0,0,否,否,否,否,否,否,0,否,否,否,否,否,0,否,否,否,,1
32690876,女,23.0,搶單暫存地址,D,天秤座,156,否,否,否,否,否,否,是,否,570.47619,1,570.47619,1,570.47619,1,570.47619,1,0.0,0,570.47619,1,570.47619,1,570.47619,1,570.47619,1,0.0,0,否,否,否,否,否,否,0,否,否,否,否,否,0,否,否,否,,1
